{"GeoInfo": {"city": "Acacia Creek"}, "summaryTable_qsDwelling": {"Median monthly mortgage repayments": "$0", "All private dwellings": "17", "Average people per household": "1.4", "Median weekly household income": "$762", "Median weekly rent": "$235", "Average motor vehicles per dwelling": "1.4"}, "summaryTable_qsPeople": {"Male": "43.6%", "Median age": "42", "Female": "56.4%", "People": "42"}, "summaryTable_qsFamilies": {"for all families": "1.2", "for families with children": "5", "Families": "13", "Average children per family": "None"}}