{"GeoInfo": {"city": "Alleena"}, "summaryTable_qsDwelling": {"Median monthly mortgage repayments": "$0", "All private dwellings": "31", "Average people per household": "1.7", "Median weekly household income": "$949", "Median weekly rent": "$0", "Average motor vehicles per dwelling": "2"}, "summaryTable_qsPeople": {"Male": "46.6%", "Median age": "41", "Female": "53.4%", "People": "61"}, "summaryTable_qsFamilies": {"for all families": "0.8", "for families with children": "3", "Families": "14", "Average children per family": "None"}}