{"GeoInfo": {"city": "Alison (Central Coast - NSW)"}, "summaryTable_qsDwelling": {"Median monthly mortgage repayments": "$2,600", "All private dwellings": "32", "Average people per household": "3", "Median weekly household income": "$2,083", "Median weekly rent": "$595", "Average motor vehicles per dwelling": "3.1"}, "summaryTable_qsPeople": {"Male": "49.4%", "Median age": "43", "Female": "50.6%", "People": "95"}, "summaryTable_qsFamilies": {"for all families": "1.2", "for families with children": "2.1", "Families": "20", "Average children per family": "None"}}