{"GeoInfo": {"city": "Alison (Dungog - NSW)"}, "summaryTable_qsDwelling": {"Median monthly mortgage repayments": "$2,079", "All private dwellings": "38", "Average people per household": "2", "Median weekly household income": "$1,062", "Median weekly rent": "$240", "Average motor vehicles per dwelling": "1.7"}, "summaryTable_qsPeople": {"Male": "55.8%", "Median age": "45", "Female": "44.2%", "People": "76"}, "summaryTable_qsFamilies": {"for all families": "0.6", "for families with children": "1.8", "Families": "19", "Average children per family": "None"}}