{"GeoInfo": {"city": "Alma Park"}, "summaryTable_qsDwelling": {"Median monthly mortgage repayments": "$454", "All private dwellings": "19", "Average people per household": "3.2", "Median weekly household income": "$1,625", "Median weekly rent": "$0", "Average motor vehicles per dwelling": "2.3"}, "summaryTable_qsPeople": {"Male": "48.1%", "Median age": "39", "Female": "51.9%", "People": "55"}, "summaryTable_qsFamilies": {"for all families": "1.5", "for families with children": "2", "Families": "15", "Average children per family": "None"}}