{"GeoInfo": {"city": "Allynbrook"}, "summaryTable_qsDwelling": {"Median monthly mortgage repayments": "$1,478", "All private dwellings": "42", "Average people per household": "2.5", "Median weekly household income": "$1,875", "Median weekly rent": "$0", "Average motor vehicles per dwelling": "2.8"}, "summaryTable_qsPeople": {"Male": "52.3%", "Median age": "53", "Female": "47.7%", "People": "64"}, "summaryTable_qsFamilies": {"for all families": "0.7", "for families with children": "2", "Families": "22", "Average children per family": "None"}}