{"GeoInfo": {"city": "Anembo"}, "summaryTable_qsDwelling": {"Median monthly mortgage repayments": "$1,950", "All private dwellings": "33", "Average people per household": "2.8", "Median weekly household income": "$1,375", "Median weekly rent": "$90", "Average motor vehicles per dwelling": "2.2"}, "summaryTable_qsPeople": {"Male": "57.8%", "Median age": "43", "Female": "42.2%", "People": "66"}, "summaryTable_qsFamilies": {"for all families": "0.8", "for families with children": "2", "Families": "14", "Average children per family": "None"}}