{"GeoInfo": {"city": "Ando"}, "summaryTable_qsDwelling": {"Median monthly mortgage repayments": "$0", "All private dwellings": "39", "Average people per household": "2", "Median weekly household income": "$1,031", "Median weekly rent": "$150", "Average motor vehicles per dwelling": "2.1"}, "summaryTable_qsPeople": {"Male": "56.3%", "Median age": "47", "Female": "43.7%", "People": "72"}, "summaryTable_qsFamilies": {"for all families": "0.7", "for families with children": "1.6", "Families": "18", "Average children per family": "None"}}