{"GeoInfo": {"city": "Anabranch South"}, "summaryTable_qsDwelling": {"Median monthly mortgage repayments": "$0", "All private dwellings": "26", "Average people per household": "2.5", "Median weekly household income": "$866", "Median weekly rent": "$0", "Average motor vehicles per dwelling": "2.2"}, "summaryTable_qsPeople": {"Male": "62.2%", "Median age": "45", "Female": "37.8%", "People": "34"}, "summaryTable_qsFamilies": {"for all families": "0.9", "for families with children": "2.5", "Families": "11", "Average children per family": "None"}}