{"GeoInfo": {"city": "Arable"}, "summaryTable_qsDwelling": {"Median monthly mortgage repayments": "$0", "All private dwellings": "8", "Average people per household": "1", "Median weekly household income": "$2,250", "Median weekly rent": "$0", "Average motor vehicles per dwelling": "1.5"}, "summaryTable_qsPeople": {"Male": "69.2%", "Median age": "56", "Female": "30.8%", "People": "12"}, "summaryTable_qsFamilies": {"for all families": "0", "for families with children": "0", "Families": "3", "Average children per family": "None"}}