{"GeoInfo": {"city": "Argoon (NSW)"}, "summaryTable_qsDwelling": {"Median monthly mortgage repayments": "$0", "All private dwellings": "6", "Average people per household": "1", "Median weekly household income": "$900", "Median weekly rent": "$0", "Average motor vehicles per dwelling": "1"}, "summaryTable_qsPeople": {"Male": "52.6%", "Median age": "26", "Female": "47.4%", "People": "13"}, "summaryTable_qsFamilies": {"for all families": "0", "for families with children": "0", "Families": "4", "Average children per family": "None"}}