{"GeoInfo": {"city": "Arthurville"}, "summaryTable_qsDwelling": {"Median monthly mortgage repayments": "$1,330", "All private dwellings": "15", "Average people per household": "2.3", "Median weekly household income": "$1,875", "Median weekly rent": "$0", "Average motor vehicles per dwelling": "2.6"}, "summaryTable_qsPeople": {"Male": "48.6%", "Median age": "50", "Female": "51.4%", "People": "36"}, "summaryTable_qsFamilies": {"for all families": "0.6", "for families with children": "1.4", "Families": "17", "Average children per family": "None"}}