{"GeoInfo": {"city": "Ashby Island"}, "summaryTable_qsDwelling": {"Median monthly mortgage repayments": "$0", "All private dwellings": "3", "Average people per household": "3", "Median weekly household income": "$0", "Median weekly rent": "$0", "Average motor vehicles per dwelling": "0"}, "summaryTable_qsPeople": {"Male": "62.5%", "Median age": "56", "Female": "37.5%", "People": "16"}, "summaryTable_qsFamilies": {"for all families": "0", "for families with children": "0", "Families": "5", "Average children per family": "None"}}