{"GeoInfo": {"city": "Avonside"}, "summaryTable_qsDwelling": {"Median monthly mortgage repayments": "$1,600", "All private dwellings": "50", "Average people per household": "3.3", "Median weekly household income": "$2,049", "Median weekly rent": "$0", "Average motor vehicles per dwelling": "2.8"}, "summaryTable_qsPeople": {"Male": "48.7%", "Median age": "41", "Female": "51.3%", "People": "118"}, "summaryTable_qsFamilies": {"for all families": "1.2", "for families with children": "2.5", "Families": "37", "Average children per family": "None"}}