{"GeoInfo": {"city": "Back Creek (Tenterfield - NSW)"}, "summaryTable_qsDwelling": {"Median monthly mortgage repayments": "$0", "All private dwellings": "5", "Average people per household": "0", "Median weekly household income": "$887", "Median weekly rent": "$0", "Average motor vehicles per dwelling": "2"}, "summaryTable_qsPeople": {"Male": "72.7%", "Median age": "53", "Female": "27.3%", "People": "14"}, "summaryTable_qsFamilies": {"for all families": "0", "for families with children": "0", "Families": "3", "Average children per family": "None"}}