{"GeoInfo": {"city": "Bakers Creek (Nambucca - NSW)"}, "summaryTable_qsDwelling": {"Median monthly mortgage repayments": "$0", "All private dwellings": "12", "Average people per household": "1", "Median weekly household income": "$424", "Median weekly rent": "$0", "Average motor vehicles per dwelling": "2"}, "summaryTable_qsPeople": {"Male": "58.3%", "Median age": "60", "Female": "41.7%", "People": "14"}, "summaryTable_qsFamilies": {"for all families": "0", "for families with children": "0", "Families": "0", "Average children per family": "None"}}