{"GeoInfo": {"city": "Bald Blair"}, "summaryTable_qsDwelling": {"Median monthly mortgage repayments": "$0", "All private dwellings": "23", "Average people per household": "2.1", "Median weekly household income": "$1,124", "Median weekly rent": "$0", "Average motor vehicles per dwelling": "2.8"}, "summaryTable_qsPeople": {"Male": "47.9%", "Median age": "38", "Female": "52.1%", "People": "45"}, "summaryTable_qsFamilies": {"for all families": "0.6", "for families with children": "1.6", "Families": "9", "Average children per family": "None"}}