{"GeoInfo": {"city": "Baldry"}, "summaryTable_qsDwelling": {"Median monthly mortgage repayments": "$217", "All private dwellings": "47", "Average people per household": "2.7", "Median weekly household income": "$1,100", "Median weekly rent": "$50", "Average motor vehicles per dwelling": "2.3"}, "summaryTable_qsPeople": {"Male": "44.2%", "Median age": "38", "Female": "55.8%", "People": "96"}, "summaryTable_qsFamilies": {"for all families": "0.3", "for families with children": "1.5", "Families": "24", "Average children per family": "None"}}