{"GeoInfo": {"city": "Baldersleigh"}, "summaryTable_qsDwelling": {"Median monthly mortgage repayments": "$1,387", "All private dwellings": "26", "Average people per household": "1.9", "Median weekly household income": "$1,458", "Median weekly rent": "$0", "Average motor vehicles per dwelling": "2.4"}, "summaryTable_qsPeople": {"Male": "51.9%", "Median age": "51", "Female": "48.1%", "People": "54"}, "summaryTable_qsFamilies": {"for all families": "0.3", "for families with children": "2", "Families": "14", "Average children per family": "None"}}