{"GeoInfo": {"city": "Balickera"}, "summaryTable_qsDwelling": {"Median monthly mortgage repayments": "$0", "All private dwellings": "9", "Average people per household": "3.7", "Median weekly household income": "$1,625", "Median weekly rent": "$0", "Average motor vehicles per dwelling": "2"}, "summaryTable_qsPeople": {"Male": "47.4%", "Median age": "37", "Female": "52.6%", "People": "27"}, "summaryTable_qsFamilies": {"for all families": "1.5", "for families with children": "3", "Families": "7", "Average children per family": "None"}}