{"GeoInfo": {"city": "Bandon Grove"}, "summaryTable_qsDwelling": {"Median monthly mortgage repayments": "$1,733", "All private dwellings": "63", "Average people per household": "2.7", "Median weekly household income": "$1,375", "Median weekly rent": "$93", "Average motor vehicles per dwelling": "2"}, "summaryTable_qsPeople": {"Male": "50.4%", "Median age": "48", "Female": "49.6%", "People": "119"}, "summaryTable_qsFamilies": {"for all families": "0.8", "for families with children": "2", "Families": "32", "Average children per family": "None"}}