{"GeoInfo": {"city": "Banoon"}, "summaryTable_qsDwelling": {"Median monthly mortgage repayments": "$0", "All private dwellings": "18", "Average people per household": "1.6", "Median weekly household income": "$665", "Median weekly rent": "$0", "Average motor vehicles per dwelling": "2"}, "summaryTable_qsPeople": {"Male": "64%", "Median age": "60", "Female": "36%", "People": "25"}, "summaryTable_qsFamilies": {"for all families": "0.3", "for families with children": "1", "Families": "7", "Average children per family": "None"}}