{"GeoInfo": {"city": "Bar Point"}, "summaryTable_qsDwelling": {"Median monthly mortgage repayments": "$1,582", "All private dwellings": "100", "Average people per household": "1.5", "Median weekly household income": "$833", "Median weekly rent": "$200", "Average motor vehicles per dwelling": "0.6"}, "summaryTable_qsPeople": {"Male": "54.7%", "Median age": "52", "Female": "45.3%", "People": "64"}, "summaryTable_qsFamilies": {"for all families": "0.3", "for families with children": "1.3", "Families": "21", "Average children per family": "None"}}