{"GeoInfo": {"city": "Barringella"}, "summaryTable_qsDwelling": {"Median monthly mortgage repayments": "$0", "All private dwellings": "15", "Average people per household": "2.3", "Median weekly household income": "$1,012", "Median weekly rent": "$0", "Average motor vehicles per dwelling": "3.1"}, "summaryTable_qsPeople": {"Male": "50%", "Median age": "43", "Female": "50%", "People": "31"}, "summaryTable_qsFamilies": {"for all families": "0.7", "for families with children": "2", "Families": "9", "Average children per family": "None"}}