{"GeoInfo": {"city": "Beggan Beggan"}, "summaryTable_qsDwelling": {"Median monthly mortgage repayments": "$1,600", "All private dwellings": "34", "Average people per household": "3.4", "Median weekly household income": "$1,875", "Median weekly rent": "$0", "Average motor vehicles per dwelling": "2.5"}, "summaryTable_qsPeople": {"Male": "43.3%", "Median age": "36", "Female": "56.7%", "People": "98"}, "summaryTable_qsFamilies": {"for all families": "1", "for families with children": "2.4", "Families": "28", "Average children per family": "None"}}