{"GeoInfo": {"city": "Bell (NSW)"}, "summaryTable_qsDwelling": {"Median monthly mortgage repayments": "$1,272", "All private dwellings": "19", "Average people per household": "2.5", "Median weekly household income": "$899", "Median weekly rent": "$0", "Average motor vehicles per dwelling": "2.2"}, "summaryTable_qsPeople": {"Male": "51.2%", "Median age": "46", "Female": "48.8%", "People": "51"}, "summaryTable_qsFamilies": {"for all families": "1.1", "for families with children": "2.3", "Families": "12", "Average children per family": "None"}}