{"GeoInfo": {"city": "Belltrees"}, "summaryTable_qsDwelling": {"Median monthly mortgage repayments": "$0", "All private dwellings": "20", "Average people per household": "1.6", "Median weekly household income": "$1,666", "Median weekly rent": "$200", "Average motor vehicles per dwelling": "1.7"}, "summaryTable_qsPeople": {"Male": "60.7%", "Median age": "43", "Female": "39.3%", "People": "27"}, "summaryTable_qsFamilies": {"for all families": "0", "for families with children": "0", "Families": "9", "Average children per family": "None"}}