{"GeoInfo": {"city": "Benolong"}, "summaryTable_qsDwelling": {"Median monthly mortgage repayments": "$0", "All private dwellings": "16", "Average people per household": "4", "Median weekly household income": "$1,875", "Median weekly rent": "$0", "Average motor vehicles per dwelling": "2.3"}, "summaryTable_qsPeople": {"Male": "48.9%", "Median age": "33", "Female": "51.1%", "People": "49"}, "summaryTable_qsFamilies": {"for all families": "1.5", "for families with children": "3", "Families": "9", "Average children per family": "None"}}