{"GeoInfo": {"city": "Berambing"}, "summaryTable_qsDwelling": {"Median monthly mortgage repayments": "$2,234", "All private dwellings": "45", "Average people per household": "2.5", "Median weekly household income": "$1,812", "Median weekly rent": "$380", "Average motor vehicles per dwelling": "1.9"}, "summaryTable_qsPeople": {"Male": "51.9%", "Median age": "44", "Female": "48.1%", "People": "106"}, "summaryTable_qsFamilies": {"for all families": "0.7", "for families with children": "1.7", "Families": "28", "Average children per family": "None"}}