{"GeoInfo": {"city": "Berthong"}, "summaryTable_qsDwelling": {"Median monthly mortgage repayments": "$0", "All private dwellings": "33", "Average people per household": "2", "Median weekly household income": "$1,375", "Median weekly rent": "$78", "Average motor vehicles per dwelling": "2"}, "summaryTable_qsPeople": {"Male": "66.7%", "Median age": "42", "Female": "33.3%", "People": "46"}, "summaryTable_qsFamilies": {"for all families": "0.4", "for families with children": "2", "Families": "10", "Average children per family": "None"}}