{"GeoInfo": {"city": "Bielsdown Hills"}, "summaryTable_qsDwelling": {"Median monthly mortgage repayments": "$1,860", "All private dwellings": "57", "Average people per household": "2.3", "Median weekly household income": "$1,274", "Median weekly rent": "$290", "Average motor vehicles per dwelling": "2.3"}, "summaryTable_qsPeople": {"Male": "43.9%", "Median age": "54", "Female": "56.1%", "People": "99"}, "summaryTable_qsFamilies": {"for all families": "0.4", "for families with children": "1.7", "Families": "32", "Average children per family": "None"}}