{"GeoInfo": {"city": "Bingeebeebra Creek"}, "summaryTable_qsDwelling": {"Median monthly mortgage repayments": "$0", "All private dwellings": "18", "Average people per household": "2.5", "Median weekly household income": "$725", "Median weekly rent": "$0", "Average motor vehicles per dwelling": "1.3"}, "summaryTable_qsPeople": {"Male": "55.6%", "Median age": "46", "Female": "44.4%", "People": "35"}, "summaryTable_qsFamilies": {"for all families": "0.6", "for families with children": "2", "Families": "7", "Average children per family": "None"}}