{"GeoInfo": {"city": "Black Creek (Port Macquarie-Hastings - NSW)"}, "summaryTable_qsDwelling": {"Median monthly mortgage repayments": "$2,102", "All private dwellings": "19", "Average people per household": "1.9", "Median weekly household income": "$1,208", "Median weekly rent": "$0", "Average motor vehicles per dwelling": "2"}, "summaryTable_qsPeople": {"Male": "51.1%", "Median age": "52", "Female": "48.9%", "People": "46"}, "summaryTable_qsFamilies": {"for all families": "0.2", "for families with children": "1", "Families": "14", "Average children per family": "None"}}