{"GeoInfo": {"city": "Blackmans Flat"}, "summaryTable_qsDwelling": {"Median monthly mortgage repayments": "$0", "All private dwellings": "8", "Average people per household": "2", "Median weekly household income": "$1,624", "Median weekly rent": "$0", "Average motor vehicles per dwelling": "2.5"}, "summaryTable_qsPeople": {"Male": "35.7%", "Median age": "47", "Female": "64.3%", "People": "28"}, "summaryTable_qsFamilies": {"for all families": "1", "for families with children": "2", "Families": "6", "Average children per family": "None"}}