{"GeoInfo": {"city": "Bland"}, "summaryTable_qsDwelling": {"Median monthly mortgage repayments": "$0", "All private dwellings": "21", "Average people per household": "1.7", "Median weekly household income": "$1,062", "Median weekly rent": "$0", "Average motor vehicles per dwelling": "2.5"}, "summaryTable_qsPeople": {"Male": "54.5%", "Median age": "36", "Female": "45.5%", "People": "46"}, "summaryTable_qsFamilies": {"for all families": "0.3", "for families with children": "1", "Families": "11", "Average children per family": "None"}}