{"GeoInfo": {"city": "Bobs Creek"}, "summaryTable_qsDwelling": {"Median monthly mortgage repayments": "$1,733", "All private dwellings": "39", "Average people per household": "2.2", "Median weekly household income": "$900", "Median weekly rent": "$0", "Average motor vehicles per dwelling": "2.4"}, "summaryTable_qsPeople": {"Male": "51.2%", "Median age": "54", "Female": "48.8%", "People": "87"}, "summaryTable_qsFamilies": {"for all families": "0.4", "for families with children": "1.6", "Families": "23", "Average children per family": "None"}}