{"GeoInfo": {"city": "Bocobra"}, "summaryTable_qsDwelling": {"Median monthly mortgage repayments": "$0", "All private dwellings": "28", "Average people per household": "2", "Median weekly household income": "$924", "Median weekly rent": "$0", "Average motor vehicles per dwelling": "2.1"}, "summaryTable_qsPeople": {"Male": "69.2%", "Median age": "53", "Female": "30.8%", "People": "54"}, "summaryTable_qsFamilies": {"for all families": "0", "for families with children": "0", "Families": "10", "Average children per family": "None"}}