{"GeoInfo": {"city": "Bolong"}, "summaryTable_qsDwelling": {"Median monthly mortgage repayments": "$1,907", "All private dwellings": "38", "Average people per household": "2.6", "Median weekly household income": "$1,468", "Median weekly rent": "$220", "Average motor vehicles per dwelling": "2.2"}, "summaryTable_qsPeople": {"Male": "50%", "Median age": "33", "Female": "50%", "People": "104"}, "summaryTable_qsFamilies": {"for all families": "0.7", "for families with children": "1.7", "Families": "27", "Average children per family": "None"}}