{"GeoInfo": {"city": "Bohnock"}, "summaryTable_qsDwelling": {"Median monthly mortgage repayments": "$962", "All private dwellings": "31", "Average people per household": "2.7", "Median weekly household income": "$1,312", "Median weekly rent": "$240", "Average motor vehicles per dwelling": "1.8"}, "summaryTable_qsPeople": {"Male": "50%", "Median age": "49", "Female": "50%", "People": "71"}, "summaryTable_qsFamilies": {"for all families": "0.8", "for families with children": "2", "Families": "24", "Average children per family": "None"}}