{"GeoInfo": {"city": "Bookookoorara"}, "summaryTable_qsDwelling": {"Median monthly mortgage repayments": "$0", "All private dwellings": "22", "Average people per household": "1.6", "Median weekly household income": "$612", "Median weekly rent": "$0", "Average motor vehicles per dwelling": "1.2"}, "summaryTable_qsPeople": {"Male": "58.1%", "Median age": "46", "Female": "41.9%", "People": "30"}, "summaryTable_qsFamilies": {"for all families": "0", "for families with children": "0", "Families": "8", "Average children per family": "None"}}