{"GeoInfo": {"city": "Boomanoomana"}, "summaryTable_qsDwelling": {"Median monthly mortgage repayments": "$2,167", "All private dwellings": "48", "Average people per household": "3", "Median weekly household income": "$1,375", "Median weekly rent": "$0", "Average motor vehicles per dwelling": "1.9"}, "summaryTable_qsPeople": {"Male": "59.6%", "Median age": "41", "Female": "40.4%", "People": "99"}, "summaryTable_qsFamilies": {"for all families": "1.4", "for families with children": "2.2", "Families": "19", "Average children per family": "None"}}