{"GeoInfo": {"city": "Boona Mount"}, "summaryTable_qsDwelling": {"Median monthly mortgage repayments": "$0", "All private dwellings": "8", "Average people per household": "0", "Median weekly household income": "$1,562", "Median weekly rent": "$0", "Average motor vehicles per dwelling": "3"}, "summaryTable_qsPeople": {"Male": "50%", "Median age": "39", "Female": "50%", "People": "22"}, "summaryTable_qsFamilies": {"for all families": "1", "for families with children": "1.4", "Families": "7", "Average children per family": "None"}}