{"GeoInfo": {"city": "Booyong"}, "summaryTable_qsDwelling": {"Median monthly mortgage repayments": "$1,083", "All private dwellings": "36", "Average people per household": "2.4", "Median weekly household income": "$1,125", "Median weekly rent": "$200", "Average motor vehicles per dwelling": "2.1"}, "summaryTable_qsPeople": {"Male": "60.8%", "Median age": "42", "Female": "39.2%", "People": "76"}, "summaryTable_qsFamilies": {"for all families": "0.8", "for families with children": "2", "Families": "25", "Average children per family": "None"}}