{"GeoInfo": {"city": "Bourbah"}, "summaryTable_qsDwelling": {"Median monthly mortgage repayments": "$0", "All private dwellings": "11", "Average people per household": "3", "Median weekly household income": "$1,812", "Median weekly rent": "$0", "Average motor vehicles per dwelling": "2.5"}, "summaryTable_qsPeople": {"Male": "41.9%", "Median age": "32", "Female": "58.1%", "People": "40"}, "summaryTable_qsFamilies": {"for all families": "0.7", "for families with children": "2", "Families": "12", "Average children per family": "None"}}