{"GeoInfo": {"city": "Box Ridge"}, "summaryTable_qsDwelling": {"Median monthly mortgage repayments": "$740", "All private dwellings": "30", "Average people per household": "1.9", "Median weekly household income": "$1,156", "Median weekly rent": "$0", "Average motor vehicles per dwelling": "2.4"}, "summaryTable_qsPeople": {"Male": "53.2%", "Median age": "52", "Female": "46.8%", "People": "48"}, "summaryTable_qsFamilies": {"for all families": "0.2", "for families with children": "1", "Families": "15", "Average children per family": "None"}}