{"GeoInfo": {"city": "Brawboy"}, "summaryTable_qsDwelling": {"Median monthly mortgage repayments": "$0", "All private dwellings": "11", "Average people per household": "1.7", "Median weekly household income": "$749", "Median weekly rent": "$0", "Average motor vehicles per dwelling": "2"}, "summaryTable_qsPeople": {"Male": "42.9%", "Median age": "28", "Female": "57.1%", "People": "19"}, "summaryTable_qsFamilies": {"for all families": "0.4", "for families with children": "1", "Families": "3", "Average children per family": "None"}}