{"GeoInfo": {"city": "Breakfast Creek"}, "summaryTable_qsDwelling": {"Median monthly mortgage repayments": "$0", "All private dwellings": "28", "Average people per household": "2.3", "Median weekly household income": "$1,187", "Median weekly rent": "$0", "Average motor vehicles per dwelling": "2.3"}, "summaryTable_qsPeople": {"Male": "56.3%", "Median age": "50", "Female": "43.8%", "People": "48"}, "summaryTable_qsFamilies": {"for all families": "1", "for families with children": "2.1", "Families": "14", "Average children per family": "None"}}