{"GeoInfo": {"city": "Breelong"}, "summaryTable_qsDwelling": {"Median monthly mortgage repayments": "$1,517", "All private dwellings": "30", "Average people per household": "2.5", "Median weekly household income": "$787", "Median weekly rent": "$0", "Average motor vehicles per dwelling": "2"}, "summaryTable_qsPeople": {"Male": "53.8%", "Median age": "54", "Female": "46.2%", "People": "59"}, "summaryTable_qsFamilies": {"for all families": "0.4", "for families with children": "1.4", "Families": "20", "Average children per family": "None"}}