{"GeoInfo": {"city": "Bringenbrong"}, "summaryTable_qsDwelling": {"Median monthly mortgage repayments": "$889", "All private dwellings": "17", "Average people per household": "2.4", "Median weekly household income": "$866", "Median weekly rent": "$0", "Average motor vehicles per dwelling": "2"}, "summaryTable_qsPeople": {"Male": "51.9%", "Median age": "33", "Female": "48.1%", "People": "52"}, "summaryTable_qsFamilies": {"for all families": "0.5", "for families with children": "2", "Families": "11", "Average children per family": "None"}}