{"GeoInfo": {"city": "Brookdale (NSW)"}, "summaryTable_qsDwelling": {"Median monthly mortgage repayments": "$0", "All private dwellings": "18", "Average people per household": "5", "Median weekly household income": "$3,625", "Median weekly rent": "$0", "Average motor vehicles per dwelling": "2.6"}, "summaryTable_qsPeople": {"Male": "41.4%", "Median age": "40", "Female": "58.6%", "People": "26"}, "summaryTable_qsFamilies": {"for all families": "1.5", "for families with children": "3", "Families": "9", "Average children per family": "None"}}