{"GeoInfo": {"city": "Broughams Gate"}, "summaryTable_qsDwelling": {"Median monthly mortgage repayments": "$0", "All private dwellings": "9", "Average people per household": "3.4", "Median weekly household income": "$0", "Median weekly rent": "$0", "Average motor vehicles per dwelling": "2"}, "summaryTable_qsPeople": {"Male": "58.8%", "Median age": "35", "Female": "41.2%", "People": "15"}, "summaryTable_qsFamilies": {"for all families": "1", "for families with children": "2", "Families": "5", "Average children per family": "None"}}