{"GeoInfo": {"city": "Broughton (NSW)"}, "summaryTable_qsDwelling": {"Median monthly mortgage repayments": "$1,791", "All private dwellings": "38", "Average people per household": "2.7", "Median weekly household income": "$1,625", "Median weekly rent": "$450", "Average motor vehicles per dwelling": "2"}, "summaryTable_qsPeople": {"Male": "49.5%", "Median age": "50", "Female": "50.5%", "People": "87"}, "summaryTable_qsFamilies": {"for all families": "0.8", "for families with children": "1.6", "Families": "27", "Average children per family": "None"}}