{"GeoInfo": {"city": "Bruinbun"}, "summaryTable_qsDwelling": {"Median monthly mortgage repayments": "$1,100", "All private dwellings": "22", "Average people per household": "1.5", "Median weekly household income": "$1,124", "Median weekly rent": "$0", "Average motor vehicles per dwelling": "1.5"}, "summaryTable_qsPeople": {"Male": "61.2%", "Median age": "49", "Female": "38.8%", "People": "47"}, "summaryTable_qsFamilies": {"for all families": "0", "for families with children": "0", "Families": "8", "Average children per family": "None"}}