{"GeoInfo": {"city": "Buckenderra"}, "summaryTable_qsDwelling": {"Median monthly mortgage repayments": "$0", "All private dwellings": "11", "Average people per household": "2", "Median weekly household income": "$762", "Median weekly rent": "$0", "Average motor vehicles per dwelling": "1.3"}, "summaryTable_qsPeople": {"Male": "54.2%", "Median age": "69", "Female": "45.8%", "People": "21"}, "summaryTable_qsFamilies": {"for all families": "0", "for families with children": "0", "Families": "3", "Average children per family": "None"}}