{"GeoInfo": {"city": "Budgong"}, "summaryTable_qsDwelling": {"Median monthly mortgage repayments": "$2,188", "All private dwellings": "42", "Average people per household": "1.8", "Median weekly household income": "$933", "Median weekly rent": "$0", "Average motor vehicles per dwelling": "1.7"}, "summaryTable_qsPeople": {"Male": "47.3%", "Median age": "59", "Female": "52.7%", "People": "68"}, "summaryTable_qsFamilies": {"for all families": "0.3", "for families with children": "1.5", "Families": "18", "Average children per family": "None"}}