{"GeoInfo": {"city": "Bulla (NSW)"}, "summaryTable_qsDwelling": {"Median monthly mortgage repayments": "$0", "All private dwellings": "0", "Average people per household": "0", "Median weekly household income": "$0", "Median weekly rent": "$0", "Average motor vehicles per dwelling": "0"}, "summaryTable_qsPeople": {"Male": "42.9%", "Median age": "32", "Female": "57.1%", "People": "4"}, "summaryTable_qsFamilies": {"for all families": "1", "for families with children": "1", "Families": "3", "Average children per family": "None"}}