{"GeoInfo": {"city": "Bullio"}, "summaryTable_qsDwelling": {"Median monthly mortgage repayments": "$2,000", "All private dwellings": "80", "Average people per household": "3.2", "Median weekly household income": "$1,375", "Median weekly rent": "$0", "Average motor vehicles per dwelling": "2.3"}, "summaryTable_qsPeople": {"Male": "50.6%", "Median age": "40", "Female": "49.4%", "People": "82"}, "summaryTable_qsFamilies": {"for all families": "0.3", "for families with children": "1", "Families": "21", "Average children per family": "None"}}