{"GeoInfo": {"city": "Bulyeroi"}, "summaryTable_qsDwelling": {"Median monthly mortgage repayments": "$0", "All private dwellings": "3", "Average people per household": "4", "Median weekly household income": "$900", "Median weekly rent": "$0", "Average motor vehicles per dwelling": "2.5"}, "summaryTable_qsPeople": {"Male": "47.4%", "Median age": "44", "Female": "52.6%", "People": "15"}, "summaryTable_qsFamilies": {"for all families": "1", "for families with children": "2", "Families": "6", "Average children per family": "None"}}