{"GeoInfo": {"city": "Bungaba"}, "summaryTable_qsDwelling": {"Median monthly mortgage repayments": "$1,391", "All private dwellings": "42", "Average people per household": "2.3", "Median weekly household income": "$924", "Median weekly rent": "$0", "Average motor vehicles per dwelling": "1.9"}, "summaryTable_qsPeople": {"Male": "51%", "Median age": "38", "Female": "49%", "People": "93"}, "summaryTable_qsFamilies": {"for all families": "0.1", "for families with children": "1", "Families": "25", "Average children per family": "None"}}