{"GeoInfo": {"city": "Bundella"}, "summaryTable_qsDwelling": {"Median monthly mortgage repayments": "$0", "All private dwellings": "35", "Average people per household": "2.8", "Median weekly household income": "$1,375", "Median weekly rent": "$0", "Average motor vehicles per dwelling": "2.4"}, "summaryTable_qsPeople": {"Male": "47%", "Median age": "48", "Female": "53%", "People": "69"}, "summaryTable_qsFamilies": {"for all families": "0.8", "for families with children": "2.3", "Families": "24", "Average children per family": "None"}}