{"GeoInfo": {"city": "Bungarby"}, "summaryTable_qsDwelling": {"Median monthly mortgage repayments": "$0", "All private dwellings": "38", "Average people per household": "1.5", "Median weekly household income": "$1,024", "Median weekly rent": "$0", "Average motor vehicles per dwelling": "2.4"}, "summaryTable_qsPeople": {"Male": "51.3%", "Median age": "50", "Female": "48.7%", "People": "71"}, "summaryTable_qsFamilies": {"for all families": "0.3", "for families with children": "2", "Families": "18", "Average children per family": "None"}}