{"GeoInfo": {"city": "Burrapine"}, "summaryTable_qsDwelling": {"Median monthly mortgage repayments": "$0", "All private dwellings": "32", "Average people per household": "1.8", "Median weekly household income": "$524", "Median weekly rent": "$200", "Average motor vehicles per dwelling": "1.4"}, "summaryTable_qsPeople": {"Male": "50.8%", "Median age": "54", "Female": "49.2%", "People": "59"}, "summaryTable_qsFamilies": {"for all families": "0.4", "for families with children": "1.6", "Families": "15", "Average children per family": "None"}}