{"GeoInfo": {"city": "Burraboi"}, "summaryTable_qsDwelling": {"Median monthly mortgage repayments": "$650", "All private dwellings": "44", "Average people per household": "2.4", "Median weekly household income": "$1,312", "Median weekly rent": "$0", "Average motor vehicles per dwelling": "2.1"}, "summaryTable_qsPeople": {"Male": "48.4%", "Median age": "44", "Female": "51.6%", "People": "63"}, "summaryTable_qsFamilies": {"for all families": "0.6", "for families with children": "2", "Families": "17", "Average children per family": "None"}}