{"GeoInfo": {"city": "Burrier"}, "summaryTable_qsDwelling": {"Median monthly mortgage repayments": "$1,560", "All private dwellings": "25", "Average people per household": "2.6", "Median weekly household income": "$1,312", "Median weekly rent": "$0", "Average motor vehicles per dwelling": "1.7"}, "summaryTable_qsPeople": {"Male": "57.1%", "Median age": "50", "Female": "42.9%", "People": "44"}, "summaryTable_qsFamilies": {"for all families": "0.3", "for families with children": "2", "Families": "9", "Average children per family": "None"}}