{"GeoInfo": {"city": "Busbys Flat"}, "summaryTable_qsDwelling": {"Median monthly mortgage repayments": "$0", "All private dwellings": "19", "Average people per household": "1.4", "Median weekly household income": "$724", "Median weekly rent": "$0", "Average motor vehicles per dwelling": "1.4"}, "summaryTable_qsPeople": {"Male": "60%", "Median age": "57", "Female": "40%", "People": "37"}, "summaryTable_qsFamilies": {"for all families": "0", "for families with children": "0", "Families": "6", "Average children per family": "None"}}