{"GeoInfo": {"city": "Caffreys Flat"}, "summaryTable_qsDwelling": {"Median monthly mortgage repayments": "$0", "All private dwellings": "30", "Average people per household": "1.7", "Median weekly household income": "$743", "Median weekly rent": "$270", "Average motor vehicles per dwelling": "1.7"}, "summaryTable_qsPeople": {"Male": "48.1%", "Median age": "53", "Female": "51.9%", "People": "49"}, "summaryTable_qsFamilies": {"for all families": "0.4", "for families with children": "1.5", "Families": "18", "Average children per family": "None"}}