{"GeoInfo": {"city": "Camira (NSW)"}, "summaryTable_qsDwelling": {"Median monthly mortgage repayments": "$1,473", "All private dwellings": "15", "Average people per household": "1.9", "Median weekly household income": "$649", "Median weekly rent": "$0", "Average motor vehicles per dwelling": "1.4"}, "summaryTable_qsPeople": {"Male": "69%", "Median age": "57", "Female": "31%", "People": "29"}, "summaryTable_qsFamilies": {"for all families": "0.7", "for families with children": "1.5", "Families": "7", "Average children per family": "None"}}