{"GeoInfo": {"city": "Camerons Creek"}, "summaryTable_qsDwelling": {"Median monthly mortgage repayments": "$0", "All private dwellings": "22", "Average people per household": "2.4", "Median weekly household income": "$739", "Median weekly rent": "$0", "Average motor vehicles per dwelling": "2.5"}, "summaryTable_qsPeople": {"Male": "52.1%", "Median age": "39", "Female": "47.9%", "People": "49"}, "summaryTable_qsFamilies": {"for all families": "0.6", "for families with children": "1.5", "Families": "15", "Average children per family": "None"}}