{"GeoInfo": {"city": "Canonba"}, "summaryTable_qsDwelling": {"Median monthly mortgage repayments": "$0", "All private dwellings": "10", "Average people per household": "2", "Median weekly household income": "$2,250", "Median weekly rent": "$0", "Average motor vehicles per dwelling": "2.5"}, "summaryTable_qsPeople": {"Male": "41.2%", "Median age": "32", "Female": "58.8%", "People": "22"}, "summaryTable_qsFamilies": {"for all families": "0.3", "for families with children": "1", "Families": "9", "Average children per family": "None"}}