{"GeoInfo": {"city": "Carabost"}, "summaryTable_qsDwelling": {"Median monthly mortgage repayments": "$2,167", "All private dwellings": "30", "Average people per household": "1.6", "Median weekly household income": "$900", "Median weekly rent": "$0", "Average motor vehicles per dwelling": "2"}, "summaryTable_qsPeople": {"Male": "54.7%", "Median age": "56", "Female": "45.3%", "People": "55"}, "summaryTable_qsFamilies": {"for all families": "0.6", "for families with children": "3", "Families": "11", "Average children per family": "None"}}