{"GeoInfo": {"city": "Carrington (Mid-Coast - NSW)"}, "summaryTable_qsDwelling": {"Median monthly mortgage repayments": "$867", "All private dwellings": "19", "Average people per household": "1.6", "Median weekly household income": "$687", "Median weekly rent": "$0", "Average motor vehicles per dwelling": "1.6"}, "summaryTable_qsPeople": {"Male": "42.3%", "Median age": "55", "Female": "57.7%", "People": "30"}, "summaryTable_qsFamilies": {"for all families": "0.2", "for families with children": "1", "Families": "10", "Average children per family": "None"}}