{"GeoInfo": {"city": "Carrowbrook"}, "summaryTable_qsDwelling": {"Median monthly mortgage repayments": "$0", "All private dwellings": "16", "Average people per household": "2.3", "Median weekly household income": "$725", "Median weekly rent": "$0", "Average motor vehicles per dwelling": "1.6"}, "summaryTable_qsPeople": {"Male": "58.8%", "Median age": "48", "Female": "41.2%", "People": "35"}, "summaryTable_qsFamilies": {"for all families": "1", "for families with children": "2", "Families": "6", "Average children per family": "None"}}