{"GeoInfo": {"city": "Cedar Creek (Cessnock - NSW)"}, "summaryTable_qsDwelling": {"Median monthly mortgage repayments": "$0", "All private dwellings": "14", "Average people per household": "2", "Median weekly household income": "$1,125", "Median weekly rent": "$0", "Average motor vehicles per dwelling": "2"}, "summaryTable_qsPeople": {"Male": "38.7%", "Median age": "44", "Female": "61.3%", "People": "33"}, "summaryTable_qsFamilies": {"for all families": "0.6", "for families with children": "2", "Families": "7", "Average children per family": "None"}}