{"GeoInfo": {"city": "Chatham Valley"}, "summaryTable_qsDwelling": {"Median monthly mortgage repayments": "$0", "All private dwellings": "17", "Average people per household": "1.6", "Median weekly household income": "$1,187", "Median weekly rent": "$0", "Average motor vehicles per dwelling": "2"}, "summaryTable_qsPeople": {"Male": "50%", "Median age": "63", "Female": "50%", "People": "25"}, "summaryTable_qsFamilies": {"for all families": "0", "for families with children": "0", "Families": "10", "Average children per family": "None"}}