{"GeoInfo": {"city": "Chatsbury"}, "summaryTable_qsDwelling": {"Median monthly mortgage repayments": "$1,550", "All private dwellings": "52", "Average people per household": "2.9", "Median weekly household income": "$1,850", "Median weekly rent": "$114", "Average motor vehicles per dwelling": "2.6"}, "summaryTable_qsPeople": {"Male": "45.5%", "Median age": "49", "Female": "54.5%", "People": "91"}, "summaryTable_qsFamilies": {"for all families": "0.2", "for families with children": "2", "Families": "24", "Average children per family": "None"}}