{"GeoInfo": {"city": "Chinnock"}, "summaryTable_qsDwelling": {"Median monthly mortgage repayments": "$1,257", "All private dwellings": "6", "Average people per household": "3", "Median weekly household income": "$1,791", "Median weekly rent": "$0", "Average motor vehicles per dwelling": "2"}, "summaryTable_qsPeople": {"Male": "52%", "Median age": "51", "Female": "48%", "People": "22"}, "summaryTable_qsFamilies": {"for all families": "0.5", "for families with children": "1", "Families": "9", "Average children per family": "None"}}