{"GeoInfo": {"city": "Chichester (NSW)"}, "summaryTable_qsDwelling": {"Median monthly mortgage repayments": "$0", "All private dwellings": "29", "Average people per household": "3", "Median weekly household income": "$933", "Median weekly rent": "$0", "Average motor vehicles per dwelling": "1.7"}, "summaryTable_qsPeople": {"Male": "43.3%", "Median age": "45", "Female": "56.7%", "People": "29"}, "summaryTable_qsFamilies": {"for all families": "0.7", "for families with children": "2", "Families": "4", "Average children per family": "None"}}