{"GeoInfo": {"city": "Clare (NSW)"}, "summaryTable_qsDwelling": {"Median monthly mortgage repayments": "$0", "All private dwellings": "17", "Average people per household": "3.5", "Median weekly household income": "$0", "Median weekly rent": "$0", "Average motor vehicles per dwelling": "2.5"}, "summaryTable_qsPeople": {"Male": "72.2%", "Median age": "41", "Female": "27.8%", "People": "17"}, "summaryTable_qsFamilies": {"for all families": "0.6", "for families with children": "2", "Families": "3", "Average children per family": "None"}}