{"GeoInfo": {"city": "Clarendon (NSW)"}, "summaryTable_qsDwelling": {"Median monthly mortgage repayments": "$2,687", "All private dwellings": "41", "Average people per household": "3.3", "Median weekly household income": "$1,625", "Median weekly rent": "$350", "Average motor vehicles per dwelling": "3.1"}, "summaryTable_qsPeople": {"Male": "47.5%", "Median age": "40", "Female": "52.5%", "People": "122"}, "summaryTable_qsFamilies": {"for all families": "0.9", "for families with children": "2", "Families": "27", "Average children per family": "None"}}