{"GeoInfo": {"city": "Cockwhy"}, "summaryTable_qsDwelling": {"Median monthly mortgage repayments": "$0", "All private dwellings": "4", "Average people per household": "3.5", "Median weekly household income": "$1,625", "Median weekly rent": "$0", "Average motor vehicles per dwelling": "3"}, "summaryTable_qsPeople": {"Male": "37.5%", "Median age": "36", "Female": "62.5%", "People": "17"}, "summaryTable_qsFamilies": {"for all families": "1", "for families with children": "1.5", "Families": "6", "Average children per family": "None"}}