{"GeoInfo": {"city": "Coggan"}, "summaryTable_qsDwelling": {"Median monthly mortgage repayments": "$0", "All private dwellings": "0", "Average people per household": "0", "Median weekly household income": "$0", "Median weekly rent": "$0", "Average motor vehicles per dwelling": "3"}, "summaryTable_qsPeople": {"Male": "50%", "Median age": "52", "Female": "50%", "People": "4"}, "summaryTable_qsFamilies": {"for all families": "1", "for families with children": "1", "Families": "4", "Average children per family": "None"}}