{"GeoInfo": {"city": "Collingwood (NSW)"}, "summaryTable_qsDwelling": {"Median monthly mortgage repayments": "$0", "All private dwellings": "23", "Average people per household": "2.1", "Median weekly household income": "$1,083", "Median weekly rent": "$320", "Average motor vehicles per dwelling": "1.7"}, "summaryTable_qsPeople": {"Male": "53.2%", "Median age": "54", "Female": "46.8%", "People": "43"}, "summaryTable_qsFamilies": {"for all families": "0.4", "for families with children": "2", "Families": "18", "Average children per family": "None"}}