{"GeoInfo": {"city": "Colo (Hawkesbury - NSW)"}, "summaryTable_qsDwelling": {"Median monthly mortgage repayments": "$2,167", "All private dwellings": "19", "Average people per household": "2.7", "Median weekly household income": "$1,375", "Median weekly rent": "$0", "Average motor vehicles per dwelling": "2.3"}, "summaryTable_qsPeople": {"Male": "57.6%", "Median age": "39", "Female": "42.4%", "People": "60"}, "summaryTable_qsFamilies": {"for all families": "0.5", "for families with children": "1.5", "Families": "15", "Average children per family": "None"}}