{"GeoInfo": {"city": "Commissioners Creek"}, "summaryTable_qsDwelling": {"Median monthly mortgage repayments": "$867", "All private dwellings": "29", "Average people per household": "2", "Median weekly household income": "$1,042", "Median weekly rent": "$250", "Average motor vehicles per dwelling": "1.5"}, "summaryTable_qsPeople": {"Male": "60%", "Median age": "51", "Female": "40%", "People": "65"}, "summaryTable_qsFamilies": {"for all families": "0", "for families with children": "0", "Families": "9", "Average children per family": "None"}}