{"GeoInfo": {"city": "Coneac"}, "summaryTable_qsDwelling": {"Median monthly mortgage repayments": "$0", "All private dwellings": "13", "Average people per household": "1.6", "Median weekly household income": "$725", "Median weekly rent": "$0", "Average motor vehicles per dwelling": "1.9"}, "summaryTable_qsPeople": {"Male": "36%", "Median age": "60", "Female": "64%", "People": "24"}, "summaryTable_qsFamilies": {"for all families": "0", "for families with children": "0", "Families": "5", "Average children per family": "None"}}