{"GeoInfo": {"city": "Coombadjha"}, "summaryTable_qsDwelling": {"Median monthly mortgage repayments": "$0", "All private dwellings": "13", "Average people per household": "2", "Median weekly household income": "$900", "Median weekly rent": "$0", "Average motor vehicles per dwelling": "3"}, "summaryTable_qsPeople": {"Male": "65%", "Median age": "39", "Female": "35%", "People": "18"}, "summaryTable_qsFamilies": {"for all families": "0.5", "for families with children": "1", "Families": "6", "Average children per family": "None"}}