{"GeoInfo": {"city": "Coomoo Coomoo"}, "summaryTable_qsDwelling": {"Median monthly mortgage repayments": "$0", "All private dwellings": "4", "Average people per household": "2", "Median weekly household income": "$1,649", "Median weekly rent": "$0", "Average motor vehicles per dwelling": "0"}, "summaryTable_qsPeople": {"Male": "66.7%", "Median age": "50", "Female": "33.3%", "People": "8"}, "summaryTable_qsFamilies": {"for all families": "0", "for families with children": "0", "Families": "4", "Average children per family": "None"}}