{"GeoInfo": {"city": "Cootralantra"}, "summaryTable_qsDwelling": {"Median monthly mortgage repayments": "$1,409", "All private dwellings": "42", "Average people per household": "2.8", "Median weekly household income": "$1,449", "Median weekly rent": "$75", "Average motor vehicles per dwelling": "1.9"}, "summaryTable_qsPeople": {"Male": "46.2%", "Median age": "42", "Female": "53.8%", "People": "89"}, "summaryTable_qsFamilies": {"for all families": "0.9", "for families with children": "1.8", "Families": "21", "Average children per family": "None"}}