{"GeoInfo": {"city": "Copeland"}, "summaryTable_qsDwelling": {"Median monthly mortgage repayments": "$879", "All private dwellings": "39", "Average people per household": "2.2", "Median weekly household income": "$1,062", "Median weekly rent": "$0", "Average motor vehicles per dwelling": "2"}, "summaryTable_qsPeople": {"Male": "56.9%", "Median age": "52", "Female": "43.1%", "People": "64"}, "summaryTable_qsFamilies": {"for all families": "0.4", "for families with children": "1.4", "Families": "14", "Average children per family": "None"}}