{"GeoInfo": {"city": "Cornwallis"}, "summaryTable_qsDwelling": {"Median monthly mortgage repayments": "$0", "All private dwellings": "18", "Average people per household": "2.8", "Median weekly household income": "$2,249", "Median weekly rent": "$250", "Average motor vehicles per dwelling": "2.4"}, "summaryTable_qsPeople": {"Male": "46%", "Median age": "37", "Female": "54%", "People": "53"}, "summaryTable_qsFamilies": {"for all families": "1.1", "for families with children": "2.5", "Families": "8", "Average children per family": "None"}}