{"GeoInfo": {"city": "Corinella (NSW)"}, "summaryTable_qsDwelling": {"Median monthly mortgage repayments": "$0", "All private dwellings": "34", "Average people per household": "3", "Median weekly household income": "$1,416", "Median weekly rent": "$0", "Average motor vehicles per dwelling": "2.4"}, "summaryTable_qsPeople": {"Male": "53.5%", "Median age": "37", "Female": "46.5%", "People": "73"}, "summaryTable_qsFamilies": {"for all families": "1.1", "for families with children": "1.9", "Families": "19", "Average children per family": "None"}}