{"GeoInfo": {"city": "Cottage Point"}, "summaryTable_qsDwelling": {"Median monthly mortgage repayments": "$1,984", "All private dwellings": "56", "Average people per household": "2.3", "Median weekly household income": "$2,083", "Median weekly rent": "$577", "Average motor vehicles per dwelling": "1.9"}, "summaryTable_qsPeople": {"Male": "50%", "Median age": "55", "Female": "50%", "People": "98"}, "summaryTable_qsFamilies": {"for all families": "0.3", "for families with children": "2", "Families": "24", "Average children per family": "None"}}