{"GeoInfo": {"city": "Cowabbie"}, "summaryTable_qsDwelling": {"Median monthly mortgage repayments": "$0", "All private dwellings": "7", "Average people per household": "2", "Median weekly household income": "$0", "Median weekly rent": "$0", "Average motor vehicles per dwelling": "0"}, "summaryTable_qsPeople": {"Male": "50%", "Median age": "41", "Female": "50%", "People": "17"}, "summaryTable_qsFamilies": {"for all families": "0", "for families with children": "0", "Families": "4", "Average children per family": "None"}}