{"GeoInfo": {"city": "Courabyra"}, "summaryTable_qsDwelling": {"Median monthly mortgage repayments": "$1,733", "All private dwellings": "35", "Average people per household": "2.6", "Median weekly household income": "$1,437", "Median weekly rent": "$75", "Average motor vehicles per dwelling": "2.3"}, "summaryTable_qsPeople": {"Male": "51%", "Median age": "45", "Female": "49%", "People": "99"}, "summaryTable_qsFamilies": {"for all families": "0.7", "for families with children": "2.6", "Families": "28", "Average children per family": "None"}}