{"GeoInfo": {"city": "Coxs Creek"}, "summaryTable_qsDwelling": {"Median monthly mortgage repayments": "$0", "All private dwellings": "32", "Average people per household": "1.8", "Median weekly household income": "$725", "Median weekly rent": "$0", "Average motor vehicles per dwelling": "1.9"}, "summaryTable_qsPeople": {"Male": "54.5%", "Median age": "53", "Female": "45.5%", "People": "57"}, "summaryTable_qsFamilies": {"for all families": "0.5", "for families with children": "1.5", "Families": "12", "Average children per family": "None"}}