{"GeoInfo": {"city": "Creewah"}, "summaryTable_qsDwelling": {"Median monthly mortgage repayments": "$823", "All private dwellings": "38", "Average people per household": "1.5", "Median weekly household income": "$1,024", "Median weekly rent": "$0", "Average motor vehicles per dwelling": "2.2"}, "summaryTable_qsPeople": {"Male": "51.7%", "Median age": "52", "Female": "48.3%", "People": "36"}, "summaryTable_qsFamilies": {"for all families": "0.8", "for families with children": "4", "Families": "7", "Average children per family": "None"}}