{"GeoInfo": {"city": "Cross Roads (NSW)"}, "summaryTable_qsDwelling": {"Median monthly mortgage repayments": "$0", "All private dwellings": "10", "Average people per household": "2", "Median weekly household income": "$2,250", "Median weekly rent": "$0", "Average motor vehicles per dwelling": "2"}, "summaryTable_qsPeople": {"Male": "52.6%", "Median age": "37", "Female": "47.4%", "People": "17"}, "summaryTable_qsFamilies": {"for all families": "0.8", "for families with children": "2", "Families": "4", "Average children per family": "None"}}