{"GeoInfo": {"city": "Cudgegong"}, "summaryTable_qsDwelling": {"Median monthly mortgage repayments": "$2,383", "All private dwellings": "19", "Average people per household": "2.9", "Median weekly household income": "$1,874", "Median weekly rent": "$0", "Average motor vehicles per dwelling": "2.3"}, "summaryTable_qsPeople": {"Male": "42.9%", "Median age": "45", "Female": "57.1%", "People": "44"}, "summaryTable_qsFamilies": {"for all families": "0.4", "for families with children": "1", "Families": "9", "Average children per family": "None"}}