{"GeoInfo": {"city": "Cullendore"}, "summaryTable_qsDwelling": {"Median monthly mortgage repayments": "$0", "All private dwellings": "13", "Average people per household": "2", "Median weekly household income": "$949", "Median weekly rent": "$0", "Average motor vehicles per dwelling": "2"}, "summaryTable_qsPeople": {"Male": "50%", "Median age": "51", "Female": "50%", "People": "19"}, "summaryTable_qsFamilies": {"for all families": "0", "for families with children": "0", "Families": "8", "Average children per family": "None"}}