{"GeoInfo": {"city": "Cullerin"}, "summaryTable_qsDwelling": {"Median monthly mortgage repayments": "$1,688", "All private dwellings": "14", "Average people per household": "2.4", "Median weekly household income": "$2,062", "Median weekly rent": "$165", "Average motor vehicles per dwelling": "2"}, "summaryTable_qsPeople": {"Male": "57.1%", "Median age": "51", "Female": "42.9%", "People": "38"}, "summaryTable_qsFamilies": {"for all families": "0.7", "for families with children": "2.1", "Families": "11", "Average children per family": "None"}}