{"GeoInfo": {"city": "Cuttabri"}, "summaryTable_qsDwelling": {"Median monthly mortgage repayments": "$0", "All private dwellings": "26", "Average people per household": "2.2", "Median weekly household income": "$749", "Median weekly rent": "$0", "Average motor vehicles per dwelling": "2.7"}, "summaryTable_qsPeople": {"Male": "52.6%", "Median age": "51", "Female": "47.4%", "People": "43"}, "summaryTable_qsFamilies": {"for all families": "0.3", "for families with children": "1", "Families": "9", "Average children per family": "None"}}