{"GeoInfo": {"city": "Dabee"}, "summaryTable_qsDwelling": {"Median monthly mortgage repayments": "$0", "All private dwellings": "16", "Average people per household": "1.9", "Median weekly household income": "$900", "Median weekly rent": "$80", "Average motor vehicles per dwelling": "2.3"}, "summaryTable_qsPeople": {"Male": "66.7%", "Median age": "62", "Female": "33.3%", "People": "37"}, "summaryTable_qsFamilies": {"for all families": "0.5", "for families with children": "1.5", "Families": "7", "Average children per family": "None"}}