{"GeoInfo": {"city": "Dalswinton"}, "summaryTable_qsDwelling": {"Median monthly mortgage repayments": "$3,000", "All private dwellings": "21", "Average people per household": "3.3", "Median weekly household income": "$1,624", "Median weekly rent": "$0", "Average motor vehicles per dwelling": "2.3"}, "summaryTable_qsPeople": {"Male": "50%", "Median age": "33", "Female": "50%", "People": "51"}, "summaryTable_qsFamilies": {"for all families": "1.2", "for families with children": "2", "Families": "15", "Average children per family": "None"}}