{"GeoInfo": {"city": "Deep Creek (Kempsey - NSW)"}, "summaryTable_qsDwelling": {"Median monthly mortgage repayments": "$715", "All private dwellings": "41", "Average people per household": "2.2", "Median weekly household income": "$1,021", "Median weekly rent": "$0", "Average motor vehicles per dwelling": "2.4"}, "summaryTable_qsPeople": {"Male": "52.7%", "Median age": "55", "Female": "47.3%", "People": "88"}, "summaryTable_qsFamilies": {"for all families": "0.6", "for families with children": "1.6", "Families": "32", "Average children per family": "None"}}