{"GeoInfo": {"city": "Daysdale"}, "summaryTable_qsDwelling": {"Median monthly mortgage repayments": "$759", "All private dwellings": "56", "Average people per household": "2.4", "Median weekly household income": "$833", "Median weekly rent": "$28", "Average motor vehicles per dwelling": "2.2"}, "summaryTable_qsPeople": {"Male": "50.5%", "Median age": "51", "Female": "49.5%", "People": "95"}, "summaryTable_qsFamilies": {"for all families": "0.8", "for families with children": "1.8", "Families": "28", "Average children per family": "None"}}