{"GeoInfo": {"city": "Depot Beach"}, "summaryTable_qsDwelling": {"Median monthly mortgage repayments": "$0", "All private dwellings": "49", "Average people per household": "2", "Median weekly household income": "$762", "Median weekly rent": "$0", "Average motor vehicles per dwelling": "1"}, "summaryTable_qsPeople": {"Male": "40.9%", "Median age": "58", "Female": "59.1%", "People": "21"}, "summaryTable_qsFamilies": {"for all families": "0.5", "for families with children": "1", "Families": "6", "Average children per family": "None"}}