{"GeoInfo": {"city": "Dignams Creek"}, "summaryTable_qsDwelling": {"Median monthly mortgage repayments": "$867", "All private dwellings": "41", "Average people per household": "2.3", "Median weekly household income": "$899", "Median weekly rent": "$210", "Average motor vehicles per dwelling": "2.1"}, "summaryTable_qsPeople": {"Male": "47.7%", "Median age": "53", "Female": "52.3%", "People": "85"}, "summaryTable_qsFamilies": {"for all families": "0.2", "for families with children": "1", "Families": "17", "Average children per family": "None"}}