{"GeoInfo": {"city": "Dinoga"}, "summaryTable_qsDwelling": {"Median monthly mortgage repayments": "$0", "All private dwellings": "33", "Average people per household": "1.9", "Median weekly household income": "$850", "Median weekly rent": "$50", "Average motor vehicles per dwelling": "1.9"}, "summaryTable_qsPeople": {"Male": "49.2%", "Median age": "55", "Female": "50.8%", "People": "61"}, "summaryTable_qsFamilies": {"for all families": "0", "for families with children": "0", "Families": "20", "Average children per family": "None"}}