{"GeoInfo": {"city": "Dollys Flat"}, "summaryTable_qsDwelling": {"Median monthly mortgage repayments": "$1,312", "All private dwellings": "32", "Average people per household": "3.3", "Median weekly household income": "$1,093", "Median weekly rent": "$0", "Average motor vehicles per dwelling": "2.2"}, "summaryTable_qsPeople": {"Male": "53.2%", "Median age": "45", "Female": "46.8%", "People": "74"}, "summaryTable_qsFamilies": {"for all families": "0.5", "for families with children": "2", "Families": "19", "Average children per family": "None"}}