{"GeoInfo": {"city": "Doctor George Mountain"}, "summaryTable_qsDwelling": {"Median monthly mortgage repayments": "$997", "All private dwellings": "22", "Average people per household": "2.7", "Median weekly household income": "$1,625", "Median weekly rent": "$0", "Average motor vehicles per dwelling": "2.1"}, "summaryTable_qsPeople": {"Male": "47.6%", "Median age": "48", "Female": "52.4%", "People": "58"}, "summaryTable_qsFamilies": {"for all families": "0.4", "for families with children": "1.5", "Families": "16", "Average children per family": "None"}}