{"GeoInfo": {"city": "Dorrigo Mountain"}, "summaryTable_qsDwelling": {"Median monthly mortgage repayments": "$1,867", "All private dwellings": "55", "Average people per household": "2", "Median weekly household income": "$900", "Median weekly rent": "$190", "Average motor vehicles per dwelling": "1.9"}, "summaryTable_qsPeople": {"Male": "54.5%", "Median age": "58", "Female": "45.5%", "People": "98"}, "summaryTable_qsFamilies": {"for all families": "0.2", "for families with children": "1", "Families": "30", "Average children per family": "None"}}