{"GeoInfo": {"city": "Drildool"}, "summaryTable_qsDwelling": {"Median monthly mortgage repayments": "$0", "All private dwellings": "9", "Average people per household": "0", "Median weekly household income": "$1,625", "Median weekly rent": "$0", "Average motor vehicles per dwelling": "2"}, "summaryTable_qsPeople": {"Male": "64.7%", "Median age": "58", "Female": "35.3%", "People": "15"}, "summaryTable_qsFamilies": {"for all families": "0", "for families with children": "0", "Families": "4", "Average children per family": "None"}}