{"GeoInfo": {"city": "Duck Creek"}, "summaryTable_qsDwelling": {"Median monthly mortgage repayments": "$1,250", "All private dwellings": "31", "Average people per household": "2.4", "Median weekly household income": "$949", "Median weekly rent": "$0", "Average motor vehicles per dwelling": "2.4"}, "summaryTable_qsPeople": {"Male": "57.9%", "Median age": "50", "Female": "42.1%", "People": "57"}, "summaryTable_qsFamilies": {"for all families": "0.6", "for families with children": "1.9", "Families": "19", "Average children per family": "None"}}