{"GeoInfo": {"city": "Dumaresq Island"}, "summaryTable_qsDwelling": {"Median monthly mortgage repayments": "$1,300", "All private dwellings": "26", "Average people per household": "2.8", "Median weekly household income": "$1,687", "Median weekly rent": "$250", "Average motor vehicles per dwelling": "2.5"}, "summaryTable_qsPeople": {"Male": "46%", "Median age": "52", "Female": "54%", "People": "62"}, "summaryTable_qsFamilies": {"for all families": "0.6", "for families with children": "1.9", "Families": "19", "Average children per family": "None"}}