{"GeoInfo": {"city": "Dungarubba"}, "summaryTable_qsDwelling": {"Median monthly mortgage repayments": "$1,550", "All private dwellings": "23", "Average people per household": "2.7", "Median weekly household income": "$1,343", "Median weekly rent": "$0", "Average motor vehicles per dwelling": "2.4"}, "summaryTable_qsPeople": {"Male": "58.3%", "Median age": "42", "Female": "41.7%", "People": "59"}, "summaryTable_qsFamilies": {"for all families": "0.5", "for families with children": "1", "Families": "20", "Average children per family": "None"}}