{"GeoInfo": {"city": "Dyrring"}, "summaryTable_qsDwelling": {"Median monthly mortgage repayments": "$2,383", "All private dwellings": "31", "Average people per household": "2.7", "Median weekly household income": "$2,166", "Median weekly rent": "$0", "Average motor vehicles per dwelling": "2.8"}, "summaryTable_qsPeople": {"Male": "54.3%", "Median age": "37", "Female": "45.7%", "People": "91"}, "summaryTable_qsFamilies": {"for all families": "1", "for families with children": "1.9", "Families": "23", "Average children per family": "None"}}