{"GeoInfo": {"city": "Ellerslie (Wentworth - NSW)"}, "summaryTable_qsDwelling": {"Median monthly mortgage repayments": "$650", "All private dwellings": "43", "Average people per household": "2", "Median weekly household income": "$849", "Median weekly rent": "$15", "Average motor vehicles per dwelling": "1.7"}, "summaryTable_qsPeople": {"Male": "56.7%", "Median age": "43", "Female": "43.3%", "People": "82"}, "summaryTable_qsFamilies": {"for all families": "0.3", "for families with children": "1.5", "Families": "21", "Average children per family": "None"}}