{"GeoInfo": {"city": "Ellerston"}, "summaryTable_qsDwelling": {"Median monthly mortgage repayments": "$0", "All private dwellings": "45", "Average people per household": "1.9", "Median weekly household income": "$1,541", "Median weekly rent": "$0", "Average motor vehicles per dwelling": "2.7"}, "summaryTable_qsPeople": {"Male": "49.2%", "Median age": "30", "Female": "50.8%", "People": "131"}, "summaryTable_qsFamilies": {"for all families": "0.9", "for families with children": "2.1", "Families": "23", "Average children per family": "None"}}