{"GeoInfo": {"city": "Enmore (Armidale Regional - NSW)"}, "summaryTable_qsDwelling": {"Median monthly mortgage repayments": "$2,149", "All private dwellings": "22", "Average people per household": "1.7", "Median weekly household income": "$1,437", "Median weekly rent": "$0", "Average motor vehicles per dwelling": "1.8"}, "summaryTable_qsPeople": {"Male": "56.9%", "Median age": "50", "Female": "43.1%", "People": "55"}, "summaryTable_qsFamilies": {"for all families": "0.3", "for families with children": "2", "Families": "18", "Average children per family": "None"}}