{"GeoInfo": {"city": "Erin Vale"}, "summaryTable_qsDwelling": {"Median monthly mortgage repayments": "$0", "All private dwellings": "23", "Average people per household": "2.9", "Median weekly household income": "$2,125", "Median weekly rent": "$0", "Average motor vehicles per dwelling": "2"}, "summaryTable_qsPeople": {"Male": "43.4%", "Median age": "40", "Female": "56.6%", "People": "51"}, "summaryTable_qsFamilies": {"for all families": "1.5", "for families with children": "3", "Families": "16", "Average children per family": "None"}}