{"GeoInfo": {"city": "Eucumbene"}, "summaryTable_qsDwelling": {"Median monthly mortgage repayments": "$0", "All private dwellings": "6", "Average people per household": "1", "Median weekly household income": "$1,024", "Median weekly rent": "$0", "Average motor vehicles per dwelling": "1"}, "summaryTable_qsPeople": {"Male": "50%", "Median age": "60", "Female": "50%", "People": "12"}, "summaryTable_qsFamilies": {"for all families": "0", "for families with children": "0", "Families": "0", "Average children per family": "None"}}