{"GeoInfo": {"city": "Euroley"}, "summaryTable_qsDwelling": {"Median monthly mortgage repayments": "$0", "All private dwellings": "31", "Average people per household": "2.4", "Median weekly household income": "$1,562", "Median weekly rent": "$0", "Average motor vehicles per dwelling": "2.2"}, "summaryTable_qsPeople": {"Male": "51.9%", "Median age": "45", "Female": "48.1%", "People": "77"}, "summaryTable_qsFamilies": {"for all families": "1", "for families with children": "2.1", "Families": "18", "Average children per family": "None"}}