{"GeoInfo": {"city": "Ewingar"}, "summaryTable_qsDwelling": {"Median monthly mortgage repayments": "$828", "All private dwellings": "54", "Average people per household": "1.3", "Median weekly household income": "$484", "Median weekly rent": "$0", "Average motor vehicles per dwelling": "1.3"}, "summaryTable_qsPeople": {"Male": "66.2%", "Median age": "58", "Female": "33.8%", "People": "67"}, "summaryTable_qsFamilies": {"for all families": "0.1", "for families with children": "1", "Families": "12", "Average children per family": "None"}}