{"GeoInfo": {"city": "Falconer"}, "summaryTable_qsDwelling": {"Median monthly mortgage repayments": "$1,733", "All private dwellings": "19", "Average people per household": "3.3", "Median weekly household income": "$1,812", "Median weekly rent": "$0", "Average motor vehicles per dwelling": "3.1"}, "summaryTable_qsPeople": {"Male": "60%", "Median age": "30", "Female": "40%", "People": "50"}, "summaryTable_qsFamilies": {"for all families": "1.3", "for families with children": "2.3", "Families": "12", "Average children per family": "None"}}