{"GeoInfo": {"city": "Fairholme"}, "summaryTable_qsDwelling": {"Median monthly mortgage repayments": "$0", "All private dwellings": "13", "Average people per household": "2", "Median weekly household income": "$1,499", "Median weekly rent": "$0", "Average motor vehicles per dwelling": "2"}, "summaryTable_qsPeople": {"Male": "53.8%", "Median age": "55", "Female": "46.2%", "People": "19"}, "summaryTable_qsFamilies": {"for all families": "0", "for families with children": "0", "Families": "10", "Average children per family": "None"}}