{"GeoInfo": {"city": "Faulkland"}, "summaryTable_qsDwelling": {"Median monthly mortgage repayments": "$1,950", "All private dwellings": "43", "Average people per household": "1.9", "Median weekly household income": "$1,041", "Median weekly rent": "$290", "Average motor vehicles per dwelling": "1.7"}, "summaryTable_qsPeople": {"Male": "53.8%", "Median age": "50", "Female": "46.3%", "People": "77"}, "summaryTable_qsFamilies": {"for all families": "0.5", "for families with children": "1.7", "Families": "24", "Average children per family": "None"}}