{"GeoInfo": {"city": "Findon Creek"}, "summaryTable_qsDwelling": {"Median monthly mortgage repayments": "$0", "All private dwellings": "20", "Average people per household": "1.7", "Median weekly household income": "$575", "Median weekly rent": "$0", "Average motor vehicles per dwelling": "1.3"}, "summaryTable_qsPeople": {"Male": "39.1%", "Median age": "59", "Female": "60.9%", "People": "28"}, "summaryTable_qsFamilies": {"for all families": "0.7", "for families with children": "1.4", "Families": "9", "Average children per family": "None"}}