{"GeoInfo": {"city": "Fordwich"}, "summaryTable_qsDwelling": {"Median monthly mortgage repayments": "$0", "All private dwellings": "45", "Average people per household": "2.3", "Median weekly household income": "$1,083", "Median weekly rent": "$240", "Average motor vehicles per dwelling": "1.9"}, "summaryTable_qsPeople": {"Male": "51.1%", "Median age": "38", "Female": "48.9%", "People": "92"}, "summaryTable_qsFamilies": {"for all families": "0.7", "for families with children": "1.9", "Families": "20", "Average children per family": "None"}}