{"GeoInfo": {"city": "Fowlers Gap"}, "summaryTable_qsDwelling": {"Median monthly mortgage repayments": "$0", "All private dwellings": "7", "Average people per household": "0", "Median weekly household income": "$2,250", "Median weekly rent": "$0", "Average motor vehicles per dwelling": "3.5"}, "summaryTable_qsPeople": {"Male": "71.9%", "Median age": "31", "Female": "28.1%", "People": "30"}, "summaryTable_qsFamilies": {"for all families": "0.9", "for families with children": "2", "Families": "4", "Average children per family": "None"}}