{"GeoInfo": {"city": "Gadara"}, "summaryTable_qsDwelling": {"Median monthly mortgage repayments": "$1,993", "All private dwellings": "21", "Average people per household": "2.5", "Median weekly household income": "$1,312", "Median weekly rent": "$0", "Average motor vehicles per dwelling": "2"}, "summaryTable_qsPeople": {"Male": "56%", "Median age": "36", "Female": "44%", "People": "47"}, "summaryTable_qsFamilies": {"for all families": "0.5", "for families with children": "1.4", "Families": "15", "Average children per family": "None"}}