{"GeoInfo": {"city": "Ganbenang"}, "summaryTable_qsDwelling": {"Median monthly mortgage repayments": "$1,785", "All private dwellings": "50", "Average people per household": "2.1", "Median weekly household income": "$1,562", "Median weekly rent": "$0", "Average motor vehicles per dwelling": "2.1"}, "summaryTable_qsPeople": {"Male": "51.2%", "Median age": "54", "Female": "48.8%", "People": "95"}, "summaryTable_qsFamilies": {"for all families": "0.6", "for families with children": "2.1", "Families": "24", "Average children per family": "None"}}