{"GeoInfo": {"city": "Gemalla"}, "summaryTable_qsDwelling": {"Median monthly mortgage repayments": "$2,058", "All private dwellings": "14", "Average people per household": "2", "Median weekly household income": "$1,625", "Median weekly rent": "$0", "Average motor vehicles per dwelling": "2.4"}, "summaryTable_qsPeople": {"Male": "45.5%", "Median age": "52", "Female": "54.5%", "People": "16"}, "summaryTable_qsFamilies": {"for all families": "0", "for families with children": "0", "Families": "3", "Average children per family": "None"}}