{"GeoInfo": {"city": "Ghinni Ghi"}, "summaryTable_qsDwelling": {"Median monthly mortgage repayments": "$910", "All private dwellings": "25", "Average people per household": "1.7", "Median weekly household income": "$900", "Median weekly rent": "$155", "Average motor vehicles per dwelling": "1.9"}, "summaryTable_qsPeople": {"Male": "50%", "Median age": "59", "Female": "50%", "People": "36"}, "summaryTable_qsFamilies": {"for all families": "0", "for families with children": "0", "Families": "12", "Average children per family": "None"}}