{"GeoInfo": {"city": "Gibberagee"}, "summaryTable_qsDwelling": {"Median monthly mortgage repayments": "$0", "All private dwellings": "12", "Average people per household": "1.6", "Median weekly household income": "$450", "Median weekly rent": "$0", "Average motor vehicles per dwelling": "1.5"}, "summaryTable_qsPeople": {"Male": "80%", "Median age": "50", "Female": "20%", "People": "26"}, "summaryTable_qsFamilies": {"for all families": "0", "for families with children": "0", "Families": "0", "Average children per family": "None"}}