{"GeoInfo": {"city": "Gilmandyke"}, "summaryTable_qsDwelling": {"Median monthly mortgage repayments": "$0", "All private dwellings": "17", "Average people per household": "1", "Median weekly household income": "$1,187", "Median weekly rent": "$0", "Average motor vehicles per dwelling": "1.6"}, "summaryTable_qsPeople": {"Male": "52.2%", "Median age": "42", "Female": "47.8%", "People": "19"}, "summaryTable_qsFamilies": {"for all families": "0", "for families with children": "0", "Families": "5", "Average children per family": "None"}}