{"GeoInfo": {"city": "Ginghi"}, "summaryTable_qsDwelling": {"Median monthly mortgage repayments": "$0", "All private dwellings": "10", "Average people per household": "2", "Median weekly household income": "$1,024", "Median weekly rent": "$0", "Average motor vehicles per dwelling": "2.5"}, "summaryTable_qsPeople": {"Male": "63.6%", "Median age": "49", "Female": "36.4%", "People": "10"}, "summaryTable_qsFamilies": {"for all families": "0", "for families with children": "0", "Families": "4", "Average children per family": "None"}}