{"GeoInfo": {"city": "Gineroi"}, "summaryTable_qsDwelling": {"Median monthly mortgage repayments": "$1,175", "All private dwellings": "27", "Average people per household": "2.9", "Median weekly household income": "$966", "Median weekly rent": "$0", "Average motor vehicles per dwelling": "2.4"}, "summaryTable_qsPeople": {"Male": "50%", "Median age": "48", "Female": "50%", "People": "57"}, "summaryTable_qsFamilies": {"for all families": "0.4", "for families with children": "2", "Families": "19", "Average children per family": "None"}}