{"GeoInfo": {"city": "Girilambone"}, "summaryTable_qsDwelling": {"Median monthly mortgage repayments": "$867", "All private dwellings": "51", "Average people per household": "2.8", "Median weekly household income": "$1,437", "Median weekly rent": "$0", "Average motor vehicles per dwelling": "3.4"}, "summaryTable_qsPeople": {"Male": "52.5%", "Median age": "42", "Female": "47.5%", "People": "107"}, "summaryTable_qsFamilies": {"for all families": "1", "for families with children": "2.2", "Families": "23", "Average children per family": "None"}}