{"GeoInfo": {"city": "Glen Alice"}, "summaryTable_qsDwelling": {"Median monthly mortgage repayments": "$0", "All private dwellings": "48", "Average people per household": "1.3", "Median weekly household income": "$1,125", "Median weekly rent": "$0", "Average motor vehicles per dwelling": "1.4"}, "summaryTable_qsPeople": {"Male": "49.1%", "Median age": "51", "Female": "50.9%", "People": "59"}, "summaryTable_qsFamilies": {"for all families": "0.7", "for families with children": "3", "Families": "4", "Average children per family": "None"}}