{"GeoInfo": {"city": "Glen Allen"}, "summaryTable_qsDwelling": {"Median monthly mortgage repayments": "$0", "All private dwellings": "11", "Average people per household": "2", "Median weekly household income": "$1,625", "Median weekly rent": "$0", "Average motor vehicles per dwelling": "1.5"}, "summaryTable_qsPeople": {"Male": "56.3%", "Median age": "54", "Female": "43.8%", "People": "17"}, "summaryTable_qsFamilies": {"for all families": "0", "for families with children": "0", "Families": "6", "Average children per family": "None"}}