{"GeoInfo": {"city": "Glen Ward"}, "summaryTable_qsDwelling": {"Median monthly mortgage repayments": "$0", "All private dwellings": "7", "Average people per household": "1", "Median weekly household income": "$549", "Median weekly rent": "$0", "Average motor vehicles per dwelling": "2"}, "summaryTable_qsPeople": {"Male": "100%", "Median age": "63", "Female": "0%", "People": "6"}, "summaryTable_qsFamilies": {"for all families": "0", "for families with children": "0", "Families": "3", "Average children per family": "None"}}