{"GeoInfo": {"city": "Glenbawn"}, "summaryTable_qsDwelling": {"Median monthly mortgage repayments": "$2,650", "All private dwellings": "22", "Average people per household": "3.1", "Median weekly household income": "$1,958", "Median weekly rent": "$265", "Average motor vehicles per dwelling": "2.2"}, "summaryTable_qsPeople": {"Male": "47.9%", "Median age": "38", "Female": "52.1%", "People": "75"}, "summaryTable_qsFamilies": {"for all families": "0.8", "for families with children": "1.5", "Families": "19", "Average children per family": "None"}}