{"GeoInfo": {"city": "Glenroy (Snowy Valleys - NSW)"}, "summaryTable_qsDwelling": {"Median monthly mortgage repayments": "$1,250", "All private dwellings": "34", "Average people per household": "2.5", "Median weekly household income": "$1,843", "Median weekly rent": "$60", "Average motor vehicles per dwelling": "2"}, "summaryTable_qsPeople": {"Male": "52.7%", "Median age": "51", "Female": "47.3%", "People": "70"}, "summaryTable_qsFamilies": {"for all families": "0.8", "for families with children": "2", "Families": "21", "Average children per family": "None"}}