{"GeoInfo": {"city": "Gongolgon"}, "summaryTable_qsDwelling": {"Median monthly mortgage repayments": "$0", "All private dwellings": "20", "Average people per household": "2.3", "Median weekly household income": "$537", "Median weekly rent": "$0", "Average motor vehicles per dwelling": "2.1"}, "summaryTable_qsPeople": {"Male": "61.8%", "Median age": "56", "Female": "38.2%", "People": "40"}, "summaryTable_qsFamilies": {"for all families": "0.4", "for families with children": "2", "Families": "11", "Average children per family": "None"}}