{"GeoInfo": {"city": "Godfreys Creek"}, "summaryTable_qsDwelling": {"Median monthly mortgage repayments": "$1,286", "All private dwellings": "58", "Average people per household": "2.1", "Median weekly household income": "$1,125", "Median weekly rent": "$0", "Average motor vehicles per dwelling": "2.8"}, "summaryTable_qsPeople": {"Male": "61.6%", "Median age": "55", "Female": "38.4%", "People": "76"}, "summaryTable_qsFamilies": {"for all families": "0.4", "for families with children": "2.4", "Families": "23", "Average children per family": "None"}}