{"GeoInfo": {"city": "Goodnight"}, "summaryTable_qsDwelling": {"Median monthly mortgage repayments": "$1,560", "All private dwellings": "48", "Average people per household": "2.2", "Median weekly household income": "$1,156", "Median weekly rent": "$120", "Average motor vehicles per dwelling": "1.7"}, "summaryTable_qsPeople": {"Male": "49%", "Median age": "48", "Female": "51%", "People": "100"}, "summaryTable_qsFamilies": {"for all families": "0.6", "for families with children": "1.6", "Families": "30", "Average children per family": "None"}}