{"GeoInfo": {"city": "Goolhi"}, "summaryTable_qsDwelling": {"Median monthly mortgage repayments": "$0", "All private dwellings": "42", "Average people per household": "2.7", "Median weekly household income": "$1,875", "Median weekly rent": "$0", "Average motor vehicles per dwelling": "3"}, "summaryTable_qsPeople": {"Male": "52.2%", "Median age": "46", "Female": "47.8%", "People": "88"}, "summaryTable_qsFamilies": {"for all families": "0.7", "for families with children": "1.7", "Families": "28", "Average children per family": "None"}}