{"GeoInfo": {"city": "Goorianawa"}, "summaryTable_qsDwelling": {"Median monthly mortgage repayments": "$0", "All private dwellings": "15", "Average people per household": "1.8", "Median weekly household income": "$1,312", "Median weekly rent": "$0", "Average motor vehicles per dwelling": "3.1"}, "summaryTable_qsPeople": {"Male": "52.2%", "Median age": "53", "Female": "47.8%", "People": "28"}, "summaryTable_qsFamilies": {"for all families": "0", "for families with children": "0", "Families": "7", "Average children per family": "None"}}