{"GeoInfo": {"city": "Goombargana"}, "summaryTable_qsDwelling": {"Median monthly mortgage repayments": "$0", "All private dwellings": "14", "Average people per household": "3.3", "Median weekly household income": "$1,625", "Median weekly rent": "$0", "Average motor vehicles per dwelling": "3.7"}, "summaryTable_qsPeople": {"Male": "54.5%", "Median age": "33", "Female": "45.5%", "People": "52"}, "summaryTable_qsFamilies": {"for all families": "1.6", "for families with children": "2.1", "Families": "12", "Average children per family": "None"}}