{"GeoInfo": {"city": "Green Creek"}, "summaryTable_qsDwelling": {"Median monthly mortgage repayments": "$0", "All private dwellings": "10", "Average people per household": "2", "Median weekly household income": "$649", "Median weekly rent": "$0", "Average motor vehicles per dwelling": "3"}, "summaryTable_qsPeople": {"Male": "27.3%", "Median age": "59", "Female": "72.7%", "People": "13"}, "summaryTable_qsFamilies": {"for all families": "0", "for families with children": "0", "Families": "6", "Average children per family": "None"}}