{"GeoInfo": {"city": "Grassy Head"}, "summaryTable_qsDwelling": {"Median monthly mortgage repayments": "$1,064", "All private dwellings": "57", "Average people per household": "2", "Median weekly household income": "$900", "Median weekly rent": "$260", "Average motor vehicles per dwelling": "1.6"}, "summaryTable_qsPeople": {"Male": "55.6%", "Median age": "57", "Female": "44.4%", "People": "80"}, "summaryTable_qsFamilies": {"for all families": "0.5", "for families with children": "1.6", "Families": "20", "Average children per family": "None"}}