{"GeoInfo": {"city": "Grogan"}, "summaryTable_qsDwelling": {"Median monthly mortgage repayments": "$975", "All private dwellings": "32", "Average people per household": "2.9", "Median weekly household income": "$2,125", "Median weekly rent": "$75", "Average motor vehicles per dwelling": "2.7"}, "summaryTable_qsPeople": {"Male": "52.8%", "Median age": "31", "Female": "47.2%", "People": "90"}, "summaryTable_qsFamilies": {"for all families": "1.3", "for families with children": "3", "Families": "24", "Average children per family": "None"}}