{"GeoInfo": {"city": "Gundamulda"}, "summaryTable_qsDwelling": {"Median monthly mortgage repayments": "$0", "All private dwellings": "3", "Average people per household": "0", "Median weekly household income": "$1,124", "Median weekly rent": "$0", "Average motor vehicles per dwelling": "0"}, "summaryTable_qsPeople": {"Male": "72.7%", "Median age": "35", "Female": "27.3%", "People": "11"}, "summaryTable_qsFamilies": {"for all families": "2", "for families with children": "2", "Families": "5", "Average children per family": "None"}}