{"GeoInfo": {"city": "Gunningbland"}, "summaryTable_qsDwelling": {"Median monthly mortgage repayments": "$639", "All private dwellings": "38", "Average people per household": "2.5", "Median weekly household income": "$1,062", "Median weekly rent": "$0", "Average motor vehicles per dwelling": "2.6"}, "summaryTable_qsPeople": {"Male": "56.3%", "Median age": "45", "Female": "43.8%", "People": "75"}, "summaryTable_qsFamilies": {"for all families": "0.8", "for families with children": "2.3", "Families": "24", "Average children per family": "None"}}