{"GeoInfo": {"city": "Hampden Hall"}, "summaryTable_qsDwelling": {"Median monthly mortgage repayments": "$2,058", "All private dwellings": "27", "Average people per household": "2.1", "Median weekly household income": "$1,208", "Median weekly rent": "$0", "Average motor vehicles per dwelling": "2.5"}, "summaryTable_qsPeople": {"Male": "56.4%", "Median age": "56", "Female": "43.6%", "People": "59"}, "summaryTable_qsFamilies": {"for all families": "0.5", "for families with children": "1.4", "Families": "20", "Average children per family": "None"}}