{"GeoInfo": {"city": "Haystack"}, "summaryTable_qsDwelling": {"Median monthly mortgage repayments": "$0", "All private dwellings": "8", "Average people per household": "1.5", "Median weekly household income": "$999", "Median weekly rent": "$0", "Average motor vehicles per dwelling": "1.8"}, "summaryTable_qsPeople": {"Male": "62.5%", "Median age": "54", "Female": "37.5%", "People": "6"}, "summaryTable_qsFamilies": {"for all families": "0", "for families with children": "0", "Families": "3", "Average children per family": "None"}}