{"GeoInfo": {"city": "Howards Grass"}, "summaryTable_qsDwelling": {"Median monthly mortgage repayments": "$1,450", "All private dwellings": "30", "Average people per household": "2.6", "Median weekly household income": "$1,156", "Median weekly rent": "$340", "Average motor vehicles per dwelling": "2.1"}, "summaryTable_qsPeople": {"Male": "57.5%", "Median age": "43", "Female": "42.5%", "People": "76"}, "summaryTable_qsFamilies": {"for all families": "1", "for families with children": "1.6", "Families": "18", "Average children per family": "None"}}