{"GeoInfo": {"city": "Horseshoe Creek"}, "summaryTable_qsDwelling": {"Median monthly mortgage repayments": "$1,863", "All private dwellings": "31", "Average people per household": "2.2", "Median weekly household income": "$1,300", "Median weekly rent": "$220", "Average motor vehicles per dwelling": "2.2"}, "summaryTable_qsPeople": {"Male": "50%", "Median age": "43", "Female": "50%", "People": "85"}, "summaryTable_qsFamilies": {"for all families": "0.7", "for families with children": "2", "Families": "25", "Average children per family": "None"}}