{"GeoInfo": {"city": "Huntingdon"}, "summaryTable_qsDwelling": {"Median monthly mortgage repayments": "$2,200", "All private dwellings": "30", "Average people per household": "3.3", "Median weekly household income": "$2,166", "Median weekly rent": "$0", "Average motor vehicles per dwelling": "3.2"}, "summaryTable_qsPeople": {"Male": "53.5%", "Median age": "46", "Female": "46.5%", "People": "92"}, "summaryTable_qsFamilies": {"for all families": "1", "for families with children": "1.7", "Families": "26", "Average children per family": "None"}}