{"GeoInfo": {"city": "Ingebirah"}, "summaryTable_qsDwelling": {"Median monthly mortgage repayments": "$1,950", "All private dwellings": "63", "Average people per household": "2.2", "Median weekly household income": "$1,458", "Median weekly rent": "$100", "Average motor vehicles per dwelling": "2.1"}, "summaryTable_qsPeople": {"Male": "55.1%", "Median age": "45", "Female": "44.9%", "People": "94"}, "summaryTable_qsFamilies": {"for all families": "0.6", "for families with children": "1.7", "Families": "31", "Average children per family": "None"}}