{"GeoInfo": {"city": "Ironbark (NSW)"}, "summaryTable_qsDwelling": {"Median monthly mortgage repayments": "$0", "All private dwellings": "15", "Average people per household": "1.8", "Median weekly household income": "$593", "Median weekly rent": "$0", "Average motor vehicles per dwelling": "2.1"}, "summaryTable_qsPeople": {"Male": "50%", "Median age": "57", "Female": "50%", "People": "31"}, "summaryTable_qsFamilies": {"for all families": "0.3", "for families with children": "1", "Families": "10", "Average children per family": "None"}}