{"GeoInfo": {"city": "Jacksons Flat"}, "summaryTable_qsDwelling": {"Median monthly mortgage repayments": "$0", "All private dwellings": "11", "Average people per household": "1.5", "Median weekly household income": "$900", "Median weekly rent": "$0", "Average motor vehicles per dwelling": "4"}, "summaryTable_qsPeople": {"Male": "45.5%", "Median age": "70", "Female": "54.5%", "People": "9"}, "summaryTable_qsFamilies": {"for all families": "0", "for families with children": "0", "Families": "4", "Average children per family": "None"}}