{"GeoInfo": {"city": "Jenolan"}, "summaryTable_qsDwelling": {"Median monthly mortgage repayments": "$0", "All private dwellings": "15", "Average people per household": "0", "Median weekly household income": "$0", "Median weekly rent": "$0", "Average motor vehicles per dwelling": "0"}, "summaryTable_qsPeople": {"Male": "43.5%", "Median age": "27", "Female": "56.5%", "People": "19"}, "summaryTable_qsFamilies": {"for all families": "2", "for families with children": "2", "Families": "4", "Average children per family": "None"}}