{"GeoInfo": {"city": "Jellat Jellat"}, "summaryTable_qsDwelling": {"Median monthly mortgage repayments": "$1,350", "All private dwellings": "34", "Average people per household": "2.3", "Median weekly household income": "$1,333", "Median weekly rent": "$0", "Average motor vehicles per dwelling": "2.3"}, "summaryTable_qsPeople": {"Male": "41.3%", "Median age": "47", "Female": "58.7%", "People": "84"}, "summaryTable_qsFamilies": {"for all families": "1", "for families with children": "1.6", "Families": "21", "Average children per family": "None"}}