{"GeoInfo": {"city": "Jimenbuen"}, "summaryTable_qsDwelling": {"Median monthly mortgage repayments": "$0", "All private dwellings": "28", "Average people per household": "2", "Median weekly household income": "$1,375", "Median weekly rent": "$0", "Average motor vehicles per dwelling": "2"}, "summaryTable_qsPeople": {"Male": "56.8%", "Median age": "37", "Female": "43.2%", "People": "35"}, "summaryTable_qsFamilies": {"for all families": "0", "for families with children": "0", "Families": "12", "Average children per family": "None"}}