{"GeoInfo": {"city": "Jingellic"}, "summaryTable_qsDwelling": {"Median monthly mortgage repayments": "$1,334", "All private dwellings": "31", "Average people per household": "1.8", "Median weekly household income": "$900", "Median weekly rent": "$0", "Average motor vehicles per dwelling": "2.3"}, "summaryTable_qsPeople": {"Male": "50%", "Median age": "58", "Female": "50%", "People": "61"}, "summaryTable_qsFamilies": {"for all families": "0", "for families with children": "0", "Families": "12", "Average children per family": "None"}}