{"GeoInfo": {"city": "Judds Creek"}, "summaryTable_qsDwelling": {"Median monthly mortgage repayments": "$0", "All private dwellings": "7", "Average people per household": "4", "Median weekly household income": "$0", "Median weekly rent": "$0", "Average motor vehicles per dwelling": "2.5"}, "summaryTable_qsPeople": {"Male": "61.5%", "Median age": "42", "Female": "38.5%", "People": "16"}, "summaryTable_qsFamilies": {"for all families": "0.8", "for families with children": "2", "Families": "3", "Average children per family": "None"}}