{"GeoInfo": {"city": "Kamarah"}, "summaryTable_qsDwelling": {"Median monthly mortgage repayments": "$0", "All private dwellings": "42", "Average people per household": "2.6", "Median weekly household income": "$1,218", "Median weekly rent": "$0", "Average motor vehicles per dwelling": "2.3"}, "summaryTable_qsPeople": {"Male": "50%", "Median age": "45", "Female": "50%", "People": "95"}, "summaryTable_qsFamilies": {"for all families": "0.6", "for families with children": "1.6", "Families": "28", "Average children per family": "None"}}