{"GeoInfo": {"city": "Kerrabee"}, "summaryTable_qsDwelling": {"Median monthly mortgage repayments": "$0", "All private dwellings": "9", "Average people per household": "0", "Median weekly household income": "$1,649", "Median weekly rent": "$0", "Average motor vehicles per dwelling": "0"}, "summaryTable_qsPeople": {"Male": "75%", "Median age": "54", "Female": "25%", "People": "15"}, "summaryTable_qsFamilies": {"for all families": "0", "for families with children": "0", "Families": "3", "Average children per family": "None"}}