{"GeoInfo": {"city": "Kickabil"}, "summaryTable_qsDwelling": {"Median monthly mortgage repayments": "$792", "All private dwellings": "22", "Average people per household": "2.6", "Median weekly household income": "$2,125", "Median weekly rent": "$0", "Average motor vehicles per dwelling": "2.6"}, "summaryTable_qsPeople": {"Male": "45.3%", "Median age": "51", "Female": "54.7%", "People": "50"}, "summaryTable_qsFamilies": {"for all families": "0.7", "for families with children": "1.4", "Families": "15", "Average children per family": "None"}}