{"GeoInfo": {"city": "Killimicat"}, "summaryTable_qsDwelling": {"Median monthly mortgage repayments": "$0", "All private dwellings": "17", "Average people per household": "2.1", "Median weekly household income": "$1,875", "Median weekly rent": "$0", "Average motor vehicles per dwelling": "3"}, "summaryTable_qsPeople": {"Male": "44.4%", "Median age": "51", "Female": "55.6%", "People": "29"}, "summaryTable_qsFamilies": {"for all families": "0.3", "for families with children": "1", "Families": "12", "Average children per family": "None"}}