{"GeoInfo": {"city": "Kings Plains (Blayney - NSW)"}, "summaryTable_qsDwelling": {"Median monthly mortgage repayments": "$1,153", "All private dwellings": "38", "Average people per household": "2.6", "Median weekly household income": "$1,781", "Median weekly rent": "$0", "Average motor vehicles per dwelling": "2.5"}, "summaryTable_qsPeople": {"Male": "52.1%", "Median age": "48", "Female": "47.9%", "People": "117"}, "summaryTable_qsFamilies": {"for all families": "0.9", "for families with children": "2.3", "Families": "27", "Average children per family": "None"}}