{"GeoInfo": {"city": "Kingstown"}, "summaryTable_qsDwelling": {"Median monthly mortgage repayments": "$0", "All private dwellings": "46", "Average people per household": "2.5", "Median weekly household income": "$1,125", "Median weekly rent": "$12", "Average motor vehicles per dwelling": "1.9"}, "summaryTable_qsPeople": {"Male": "54.7%", "Median age": "42", "Female": "45.3%", "People": "94"}, "summaryTable_qsFamilies": {"for all families": "0.8", "for families with children": "2.1", "Families": "27", "Average children per family": "None"}}