{"GeoInfo": {"city": "Klori"}, "summaryTable_qsDwelling": {"Median monthly mortgage repayments": "$1,993", "All private dwellings": "17", "Average people per household": "2.2", "Median weekly household income": "$1,749", "Median weekly rent": "$160", "Average motor vehicles per dwelling": "2.1"}, "summaryTable_qsPeople": {"Male": "50%", "Median age": "41", "Female": "50%", "People": "51"}, "summaryTable_qsFamilies": {"for all families": "0.7", "for families with children": "1.6", "Families": "13", "Average children per family": "None"}}