{"GeoInfo": {"city": "Kooba"}, "summaryTable_qsDwelling": {"Median monthly mortgage repayments": "$0", "All private dwellings": "27", "Average people per household": "2.8", "Median weekly household income": "$1,124", "Median weekly rent": "$200", "Average motor vehicles per dwelling": "2.9"}, "summaryTable_qsPeople": {"Male": "52%", "Median age": "43", "Female": "48%", "People": "76"}, "summaryTable_qsFamilies": {"for all families": "1.2", "for families with children": "1.7", "Families": "15", "Average children per family": "None"}}