{"GeoInfo": {"city": "Kunama"}, "summaryTable_qsDwelling": {"Median monthly mortgage repayments": "$1,227", "All private dwellings": "51", "Average people per household": "1.8", "Median weekly household income": "$762", "Median weekly rent": "$110", "Average motor vehicles per dwelling": "2"}, "summaryTable_qsPeople": {"Male": "45.9%", "Median age": "58", "Female": "54.1%", "People": "71"}, "summaryTable_qsFamilies": {"for all families": "0.1", "for families with children": "1", "Families": "18", "Average children per family": "None"}}