{"GeoInfo": {"city": "Krawarree"}, "summaryTable_qsDwelling": {"Median monthly mortgage repayments": "$0", "All private dwellings": "44", "Average people per household": "1.6", "Median weekly household income": "$724", "Median weekly rent": "$0", "Average motor vehicles per dwelling": "1.7"}, "summaryTable_qsPeople": {"Male": "56.3%", "Median age": "55", "Female": "43.8%", "People": "45"}, "summaryTable_qsFamilies": {"for all families": "0", "for families with children": "0", "Families": "13", "Average children per family": "None"}}