{"GeoInfo": {"city": "Kunghur"}, "summaryTable_qsDwelling": {"Median monthly mortgage repayments": "$1,473", "All private dwellings": "44", "Average people per household": "2.8", "Median weekly household income": "$924", "Median weekly rent": "$290", "Average motor vehicles per dwelling": "1.6"}, "summaryTable_qsPeople": {"Male": "57.4%", "Median age": "42", "Female": "42.6%", "People": "107"}, "summaryTable_qsFamilies": {"for all families": "0.6", "for families with children": "1.8", "Families": "28", "Average children per family": "None"}}