{"GeoInfo": {"city": "Kybeyan"}, "summaryTable_qsDwelling": {"Median monthly mortgage repayments": "$480", "All private dwellings": "38", "Average people per household": "2.1", "Median weekly household income": "$1,042", "Median weekly rent": "$0", "Average motor vehicles per dwelling": "2"}, "summaryTable_qsPeople": {"Male": "60.5%", "Median age": "44", "Female": "39.5%", "People": "37"}, "summaryTable_qsFamilies": {"for all families": "0.9", "for families with children": "1.9", "Families": "11", "Average children per family": "None"}}