{"GeoInfo": {"city": "Lake Cowal"}, "summaryTable_qsDwelling": {"Median monthly mortgage repayments": "$0", "All private dwellings": "20", "Average people per household": "1.8", "Median weekly household income": "$1,624", "Median weekly rent": "$0", "Average motor vehicles per dwelling": "3"}, "summaryTable_qsPeople": {"Male": "54.8%", "Median age": "43", "Female": "45.2%", "People": "36"}, "summaryTable_qsFamilies": {"for all families": "0.2", "for families with children": "1", "Families": "14", "Average children per family": "None"}}