{"GeoInfo": {"city": "Lake Hume Village"}, "summaryTable_qsDwelling": {"Median monthly mortgage repayments": "$0", "All private dwellings": "27", "Average people per household": "2", "Median weekly household income": "$900", "Median weekly rent": "$180", "Average motor vehicles per dwelling": "1.7"}, "summaryTable_qsPeople": {"Male": "60.8%", "Median age": "42", "Female": "39.2%", "People": "56"}, "summaryTable_qsFamilies": {"for all families": "0.8", "for families with children": "2", "Families": "11", "Average children per family": "None"}}