{"GeoInfo": {"city": "Langley Vale"}, "summaryTable_qsDwelling": {"Median monthly mortgage repayments": "$1,600", "All private dwellings": "25", "Average people per household": "1.4", "Median weekly household income": "$675", "Median weekly rent": "$0", "Average motor vehicles per dwelling": "1.8"}, "summaryTable_qsPeople": {"Male": "51.1%", "Median age": "58", "Female": "48.9%", "People": "44"}, "summaryTable_qsFamilies": {"for all families": "0.3", "for families with children": "2", "Families": "13", "Average children per family": "None"}}