{"GeoInfo": {"city": "Landervale"}, "summaryTable_qsDwelling": {"Median monthly mortgage repayments": "$0", "All private dwellings": "10", "Average people per household": "2.5", "Median weekly household income": "$2,750", "Median weekly rent": "$0", "Average motor vehicles per dwelling": "3.5"}, "summaryTable_qsPeople": {"Male": "59.1%", "Median age": "56", "Female": "40.9%", "People": "22"}, "summaryTable_qsFamilies": {"for all families": "0.4", "for families with children": "1", "Families": "7", "Average children per family": "None"}}