{"GeoInfo": {"city": "Laughtondale"}, "summaryTable_qsDwelling": {"Median monthly mortgage repayments": "$1,733", "All private dwellings": "49", "Average people per household": "2.5", "Median weekly household income": "$1,406", "Median weekly rent": "$280", "Average motor vehicles per dwelling": "2.3"}, "summaryTable_qsPeople": {"Male": "57%", "Median age": "49", "Female": "43%", "People": "83"}, "summaryTable_qsFamilies": {"for all families": "0.8", "for families with children": "2", "Families": "24", "Average children per family": "None"}}