{"GeoInfo": {"city": "Laverstock"}, "summaryTable_qsDwelling": {"Median monthly mortgage repayments": "$0", "All private dwellings": "14", "Average people per household": "2.7", "Median weekly household income": "$1,625", "Median weekly rent": "$0", "Average motor vehicles per dwelling": "2"}, "summaryTable_qsPeople": {"Male": "58.6%", "Median age": "40", "Female": "41.4%", "People": "26"}, "summaryTable_qsFamilies": {"for all families": "0.5", "for families with children": "1", "Families": "11", "Average children per family": "None"}}