{"GeoInfo": {"city": "Lewinsbrook"}, "summaryTable_qsDwelling": {"Median monthly mortgage repayments": "$0", "All private dwellings": "19", "Average people per household": "3", "Median weekly household income": "$900", "Median weekly rent": "$0", "Average motor vehicles per dwelling": "2"}, "summaryTable_qsPeople": {"Male": "57.9%", "Median age": "45", "Female": "42.1%", "People": "43"}, "summaryTable_qsFamilies": {"for all families": "0.7", "for families with children": "2", "Families": "12", "Average children per family": "None"}}