{"GeoInfo": {"city": "Lindifferon"}, "summaryTable_qsDwelling": {"Median monthly mortgage repayments": "$1,474", "All private dwellings": "24", "Average people per household": "2.6", "Median weekly household income": "$1,312", "Median weekly rent": "$63", "Average motor vehicles per dwelling": "2.3"}, "summaryTable_qsPeople": {"Male": "62.5%", "Median age": "39", "Female": "37.5%", "People": "45"}, "summaryTable_qsFamilies": {"for all families": "0.6", "for families with children": "3", "Families": "16", "Average children per family": "None"}}