{"GeoInfo": {"city": "Little River (NSW)"}, "summaryTable_qsDwelling": {"Median monthly mortgage repayments": "$1,842", "All private dwellings": "17", "Average people per household": "2.8", "Median weekly household income": "$1,937", "Median weekly rent": "$0", "Average motor vehicles per dwelling": "2.6"}, "summaryTable_qsPeople": {"Male": "54.9%", "Median age": "53", "Female": "45.1%", "People": "47"}, "summaryTable_qsFamilies": {"for all families": "0.4", "for families with children": "1", "Families": "18", "Average children per family": "None"}}