{"GeoInfo": {"city": "Long Point (Singleton - NSW)"}, "summaryTable_qsDwelling": {"Median monthly mortgage repayments": "$2,010", "All private dwellings": "7", "Average people per household": "2.6", "Median weekly household income": "$2,249", "Median weekly rent": "$0", "Average motor vehicles per dwelling": "1.7"}, "summaryTable_qsPeople": {"Male": "69.2%", "Median age": "35", "Female": "30.8%", "People": "31"}, "summaryTable_qsFamilies": {"for all families": "0", "for families with children": "0", "Families": "12", "Average children per family": "None"}}