{"GeoInfo": {"city": "Louth"}, "summaryTable_qsDwelling": {"Median monthly mortgage repayments": "$0", "All private dwellings": "31", "Average people per household": "2", "Median weekly household income": "$1,812", "Median weekly rent": "$0", "Average motor vehicles per dwelling": "2.3"}, "summaryTable_qsPeople": {"Male": "55.6%", "Median age": "55", "Female": "44.4%", "People": "43"}, "summaryTable_qsFamilies": {"for all families": "0.4", "for families with children": "2", "Families": "9", "Average children per family": "None"}}