{"GeoInfo": {"city": "Lower Bottle Creek"}, "summaryTable_qsDwelling": {"Median monthly mortgage repayments": "$2,644", "All private dwellings": "17", "Average people per household": "2.3", "Median weekly household income": "$725", "Median weekly rent": "$0", "Average motor vehicles per dwelling": "2.4"}, "summaryTable_qsPeople": {"Male": "53.8%", "Median age": "58", "Female": "46.2%", "People": "20"}, "summaryTable_qsFamilies": {"for all families": "0.2", "for families with children": "1", "Families": "7", "Average children per family": "None"}}