{"GeoInfo": {"city": "Lower Duck Creek"}, "summaryTable_qsDwelling": {"Median monthly mortgage repayments": "$0", "All private dwellings": "13", "Average people per household": "2", "Median weekly household income": "$2,624", "Median weekly rent": "$0", "Average motor vehicles per dwelling": "2.5"}, "summaryTable_qsPeople": {"Male": "40%", "Median age": "52", "Female": "60%", "People": "23"}, "summaryTable_qsFamilies": {"for all families": "0", "for families with children": "0", "Families": "9", "Average children per family": "None"}}