{"GeoInfo": {"city": "Lowther"}, "summaryTable_qsDwelling": {"Median monthly mortgage repayments": "$1,600", "All private dwellings": "40", "Average people per household": "2.2", "Median weekly household income": "$1,208", "Median weekly rent": "$300", "Average motor vehicles per dwelling": "2"}, "summaryTable_qsPeople": {"Male": "48.7%", "Median age": "55", "Female": "51.3%", "People": "77"}, "summaryTable_qsFamilies": {"for all families": "0.4", "for families with children": "2", "Families": "24", "Average children per family": "None"}}