{"GeoInfo": {"city": "Lowesdale"}, "summaryTable_qsDwelling": {"Median monthly mortgage repayments": "$1,040", "All private dwellings": "40", "Average people per household": "2.3", "Median weekly household income": "$1,416", "Median weekly rent": "$0", "Average motor vehicles per dwelling": "2.4"}, "summaryTable_qsPeople": {"Male": "50.5%", "Median age": "34", "Female": "49.5%", "People": "95"}, "summaryTable_qsFamilies": {"for all families": "0.8", "for families with children": "1.8", "Families": "23", "Average children per family": "None"}}