{"GeoInfo": {"city": "Macdonalds Creek"}, "summaryTable_qsDwelling": {"Median monthly mortgage repayments": "$0", "All private dwellings": "10", "Average people per household": "2", "Median weekly household income": "$1,416", "Median weekly rent": "$0", "Average motor vehicles per dwelling": "2"}, "summaryTable_qsPeople": {"Male": "69.2%", "Median age": "50", "Female": "30.8%", "People": "11"}, "summaryTable_qsFamilies": {"for all families": "0", "for families with children": "0", "Families": "7", "Average children per family": "None"}}