{"GeoInfo": {"city": "Magometon"}, "summaryTable_qsDwelling": {"Median monthly mortgage repayments": "$0", "All private dwellings": "14", "Average people per household": "1.8", "Median weekly household income": "$1,875", "Median weekly rent": "$0", "Average motor vehicles per dwelling": "3"}, "summaryTable_qsPeople": {"Male": "45%", "Median age": "54", "Female": "55%", "People": "22"}, "summaryTable_qsFamilies": {"for all families": "0.4", "for families with children": "1", "Families": "8", "Average children per family": "None"}}