{"GeoInfo": {"city": "Mallowa"}, "summaryTable_qsDwelling": {"Median monthly mortgage repayments": "$0", "All private dwellings": "48", "Average people per household": "2.7", "Median weekly household income": "$2,312", "Median weekly rent": "$100", "Average motor vehicles per dwelling": "3.1"}, "summaryTable_qsPeople": {"Male": "52.8%", "Median age": "28", "Female": "47.2%", "People": "108"}, "summaryTable_qsFamilies": {"for all families": "0.7", "for families with children": "2.4", "Families": "25", "Average children per family": "None"}}