{"GeoInfo": {"city": "Maldon (NSW)"}, "summaryTable_qsDwelling": {"Median monthly mortgage repayments": "$0", "All private dwellings": "11", "Average people per household": "2", "Median weekly household income": "$1,875", "Median weekly rent": "$220", "Average motor vehicles per dwelling": "0"}, "summaryTable_qsPeople": {"Male": "25%", "Median age": "44", "Female": "75%", "People": "15"}, "summaryTable_qsFamilies": {"for all families": "0", "for families with children": "0", "Families": "3", "Average children per family": "None"}}