{"GeoInfo": {"city": "Mannus"}, "summaryTable_qsDwelling": {"Median monthly mortgage repayments": "$1,517", "All private dwellings": "31", "Average people per household": "2.1", "Median weekly household income": "$1,399", "Median weekly rent": "$75", "Average motor vehicles per dwelling": "2.3"}, "summaryTable_qsPeople": {"Male": "86.9%", "Median age": "40", "Female": "13.1%", "People": "222"}, "summaryTable_qsFamilies": {"for all families": "0.4", "for families with children": "1.3", "Families": "18", "Average children per family": "None"}}