{"GeoInfo": {"city": "Manobalai"}, "summaryTable_qsDwelling": {"Median monthly mortgage repayments": "$0", "All private dwellings": "36", "Average people per household": "2.7", "Median weekly household income": "$1,125", "Median weekly rent": "$250", "Average motor vehicles per dwelling": "1.9"}, "summaryTable_qsPeople": {"Male": "49.3%", "Median age": "51", "Female": "50.7%", "People": "67"}, "summaryTable_qsFamilies": {"for all families": "0.5", "for families with children": "1.7", "Families": "24", "Average children per family": "None"}}