{"GeoInfo": {"city": "Marinna"}, "summaryTable_qsDwelling": {"Median monthly mortgage repayments": "$369", "All private dwellings": "19", "Average people per household": "2.7", "Median weekly household income": "$1,312", "Median weekly rent": "$0", "Average motor vehicles per dwelling": "2.8"}, "summaryTable_qsPeople": {"Male": "58.3%", "Median age": "41", "Female": "41.7%", "People": "47"}, "summaryTable_qsFamilies": {"for all families": "1.1", "for families with children": "3", "Families": "13", "Average children per family": "None"}}