{"GeoInfo": {"city": "Marlow"}, "summaryTable_qsDwelling": {"Median monthly mortgage repayments": "$0", "All private dwellings": "19", "Average people per household": "1", "Median weekly household income": "$466", "Median weekly rent": "$0", "Average motor vehicles per dwelling": "0.7"}, "summaryTable_qsPeople": {"Male": "63.2%", "Median age": "58", "Female": "36.8%", "People": "18"}, "summaryTable_qsFamilies": {"for all families": "0", "for families with children": "0", "Families": "3", "Average children per family": "None"}}