{"GeoInfo": {"city": "Maxwell"}, "summaryTable_qsDwelling": {"Median monthly mortgage repayments": "$1,400", "All private dwellings": "30", "Average people per household": "3.1", "Median weekly household income": "$1,583", "Median weekly rent": "$283", "Average motor vehicles per dwelling": "2.3"}, "summaryTable_qsPeople": {"Male": "37%", "Median age": "39", "Female": "63%", "People": "90"}, "summaryTable_qsFamilies": {"for all families": "1.1", "for families with children": "2.1", "Families": "26", "Average children per family": "None"}}