{"GeoInfo": {"city": "McLeods Shoot"}, "summaryTable_qsDwelling": {"Median monthly mortgage repayments": "$1,890", "All private dwellings": "46", "Average people per household": "2.6", "Median weekly household income": "$2,124", "Median weekly rent": "$550", "Average motor vehicles per dwelling": "2"}, "summaryTable_qsPeople": {"Male": "52%", "Median age": "38", "Female": "48%", "People": "102"}, "summaryTable_qsFamilies": {"for all families": "0.8", "for families with children": "1.8", "Families": "26", "Average children per family": "None"}}