{"GeoInfo": {"city": "Merrill"}, "summaryTable_qsDwelling": {"Median monthly mortgage repayments": "$683", "All private dwellings": "17", "Average people per household": "2", "Median weekly household income": "$1,687", "Median weekly rent": "$0", "Average motor vehicles per dwelling": "1.9"}, "summaryTable_qsPeople": {"Male": "48.6%", "Median age": "42", "Female": "51.4%", "People": "31"}, "summaryTable_qsFamilies": {"for all families": "0.6", "for families with children": "1.5", "Families": "9", "Average children per family": "None"}}