{"GeoInfo": {"city": "Merrigal"}, "summaryTable_qsDwelling": {"Median monthly mortgage repayments": "$0", "All private dwellings": "13", "Average people per household": "4", "Median weekly household income": "$1,625", "Median weekly rent": "$12", "Average motor vehicles per dwelling": "2.5"}, "summaryTable_qsPeople": {"Male": "53.6%", "Median age": "27", "Female": "46.4%", "People": "31"}, "summaryTable_qsFamilies": {"for all families": "0.9", "for families with children": "2", "Families": "8", "Average children per family": "None"}}