{"GeoInfo": {"city": "Middle Falbrook"}, "summaryTable_qsDwelling": {"Median monthly mortgage repayments": "$2,251", "All private dwellings": "36", "Average people per household": "2.7", "Median weekly household income": "$1,875", "Median weekly rent": "$310", "Average motor vehicles per dwelling": "2.4"}, "summaryTable_qsPeople": {"Male": "49%", "Median age": "36", "Female": "51%", "People": "92"}, "summaryTable_qsFamilies": {"for all families": "0.8", "for families with children": "1.6", "Families": "32", "Average children per family": "None"}}