{"GeoInfo": {"city": "Milbrodale"}, "summaryTable_qsDwelling": {"Median monthly mortgage repayments": "$1,820", "All private dwellings": "49", "Average people per household": "2.4", "Median weekly household income": "$1,125", "Median weekly rent": "$0", "Average motor vehicles per dwelling": "2"}, "summaryTable_qsPeople": {"Male": "45.4%", "Median age": "45", "Female": "54.6%", "People": "117"}, "summaryTable_qsFamilies": {"for all families": "0.7", "for families with children": "2.3", "Families": "25", "Average children per family": "None"}}