{"GeoInfo": {"city": "Milkers Flat"}, "summaryTable_qsDwelling": {"Median monthly mortgage repayments": "$0", "All private dwellings": "9", "Average people per household": "1.6", "Median weekly household income": "$1,083", "Median weekly rent": "$0", "Average motor vehicles per dwelling": "2"}, "summaryTable_qsPeople": {"Male": "57.1%", "Median age": "63", "Female": "42.9%", "People": "5"}, "summaryTable_qsFamilies": {"for all families": "0", "for families with children": "0", "Families": "3", "Average children per family": "None"}}