{"GeoInfo": {"city": "Millah Murrah"}, "summaryTable_qsDwelling": {"Median monthly mortgage repayments": "$0", "All private dwellings": "4", "Average people per household": "0", "Median weekly household income": "$3,750", "Median weekly rent": "$0", "Average motor vehicles per dwelling": "2"}, "summaryTable_qsPeople": {"Male": "45.5%", "Median age": "47", "Female": "54.5%", "People": "26"}, "summaryTable_qsFamilies": {"for all families": "1.5", "for families with children": "1.5", "Families": "6", "Average children per family": "None"}}