{"GeoInfo": {"city": "Milsons Passage"}, "summaryTable_qsDwelling": {"Median monthly mortgage repayments": "$0", "All private dwellings": "13", "Average people per household": "1.6", "Median weekly household income": "$1,125", "Median weekly rent": "$0", "Average motor vehicles per dwelling": "0.5"}, "summaryTable_qsPeople": {"Male": "75%", "Median age": "66", "Female": "25%", "People": "20"}, "summaryTable_qsFamilies": {"for all families": "0", "for families with children": "0", "Families": "7", "Average children per family": "None"}}