{"GeoInfo": {"city": "Mingoola (NSW)"}, "summaryTable_qsDwelling": {"Median monthly mortgage repayments": "$0", "All private dwellings": "8", "Average people per household": "2.5", "Median weekly household income": "$1,062", "Median weekly rent": "$0", "Average motor vehicles per dwelling": "2"}, "summaryTable_qsPeople": {"Male": "39.1%", "Median age": "48", "Female": "60.9%", "People": "18"}, "summaryTable_qsFamilies": {"for all families": "0.3", "for families with children": "1", "Families": "4", "Average children per family": "None"}}