{"GeoInfo": {"city": "Mindaribba"}, "summaryTable_qsDwelling": {"Median monthly mortgage repayments": "$1,984", "All private dwellings": "31", "Average people per household": "2.1", "Median weekly household income": "$2,250", "Median weekly rent": "$0", "Average motor vehicles per dwelling": "2.5"}, "summaryTable_qsPeople": {"Male": "50.7%", "Median age": "52", "Female": "49.3%", "People": "75"}, "summaryTable_qsFamilies": {"for all families": "0.8", "for families with children": "3", "Families": "30", "Average children per family": "None"}}