{"GeoInfo": {"city": "Mogilla"}, "summaryTable_qsDwelling": {"Median monthly mortgage repayments": "$1,083", "All private dwellings": "43", "Average people per household": "2.1", "Median weekly household income": "$899", "Median weekly rent": "$0", "Average motor vehicles per dwelling": "2"}, "summaryTable_qsPeople": {"Male": "44%", "Median age": "56", "Female": "56%", "People": "77"}, "summaryTable_qsFamilies": {"for all families": "0.3", "for families with children": "2", "Families": "23", "Average children per family": "None"}}