{"GeoInfo": {"city": "Moggs Swamp"}, "summaryTable_qsDwelling": {"Median monthly mortgage repayments": "$0", "All private dwellings": "11", "Average people per household": "2", "Median weekly household income": "$1,374", "Median weekly rent": "$0", "Average motor vehicles per dwelling": "3"}, "summaryTable_qsPeople": {"Male": "60.7%", "Median age": "40", "Female": "39.3%", "People": "33"}, "summaryTable_qsFamilies": {"for all families": "0", "for families with children": "0", "Families": "10", "Average children per family": "None"}}