{"GeoInfo": {"city": "Monivae"}, "summaryTable_qsDwelling": {"Median monthly mortgage repayments": "$0", "All private dwellings": "13", "Average people per household": "3.3", "Median weekly household income": "$1,375", "Median weekly rent": "$0", "Average motor vehicles per dwelling": "2"}, "summaryTable_qsPeople": {"Male": "63.6%", "Median age": "37", "Female": "36.4%", "People": "33"}, "summaryTable_qsFamilies": {"for all families": "1.7", "for families with children": "2.5", "Families": "8", "Average children per family": "None"}}