{"GeoInfo": {"city": "Moonan Brook"}, "summaryTable_qsDwelling": {"Median monthly mortgage repayments": "$0", "All private dwellings": "19", "Average people per household": "1.8", "Median weekly household income": "$1,062", "Median weekly rent": "$0", "Average motor vehicles per dwelling": "2.3"}, "summaryTable_qsPeople": {"Male": "63%", "Median age": "67", "Female": "37%", "People": "23"}, "summaryTable_qsFamilies": {"for all families": "0.2", "for families with children": "1", "Families": "8", "Average children per family": "None"}}