{"GeoInfo": {"city": "Mooral Creek"}, "summaryTable_qsDwelling": {"Median monthly mortgage repayments": "$1,214", "All private dwellings": "35", "Average people per household": "2.1", "Median weekly household income": "$899", "Median weekly rent": "$0", "Average motor vehicles per dwelling": "1.9"}, "summaryTable_qsPeople": {"Male": "52.3%", "Median age": "55", "Female": "47.7%", "People": "81"}, "summaryTable_qsFamilies": {"for all families": "0.3", "for families with children": "1.4", "Families": "21", "Average children per family": "None"}}