{"GeoInfo": {"city": "Moorwatha"}, "summaryTable_qsDwelling": {"Median monthly mortgage repayments": "$1,560", "All private dwellings": "24", "Average people per household": "2.4", "Median weekly household income": "$1,625", "Median weekly rent": "$0", "Average motor vehicles per dwelling": "2.4"}, "summaryTable_qsPeople": {"Male": "44.9%", "Median age": "56", "Female": "55.1%", "People": "45"}, "summaryTable_qsFamilies": {"for all families": "0.6", "for families with children": "1.5", "Families": "15", "Average children per family": "None"}}