{"GeoInfo": {"city": "Moore Park"}, "summaryTable_qsDwelling": {"Median monthly mortgage repayments": "$0", "All private dwellings": "14", "Average people per household": "1", "Median weekly household income": "$2,249", "Median weekly rent": "$520", "Average motor vehicles per dwelling": "1"}, "summaryTable_qsPeople": {"Male": "53.3%", "Median age": "43", "Female": "46.7%", "People": "28"}, "summaryTable_qsFamilies": {"for all families": "0", "for families with children": "0", "Families": "0", "Average children per family": "None"}}