{"GeoInfo": {"city": "Mororo"}, "summaryTable_qsDwelling": {"Median monthly mortgage repayments": "$1,463", "All private dwellings": "32", "Average people per household": "2.3", "Median weekly household income": "$1,625", "Median weekly rent": "$0", "Average motor vehicles per dwelling": "2.4"}, "summaryTable_qsPeople": {"Male": "46%", "Median age": "48", "Female": "54%", "People": "85"}, "summaryTable_qsFamilies": {"for all families": "0.6", "for families with children": "1.5", "Families": "29", "Average children per family": "None"}}