{"GeoInfo": {"city": "Mount Knowles"}, "summaryTable_qsDwelling": {"Median monthly mortgage repayments": "$0", "All private dwellings": "19", "Average people per household": "3", "Median weekly household income": "$1,625", "Median weekly rent": "$0", "Average motor vehicles per dwelling": "2"}, "summaryTable_qsPeople": {"Male": "51.3%", "Median age": "48", "Female": "48.7%", "People": "40"}, "summaryTable_qsFamilies": {"for all families": "0.8", "for families with children": "3", "Families": "9", "Average children per family": "None"}}