{"GeoInfo": {"city": "Mount Thorley"}, "summaryTable_qsDwelling": {"Median monthly mortgage repayments": "$2,535", "All private dwellings": "23", "Average people per household": "2.3", "Median weekly household income": "$2,187", "Median weekly rent": "$0", "Average motor vehicles per dwelling": "3.7"}, "summaryTable_qsPeople": {"Male": "56.9%", "Median age": "41", "Female": "43.1%", "People": "68"}, "summaryTable_qsFamilies": {"for all families": "0.7", "for families with children": "1.3", "Families": "19", "Average children per family": "None"}}