{"GeoInfo": {"city": "Mount Tenandra"}, "summaryTable_qsDwelling": {"Median monthly mortgage repayments": "$0", "All private dwellings": "10", "Average people per household": "2", "Median weekly household income": "$1,875", "Median weekly rent": "$0", "Average motor vehicles per dwelling": "0"}, "summaryTable_qsPeople": {"Male": "66.7%", "Median age": "61", "Female": "33.3%", "People": "18"}, "summaryTable_qsFamilies": {"for all families": "0", "for families with children": "0", "Families": "5", "Average children per family": "None"}}