{"GeoInfo": {"city": "Mount Seaview"}, "summaryTable_qsDwelling": {"Median monthly mortgage repayments": "$0", "All private dwellings": "10", "Average people per household": "2", "Median weekly household income": "$900", "Median weekly rent": "$0", "Average motor vehicles per dwelling": "1.5"}, "summaryTable_qsPeople": {"Male": "56.5%", "Median age": "54", "Female": "43.5%", "People": "23"}, "summaryTable_qsFamilies": {"for all families": "0.4", "for families with children": "1", "Families": "5", "Average children per family": "None"}}