{"GeoInfo": {"city": "Mountain Creek (NSW)"}, "summaryTable_qsDwelling": {"Median monthly mortgage repayments": "$0", "All private dwellings": "28", "Average people per household": "2.4", "Median weekly household income": "$749", "Median weekly rent": "$0", "Average motor vehicles per dwelling": "2.3"}, "summaryTable_qsPeople": {"Male": "45.1%", "Median age": "48", "Female": "54.9%", "People": "47"}, "summaryTable_qsFamilies": {"for all families": "1", "for families with children": "1.9", "Families": "17", "Average children per family": "None"}}