{"GeoInfo": {"city": "Mulgrave (NSW)"}, "summaryTable_qsDwelling": {"Median monthly mortgage repayments": "$2,134", "All private dwellings": "33", "Average people per household": "2.8", "Median weekly household income": "$2,062", "Median weekly rent": "$270", "Average motor vehicles per dwelling": "2.1"}, "summaryTable_qsPeople": {"Male": "59.3%", "Median age": "44", "Female": "40.7%", "People": "92"}, "summaryTable_qsFamilies": {"for all families": "1.1", "for families with children": "2.5", "Families": "16", "Average children per family": "None"}}