{"GeoInfo": {"city": "Mundarlo"}, "summaryTable_qsDwelling": {"Median monthly mortgage repayments": "$3,034", "All private dwellings": "35", "Average people per household": "3", "Median weekly household income": "$1,833", "Median weekly rent": "$10", "Average motor vehicles per dwelling": "2.3"}, "summaryTable_qsPeople": {"Male": "47%", "Median age": "43", "Female": "53%", "People": "82"}, "summaryTable_qsFamilies": {"for all families": "0.7", "for families with children": "1.7", "Families": "22", "Average children per family": "None"}}