{"GeoInfo": {"city": "Munderoo"}, "summaryTable_qsDwelling": {"Median monthly mortgage repayments": "$0", "All private dwellings": "24", "Average people per household": "1.8", "Median weekly household income": "$1,333", "Median weekly rent": "$0", "Average motor vehicles per dwelling": "2.4"}, "summaryTable_qsPeople": {"Male": "51.2%", "Median age": "58", "Female": "48.8%", "People": "42"}, "summaryTable_qsFamilies": {"for all families": "0.2", "for families with children": "1", "Families": "17", "Average children per family": "None"}}