{"GeoInfo": {"city": "Murrulebale"}, "summaryTable_qsDwelling": {"Median monthly mortgage repayments": "$0", "All private dwellings": "24", "Average people per household": "2", "Median weekly household income": "$1,937", "Median weekly rent": "$0", "Average motor vehicles per dwelling": "2.2"}, "summaryTable_qsPeople": {"Male": "52.5%", "Median age": "34", "Female": "47.5%", "People": "43"}, "summaryTable_qsFamilies": {"for all families": "0", "for families with children": "0", "Families": "11", "Average children per family": "None"}}