{"GeoInfo": {"city": "Myrtle Creek (NSW)"}, "summaryTable_qsDwelling": {"Median monthly mortgage repayments": "$888", "All private dwellings": "39", "Average people per household": "2.6", "Median weekly household income": "$1,041", "Median weekly rent": "$80", "Average motor vehicles per dwelling": "2"}, "summaryTable_qsPeople": {"Male": "48.3%", "Median age": "48", "Female": "51.7%", "People": "86"}, "summaryTable_qsFamilies": {"for all families": "0.6", "for families with children": "1.4", "Families": "23", "Average children per family": "None"}}