{"GeoInfo": {"city": "Myrtle Mountain"}, "summaryTable_qsDwelling": {"Median monthly mortgage repayments": "$1,246", "All private dwellings": "25", "Average people per household": "2.2", "Median weekly household income": "$1,312", "Median weekly rent": "$0", "Average motor vehicles per dwelling": "2"}, "summaryTable_qsPeople": {"Male": "54.2%", "Median age": "56", "Female": "45.8%", "People": "52"}, "summaryTable_qsFamilies": {"for all families": "0.2", "for families with children": "1", "Families": "19", "Average children per family": "None"}}