{"GeoInfo": {"city": "Narrabarba"}, "summaryTable_qsDwelling": {"Median monthly mortgage repayments": "$1,235", "All private dwellings": "12", "Average people per household": "1.3", "Median weekly household income": "$850", "Median weekly rent": "$0", "Average motor vehicles per dwelling": "1"}, "summaryTable_qsPeople": {"Male": "64.3%", "Median age": "57", "Female": "35.7%", "People": "12"}, "summaryTable_qsFamilies": {"for all families": "0", "for families with children": "0", "Families": "4", "Average children per family": "None"}}