{"GeoInfo": {"city": "Narrangullen"}, "summaryTable_qsDwelling": {"Median monthly mortgage repayments": "$0", "All private dwellings": "8", "Average people per household": "0", "Median weekly household income": "$1,125", "Median weekly rent": "$200", "Average motor vehicles per dwelling": "2"}, "summaryTable_qsPeople": {"Male": "68%", "Median age": "25", "Female": "32%", "People": "27"}, "summaryTable_qsFamilies": {"for all families": "0", "for families with children": "0", "Families": "7", "Average children per family": "None"}}