{"GeoInfo": {"city": "Nerriga"}, "summaryTable_qsDwelling": {"Median monthly mortgage repayments": "$0", "All private dwellings": "69", "Average people per household": "1.8", "Median weekly household income": "$754", "Median weekly rent": "$0", "Average motor vehicles per dwelling": "2.1"}, "summaryTable_qsPeople": {"Male": "62%", "Median age": "54", "Female": "38%", "People": "72"}, "summaryTable_qsFamilies": {"for all families": "0.2", "for families with children": "1", "Families": "24", "Average children per family": "None"}}