{"GeoInfo": {"city": "New Valley"}, "summaryTable_qsDwelling": {"Median monthly mortgage repayments": "$0", "All private dwellings": "18", "Average people per household": "2.2", "Median weekly household income": "$774", "Median weekly rent": "$0", "Average motor vehicles per dwelling": "2"}, "summaryTable_qsPeople": {"Male": "45.9%", "Median age": "38", "Female": "54.1%", "People": "35"}, "summaryTable_qsFamilies": {"for all families": "0", "for families with children": "0", "Families": "7", "Average children per family": "None"}}