{"GeoInfo": {"city": "New Buildings"}, "summaryTable_qsDwelling": {"Median monthly mortgage repayments": "$1,155", "All private dwellings": "26", "Average people per household": "1.5", "Median weekly household income": "$575", "Median weekly rent": "$0", "Average motor vehicles per dwelling": "1.8"}, "summaryTable_qsPeople": {"Male": "55.3%", "Median age": "58", "Female": "44.7%", "People": "37"}, "summaryTable_qsFamilies": {"for all families": "0", "for families with children": "0", "Families": "12", "Average children per family": "None"}}