{"GeoInfo": {"city": "Newbold"}, "summaryTable_qsDwelling": {"Median monthly mortgage repayments": "$0", "All private dwellings": "0", "Average people per household": "0", "Median weekly household income": "$0", "Median weekly rent": "$0", "Average motor vehicles per dwelling": "0"}, "summaryTable_qsPeople": {"Male": "37.5%", "Median age": "19", "Female": "62.5%", "People": "7"}, "summaryTable_qsFamilies": {"for all families": "0", "for families with children": "0", "Families": "0", "Average children per family": "None"}}