{"GeoInfo": {"city": "Nimmo"}, "summaryTable_qsDwelling": {"Median monthly mortgage repayments": "$0", "All private dwellings": "10", "Average people per household": "2", "Median weekly household income": "$1,187", "Median weekly rent": "$0", "Average motor vehicles per dwelling": "2.5"}, "summaryTable_qsPeople": {"Male": "37.5%", "Median age": "57", "Female": "62.5%", "People": "11"}, "summaryTable_qsFamilies": {"for all families": "0", "for families with children": "0", "Families": "6", "Average children per family": "None"}}