{"GeoInfo": {"city": "Noorong"}, "summaryTable_qsDwelling": {"Median monthly mortgage repayments": "$0", "All private dwellings": "17", "Average people per household": "1.5", "Median weekly household income": "$900", "Median weekly rent": "$0", "Average motor vehicles per dwelling": "2"}, "summaryTable_qsPeople": {"Male": "77.8%", "Median age": "52", "Female": "22.2%", "People": "18"}, "summaryTable_qsFamilies": {"for all families": "0", "for families with children": "0", "Families": "5", "Average children per family": "None"}}