{"GeoInfo": {"city": "Norway"}, "summaryTable_qsDwelling": {"Median monthly mortgage repayments": "$0", "All private dwellings": "36", "Average people per household": "2.5", "Median weekly household income": "$1,062", "Median weekly rent": "$0", "Average motor vehicles per dwelling": "2.9"}, "summaryTable_qsPeople": {"Male": "49.2%", "Median age": "62", "Female": "50.8%", "People": "59"}, "summaryTable_qsFamilies": {"for all families": "0.4", "for families with children": "1.6", "Families": "23", "Average children per family": "None"}}