{"GeoInfo": {"city": "Oban"}, "summaryTable_qsDwelling": {"Median monthly mortgage repayments": "$0", "All private dwellings": "6", "Average people per household": "4", "Median weekly household income": "$724", "Median weekly rent": "$0", "Average motor vehicles per dwelling": "0"}, "summaryTable_qsPeople": {"Male": "75%", "Median age": "27", "Female": "25%", "People": "7"}, "summaryTable_qsFamilies": {"for all families": "0", "for families with children": "0", "Families": "0", "Average children per family": "None"}}