{"GeoInfo": {"city": "Obley"}, "summaryTable_qsDwelling": {"Median monthly mortgage repayments": "$1,105", "All private dwellings": "42", "Average people per household": "2.6", "Median weekly household income": "$1,231", "Median weekly rent": "$0", "Average motor vehicles per dwelling": "2.6"}, "summaryTable_qsPeople": {"Male": "51.5%", "Median age": "53", "Female": "48.5%", "People": "91"}, "summaryTable_qsFamilies": {"for all families": "0.7", "for families with children": "1.9", "Families": "27", "Average children per family": "None"}}