{"GeoInfo": {"city": "Old Adaminaby"}, "summaryTable_qsDwelling": {"Median monthly mortgage repayments": "$0", "All private dwellings": "82", "Average people per household": "1.9", "Median weekly household income": "$900", "Median weekly rent": "$0", "Average motor vehicles per dwelling": "2"}, "summaryTable_qsPeople": {"Male": "45.7%", "Median age": "58", "Female": "54.3%", "People": "31"}, "summaryTable_qsFamilies": {"for all families": "0.3", "for families with children": "1", "Families": "14", "Average children per family": "None"}}