{"GeoInfo": {"city": "Orton Park"}, "summaryTable_qsDwelling": {"Median monthly mortgage repayments": "$0", "All private dwellings": "9", "Average people per household": "1", "Median weekly household income": "$1,124", "Median weekly rent": "$0", "Average motor vehicles per dwelling": "4"}, "summaryTable_qsPeople": {"Male": "65.2%", "Median age": "50", "Female": "34.8%", "People": "26"}, "summaryTable_qsFamilies": {"for all families": "0", "for families with children": "0", "Families": "3", "Average children per family": "None"}}