{"GeoInfo": {"city": "Ophir"}, "summaryTable_qsDwelling": {"Median monthly mortgage repayments": "$2,200", "All private dwellings": "48", "Average people per household": "3", "Median weekly household income": "$1,812", "Median weekly rent": "$210", "Average motor vehicles per dwelling": "2.7"}, "summaryTable_qsPeople": {"Male": "48.8%", "Median age": "41", "Female": "51.2%", "People": "127"}, "summaryTable_qsFamilies": {"for all families": "1.3", "for families with children": "2.1", "Families": "35", "Average children per family": "None"}}