{"GeoInfo": {"city": "Oxley (Balranald - NSW)"}, "summaryTable_qsDwelling": {"Median monthly mortgage repayments": "$0", "All private dwellings": "34", "Average people per household": "2.4", "Median weekly household income": "$1,437", "Median weekly rent": "$0", "Average motor vehicles per dwelling": "2"}, "summaryTable_qsPeople": {"Male": "57.6%", "Median age": "43", "Female": "42.4%", "People": "33"}, "summaryTable_qsFamilies": {"for all families": "0.6", "for families with children": "2", "Families": "11", "Average children per family": "None"}}