{"GeoInfo": {"city": "Oswald"}, "summaryTable_qsDwelling": {"Median monthly mortgage repayments": "$2,230", "All private dwellings": "28", "Average people per household": "3", "Median weekly household income": "$2,562", "Median weekly rent": "$250", "Average motor vehicles per dwelling": "2.5"}, "summaryTable_qsPeople": {"Male": "51.1%", "Median age": "42", "Female": "48.9%", "People": "88"}, "summaryTable_qsFamilies": {"for all families": "0.5", "for families with children": "2.1", "Families": "28", "Average children per family": "None"}}