{"GeoInfo": {"city": "Paddys Flat (Kyogle - NSW)"}, "summaryTable_qsDwelling": {"Median monthly mortgage repayments": "$0", "All private dwellings": "7", "Average people per household": "0", "Median weekly household income": "$0", "Median weekly rent": "$0", "Average motor vehicles per dwelling": "3"}, "summaryTable_qsPeople": {"Male": "44.4%", "Median age": "37", "Female": "55.6%", "People": "15"}, "summaryTable_qsFamilies": {"for all families": "0", "for families with children": "0", "Families": "4", "Average children per family": "None"}}