{"GeoInfo": {"city": "Palmers Oaky"}, "summaryTable_qsDwelling": {"Median monthly mortgage repayments": "$0", "All private dwellings": "36", "Average people per household": "2.3", "Median weekly household income": "$1,125", "Median weekly rent": "$0", "Average motor vehicles per dwelling": "2.3"}, "summaryTable_qsPeople": {"Male": "68.8%", "Median age": "35", "Female": "31.3%", "People": "36"}, "summaryTable_qsFamilies": {"for all families": "0.8", "for families with children": "2", "Families": "9", "Average children per family": "None"}}