{"GeoInfo": {"city": "Panuara"}, "summaryTable_qsDwelling": {"Median monthly mortgage repayments": "$0", "All private dwellings": "28", "Average people per household": "2.7", "Median weekly household income": "$1,224", "Median weekly rent": "$110", "Average motor vehicles per dwelling": "1.9"}, "summaryTable_qsPeople": {"Male": "50.7%", "Median age": "37", "Female": "49.3%", "People": "70"}, "summaryTable_qsFamilies": {"for all families": "0.8", "for families with children": "2.1", "Families": "17", "Average children per family": "None"}}