{"GeoInfo": {"city": "Paringi"}, "summaryTable_qsDwelling": {"Median monthly mortgage repayments": "$0", "All private dwellings": "13", "Average people per household": "2.5", "Median weekly household income": "$2,083", "Median weekly rent": "$0", "Average motor vehicles per dwelling": "0"}, "summaryTable_qsPeople": {"Male": "60%", "Median age": "47", "Female": "40%", "People": "15"}, "summaryTable_qsFamilies": {"for all families": "0.4", "for families with children": "1", "Families": "4", "Average children per family": "None"}}