{"GeoInfo": {"city": "Parraweena"}, "summaryTable_qsDwelling": {"Median monthly mortgage repayments": "$0", "All private dwellings": "21", "Average people per household": "2.3", "Median weekly household income": "$1,812", "Median weekly rent": "$0", "Average motor vehicles per dwelling": "2"}, "summaryTable_qsPeople": {"Male": "53.8%", "Median age": "37", "Female": "46.2%", "People": "40"}, "summaryTable_qsFamilies": {"for all families": "0.6", "for families with children": "1.5", "Families": "13", "Average children per family": "None"}}