{"GeoInfo": {"city": "Phoenix Park"}, "summaryTable_qsDwelling": {"Median monthly mortgage repayments": "$2,167", "All private dwellings": "36", "Average people per household": "2.8", "Median weekly household income": "$1,166", "Median weekly rent": "$100", "Average motor vehicles per dwelling": "2.2"}, "summaryTable_qsPeople": {"Male": "51%", "Median age": "43", "Female": "49%", "People": "95"}, "summaryTable_qsFamilies": {"for all families": "0.9", "for families with children": "2.1", "Families": "29", "Average children per family": "None"}}