{"GeoInfo": {"city": "Pine Camp"}, "summaryTable_qsDwelling": {"Median monthly mortgage repayments": "$0", "All private dwellings": "15", "Average people per household": "2", "Median weekly household income": "$1,625", "Median weekly rent": "$0", "Average motor vehicles per dwelling": "3"}, "summaryTable_qsPeople": {"Male": "60%", "Median age": "52", "Female": "40%", "People": "18"}, "summaryTable_qsFamilies": {"for all families": "0.5", "for families with children": "1", "Families": "4", "Average children per family": "None"}}