{"GeoInfo": {"city": "Pitnacree"}, "summaryTable_qsDwelling": {"Median monthly mortgage repayments": "$1,733", "All private dwellings": "18", "Average people per household": "2.4", "Median weekly household income": "$2,583", "Median weekly rent": "$0", "Average motor vehicles per dwelling": "2.3"}, "summaryTable_qsPeople": {"Male": "66.7%", "Median age": "36", "Female": "33.3%", "People": "43"}, "summaryTable_qsFamilies": {"for all families": "1.4", "for families with children": "3", "Families": "10", "Average children per family": "None"}}