{"GeoInfo": {"city": "Polo Flat"}, "summaryTable_qsDwelling": {"Median monthly mortgage repayments": "$0", "All private dwellings": "16", "Average people per household": "2", "Median weekly household income": "$1,187", "Median weekly rent": "$154", "Average motor vehicles per dwelling": "1.7"}, "summaryTable_qsPeople": {"Male": "53.3%", "Median age": "41", "Female": "46.7%", "People": "24"}, "summaryTable_qsFamilies": {"for all families": "0.3", "for families with children": "1", "Families": "3", "Average children per family": "None"}}