{"GeoInfo": {"city": "Puddledock"}, "summaryTable_qsDwelling": {"Median monthly mortgage repayments": "$1,296", "All private dwellings": "16", "Average people per household": "3.2", "Median weekly household income": "$1,708", "Median weekly rent": "$0", "Average motor vehicles per dwelling": "2.5"}, "summaryTable_qsPeople": {"Male": "50%", "Median age": "46", "Female": "50%", "People": "48"}, "summaryTable_qsFamilies": {"for all families": "0.8", "for families with children": "1.3", "Families": "13", "Average children per family": "None"}}