{"GeoInfo": {"city": "Rainbow Reach"}, "summaryTable_qsDwelling": {"Median monthly mortgage repayments": "$1,809", "All private dwellings": "41", "Average people per household": "2.1", "Median weekly household income": "$959", "Median weekly rent": "$0", "Average motor vehicles per dwelling": "2.2"}, "summaryTable_qsPeople": {"Male": "51.2%", "Median age": "51", "Female": "48.8%", "People": "83"}, "summaryTable_qsFamilies": {"for all families": "0.6", "for families with children": "1.5", "Families": "22", "Average children per family": "None"}}