{"GeoInfo": {"city": "Rannock"}, "summaryTable_qsDwelling": {"Median monthly mortgage repayments": "$0", "All private dwellings": "25", "Average people per household": "2.5", "Median weekly household income": "$1,374", "Median weekly rent": "$0", "Average motor vehicles per dwelling": "3.4"}, "summaryTable_qsPeople": {"Male": "50.8%", "Median age": "42", "Female": "49.2%", "People": "55"}, "summaryTable_qsFamilies": {"for all families": "1.2", "for families with children": "3", "Families": "16", "Average children per family": "None"}}