{"GeoInfo": {"city": "Ravensdale"}, "summaryTable_qsDwelling": {"Median monthly mortgage repayments": "$1,903", "All private dwellings": "31", "Average people per household": "2.9", "Median weekly household income": "$2,062", "Median weekly rent": "$0", "Average motor vehicles per dwelling": "1.7"}, "summaryTable_qsPeople": {"Male": "44.3%", "Median age": "46", "Female": "55.7%", "People": "64"}, "summaryTable_qsFamilies": {"for all families": "0.7", "for families with children": "1.6", "Families": "13", "Average children per family": "None"}}