{"GeoInfo": {"city": "Reids Flat"}, "summaryTable_qsDwelling": {"Median monthly mortgage repayments": "$467", "All private dwellings": "91", "Average people per household": "1.9", "Median weekly household income": "$575", "Median weekly rent": "$130", "Average motor vehicles per dwelling": "1.7"}, "summaryTable_qsPeople": {"Male": "54.7%", "Median age": "53", "Female": "45.3%", "People": "85"}, "summaryTable_qsFamilies": {"for all families": "0.6", "for families with children": "1.6", "Families": "24", "Average children per family": "None"}}