{"GeoInfo": {"city": "Repentance Creek"}, "summaryTable_qsDwelling": {"Median monthly mortgage repayments": "$1,138", "All private dwellings": "53", "Average people per household": "2.4", "Median weekly household income": "$1,047", "Median weekly rent": "$200", "Average motor vehicles per dwelling": "2"}, "summaryTable_qsPeople": {"Male": "49.1%", "Median age": "44", "Female": "50.9%", "People": "104"}, "summaryTable_qsFamilies": {"for all families": "0.7", "for families with children": "1.6", "Families": "29", "Average children per family": "None"}}