{"GeoInfo": {"city": "Rhine Falls"}, "summaryTable_qsDwelling": {"Median monthly mortgage repayments": "$932", "All private dwellings": "20", "Average people per household": "2.8", "Median weekly household income": "$1,624", "Median weekly rent": "$0", "Average motor vehicles per dwelling": "2.3"}, "summaryTable_qsPeople": {"Male": "48.8%", "Median age": "40", "Female": "51.2%", "People": "42"}, "summaryTable_qsFamilies": {"for all families": "0.5", "for families with children": "1.5", "Families": "14", "Average children per family": "None"}}