{"GeoInfo": {"city": "Rock Flat"}, "summaryTable_qsDwelling": {"Median monthly mortgage repayments": "$2,383", "All private dwellings": "36", "Average people per household": "2.9", "Median weekly household income": "$1,625", "Median weekly rent": "$0", "Average motor vehicles per dwelling": "2.2"}, "summaryTable_qsPeople": {"Male": "48.7%", "Median age": "46", "Female": "51.3%", "People": "77"}, "summaryTable_qsFamilies": {"for all families": "0.7", "for families with children": "2", "Families": "22", "Average children per family": "None"}}