{"GeoInfo": {"city": "Rocky Creek (Gwydir - NSW)"}, "summaryTable_qsDwelling": {"Median monthly mortgage repayments": "$1,542", "All private dwellings": "25", "Average people per household": "1.8", "Median weekly household income": "$1,062", "Median weekly rent": "$0", "Average motor vehicles per dwelling": "2.4"}, "summaryTable_qsPeople": {"Male": "50%", "Median age": "43", "Female": "50%", "People": "52"}, "summaryTable_qsFamilies": {"for all families": "0.5", "for families with children": "2", "Families": "18", "Average children per family": "None"}}