{"GeoInfo": {"city": "Rose Valley (Kiama - NSW)"}, "summaryTable_qsDwelling": {"Median monthly mortgage repayments": "$3,723", "All private dwellings": "30", "Average people per household": "3", "Median weekly household income": "$2,250", "Median weekly rent": "$0", "Average motor vehicles per dwelling": "2.1"}, "summaryTable_qsPeople": {"Male": "57.1%", "Median age": "44", "Female": "42.9%", "People": "76"}, "summaryTable_qsFamilies": {"for all families": "1", "for families with children": "1.9", "Families": "22", "Average children per family": "None"}}