{"GeoInfo": {"city": "Roseberry Creek"}, "summaryTable_qsDwelling": {"Median monthly mortgage repayments": "$715", "All private dwellings": "25", "Average people per household": "1.7", "Median weekly household income": "$933", "Median weekly rent": "$0", "Average motor vehicles per dwelling": "1.6"}, "summaryTable_qsPeople": {"Male": "53.1%", "Median age": "57", "Female": "46.9%", "People": "35"}, "summaryTable_qsFamilies": {"for all families": "0.2", "for families with children": "1", "Families": "12", "Average children per family": "None"}}