{"GeoInfo": {"city": "Roseberry"}, "summaryTable_qsDwelling": {"Median monthly mortgage repayments": "$0", "All private dwellings": "18", "Average people per household": "1.8", "Median weekly household income": "$612", "Median weekly rent": "$180", "Average motor vehicles per dwelling": "1.4"}, "summaryTable_qsPeople": {"Male": "45.2%", "Median age": "34", "Female": "54.8%", "People": "42"}, "summaryTable_qsFamilies": {"for all families": "0.8", "for families with children": "1.5", "Families": "7", "Average children per family": "None"}}