{"GeoInfo": {"city": "Rossi"}, "summaryTable_qsDwelling": {"Median monthly mortgage repayments": "$2,500", "All private dwellings": "40", "Average people per household": "3.1", "Median weekly household income": "$2,125", "Median weekly rent": "$0", "Average motor vehicles per dwelling": "2.4"}, "summaryTable_qsPeople": {"Male": "42.2%", "Median age": "34", "Female": "57.8%", "People": "95"}, "summaryTable_qsFamilies": {"for all families": "1.2", "for families with children": "1.7", "Families": "23", "Average children per family": "None"}}