{"GeoInfo": {"city": "Rouchel Brook"}, "summaryTable_qsDwelling": {"Median monthly mortgage repayments": "$0", "All private dwellings": "16", "Average people per household": "2", "Median weekly household income": "$1,249", "Median weekly rent": "$80", "Average motor vehicles per dwelling": "2"}, "summaryTable_qsPeople": {"Male": "42.9%", "Median age": "38", "Female": "57.1%", "People": "28"}, "summaryTable_qsFamilies": {"for all families": "0", "for families with children": "0", "Families": "6", "Average children per family": "None"}}