{"GeoInfo": {"city": "Rugby"}, "summaryTable_qsDwelling": {"Median monthly mortgage repayments": "$1,539", "All private dwellings": "52", "Average people per household": "2.1", "Median weekly household income": "$1,024", "Median weekly rent": "$0", "Average motor vehicles per dwelling": "1.8"}, "summaryTable_qsPeople": {"Male": "57.3%", "Median age": "51", "Female": "42.7%", "People": "73"}, "summaryTable_qsFamilies": {"for all families": "0.3", "for families with children": "1", "Families": "21", "Average children per family": "None"}}