{"GeoInfo": {"city": "Rukenvale"}, "summaryTable_qsDwelling": {"Median monthly mortgage repayments": "$601", "All private dwellings": "26", "Average people per household": "1.8", "Median weekly household income": "$725", "Median weekly rent": "$0", "Average motor vehicles per dwelling": "1.3"}, "summaryTable_qsPeople": {"Male": "48.3%", "Median age": "62", "Female": "51.7%", "People": "32"}, "summaryTable_qsFamilies": {"for all families": "0.2", "for families with children": "1", "Families": "13", "Average children per family": "None"}}