{"GeoInfo": {"city": "Runnyford"}, "summaryTable_qsDwelling": {"Median monthly mortgage repayments": "$0", "All private dwellings": "15", "Average people per household": "1.5", "Median weekly household income": "$899", "Median weekly rent": "$0", "Average motor vehicles per dwelling": "1.3"}, "summaryTable_qsPeople": {"Male": "40%", "Median age": "57", "Female": "60%", "People": "19"}, "summaryTable_qsFamilies": {"for all families": "0", "for families with children": "0", "Families": "11", "Average children per family": "None"}}