{"GeoInfo": {"city": "Sandigo"}, "summaryTable_qsDwelling": {"Median monthly mortgage repayments": "$767", "All private dwellings": "44", "Average people per household": "2.5", "Median weekly household income": "$1,291", "Median weekly rent": "$0", "Average motor vehicles per dwelling": "2.5"}, "summaryTable_qsPeople": {"Male": "55.8%", "Median age": "46", "Female": "44.2%", "People": "84"}, "summaryTable_qsFamilies": {"for all families": "0.6", "for families with children": "1.9", "Families": "20", "Average children per family": "None"}}