{"GeoInfo": {"city": "Sandy Creek (Upper Hunter Shire - NSW)"}, "summaryTable_qsDwelling": {"Median monthly mortgage repayments": "$0", "All private dwellings": "14", "Average people per household": "1", "Median weekly household income": "$1,375", "Median weekly rent": "$0", "Average motor vehicles per dwelling": "1"}, "summaryTable_qsPeople": {"Male": "52.4%", "Median age": "48", "Female": "47.6%", "People": "25"}, "summaryTable_qsFamilies": {"for all families": "0", "for families with children": "0", "Families": "6", "Average children per family": "None"}}