{"GeoInfo": {"city": "Savernake"}, "summaryTable_qsDwelling": {"Median monthly mortgage repayments": "$295", "All private dwellings": "51", "Average people per household": "2", "Median weekly household income": "$1,041", "Median weekly rent": "$0", "Average motor vehicles per dwelling": "2.5"}, "summaryTable_qsPeople": {"Male": "47.8%", "Median age": "50", "Female": "52.2%", "People": "94"}, "summaryTable_qsFamilies": {"for all families": "0.4", "for families with children": "1.2", "Families": "23", "Average children per family": "None"}}