{"GeoInfo": {"city": "Sapphire"}, "summaryTable_qsDwelling": {"Median monthly mortgage repayments": "$1,442", "All private dwellings": "25", "Average people per household": "1.9", "Median weekly household income": "$1,374", "Median weekly rent": "$0", "Average motor vehicles per dwelling": "2.8"}, "summaryTable_qsPeople": {"Male": "53.3%", "Median age": "49", "Female": "46.7%", "People": "44"}, "summaryTable_qsFamilies": {"for all families": "0.7", "for families with children": "2", "Families": "12", "Average children per family": "None"}}