{"GeoInfo": {"city": "Scotts Flat"}, "summaryTable_qsDwelling": {"Median monthly mortgage repayments": "$0", "All private dwellings": "21", "Average people per household": "1.4", "Median weekly household income": "$1,499", "Median weekly rent": "$50", "Average motor vehicles per dwelling": "1.4"}, "summaryTable_qsPeople": {"Male": "52.4%", "Median age": "44", "Female": "47.6%", "People": "36"}, "summaryTable_qsFamilies": {"for all families": "0.3", "for families with children": "2", "Families": "9", "Average children per family": "None"}}