{"GeoInfo": {"city": "Shannondale"}, "summaryTable_qsDwelling": {"Median monthly mortgage repayments": "$1,300", "All private dwellings": "29", "Average people per household": "3.3", "Median weekly household income": "$1,125", "Median weekly rent": "$0", "Average motor vehicles per dwelling": "2.7"}, "summaryTable_qsPeople": {"Male": "50%", "Median age": "34", "Female": "50%", "People": "89"}, "summaryTable_qsFamilies": {"for all families": "1.2", "for families with children": "2.6", "Families": "19", "Average children per family": "None"}}