{"GeoInfo": {"city": "Sheedys Gully"}, "summaryTable_qsDwelling": {"Median monthly mortgage repayments": "$1,571", "All private dwellings": "44", "Average people per household": "2", "Median weekly household income": "$979", "Median weekly rent": "$0", "Average motor vehicles per dwelling": "1.6"}, "summaryTable_qsPeople": {"Male": "48.4%", "Median age": "61", "Female": "51.6%", "People": "86"}, "summaryTable_qsFamilies": {"for all families": "0.3", "for families with children": "1", "Families": "26", "Average children per family": "None"}}