{"GeoInfo": {"city": "Shooters Hill"}, "summaryTable_qsDwelling": {"Median monthly mortgage repayments": "$0", "All private dwellings": "21", "Average people per household": "3", "Median weekly household income": "$2,250", "Median weekly rent": "$0", "Average motor vehicles per dwelling": "3.5"}, "summaryTable_qsPeople": {"Male": "55.6%", "Median age": "40", "Female": "44.4%", "People": "37"}, "summaryTable_qsFamilies": {"for all families": "0.8", "for families with children": "2", "Families": "13", "Average children per family": "None"}}