{"GeoInfo": {"city": "Sleepy Hollow"}, "summaryTable_qsDwelling": {"Median monthly mortgage repayments": "$2,167", "All private dwellings": "42", "Average people per household": "2.3", "Median weekly household income": "$1,437", "Median weekly rent": "$320", "Average motor vehicles per dwelling": "2.3"}, "summaryTable_qsPeople": {"Male": "57%", "Median age": "41", "Female": "43%", "People": "98"}, "summaryTable_qsFamilies": {"for all families": "0.4", "for families with children": "1.4", "Families": "24", "Average children per family": "None"}}