{"GeoInfo": {"city": "Spring Plains"}, "summaryTable_qsDwelling": {"Median monthly mortgage repayments": "$0", "All private dwellings": "30", "Average people per household": "2.5", "Median weekly household income": "$2,333", "Median weekly rent": "$0", "Average motor vehicles per dwelling": "2.2"}, "summaryTable_qsPeople": {"Male": "58.4%", "Median age": "34", "Female": "41.6%", "People": "75"}, "summaryTable_qsFamilies": {"for all families": "0.2", "for families with children": "1", "Families": "16", "Average children per family": "None"}}