{"GeoInfo": {"city": "Stannum"}, "summaryTable_qsDwelling": {"Median monthly mortgage repayments": "$0", "All private dwellings": "28", "Average people per household": "1.4", "Median weekly household income": "$725", "Median weekly rent": "$0", "Average motor vehicles per dwelling": "2.2"}, "summaryTable_qsPeople": {"Male": "50.9%", "Median age": "50", "Female": "49.1%", "People": "54"}, "summaryTable_qsFamilies": {"for all families": "0.6", "for families with children": "3", "Families": "7", "Average children per family": "None"}}