{"GeoInfo": {"city": "State Mine Gully"}, "summaryTable_qsDwelling": {"Median monthly mortgage repayments": "$0", "All private dwellings": "4", "Average people per household": "2", "Median weekly household income": "$1,125", "Median weekly rent": "$0", "Average motor vehicles per dwelling": "2"}, "summaryTable_qsPeople": {"Male": "52.6%", "Median age": "47", "Female": "47.4%", "People": "21"}, "summaryTable_qsFamilies": {"for all families": "0", "for families with children": "0", "Families": "8", "Average children per family": "None"}}