{"GeoInfo": {"city": "Stockyard Creek (NSW)"}, "summaryTable_qsDwelling": {"Median monthly mortgage repayments": "$1,350", "All private dwellings": "24", "Average people per household": "1.7", "Median weekly household income": "$624", "Median weekly rent": "$0", "Average motor vehicles per dwelling": "1.3"}, "summaryTable_qsPeople": {"Male": "48.9%", "Median age": "53", "Female": "51.1%", "People": "41"}, "summaryTable_qsFamilies": {"for all families": "0.2", "for families with children": "1", "Families": "11", "Average children per family": "None"}}