{"GeoInfo": {"city": "Stroud Hill"}, "summaryTable_qsDwelling": {"Median monthly mortgage repayments": "$1,671", "All private dwellings": "15", "Average people per household": "2.5", "Median weekly household income": "$1,624", "Median weekly rent": "$0", "Average motor vehicles per dwelling": "2.6"}, "summaryTable_qsPeople": {"Male": "53.8%", "Median age": "48", "Female": "46.2%", "People": "28"}, "summaryTable_qsFamilies": {"for all families": "0.6", "for families with children": "3", "Families": "11", "Average children per family": "None"}}