{"GeoInfo": {"city": "Suntop"}, "summaryTable_qsDwelling": {"Median monthly mortgage repayments": "$1,300", "All private dwellings": "31", "Average people per household": "2.3", "Median weekly household income": "$1,583", "Median weekly rent": "$0", "Average motor vehicles per dwelling": "1.9"}, "summaryTable_qsPeople": {"Male": "50.7%", "Median age": "43", "Female": "49.3%", "People": "70"}, "summaryTable_qsFamilies": {"for all families": "0.7", "for families with children": "1.9", "Families": "15", "Average children per family": "None"}}