{"GeoInfo": {"city": "Swan Vale"}, "summaryTable_qsDwelling": {"Median monthly mortgage repayments": "$2,000", "All private dwellings": "21", "Average people per household": "2.4", "Median weekly household income": "$762", "Median weekly rent": "$0", "Average motor vehicles per dwelling": "2.2"}, "summaryTable_qsPeople": {"Male": "50%", "Median age": "46", "Female": "50%", "People": "42"}, "summaryTable_qsFamilies": {"for all families": "0.6", "for families with children": "1.3", "Families": "13", "Average children per family": "None"}}