{"GeoInfo": {"city": "Taloumbi"}, "summaryTable_qsDwelling": {"Median monthly mortgage repayments": "$1,048", "All private dwellings": "36", "Average people per household": "2.8", "Median weekly household income": "$739", "Median weekly rent": "$165", "Average motor vehicles per dwelling": "1.6"}, "summaryTable_qsPeople": {"Male": "51.9%", "Median age": "41", "Female": "48.1%", "People": "106"}, "summaryTable_qsFamilies": {"for all families": "1", "for families with children": "2.2", "Families": "27", "Average children per family": "None"}}