{"GeoInfo": {"city": "Tanglewood"}, "summaryTable_qsDwelling": {"Median monthly mortgage repayments": "$1,430", "All private dwellings": "42", "Average people per household": "2.7", "Median weekly household income": "$1,281", "Median weekly rent": "$295", "Average motor vehicles per dwelling": "1.8"}, "summaryTable_qsPeople": {"Male": "51.1%", "Median age": "45", "Female": "48.9%", "People": "97"}, "summaryTable_qsFamilies": {"for all families": "0.9", "for families with children": "1.6", "Families": "25", "Average children per family": "None"}}