{"GeoInfo": {"city": "Tara (NSW)"}, "summaryTable_qsDwelling": {"Median monthly mortgage repayments": "$0", "All private dwellings": "14", "Average people per household": "2.8", "Median weekly household income": "$1,437", "Median weekly rent": "$0", "Average motor vehicles per dwelling": "3"}, "summaryTable_qsPeople": {"Male": "40.7%", "Median age": "59", "Female": "59.3%", "People": "27"}, "summaryTable_qsFamilies": {"for all families": "0", "for families with children": "0", "Families": "11", "Average children per family": "None"}}