{"GeoInfo": {"city": "Tannas Mount"}, "summaryTable_qsDwelling": {"Median monthly mortgage repayments": "$0", "All private dwellings": "19", "Average people per household": "1.9", "Median weekly household income": "$1,625", "Median weekly rent": "$165", "Average motor vehicles per dwelling": "2.6"}, "summaryTable_qsPeople": {"Male": "59.5%", "Median age": "34", "Female": "40.5%", "People": "43"}, "summaryTable_qsFamilies": {"for all families": "0.3", "for families with children": "2", "Families": "13", "Average children per family": "None"}}