{"GeoInfo": {"city": "Tannabar"}, "summaryTable_qsDwelling": {"Median monthly mortgage repayments": "$1,066", "All private dwellings": "30", "Average people per household": "2.4", "Median weekly household income": "$1,875", "Median weekly rent": "$0", "Average motor vehicles per dwelling": "2.6"}, "summaryTable_qsPeople": {"Male": "51.6%", "Median age": "52", "Female": "48.4%", "People": "69"}, "summaryTable_qsFamilies": {"for all families": "0", "for families with children": "0", "Families": "19", "Average children per family": "None"}}