{"GeoInfo": {"city": "Tenandra"}, "summaryTable_qsDwelling": {"Median monthly mortgage repayments": "$1,279", "All private dwellings": "44", "Average people per household": "2.3", "Median weekly household income": "$1,812", "Median weekly rent": "$150", "Average motor vehicles per dwelling": "2.4"}, "summaryTable_qsPeople": {"Male": "48.1%", "Median age": "33", "Female": "51.9%", "People": "83"}, "summaryTable_qsFamilies": {"for all families": "0.5", "for families with children": "2", "Families": "21", "Average children per family": "None"}}