{"GeoInfo": {"city": "The Angle"}, "summaryTable_qsDwelling": {"Median monthly mortgage repayments": "$2,500", "All private dwellings": "33", "Average people per household": "2.9", "Median weekly household income": "$1,850", "Median weekly rent": "$0", "Average motor vehicles per dwelling": "2.8"}, "summaryTable_qsPeople": {"Male": "51.6%", "Median age": "46", "Female": "48.4%", "People": "88"}, "summaryTable_qsFamilies": {"for all families": "0.5", "for families with children": "1.3", "Families": "25", "Average children per family": "None"}}