{"GeoInfo": {"city": "The Brothers"}, "summaryTable_qsDwelling": {"Median monthly mortgage repayments": "$0", "All private dwellings": "14", "Average people per household": "2.9", "Median weekly household income": "$1,437", "Median weekly rent": "$0", "Average motor vehicles per dwelling": "3"}, "summaryTable_qsPeople": {"Male": "33.3%", "Median age": "40", "Female": "66.7%", "People": "35"}, "summaryTable_qsFamilies": {"for all families": "0.8", "for families with children": "1.5", "Families": "6", "Average children per family": "None"}}