{"GeoInfo": {"city": "The Branch"}, "summaryTable_qsDwelling": {"Median monthly mortgage repayments": "$2,167", "All private dwellings": "63", "Average people per household": "2.7", "Median weekly household income": "$1,625", "Median weekly rent": "$0", "Average motor vehicles per dwelling": "2"}, "summaryTable_qsPeople": {"Male": "57%", "Median age": "49", "Female": "43%", "People": "81"}, "summaryTable_qsFamilies": {"for all families": "0.7", "for families with children": "2", "Families": "24", "Average children per family": "None"}}