{"GeoInfo": {"city": "The Gap (Wagga Wagga - NSW)"}, "summaryTable_qsDwelling": {"Median monthly mortgage repayments": "$3,400", "All private dwellings": "31", "Average people per household": "3.1", "Median weekly household income": "$1,124", "Median weekly rent": "$125", "Average motor vehicles per dwelling": "2.5"}, "summaryTable_qsPeople": {"Male": "47.6%", "Median age": "46", "Female": "52.4%", "People": "62"}, "summaryTable_qsFamilies": {"for all families": "1.3", "for families with children": "2.2", "Families": "15", "Average children per family": "None"}}