{"GeoInfo": {"city": "The Rocks (Bathurst Regional - NSW)"}, "summaryTable_qsDwelling": {"Median monthly mortgage repayments": "$1,733", "All private dwellings": "25", "Average people per household": "2.8", "Median weekly household income": "$1,375", "Median weekly rent": "$0", "Average motor vehicles per dwelling": "2.4"}, "summaryTable_qsPeople": {"Male": "55%", "Median age": "46", "Female": "45%", "People": "60"}, "summaryTable_qsFamilies": {"for all families": "0.6", "for families with children": "1.4", "Families": "16", "Average children per family": "None"}}