{"GeoInfo": {"city": "Thule"}, "summaryTable_qsDwelling": {"Median monthly mortgage repayments": "$542", "All private dwellings": "13", "Average people per household": "2.3", "Median weekly household income": "$1,125", "Median weekly rent": "$0", "Average motor vehicles per dwelling": "2.3"}, "summaryTable_qsPeople": {"Male": "50%", "Median age": "51", "Female": "50%", "People": "32"}, "summaryTable_qsFamilies": {"for all families": "0.7", "for families with children": "2", "Families": "10", "Average children per family": "None"}}