{"GeoInfo": {"city": "Tibbuc"}, "summaryTable_qsDwelling": {"Median monthly mortgage repayments": "$0", "All private dwellings": "19", "Average people per household": "2.5", "Median weekly household income": "$749", "Median weekly rent": "$0", "Average motor vehicles per dwelling": "1.8"}, "summaryTable_qsPeople": {"Male": "47.1%", "Median age": "59", "Female": "52.9%", "People": "27"}, "summaryTable_qsFamilies": {"for all families": "0.4", "for families with children": "1", "Families": "6", "Average children per family": "None"}}