{"GeoInfo": {"city": "Thumb Creek"}, "summaryTable_qsDwelling": {"Median monthly mortgage repayments": "$0", "All private dwellings": "19", "Average people per household": "2", "Median weekly household income": "$725", "Median weekly rent": "$0", "Average motor vehicles per dwelling": "1.6"}, "summaryTable_qsPeople": {"Male": "57.7%", "Median age": "55", "Female": "42.3%", "People": "23"}, "summaryTable_qsFamilies": {"for all families": "0.3", "for families with children": "1", "Families": "4", "Average children per family": "None"}}