{"GeoInfo": {"city": "Timbillica"}, "summaryTable_qsDwelling": {"Median monthly mortgage repayments": "$0", "All private dwellings": "6", "Average people per household": "2", "Median weekly household income": "$725", "Median weekly rent": "$0", "Average motor vehicles per dwelling": "0"}, "summaryTable_qsPeople": {"Male": "37.5%", "Median age": "56", "Female": "62.5%", "People": "9"}, "summaryTable_qsFamilies": {"for all families": "0", "for families with children": "0", "Families": "4", "Average children per family": "None"}}