{"GeoInfo": {"city": "Tipperary (NSW)"}, "summaryTable_qsDwelling": {"Median monthly mortgage repayments": "$1,975", "All private dwellings": "20", "Average people per household": "2.5", "Median weekly household income": "$724", "Median weekly rent": "$0", "Average motor vehicles per dwelling": "2"}, "summaryTable_qsPeople": {"Male": "43.8%", "Median age": "49", "Female": "56.3%", "People": "31"}, "summaryTable_qsFamilies": {"for all families": "0.7", "for families with children": "1.6", "Families": "10", "Average children per family": "None"}}