{"GeoInfo": {"city": "Tomki"}, "summaryTable_qsDwelling": {"Median monthly mortgage repayments": "$1,300", "All private dwellings": "26", "Average people per household": "3", "Median weekly household income": "$1,374", "Median weekly rent": "$0", "Average motor vehicles per dwelling": "2"}, "summaryTable_qsPeople": {"Male": "50%", "Median age": "44", "Female": "50%", "People": "76"}, "summaryTable_qsFamilies": {"for all families": "1.2", "for families with children": "2.7", "Families": "20", "Average children per family": "None"}}