{"GeoInfo": {"city": "Tongarra"}, "summaryTable_qsDwelling": {"Median monthly mortgage repayments": "$1,600", "All private dwellings": "40", "Average people per household": "3", "Median weekly household income": "$2,562", "Median weekly rent": "$280", "Average motor vehicles per dwelling": "2.6"}, "summaryTable_qsPeople": {"Male": "50%", "Median age": "40", "Female": "50%", "People": "107"}, "summaryTable_qsFamilies": {"for all families": "0.9", "for families with children": "1.8", "Families": "25", "Average children per family": "None"}}