{"GeoInfo": {"city": "Tooranie"}, "summaryTable_qsDwelling": {"Median monthly mortgage repayments": "$0", "All private dwellings": "6", "Average people per household": "1", "Median weekly household income": "$0", "Median weekly rent": "$0", "Average motor vehicles per dwelling": "0"}, "summaryTable_qsPeople": {"Male": "100%", "Median age": "33", "Female": "0%", "People": "6"}, "summaryTable_qsFamilies": {"for all families": "0", "for families with children": "0", "Families": "0", "Average children per family": "None"}}