{"GeoInfo": {"city": "Trungley Hall"}, "summaryTable_qsDwelling": {"Median monthly mortgage repayments": "$975", "All private dwellings": "36", "Average people per household": "2.7", "Median weekly household income": "$1,292", "Median weekly rent": "$40", "Average motor vehicles per dwelling": "2.2"}, "summaryTable_qsPeople": {"Male": "49.3%", "Median age": "36", "Female": "50.7%", "People": "81"}, "summaryTable_qsFamilies": {"for all families": "0.6", "for families with children": "1.5", "Families": "26", "Average children per family": "None"}}