{"GeoInfo": {"city": "Tunglebung"}, "summaryTable_qsDwelling": {"Median monthly mortgage repayments": "$0", "All private dwellings": "28", "Average people per household": "1.8", "Median weekly household income": "$933", "Median weekly rent": "$0", "Average motor vehicles per dwelling": "2"}, "summaryTable_qsPeople": {"Male": "58.6%", "Median age": "63", "Female": "41.4%", "People": "26"}, "summaryTable_qsFamilies": {"for all families": "0", "for families with children": "0", "Families": "8", "Average children per family": "None"}}