{"GeoInfo": {"city": "Upper Tooloom"}, "summaryTable_qsDwelling": {"Median monthly mortgage repayments": "$0", "All private dwellings": "27", "Average people per household": "3.8", "Median weekly household income": "$900", "Median weekly rent": "$190", "Average motor vehicles per dwelling": "2"}, "summaryTable_qsPeople": {"Male": "54.5%", "Median age": "44", "Female": "45.5%", "People": "45"}, "summaryTable_qsFamilies": {"for all families": "0.9", "for families with children": "2", "Families": "17", "Average children per family": "None"}}