{"GeoInfo": {"city": "Upper Nile"}, "summaryTable_qsDwelling": {"Median monthly mortgage repayments": "$0", "All private dwellings": "3", "Average people per household": "0", "Median weekly household income": "$0", "Median weekly rent": "$0", "Average motor vehicles per dwelling": "0"}, "summaryTable_qsPeople": {"Male": "66.7%", "Median age": "50", "Female": "33.3%", "People": "9"}, "summaryTable_qsFamilies": {"for all families": "0", "for families with children": "0", "Families": "3", "Average children per family": "None"}}