{"GeoInfo": {"city": "Walcha Road"}, "summaryTable_qsDwelling": {"Median monthly mortgage repayments": "$0", "All private dwellings": "27", "Average people per household": "2.1", "Median weekly household income": "$1,042", "Median weekly rent": "$25", "Average motor vehicles per dwelling": "2.2"}, "summaryTable_qsPeople": {"Male": "54.4%", "Median age": "57", "Female": "45.6%", "People": "54"}, "summaryTable_qsFamilies": {"for all families": "0.5", "for families with children": "2", "Families": "16", "Average children per family": "None"}}