{"GeoInfo": {"city": "Waldegrave"}, "summaryTable_qsDwelling": {"Median monthly mortgage repayments": "$3,424", "All private dwellings": "13", "Average people per household": "2.9", "Median weekly household income": "$2,625", "Median weekly rent": "$0", "Average motor vehicles per dwelling": "2"}, "summaryTable_qsPeople": {"Male": "64.3%", "Median age": "36", "Female": "35.7%", "People": "27"}, "summaryTable_qsFamilies": {"for all families": "0", "for families with children": "0", "Families": "8", "Average children per family": "None"}}