{"GeoInfo": {"city": "Wallamore"}, "summaryTable_qsDwelling": {"Median monthly mortgage repayments": "$1,972", "All private dwellings": "47", "Average people per household": "2.7", "Median weekly household income": "$1,562", "Median weekly rent": "$220", "Average motor vehicles per dwelling": "2.3"}, "summaryTable_qsPeople": {"Male": "48.8%", "Median age": "39", "Female": "51.2%", "People": "121"}, "summaryTable_qsFamilies": {"for all families": "0.8", "for families with children": "2.1", "Families": "28", "Average children per family": "None"}}