{"GeoInfo": {"city": "Wallanthery"}, "summaryTable_qsDwelling": {"Median monthly mortgage repayments": "$0", "All private dwellings": "19", "Average people per household": "2.3", "Median weekly household income": "$949", "Median weekly rent": "$0", "Average motor vehicles per dwelling": "1.8"}, "summaryTable_qsPeople": {"Male": "46.9%", "Median age": "47", "Female": "53.1%", "People": "33"}, "summaryTable_qsFamilies": {"for all families": "0.5", "for families with children": "1.4", "Families": "12", "Average children per family": "None"}}