{"GeoInfo": {"city": "Walleroobie"}, "summaryTable_qsDwelling": {"Median monthly mortgage repayments": "$0", "All private dwellings": "22", "Average people per household": "2.4", "Median weekly household income": "$1,375", "Median weekly rent": "$40", "Average motor vehicles per dwelling": "2.3"}, "summaryTable_qsPeople": {"Male": "48.5%", "Median age": "44", "Female": "51.5%", "People": "71"}, "summaryTable_qsFamilies": {"for all families": "0.9", "for families with children": "2", "Families": "16", "Average children per family": "None"}}