{"GeoInfo": {"city": "Wambool"}, "summaryTable_qsDwelling": {"Median monthly mortgage repayments": "$1,684", "All private dwellings": "14", "Average people per household": "3", "Median weekly household income": "$2,124", "Median weekly rent": "$0", "Average motor vehicles per dwelling": "5"}, "summaryTable_qsPeople": {"Male": "53.3%", "Median age": "48", "Female": "46.7%", "People": "35"}, "summaryTable_qsFamilies": {"for all families": "0.6", "for families with children": "1.5", "Families": "10", "Average children per family": "None"}}