{"GeoInfo": {"city": "Wambrook"}, "summaryTable_qsDwelling": {"Median monthly mortgage repayments": "$950", "All private dwellings": "21", "Average people per household": "2.4", "Median weekly household income": "$1,062", "Median weekly rent": "$0", "Average motor vehicles per dwelling": "2.3"}, "summaryTable_qsPeople": {"Male": "52.1%", "Median age": "45", "Female": "47.9%", "People": "44"}, "summaryTable_qsFamilies": {"for all families": "0.2", "for families with children": "1", "Families": "10", "Average children per family": "None"}}