{"GeoInfo": {"city": "Wang Wauk"}, "summaryTable_qsDwelling": {"Median monthly mortgage repayments": "$1,410", "All private dwellings": "63", "Average people per household": "1.8", "Median weekly household income": "$762", "Median weekly rent": "$200", "Average motor vehicles per dwelling": "2.1"}, "summaryTable_qsPeople": {"Male": "44.9%", "Median age": "52", "Female": "55.1%", "People": "87"}, "summaryTable_qsFamilies": {"for all families": "0.2", "for families with children": "1", "Families": "19", "Average children per family": "None"}}