{"GeoInfo": {"city": "Wanganella"}, "summaryTable_qsDwelling": {"Median monthly mortgage repayments": "$434", "All private dwellings": "51", "Average people per household": "2.4", "Median weekly household income": "$1,208", "Median weekly rent": "$0", "Average motor vehicles per dwelling": "2.5"}, "summaryTable_qsPeople": {"Male": "49.4%", "Median age": "44", "Female": "50.6%", "People": "86"}, "summaryTable_qsFamilies": {"for all families": "1", "for families with children": "2.2", "Families": "14", "Average children per family": "None"}}