{"GeoInfo": {"city": "Wapengo"}, "summaryTable_qsDwelling": {"Median monthly mortgage repayments": "$433", "All private dwellings": "49", "Average people per household": "1.8", "Median weekly household income": "$883", "Median weekly rent": "$0", "Average motor vehicles per dwelling": "1.6"}, "summaryTable_qsPeople": {"Male": "48%", "Median age": "59", "Female": "52%", "People": "69"}, "summaryTable_qsFamilies": {"for all families": "0.5", "for families with children": "1.6", "Families": "21", "Average children per family": "None"}}