{"GeoInfo": {"city": "Wardrop Valley"}, "summaryTable_qsDwelling": {"Median monthly mortgage repayments": "$0", "All private dwellings": "37", "Average people per household": "2.6", "Median weekly household income": "$1,050", "Median weekly rent": "$165", "Average motor vehicles per dwelling": "1.9"}, "summaryTable_qsPeople": {"Male": "55.8%", "Median age": "46", "Female": "44.2%", "People": "89"}, "summaryTable_qsFamilies": {"for all families": "0.7", "for families with children": "2.3", "Families": "21", "Average children per family": "None"}}