{"GeoInfo": {"city": "Warkworth"}, "summaryTable_qsDwelling": {"Median monthly mortgage repayments": "$0", "All private dwellings": "27", "Average people per household": "2.8", "Median weekly household income": "$1,749", "Median weekly rent": "$268", "Average motor vehicles per dwelling": "1.9"}, "summaryTable_qsPeople": {"Male": "52.1%", "Median age": "34", "Female": "47.9%", "People": "49"}, "summaryTable_qsFamilies": {"for all families": "1.1", "for families with children": "1.9", "Families": "11", "Average children per family": "None"}}