{"GeoInfo": {"city": "Warrazambil Creek"}, "summaryTable_qsDwelling": {"Median monthly mortgage repayments": "$0", "All private dwellings": "15", "Average people per household": "2.3", "Median weekly household income": "$941", "Median weekly rent": "$0", "Average motor vehicles per dwelling": "1.6"}, "summaryTable_qsPeople": {"Male": "52.4%", "Median age": "54", "Female": "47.6%", "People": "20"}, "summaryTable_qsFamilies": {"for all families": "0.2", "for families with children": "1", "Families": "4", "Average children per family": "None"}}