{"GeoInfo": {"city": "Warregah Island"}, "summaryTable_qsDwelling": {"Median monthly mortgage repayments": "$0", "All private dwellings": "12", "Average people per household": "1.7", "Median weekly household income": "$900", "Median weekly rent": "$235", "Average motor vehicles per dwelling": "3"}, "summaryTable_qsPeople": {"Male": "55.6%", "Median age": "41", "Female": "44.4%", "People": "23"}, "summaryTable_qsFamilies": {"for all families": "0", "for families with children": "0", "Families": "5", "Average children per family": "None"}}