{"GeoInfo": {"city": "Waverly"}, "summaryTable_qsDwelling": {"Median monthly mortgage repayments": "$1,517", "All private dwellings": "22", "Average people per household": "3.2", "Median weekly household income": "$1,875", "Median weekly rent": "$0", "Average motor vehicles per dwelling": "1.8"}, "summaryTable_qsPeople": {"Male": "45.3%", "Median age": "42", "Female": "54.7%", "People": "50"}, "summaryTable_qsFamilies": {"for all families": "1", "for families with children": "3", "Families": "13", "Average children per family": "None"}}