{"GeoInfo": {"city": "Wean"}, "summaryTable_qsDwelling": {"Median monthly mortgage repayments": "$0", "All private dwellings": "9", "Average people per household": "3.6", "Median weekly household income": "$1,749", "Median weekly rent": "$0", "Average motor vehicles per dwelling": "3.5"}, "summaryTable_qsPeople": {"Male": "66.7%", "Median age": "40", "Female": "33.3%", "People": "25"}, "summaryTable_qsFamilies": {"for all families": "0.8", "for families with children": "1.4", "Families": "8", "Average children per family": "None"}}