{"GeoInfo": {"city": "Weismantels"}, "summaryTable_qsDwelling": {"Median monthly mortgage repayments": "$0", "All private dwellings": "21", "Average people per household": "2.5", "Median weekly household income": "$724", "Median weekly rent": "$0", "Average motor vehicles per dwelling": "1.3"}, "summaryTable_qsPeople": {"Male": "56.5%", "Median age": "48", "Female": "43.5%", "People": "28"}, "summaryTable_qsFamilies": {"for all families": "1", "for families with children": "2", "Families": "6", "Average children per family": "None"}}