{"GeoInfo": {"city": "Wee Jasper"}, "summaryTable_qsDwelling": {"Median monthly mortgage repayments": "$2,080", "All private dwellings": "74", "Average people per household": "2.1", "Median weekly household income": "$949", "Median weekly rent": "$250", "Average motor vehicles per dwelling": "2"}, "summaryTable_qsPeople": {"Male": "59.2%", "Median age": "54", "Female": "40.8%", "People": "100"}, "summaryTable_qsFamilies": {"for all families": "0.4", "for families with children": "1.6", "Families": "22", "Average children per family": "None"}}