{"GeoInfo": {"city": "Weilmoringle"}, "summaryTable_qsDwelling": {"Median monthly mortgage repayments": "$0", "All private dwellings": "26", "Average people per household": "2.6", "Median weekly household income": "$492", "Median weekly rent": "$80", "Average motor vehicles per dwelling": "1.1"}, "summaryTable_qsPeople": {"Male": "49.3%", "Median age": "27", "Female": "50.7%", "People": "77"}, "summaryTable_qsFamilies": {"for all families": "0.8", "for families with children": "1.6", "Families": "15", "Average children per family": "None"}}