{"GeoInfo": {"city": "Wellingrove"}, "summaryTable_qsDwelling": {"Median monthly mortgage repayments": "$1,200", "All private dwellings": "53", "Average people per household": "1.7", "Median weekly household income": "$849", "Median weekly rent": "$90", "Average motor vehicles per dwelling": "2.1"}, "summaryTable_qsPeople": {"Male": "51.1%", "Median age": "54", "Female": "48.9%", "People": "96"}, "summaryTable_qsFamilies": {"for all families": "0", "for families with children": "0", "Families": "22", "Average children per family": "None"}}