{"GeoInfo": {"city": "Wiagdon"}, "summaryTable_qsDwelling": {"Median monthly mortgage repayments": "$2,167", "All private dwellings": "17", "Average people per household": "1.6", "Median weekly household income": "$762", "Median weekly rent": "$0", "Average motor vehicles per dwelling": "2.3"}, "summaryTable_qsPeople": {"Male": "46.9%", "Median age": "52", "Female": "53.1%", "People": "37"}, "summaryTable_qsFamilies": {"for all families": "0.8", "for families with children": "3", "Families": "5", "Average children per family": "None"}}