{"GeoInfo": {"city": "Willala"}, "summaryTable_qsDwelling": {"Median monthly mortgage repayments": "$0", "All private dwellings": "36", "Average people per household": "2.2", "Median weekly household income": "$1,333", "Median weekly rent": "$0", "Average motor vehicles per dwelling": "2.5"}, "summaryTable_qsPeople": {"Male": "52.5%", "Median age": "48", "Female": "47.5%", "People": "57"}, "summaryTable_qsFamilies": {"for all families": "0.4", "for families with children": "1.5", "Families": "14", "Average children per family": "None"}}