{"GeoInfo": {"city": "Wimbledon"}, "summaryTable_qsDwelling": {"Median monthly mortgage repayments": "$2,249", "All private dwellings": "40", "Average people per household": "2.8", "Median weekly household income": "$1,708", "Median weekly rent": "$0", "Average motor vehicles per dwelling": "2.8"}, "summaryTable_qsPeople": {"Male": "51.4%", "Median age": "44", "Female": "48.6%", "People": "109"}, "summaryTable_qsFamilies": {"for all families": "0.8", "for families with children": "1.9", "Families": "24", "Average children per family": "None"}}