{"GeoInfo": {"city": "Wimborne"}, "summaryTable_qsDwelling": {"Median monthly mortgage repayments": "$0", "All private dwellings": "14", "Average people per household": "2.4", "Median weekly household income": "$2,250", "Median weekly rent": "$0", "Average motor vehicles per dwelling": "2.5"}, "summaryTable_qsPeople": {"Male": "30%", "Median age": "49", "Female": "70%", "People": "18"}, "summaryTable_qsFamilies": {"for all families": "0", "for families with children": "0", "Families": "11", "Average children per family": "None"}}