{"GeoInfo": {"city": "Wingadee"}, "summaryTable_qsDwelling": {"Median monthly mortgage repayments": "$0", "All private dwellings": "11", "Average people per household": "2.6", "Median weekly household income": "$150", "Median weekly rent": "$0", "Average motor vehicles per dwelling": "2.6"}, "summaryTable_qsPeople": {"Male": "41.2%", "Median age": "45", "Female": "58.8%", "People": "16"}, "summaryTable_qsFamilies": {"for all families": "0.6", "for families with children": "1", "Families": "3", "Average children per family": "None"}}