{"GeoInfo": {"city": "Winifred"}, "summaryTable_qsDwelling": {"Median monthly mortgage repayments": "$1,733", "All private dwellings": "23", "Average people per household": "2.2", "Median weekly household income": "$1,125", "Median weekly rent": "$0", "Average motor vehicles per dwelling": "2"}, "summaryTable_qsPeople": {"Male": "60%", "Median age": "41", "Female": "40%", "People": "29"}, "summaryTable_qsFamilies": {"for all families": "0.7", "for families with children": "2", "Families": "10", "Average children per family": "None"}}