{"GeoInfo": {"city": "Wittitrin"}, "summaryTable_qsDwelling": {"Median monthly mortgage repayments": "$867", "All private dwellings": "45", "Average people per household": "2.4", "Median weekly household income": "$687", "Median weekly rent": "$130", "Average motor vehicles per dwelling": "1.9"}, "summaryTable_qsPeople": {"Male": "49.4%", "Median age": "48", "Female": "50.6%", "People": "87"}, "summaryTable_qsFamilies": {"for all families": "0.4", "for families with children": "1.4", "Families": "23", "Average children per family": "None"}}