{"GeoInfo": {"city": "Wondalga"}, "summaryTable_qsDwelling": {"Median monthly mortgage repayments": "$1,997", "All private dwellings": "43", "Average people per household": "2.5", "Median weekly household income": "$1,625", "Median weekly rent": "$0", "Average motor vehicles per dwelling": "2.5"}, "summaryTable_qsPeople": {"Male": "53.5%", "Median age": "48", "Female": "46.5%", "People": "100"}, "summaryTable_qsFamilies": {"for all families": "0.8", "for families with children": "1.7", "Families": "31", "Average children per family": "None"}}