{"GeoInfo": {"city": "Woodburn (Shoalhaven - NSW)"}, "summaryTable_qsDwelling": {"Median monthly mortgage repayments": "$2,323", "All private dwellings": "23", "Average people per household": "2.5", "Median weekly household income": "$1,625", "Median weekly rent": "$0", "Average motor vehicles per dwelling": "2.3"}, "summaryTable_qsPeople": {"Male": "51%", "Median age": "46", "Female": "49%", "People": "54"}, "summaryTable_qsFamilies": {"for all families": "0.9", "for families with children": "1.9", "Families": "12", "Average children per family": "None"}}