{"GeoInfo": {"city": "Woodhouselee"}, "summaryTable_qsDwelling": {"Median monthly mortgage repayments": "$988", "All private dwellings": "21", "Average people per household": "1.4", "Median weekly household income": "$1,375", "Median weekly rent": "$0", "Average motor vehicles per dwelling": "2"}, "summaryTable_qsPeople": {"Male": "47.1%", "Median age": "53", "Female": "52.9%", "People": "15"}, "summaryTable_qsFamilies": {"for all families": "0", "for families with children": "0", "Families": "4", "Average children per family": "None"}}