{"GeoInfo": {"city": "Woodlands (Eurobodalla - NSW)"}, "summaryTable_qsDwelling": {"Median monthly mortgage repayments": "$867", "All private dwellings": "34", "Average people per household": "2.3", "Median weekly household income": "$1,125", "Median weekly rent": "$0", "Average motor vehicles per dwelling": "1.7"}, "summaryTable_qsPeople": {"Male": "44.7%", "Median age": "50", "Female": "55.3%", "People": "73"}, "summaryTable_qsFamilies": {"for all families": "0.8", "for families with children": "2", "Families": "13", "Average children per family": "None"}}