{"GeoInfo": {"city": "Wuuluman"}, "summaryTable_qsDwelling": {"Median monthly mortgage repayments": "$1,539", "All private dwellings": "50", "Average people per household": "2.6", "Median weekly household income": "$1,625", "Median weekly rent": "$0", "Average motor vehicles per dwelling": "2.7"}, "summaryTable_qsPeople": {"Male": "82.8%", "Median age": "32", "Female": "17.2%", "People": "776"}, "summaryTable_qsFamilies": {"for all families": "0.9", "for families with children": "2.2", "Families": "29", "Average children per family": "None"}}