{"GeoInfo": {"city": "Wylies Flat"}, "summaryTable_qsDwelling": {"Median monthly mortgage repayments": "$3,400", "All private dwellings": "21", "Average people per household": "3.3", "Median weekly household income": "$2,083", "Median weekly rent": "$250", "Average motor vehicles per dwelling": "2.3"}, "summaryTable_qsPeople": {"Male": "55.9%", "Median age": "45", "Female": "44.1%", "People": "55"}, "summaryTable_qsFamilies": {"for all families": "0.8", "for families with children": "1.3", "Families": "17", "Average children per family": "None"}}