{"GeoInfo": {"city": "Yaouk"}, "summaryTable_qsDwelling": {"Median monthly mortgage repayments": "$0", "All private dwellings": "32", "Average people per household": "1.6", "Median weekly household income": "$962", "Median weekly rent": "$0", "Average motor vehicles per dwelling": "2.3"}, "summaryTable_qsPeople": {"Male": "55%", "Median age": "64", "Female": "45%", "People": "25"}, "summaryTable_qsFamilies": {"for all families": "0", "for families with children": "0", "Families": "4", "Average children per family": "None"}}