{"GeoInfo": {"city": "Yarara"}, "summaryTable_qsDwelling": {"Median monthly mortgage repayments": "$0", "All private dwellings": "10", "Average people per household": "2", "Median weekly household income": "$2,750", "Median weekly rent": "$0", "Average motor vehicles per dwelling": "3"}, "summaryTable_qsPeople": {"Male": "44%", "Median age": "30", "Female": "56%", "People": "21"}, "summaryTable_qsFamilies": {"for all families": "2", "for families with children": "2", "Families": "6", "Average children per family": "None"}}