{"GeoInfo": {"city": "Yarragal"}, "summaryTable_qsDwelling": {"Median monthly mortgage repayments": "$650", "All private dwellings": "12", "Average people per household": "0", "Median weekly household income": "$725", "Median weekly rent": "$0", "Average motor vehicles per dwelling": "2"}, "summaryTable_qsPeople": {"Male": "46.2%", "Median age": "47", "Female": "53.8%", "People": "22"}, "summaryTable_qsFamilies": {"for all families": "0.4", "for families with children": "1", "Families": "4", "Average children per family": "None"}}