{"GeoInfo": {"city": "Yarrabin"}, "summaryTable_qsDwelling": {"Median monthly mortgage repayments": "$1,670", "All private dwellings": "46", "Average people per household": "2.3", "Median weekly household income": "$762", "Median weekly rent": "$0", "Average motor vehicles per dwelling": "1.7"}, "summaryTable_qsPeople": {"Male": "53.5%", "Median age": "49", "Female": "46.5%", "People": "87"}, "summaryTable_qsFamilies": {"for all families": "0.4", "for families with children": "1.6", "Families": "21", "Average children per family": "None"}}