{"GeoInfo": {"city": "Yarrawa"}, "summaryTable_qsDwelling": {"Median monthly mortgage repayments": "$1,350", "All private dwellings": "44", "Average people per household": "2.7", "Median weekly household income": "$1,375", "Median weekly rent": "$0", "Average motor vehicles per dwelling": "2.4"}, "summaryTable_qsPeople": {"Male": "57.1%", "Median age": "44", "Female": "42.9%", "People": "98"}, "summaryTable_qsFamilies": {"for all families": "0.9", "for families with children": "2.1", "Families": "25", "Average children per family": "None"}}