{"GeoInfo": {"city": "Yarrie Lake"}, "summaryTable_qsDwelling": {"Median monthly mortgage repayments": "$1,259", "All private dwellings": "30", "Average people per household": "2.1", "Median weekly household income": "$1,312", "Median weekly rent": "$0", "Average motor vehicles per dwelling": "2.5"}, "summaryTable_qsPeople": {"Male": "46.3%", "Median age": "52", "Female": "53.7%", "People": "65"}, "summaryTable_qsFamilies": {"for all families": "0.6", "for families with children": "1.3", "Families": "17", "Average children per family": "None"}}