{"GeoInfo": {"city": "Yessabah"}, "summaryTable_qsDwelling": {"Median monthly mortgage repayments": "$1,473", "All private dwellings": "46", "Average people per household": "2.3", "Median weekly household income": "$850", "Median weekly rent": "$100", "Average motor vehicles per dwelling": "1.9"}, "summaryTable_qsPeople": {"Male": "55.2%", "Median age": "57", "Female": "44.8%", "People": "107"}, "summaryTable_qsFamilies": {"for all families": "0.5", "for families with children": "1.8", "Families": "31", "Average children per family": "None"}}