{"GeoInfo": {"city": "Zara"}, "summaryTable_qsDwelling": {"Median monthly mortgage repayments": "$1,300", "All private dwellings": "35", "Average people per household": "2.4", "Median weekly household income": "$1,031", "Median weekly rent": "$100", "Average motor vehicles per dwelling": "2"}, "summaryTable_qsPeople": {"Male": "50.7%", "Median age": "50", "Female": "49.3%", "People": "76"}, "summaryTable_qsFamilies": {"for all families": "0.6", "for families with children": "1.5", "Families": "17", "Average children per family": "None"}}