{"Employment - hours worked": {"40 hours or more per week": {"Akolele": "11", "Australia": "4,591,801", "Australia_%": "43.0", "New South Wales_%": "44.1", "Akolele_%": "40.7", "New South Wales": "1,489,099"}, "25-34 hours per week": {"Akolele": "4", "Australia": "1,193,445", "Australia_%": "11.2", "New South Wales_%": "10.5", "Akolele_%": "14.8", "New South Wales": "353,702"}, "16-24 hours per week": {"Akolele": "3", "Australia": "1,079,236", "Australia_%": "10.1", "New South Wales_%": "10.4", "Akolele_%": "11.1", "New South Wales": "352,817"}, "35-39 hours per week": {"Akolele": "5", "Australia": "2,031,263", "Australia_%": "19.0", "New South Wales_%": "19.1", "Akolele_%": "18.5", "New South Wales": "645,428"}, "1-15 hours per week": {"Akolele": "4", "Australia": "1,218,823", "Australia_%": "11.4", "New South Wales_%": "10.8", "Akolele_%": "14.8", "New South Wales": "364,637"}}, "Number of registered motor vehicles": {"2 motor vehicles": {"Akolele": "15", "Australia": "2,999,184", "Australia_%": "36.2", "New South Wales_%": "34.1", "Akolele_%": "38.5", "New South Wales": "887,849"}, "None": {"Akolele": "3", "Australia": "623,829", "Australia_%": "7.5", "New South Wales_%": "9.2", "Akolele_%": "7.7", "New South Wales": "239,625"}, "Number of motor vehicles not stated": {"Akolele": "0", "Australia": "285,197", "Australia_%": "3.4", "New South Wales_%": "3.7", "Akolele_%": "0.0", "New South Wales": "95,623"}, "1 motor vehicle": {"Akolele": "15", "Australia": "2,881,485", "Australia_%": "34.8", "New South Wales_%": "36.3", "Akolele_%": "38.5", "New South Wales": "946,159"}, "3 or more vehicles": {"Akolele": "6", "Australia": "1,496,382", "Australia_%": "18.1", "New South Wales_%": "16.7", "Akolele_%": "15.4", "New South Wales": "435,053"}}, "Employment status of parents in couple families": {"Labour force status not stated (by one or both parents in a couple family)": {"Akolele": "0", "Australia": "311,381", "Australia_%": "6.2", "New South Wales_%": "5.7", "Akolele_%": "0.0", "New South Wales": "90,630"}, "One employed full-time, one part-time": {"Akolele": "3", "Australia": "1,086,460", "Australia_%": "21.7", "New South Wales_%": "20.6", "Akolele_%": "15.0", "New South Wales": "329,567"}, "One employed part-time, other not working": {"Akolele": "0", "Australia": "302,037", "Australia_%": "6.0", "New South Wales_%": "6.1", "Akolele_%": "0.0", "New South Wales": "96,933"}, "Other (includes away from work)": {"Akolele": "0", "Australia": "264,145", "Australia_%": "5.3", "New South Wales_%": "5.1", "Akolele_%": "0.0", "New South Wales": "80,905"}, "Both employed, worked full-time": {"Akolele": "5", "Australia": "1,084,006", "Australia_%": "21.6", "New South Wales_%": "22.6", "Akolele_%": "25.0", "New South Wales": "360,916"}, "One employed full-time, other not working": {"Akolele": "0", "Australia": "749,886", "Australia_%": "15.0", "New South Wales_%": "15.0", "Akolele_%": "0.0", "New South Wales": "240,084"}, "Both employed, worked part-time": {"Akolele": "0", "Australia": "203,596", "Australia_%": "4.1", "New South Wales_%": "4.0", "Akolele_%": "0.0", "New South Wales": "63,106"}, "Both not working": {"Akolele": "12", "Australia": "1,006,697", "Australia_%": "20.1", "New South Wales_%": "21.0", "Akolele_%": "60.0", "New South Wales": "334,742"}}, "Country of birth of mother, stated responses": {"New Zealand": {"Akolele": "5", "Australia": "608,329", "Australia_%": "2.6", "New South Wales_%": "1.9", "Akolele_%": "3.1", "New South Wales": "139,899"}, "Australia": {"Akolele": "103", "Australia": "12,643,365", "Australia_%": "54.0", "New South Wales_%": "51.9", "Akolele_%": "64.0", "New South Wales": "3,884,762"}, "England": {"Akolele": "4", "Australia": "1,302,147", "Australia_%": "5.6", "New South Wales_%": "4.3", "Akolele_%": "2.5", "New South Wales": "322,472"}, "United Kingdom, Channel Islands and Isle of Man, nfd": {"Akolele": "3", "Australia": "155,231", "Australia_%": "0.7", "New South Wales_%": "0.5", "Akolele_%": "1.9", "New South Wales": "38,504"}}, "Dwelling structure": {"Other dwelling": {"Akolele": "0", "Australia": "64,425", "Australia_%": "0.8", "New South Wales_%": "0.9", "Akolele_%": "0.0", "New South Wales": "23,580"}, "Semi-detached, row or terrace house, townhouse etc": {"Akolele": "0", "Australia": "1,055,016", "Australia_%": "12.7", "New South Wales_%": "12.2", "Akolele_%": "0.0", "New South Wales": "317,453"}, "Separate house": {"Akolele": "44", "Australia": "6,041,788", "Australia_%": "72.9", "New South Wales_%": "66.4", "Akolele_%": "100.0", "New South Wales": "1,729,820"}, "Flat or apartment": {"Akolele": "0", "Australia": "1,087,434", "Australia_%": "13.1", "New South Wales_%": "19.9", "Akolele_%": "0.0", "New South Wales": "519,390"}}, "Number of bedrooms": {"1 bedroom": {"Akolele": "0", "Australia": "411,252", "Australia_%": "5.0", "New South Wales_%": "6.0", "Akolele_%": "0.0", "New South Wales": "157,194"}, "3 bedrooms": {"Akolele": "16", "Australia": "3,403,190", "Australia_%": "41.1", "New South Wales_%": "37.2", "Akolele_%": "40.0", "New South Wales": "970,001"}, "Average number of people per household": {"Akolele": "2.6", "Australia": "2.6", "Australia_%": "--", "New South Wales_%": "--", "Akolele_%": "--", "New South Wales": "2.6"}, "2 bedrooms": {"Akolele": "8", "Australia": "1,562,759", "Australia_%": "18.9", "New South Wales_%": "22.2", "Akolele_%": "20.0", "New South Wales": "577,675"}, "4 or more bedrooms": {"Akolele": "16", "Australia": "2,670,758", "Australia_%": "32.2", "New South Wales_%": "31.3", "Akolele_%": "40.0", "New South Wales": "816,405"}, "None (includes bedsitters)": {"Akolele": "0", "Australia": "39,769", "Australia_%": "0.5", "New South Wales_%": "0.7", "Akolele_%": "0.0", "New South Wales": "17,157"}, "Number of bedrooms not stated": {"Akolele": "0", "Australia": "198,351", "Australia_%": "2.4", "New South Wales_%": "2.5", "Akolele_%": "0.0", "New South Wales": "65,888"}, "Average number of bedrooms per dwelling": {"Akolele": "3.3", "Australia": "3.1", "Australia_%": "--", "New South Wales_%": "--", "Akolele_%": "--", "New South Wales": "3"}}, "summaryTable_qsFamilies": {"for all families": "0.8", "for families with children": "2.2", "Families": "31", "Average children per family": "None"}, "People characteristics": {"Male": {"Akolele": "35", "Australia": "322,171", "Australia_%": "49.6", "New South Wales_%": "49.7", "Akolele_%": "51.5", "New South Wales": "107,368"}, "Median age": {"Akolele": "28", "Australia": "23", "Australia_%": "--", "New South Wales_%": "--", "Akolele_%": "--", "New South Wales": "22"}, "Female": {"Akolele": "33", "Australia": "326,996", "Australia_%": "50.4", "New South Wales_%": "50.3", "Akolele_%": "48.5", "New South Wales": "108,809"}}, "Dwelling count": {"Unoccupied private dwellings": {"Akolele": "33", "Australia": "1,039,874", "Australia_%": "11.2", "New South Wales_%": "9.9", "Akolele_%": "42.9", "New South Wales": "284,741"}, "Occupied private dwellings": {"Akolele": "44", "Australia": "8,286,073", "Australia_%": "88.8", "New South Wales_%": "90.1", "Akolele_%": "57.1", "New South Wales": "2,604,320"}}, "Level of highest educational attainment": {"Certificate level III": {"Akolele": "13", "Australia": "2,442,203", "Australia_%": "12.8", "New South Wales_%": "12.0", "Akolele_%": "9.6", "New South Wales": "730,498"}, "Certificate level II": {"Akolele": "0", "Australia": "13,454", "Australia_%": "0.1", "New South Wales_%": "0.1", "Akolele_%": "0.0", "New South Wales": "4,849"}, "No educational attainment": {"Akolele": "0", "Australia": "145,844", "Australia_%": "0.8", "New South Wales_%": "0.9", "Akolele_%": "0.0", "New South Wales": "54,870"}, "Bachelor Degree level and above": {"Akolele": "13", "Australia": "4,181,406", "Australia_%": "22.0", "New South Wales_%": "23.4", "Akolele_%": "9.6", "New South Wales": "1,424,716"}, "Certificate level I": {"Akolele": "0", "Australia": "2,176", "Australia_%": "0.0", "New South Wales_%": "0.0", "Akolele_%": "0.0", "New South Wales": "625"}, "Year 11": {"Akolele": "9", "Australia": "941,531", "Australia_%": "4.9", "New South Wales_%": "3.3", "Akolele_%": "6.6", "New South Wales": "203,574"}, "Not stated": {"Akolele": "46", "Australia": "1,974,794", "Australia_%": "10.4", "New South Wales_%": "10.3", "Akolele_%": "33.8", "New South Wales": "627,465"}, "Year 9 or below": {"Akolele": "19", "Australia": "1,529,897", "Australia_%": "8.0", "New South Wales_%": "8.4", "Akolele_%": "14.0", "New South Wales": "513,209"}, "Certificate level IV": {"Akolele": "3", "Australia": "551,767", "Australia_%": "2.9", "New South Wales_%": "2.8", "Akolele_%": "2.2", "New South Wales": "167,947"}, "Year 10": {"Akolele": "11", "Australia": "2,054,331", "Australia_%": "10.8", "New South Wales_%": "11.5", "Akolele_%": "8.1", "New South Wales": "702,178"}, "Year 12": {"Akolele": "14", "Australia": "2,994,097", "Australia_%": "15.7", "New South Wales_%": "15.3", "Akolele_%": "10.3", "New South Wales": "930,654"}, "Advanced Diploma and Diploma level": {"Akolele": "0", "Australia": "1,687,893", "Australia_%": "8.9", "New South Wales_%": "8.9", "Akolele_%": "0.0", "New South Wales": "543,142"}}, "Median weekly incomes": {"Personal": {"Akolele": "340", "Australia": "662", "Australia_%": "--", "New South Wales_%": "--", "Akolele_%": "--", "New South Wales": "664"}, "Household": {"Akolele": "687", "Australia": "1,438", "Australia_%": "--", "New South Wales_%": "--", "Akolele_%": "--", "New South Wales": "1,486"}, "Family": {"Akolele": "749", "Australia": "1,734", "Australia_%": "--", "New South Wales_%": "--", "Akolele_%": "--", "New South Wales": "1,780"}}, "Family composition": {"Other family": {"Akolele": "0", "Australia": "102,559", "Australia_%": "1.7", "New South Wales_%": "1.7", "Akolele_%": "0.0", "New South Wales": "32,438"}, "Couple family with children": {"Akolele": "12", "Australia": "2,716,224", "Australia_%": "44.7", "New South Wales_%": "45.7", "Akolele_%": "31.6", "New South Wales": "887,358"}, "Couple family without children": {"Akolele": "14", "Australia": "2,291,987", "Australia_%": "37.8", "New South Wales_%": "36.6", "Akolele_%": "36.8", "New South Wales": "709,524"}, "One parent family": {"Akolele": "12", "Australia": "959,543", "Australia_%": "15.8", "New South Wales_%": "16.0", "Akolele_%": "31.6", "New South Wales": "310,906"}}, "Dwelling internet connection": {"Not stated": {"Akolele": "0", "Australia": "221,494", "Australia_%": "2.7", "New South Wales_%": "2.8", "Akolele_%": "0.0", "New South Wales": "73,565"}, "Internet not accessed from dwelling": {"Akolele": "11", "Australia": "1,172,415", "Australia_%": "14.1", "New South Wales_%": "14.7", "Akolele_%": "26.8", "New South Wales": "381,709"}, "Internet accessed from dwelling": {"Akolele": "30", "Australia": "6,892,165", "Australia_%": "83.2", "New South Wales_%": "82.5", "Akolele_%": "73.2", "New South Wales": "2,149,040"}}, "Social marital status": {"Not married": {"Akolele": "45", "Australia": "7,024,973", "Australia_%": "41.9", "New South Wales_%": "42.3", "Akolele_%": "49.5", "New South Wales": "2,290,887"}, "De facto marriage": {"Akolele": "6", "Australia": "1,751,731", "Australia_%": "10.4", "New South Wales_%": "9.4", "Akolele_%": "6.6", "New South Wales": "506,133"}, "Registered marriage": {"Akolele": "40", "Australia": "8,001,141", "Australia_%": "47.7", "New South Wales_%": "48.3", "Akolele_%": "44.0", "New South Wales": "2,612,630"}}, "Household composition": {"Family households": {"Akolele": "30", "Australia": "5,907,625", "Australia_%": "71.3", "New South Wales_%": "72.0", "Akolele_%": "69.8", "New South Wales": "1,874,524"}, "Group households": {"Akolele": "0", "Australia": "354,917", "Australia_%": "4.3", "New South Wales_%": "4.2", "Akolele_%": "0.0", "New South Wales": "109,004"}, "Single (or lone) person households": {"Akolele": "13", "Australia": "2,023,542", "Australia_%": "24.4", "New South Wales_%": "23.8", "Akolele_%": "30.2", "New South Wales": "620,778"}}, "People": {"Male": {"Akolele": "85", "Australia": "11,546,638", "Australia_%": "49.3", "New South Wales_%": "49.3", "Akolele_%": "49.7", "New South Wales": "3,686,014"}, "Aboriginal and/or Torres Strait Islander people": {"Akolele": "67", "Australia": "649,171", "Australia_%": "2.8", "New South Wales_%": "2.9", "Akolele_%": "39.4", "New South Wales": "216,176"}, "Female": {"Akolele": "86", "Australia": "11,855,248", "Australia_%": "50.7", "New South Wales_%": "50.7", "Akolele_%": "50.3", "New South Wales": "3,794,217"}}, "Language, top responses (other than English)": {"Households where a non English language is spoken": {"Akolele": "8", "Australia": "1,971,011", "Australia_%": "22.2", "New South Wales_%": "26.5", "Akolele_%": "13.3", "New South Wales": "735,563"}, "null": {"Akolele": null, "Australia": "None", "Australia_%": "None", "New South Wales_%": "None", "Akolele_%": null, "New South Wales": "None"}, "English only spoken at home": {"Akolele": "120", "Australia": "17,020,417", "Australia_%": "72.7", "New South Wales_%": "68.5", "Akolele_%": "73.2", "New South Wales": "5,126,633"}}, "summaryTable_qsDwelling": {"Median monthly mortgage repayments": "$1,475", "All private dwellings": "87", "Average people per household": "2.6", "Median weekly household income": "$687", "Median weekly rent": "$165", "Average motor vehicles per dwelling": "1.7"}, "Household income": {"Less than $650 gross weekly income": {"Akolele": "--", "Australia": "--", "Australia_%": "20.0", "New South Wales_%": "19.7", "Akolele_%": "48.7", "New South Wales": "--"}, "More than $3000 gross weekly income": {"Akolele": "--", "Australia": "--", "Australia_%": "16.4", "New South Wales_%": "18.7", "Akolele_%": "0.0", "New South Wales": "--"}}, "Country of birth": {"Other top responses": {"Akolele": "None", "Akolele_%": "None"}, "New Zealand": {"Akolele": "7", "Australia": "518,466", "Australia_%": "2.2", "New South Wales_%": "1.6", "Akolele_%": "4.1", "New South Wales": "117,136"}, "Australia": {"Akolele": "122", "Australia": "15,614,835", "Australia_%": "66.7", "New South Wales_%": "65.5", "Akolele_%": "70.9", "New South Wales": "4,899,090"}, "England": {"Akolele": "3", "Australia": "907,570", "Australia_%": "3.9", "New South Wales_%": "3.0", "Akolele_%": "1.7", "New South Wales": "226,564"}}, "Religious affiliation, top responses": {"No Religion, so described": {"Akolele": "67", "Australia": "6,933,708", "Australia_%": "29.6", "New South Wales_%": "25.1", "Akolele_%": "39.0", "New South Wales": "1,879,562"}, "Anglican": {"Akolele": "25", "Australia": "3,101,185", "Australia_%": "13.3", "New South Wales_%": "15.5", "Akolele_%": "14.5", "New South Wales": "1,161,810"}, "Not stated": {"Akolele": "52", "Australia": "2,238,735", "Australia_%": "9.6", "New South Wales_%": "9.2", "Akolele_%": "30.2", "New South Wales": "684,969"}, "Seventh-day Adventist": {"Akolele": "9", "Australia": "62,945", "Australia_%": "0.3", "New South Wales_%": "0.3", "Akolele_%": "5.2", "New South Wales": "22,659"}, "Catholic": {"Akolele": "9", "Australia": "5,291,834", "Australia_%": "22.6", "New South Wales_%": "24.7", "Akolele_%": "5.2", "New South Wales": "1,846,443"}}, "Ancestry, top responses": {"Australian": {"Akolele": "40", "Australia": "7,298,243", "Australia_%": "23.3", "New South Wales_%": "22.9", "Akolele_%": "20.9", "New South Wales": "2,261,062"}, "Scottish": {"Akolele": "10", "Australia": "2,023,470", "Australia_%": "6.4", "New South Wales_%": "5.9", "Akolele_%": "5.2", "New South Wales": "587,052"}, "Australian Aboriginal": {"Akolele": "42", "Australia": "144,173", "Australia_%": "0.5", "New South Wales_%": "0.3", "Akolele_%": "22.0", "New South Wales": "30,849"}, "Irish": {"Akolele": "3", "Australia": "2,388,058", "Australia_%": "7.6", "New South Wales_%": "7.5", "Akolele_%": "1.6", "New South Wales": "741,671"}, "English": {"Akolele": "47", "Australia": "7,852,224", "Australia_%": "25.0", "New South Wales_%": "23.3", "Akolele_%": "24.6", "New South Wales": "2,302,481"}}, "Age": {"35-39 years": {"Akolele": "5", "Australia": "1,561,679", "Australia_%": "6.7", "New South Wales_%": "6.7", "Akolele_%": "2.8", "New South Wales": "499,724"}, "60-64 years": {"Akolele": "13", "Australia": "1,299,397", "Australia_%": "5.6", "New South Wales_%": "5.6", "Akolele_%": "7.4", "New South Wales": "420,044"}, "30-34 years": {"Akolele": "9", "Australia": "1,703,847", "Australia_%": "7.3", "New South Wales_%": "7.2", "Akolele_%": "5.1", "New South Wales": "540,360"}, "0-4 years": {"Akolele": "9", "Australia": "1,464,779", "Australia_%": "6.3", "New South Wales_%": "6.2", "Akolele_%": "5.1", "New South Wales": "465,135"}, "25-29 years": {"Akolele": "16", "Australia": "1,664,602", "Australia_%": "7.1", "New South Wales_%": "7.0", "Akolele_%": "9.1", "New South Wales": "527,161"}, "10-14 years": {"Akolele": "17", "Australia": "1,397,183", "Australia_%": "6.0", "New South Wales_%": "5.9", "Akolele_%": "9.7", "New South Wales": "443,009"}, "5-9 years": {"Akolele": "13", "Australia": "1,502,646", "Australia_%": "6.4", "New South Wales_%": "6.4", "Akolele_%": "7.4", "New South Wales": "478,184"}, "Median age": {"Akolele": "33", "Australia": "38", "Australia_%": "--", "New South Wales_%": "--", "Akolele_%": "--", "New South Wales": "38"}, "50-54 years": {"Akolele": "9", "Australia": "1,523,551", "Australia_%": "6.5", "New South Wales_%": "6.5", "Akolele_%": "5.1", "New South Wales": "485,546"}, "80-84 years": {"Akolele": "10", "Australia": "460,549", "Australia_%": "2.0", "New South Wales_%": "2.1", "Akolele_%": "5.7", "New South Wales": "155,806"}, "40-44 years": {"Akolele": "9", "Australia": "1,583,257", "Australia_%": "6.8", "New South Wales_%": "6.7", "Akolele_%": "5.1", "New South Wales": "503,169"}, "70-74 years": {"Akolele": "9", "Australia": "887,716", "Australia_%": "3.8", "New South Wales_%": "3.9", "Akolele_%": "5.1", "New South Wales": "292,556"}, "15-19 years": {"Akolele": "10", "Australia": "1,421,595", "Australia_%": "6.1", "New South Wales_%": "6.0", "Akolele_%": "5.7", "New South Wales": "448,425"}, "65-69 years": {"Akolele": "16", "Australia": "1,188,999", "Australia_%": "5.1", "New South Wales_%": "5.1", "Akolele_%": "9.1", "New South Wales": "384,470"}, "20-24 years": {"Akolele": "12", "Australia": "1,566,793", "Australia_%": "6.7", "New South Wales_%": "6.5", "Akolele_%": "6.8", "New South Wales": "489,673"}, "55-59 years": {"Akolele": "12", "Australia": "1,454,332", "Australia_%": "6.2", "New South Wales_%": "6.3", "Akolele_%": "6.8", "New South Wales": "469,726"}, "75-79 years": {"Akolele": "4", "Australia": "652,657", "Australia_%": "2.8", "New South Wales_%": "2.9", "Akolele_%": "2.3", "New South Wales": "217,308"}, "45-49 years": {"Akolele": "3", "Australia": "1,581,455", "Australia_%": "6.8", "New South Wales_%": "6.6", "Akolele_%": "1.7", "New South Wales": "492,440"}, "85 years and over": {"Akolele": "0", "Australia": "486,842", "Australia_%": "2.1", "New South Wales_%": "2.2", "Akolele_%": "0.0", "New South Wales": "167,506"}}, "Single (or lone) parents": {"Male": {"Akolele": "--", "Australia": "--", "Australia_%": "18.2", "New South Wales_%": "17.8", "Akolele_%": "33.3", "New South Wales": "--"}, "Female": {"Akolele": "--", "Australia": "--", "Australia_%": "81.8", "New South Wales_%": "82.2", "Akolele_%": "66.7", "New South Wales": "--"}}, "Mortgage monthly repayments": {"Median mortgage repayments": {"Akolele": "1,475", "Australia": "1,755", "Australia_%": "--", "New South Wales_%": "--", "Akolele_%": "--", "New South Wales": "1,986"}, "Households where mortgage repayments are less than 30% of household income": {"Akolele": "--", "Australia": "--", "Australia_%": "92.8", "New South Wales_%": "92.6", "Akolele_%": "100.0", "New South Wales": "--"}, "Households with mortgage repayments greater than or equal to 30% of household income": {"Akolele": "--", "Australia": "--", "Australia_%": "7.2", "New South Wales_%": "7.4", "Akolele_%": "0.0", "New South Wales": "--"}}, "Mortgage and rent": {"Median monthly mortgage repayments": {"Akolele": "0", "Australia": "1,660", "Australia_%": "--", "New South Wales_%": "--", "Akolele_%": "--", "New South Wales": "1,733"}, "Median weekly rent": {"Akolele": "160", "Australia": "250", "Australia_%": "--", "New South Wales_%": "--", "Akolele_%": "--", "New South Wales": "270"}}, "Tenure": {"Rented": {"Akolele": "24", "Australia": "2,561,302", "Australia_%": "30.9", "New South Wales_%": "31.8", "Akolele_%": "51.1", "New South Wales": "826,922"}, "Owned outright": {"Akolele": "17", "Australia": "2,565,695", "Australia_%": "31.0", "New South Wales_%": "32.2", "Akolele_%": "36.2", "New South Wales": "839,665"}, "Owned with a mortgage": {"Akolele": "6", "Australia": "2,855,222", "Australia_%": "34.5", "New South Wales_%": "32.3", "Akolele_%": "12.8", "New South Wales": "840,004"}, "Tenure type not stated": {"Akolele": "0", "Australia": "224,869", "Australia_%": "2.7", "New South Wales_%": "2.8", "Akolele_%": "0.0", "New South Wales": "73,763"}, "Other tenure type": {"Akolele": "0", "Australia": "78,994", "Australia_%": "1.0", "New South Wales_%": "0.9", "Akolele_%": "0.0", "New South Wales": "23,968"}}, "Country of birth of father, stated responses": {"United Kingdom, Channel Islands and Isle of Man, nfd": {"Akolele": "3", "Australia": "177,536", "Australia_%": "0.8", "New South Wales_%": "0.6", "Akolele_%": "1.8", "New South Wales": "45,238"}, "Australia": {"Akolele": "108", "Australia": "12,231,150", "Australia_%": "52.3", "New South Wales_%": "50.1", "Akolele_%": "66.3", "New South Wales": "3,745,787"}, "England": {"Akolele": "6", "Australia": "1,403,096", "Australia_%": "6.0", "New South Wales_%": "4.8", "Akolele_%": "3.7", "New South Wales": "359,370"}}, "Country of birth of father and/or mother, stated responses": {"Father only born overseas": {"Akolele": "0", "Australia": "1,488,092", "Australia_%": "6.4", "New South Wales_%": "6.1", "Akolele_%": "0.0", "New South Wales": "458,394"}, "Mother only born overseas": {"Akolele": "7", "Australia": "1,094,591", "Australia_%": "4.7", "New South Wales_%": "4.3", "Akolele_%": "4.2", "New South Wales": "325,182"}, "Both parents born overseas": {"Akolele": "11", "Australia": "8,051,196", "Australia_%": "34.4", "New South Wales_%": "37.0", "Akolele_%": "6.7", "New South Wales": "2,764,170"}, "Both parents born in Australia": {"Akolele": "101", "Australia": "11,070,538", "Australia_%": "47.3", "New South Wales_%": "45.4", "Akolele_%": "61.2", "New South Wales": "3,399,725"}}, "Rent weekly payments": {"Households where rent payments are less than 30% of household income": {"Akolele": "--", "Australia": "--", "Australia_%": "88.5", "New South Wales_%": "87.1", "Akolele_%": "80.5", "New South Wales": "--"}, "Households with rent payments greater than or equal to 30% of household income": {"Akolele": "--", "Australia": "--", "Australia_%": "11.5", "New South Wales_%": "12.9", "Akolele_%": "19.5", "New South Wales": "--"}, "Median rent": {"Akolele": "165", "Australia": "335", "Australia_%": "--", "New South Wales_%": "--", "Akolele_%": "--", "New South Wales": "380"}}, "Registered marital status": {"Separated": {"Akolele": "0", "Australia": "608,059", "Australia_%": "3.2", "New South Wales_%": "3.1", "Akolele_%": "0.0", "New South Wales": "190,198"}, "Widowed": {"Akolele": "3", "Australia": "985,204", "Australia_%": "5.2", "New South Wales_%": "5.4", "Akolele_%": "2.3", "New South Wales": "331,653"}, "Married": {"Akolele": "51", "Australia": "9,148,218", "Australia_%": "48.1", "New South Wales_%": "48.7", "Akolele_%": "38.9", "New South Wales": "2,965,280"}, "Divorced": {"Akolele": "13", "Australia": "1,626,890", "Australia_%": "8.5", "New South Wales_%": "8.4", "Akolele_%": "9.9", "New South Wales": "512,298"}, "Never married": {"Akolele": "64", "Australia": "6,668,910", "Australia_%": "35.0", "New South Wales_%": "34.4", "Akolele_%": "48.9", "New South Wales": "2,094,460"}}, "summaryTable_qsPeople": {"Male": "49.7%", "Median age": "33", "Female": "50.3%", "People": "173"}, "Dwelling characteristics": {"Average number of people per household": {"Akolele": "2.5", "Australia": "3.2", "Australia_%": "--", "New South Wales_%": "--", "Akolele_%": "--", "New South Wales": "3.1"}, "Average number of persons per bedroom": {"Akolele": "0.6", "Australia": "1", "Australia_%": "--", "New South Wales_%": "--", "Akolele_%": "--", "New South Wales": "1"}, "Median weekly household income": {"Akolele": "575", "Australia": "1,203", "Australia_%": "--", "New South Wales_%": "--", "Akolele_%": "--", "New South Wales": "1,214"}}, "Unpaid work": {"Did unpaid domestic work (last week)": {"Akolele": "76", "Australia": "13,143,914", "Australia_%": "69.0", "New South Wales_%": "67.7", "Akolele_%": "57.6", "New South Wales": "4,127,723"}, "Provided unpaid assistance to a person with a disability (last two weeks)": {"Akolele": "16", "Australia": "2,145,203", "Australia_%": "11.3", "New South Wales_%": "11.6", "Akolele_%": "11.9", "New South Wales": "709,415"}, "Did voluntary work through an organisation or group (last 12 months)": {"Akolele": "24", "Australia": "3,620,726", "Australia_%": "19.0", "New South Wales_%": "18.1", "Akolele_%": "17.9", "New South Wales": "1,103,790"}, "Cared for child/children (last two weeks)": {"Akolele": "27", "Australia": "5,259,400", "Australia_%": "27.6", "New South Wales_%": "27.2", "Akolele_%": "19.6", "New South Wales": "1,659,250"}}, "Unpaid domestic work, number of hours": {"5 to 14 hours per week": {"Akolele": "17", "Australia": "4,944,578", "Australia_%": "26.0", "New South Wales_%": "25.1", "Akolele_%": "13.6", "New South Wales": "1,531,206"}, "30 hours or more per week": {"Akolele": "18", "Australia": "1,710,970", "Australia_%": "9.0", "New South Wales_%": "9.0", "Akolele_%": "14.4", "New South Wales": "545,925"}, "Less than 5 hours per week": {"Akolele": "17", "Australia": "4,298,593", "Australia_%": "22.6", "New South Wales_%": "22.3", "Akolele_%": "13.6", "New South Wales": "1,359,656"}, "15 to 29 hours per week": {"Akolele": "17", "Australia": "2,189,776", "Australia_%": "11.5", "New South Wales_%": "11.3", "Akolele_%": "13.6", "New South Wales": "690,934"}}, "Industry of employment, top responses": {"Postal Services": {"Akolele": "4", "Australia": "41,357", "Australia_%": "0.4", "New South Wales_%": "0.4", "Akolele_%": "22.2", "New South Wales": "12,757"}, "Supermarket and Grocery Stores": {"Akolele": "4", "Australia": "254,275", "Australia_%": "2.4", "New South Wales_%": "2.2", "Akolele_%": "22.2", "New South Wales": "74,487"}, "Bricklaying Services": {"Akolele": "3", "Australia": "14,509", "Australia_%": "0.1", "New South Wales_%": "0.1", "Akolele_%": "16.7", "New South Wales": "4,623"}, "Accommodation": {"Akolele": "3", "Australia": "113,377", "Australia_%": "1.1", "New South Wales_%": "1.0", "Akolele_%": "16.7", "New South Wales": "34,450"}, "Other Allied Health Services": {"Akolele": "4", "Australia": "68,701", "Australia_%": "0.6", "New South Wales_%": "0.6", "Akolele_%": "22.2", "New South Wales": "21,236"}}, "GeoInfo": {"city": "Akolele"}, "Education": {"University or tertiary institution": {"Akolele": "0", "Australia": "1,160,626", "Australia_%": "16.1", "New South Wales_%": "16.2", "Akolele_%": "0.0", "New South Wales": "376,133"}, "Secondary - Catholic": {"Akolele": "0", "Australia": "338,384", "Australia_%": "4.7", "New South Wales_%": "5.1", "Akolele_%": "0.0", "New South Wales": "117,689"}, "Secondary - other non Government": {"Akolele": "3", "Australia": "280,618", "Australia_%": "3.9", "New South Wales_%": "3.4", "Akolele_%": "3.9", "New South Wales": "79,915"}, "Primary - Catholic": {"Akolele": "0", "Australia": "380,604", "Australia_%": "5.3", "New South Wales_%": "5.3", "Akolele_%": "0.0", "New South Wales": "122,099"}, "Primary - Government": {"Akolele": "11", "Australia": "1,314,787", "Australia_%": "18.2", "New South Wales_%": "18.0", "Akolele_%": "14.5", "New South Wales": "417,465"}, "Other": {"Akolele": "0", "Australia": "198,383", "Australia_%": "2.8", "New South Wales_%": "2.7", "Akolele_%": "0.0", "New South Wales": "63,673"}, "Technical or further education institution": {"Akolele": "0", "Australia": "424,869", "Australia_%": "5.9", "New South Wales_%": "6.2", "Akolele_%": "0.0", "New South Wales": "144,103"}, "Secondary - Government": {"Akolele": "12", "Australia": "827,505", "Australia_%": "11.5", "New South Wales_%": "11.6", "Akolele_%": "15.8", "New South Wales": "269,249"}, "Primary - other non Government": {"Akolele": "0", "Australia": "231,490", "Australia_%": "3.2", "New South Wales_%": "2.9", "Akolele_%": "0.0", "New South Wales": "67,611"}, "Not stated": {"Akolele": "47", "Australia": "1,707,023", "Australia_%": "23.7", "New South Wales_%": "23.0", "Akolele_%": "61.8", "New South Wales": "535,266"}, "Preschool": {"Akolele": "3", "Australia": "347,621", "Australia_%": "4.8", "New South Wales_%": "5.7", "Akolele_%": "3.9", "New South Wales": "132,047"}}, "Employment": {"Unemployed": {"Akolele": "0", "Australia": "787,452", "Australia_%": "6.9", "New South Wales_%": "6.3", "Akolele_%": "0.0", "New South Wales": "225,546"}, "Worked part-time": {"Akolele": "11", "Australia": "3,491,503", "Australia_%": "30.4", "New South Wales_%": "29.7", "Akolele_%": "45.8", "New South Wales": "1,071,151"}, "Away from work": {"Akolele": "0", "Australia": "569,276", "Australia_%": "5.0", "New South Wales_%": "4.8", "Akolele_%": "0.0", "New South Wales": "174,654"}, "Worked full-time": {"Akolele": "13", "Australia": "6,623,065", "Australia_%": "57.7", "New South Wales_%": "59.2", "Akolele_%": "54.2", "New South Wales": "2,134,521"}}, "Travel to work, top responses": {"People who travelled to work by car as driver or passenger": {"Akolele": "22", "Australia": "7,305,271", "Australia_%": "68.4", "New South Wales_%": "64.6", "Akolele_%": "88.0", "New South Wales": "2,182,854"}, "Car, as driver": {"Akolele": "25", "Australia": "6,574,571", "Australia_%": "61.5", "New South Wales_%": "57.8", "Akolele_%": "89.3", "New South Wales": "1,953,399"}, "null": {"Akolele": null, "Australia": "None", "Australia_%": "None", "New South Wales_%": "None", "Akolele_%": null, "New South Wales": "None"}}, "Occupation": {"Professionals": {"Akolele": "8", "Australia": "2,370,966", "Australia_%": "22.2", "New South Wales_%": "23.6", "Akolele_%": "32.0", "New South Wales": "798,126"}, "Managers": {"Akolele": "3", "Australia": "1,390,047", "Australia_%": "13.0", "New South Wales_%": "13.5", "Akolele_%": "12.0", "New South Wales": "456,084"}, "Community and Personal Service Workers": {"Akolele": "3", "Australia": "1,157,003", "Australia_%": "10.8", "New South Wales_%": "10.4", "Akolele_%": "12.0", "New South Wales": "350,261"}, "Labourers": {"Akolele": "4", "Australia": "1,011,520", "Australia_%": "9.5", "New South Wales_%": "8.8", "Akolele_%": "16.0", "New South Wales": "297,887"}, "Sales Workers": {"Akolele": "3", "Australia": "1,000,955", "Australia_%": "9.4", "New South Wales_%": "9.2", "Akolele_%": "12.0", "New South Wales": "311,414"}, "Technicians and Trades Workers": {"Akolele": "4", "Australia": "1,447,414", "Australia_%": "13.5", "New South Wales_%": "12.7", "Akolele_%": "16.0", "New South Wales": "429,239"}}}