{"GeoInfo": {"city": "Ardglen"}, "summaryTable_qsDwelling": {"Median monthly mortgage repayments": "$0", "All private dwellings": "34", "Average people per household": "2.4", "Median weekly household income": "$833", "Median weekly rent": "$58", "Average motor vehicles per dwelling": "2.2"}, "summaryTable_qsPeople": {"Male": "50%", "Median age": "40", "Female": "50%", "People": "59"}, "summaryTable_qsFamilies": {"for all families": "0.5", "for families with children": "1.5", "Families": "14", "Average children per family": "None"}}