{"Employment - hours worked": {"40 hours or more per week": {"New South Wales_%": "44.1", "Australia": "4,591,801", "Avalon Beach_%": "46.0", "Australia_%": "43.0", "Avalon Beach": "2,289", "New South Wales": "1,489,099"}, "25-34 hours per week": {"New South Wales_%": "10.5", "Australia": "1,193,445", "Avalon Beach_%": "11.3", "Australia_%": "11.2", "Avalon Beach": "562", "New South Wales": "353,702"}, "16-24 hours per week": {"New South Wales_%": "10.4", "Australia": "1,079,236", "Avalon Beach_%": "13.1", "Australia_%": "10.1", "Avalon Beach": "650", "New South Wales": "352,817"}, "35-39 hours per week": {"New South Wales_%": "19.1", "Australia": "2,031,263", "Avalon Beach_%": "9.7", "Australia_%": "19.0", "Avalon Beach": "484", "New South Wales": "645,428"}, "1-15 hours per week": {"New South Wales_%": "10.8", "Australia": "1,218,823", "Avalon Beach_%": "15.2", "Australia_%": "11.4", "Avalon Beach": "756", "New South Wales": "364,637"}}, "Number of registered motor vehicles": {"2 motor vehicles": {"New South Wales_%": "34.1", "Australia": "2,999,184", "Avalon Beach_%": "44.7", "Australia_%": "36.2", "Avalon Beach": "1,470", "New South Wales": "887,849"}, "None": {"New South Wales_%": "9.2", "Australia": "623,829", "Avalon Beach_%": "2.5", "Australia_%": "7.5", "Avalon Beach": "83", "New South Wales": "239,625"}, "Number of motor vehicles not stated": {"New South Wales_%": "3.7", "Australia": "285,197", "Avalon Beach_%": "2.8", "Australia_%": "3.4", "Avalon Beach": "93", "New South Wales": "95,623"}, "1 motor vehicle": {"New South Wales_%": "36.3", "Australia": "2,881,485", "Avalon Beach_%": "27.2", "Australia_%": "34.8", "Avalon Beach": "897", "New South Wales": "946,159"}, "3 or more vehicles": {"New South Wales_%": "16.7", "Australia": "1,496,382", "Avalon Beach_%": "22.8", "Australia_%": "18.1", "Avalon Beach": "749", "New South Wales": "435,053"}}, "Employment status of parents in couple families": {"Labour force status not stated (by one or both parents in a couple family)": {"New South Wales_%": "5.7", "Australia": "311,381", "Avalon Beach_%": "6.7", "Australia_%": "6.2", "Avalon Beach": "158", "New South Wales": "90,630"}, "One employed full-time, one part-time": {"New South Wales_%": "20.6", "Australia": "1,086,460", "Avalon Beach_%": "28.0", "Australia_%": "21.7", "Avalon Beach": "662", "New South Wales": "329,567"}, "One employed part-time, other not working": {"New South Wales_%": "6.1", "Australia": "302,037", "Avalon Beach_%": "6.7", "Australia_%": "6.0", "Avalon Beach": "158", "New South Wales": "96,933"}, "Other (includes away from work)": {"New South Wales_%": "5.1", "Australia": "264,145", "Avalon Beach_%": "4.4", "Australia_%": "5.3", "Avalon Beach": "103", "New South Wales": "80,905"}, "Both employed, worked full-time": {"New South Wales_%": "22.6", "Australia": "1,084,006", "Avalon Beach_%": "19.2", "Australia_%": "21.6", "Avalon Beach": "454", "New South Wales": "360,916"}, "One employed full-time, other not working": {"New South Wales_%": "15.0", "Australia": "749,886", "Avalon Beach_%": "11.7", "Australia_%": "15.0", "Avalon Beach": "276", "New South Wales": "240,084"}, "Both employed, worked part-time": {"New South Wales_%": "4.0", "Australia": "203,596", "Avalon Beach_%": "6.3", "Australia_%": "4.1", "Avalon Beach": "150", "New South Wales": "63,106"}, "Both not working": {"New South Wales_%": "21.0", "Australia": "1,006,697", "Avalon Beach_%": "17.2", "Australia_%": "20.1", "Avalon Beach": "406", "New South Wales": "334,742"}}, "Country of birth of mother, stated responses": {"Scotland": {"New South Wales_%": "0.8", "Australia": "245,915", "Avalon Beach_%": "1.6", "Australia_%": "1.1", "Avalon Beach": "158", "New South Wales": "63,302"}, "New Zealand": {"New South Wales_%": "1.9", "Australia": "608,329", "Avalon Beach_%": "3.0", "Australia_%": "2.6", "Avalon Beach": "296", "New South Wales": "139,899"}, "Australia": {"New South Wales_%": "51.9", "Australia": "12,643,365", "Avalon Beach_%": "61.4", "Australia_%": "54.0", "Avalon Beach": "6,078", "New South Wales": "3,884,762"}, "England": {"New South Wales_%": "4.3", "Australia": "1,302,147", "Avalon Beach_%": "11.5", "Australia_%": "5.6", "Avalon Beach": "1,135", "New South Wales": "322,472"}, "United Kingdom, Channel Islands and Isle of Man, nfd": {"New South Wales_%": "0.5", "Australia": "155,231", "Avalon Beach_%": "2.5", "Australia_%": "0.7", "Avalon Beach": "243", "New South Wales": "38,504"}}, "Dwelling structure": {"Other dwelling": {"New South Wales_%": "0.9", "Australia": "64,425", "Avalon Beach_%": "0.3", "Australia_%": "0.8", "Avalon Beach": "9", "New South Wales": "23,580"}, "Semi-detached, row or terrace house, townhouse etc": {"New South Wales_%": "12.2", "Australia": "1,055,016", "Avalon Beach_%": "2.3", "Australia_%": "12.7", "Avalon Beach": "75", "New South Wales": "317,453"}, "Separate house": {"New South Wales_%": "66.4", "Australia": "6,041,788", "Avalon Beach_%": "80.8", "Australia_%": "72.9", "Avalon Beach": "2,663", "New South Wales": "1,729,820"}, "Flat or apartment": {"New South Wales_%": "19.9", "Australia": "1,087,434", "Avalon Beach_%": "16.3", "Australia_%": "13.1", "Avalon Beach": "537", "New South Wales": "519,390"}}, "Number of bedrooms": {"1 bedroom": {"New South Wales_%": "6.0", "Australia": "411,252", "Avalon Beach_%": "3.7", "Australia_%": "5.0", "Avalon Beach": "122", "New South Wales": "157,194"}, "3 bedrooms": {"New South Wales_%": "37.2", "Australia": "3,403,190", "Avalon Beach_%": "35.6", "Australia_%": "41.1", "Avalon Beach": "1,177", "New South Wales": "970,001"}, "Average number of people per household": {"New South Wales_%": "--", "Australia": "2.6", "Avalon Beach_%": "--", "Australia_%": "--", "Avalon Beach": "2.8", "New South Wales": "2.6"}, "2 bedrooms": {"New South Wales_%": "22.2", "Australia": "1,562,759", "Avalon Beach_%": "15.0", "Australia_%": "18.9", "Avalon Beach": "497", "New South Wales": "577,675"}, "4 or more bedrooms": {"New South Wales_%": "31.3", "Australia": "2,670,758", "Avalon Beach_%": "43.2", "Australia_%": "32.2", "Avalon Beach": "1,426", "New South Wales": "816,405"}, "None (includes bedsitters)": {"New South Wales_%": "0.7", "Australia": "39,769", "Avalon Beach_%": "0.3", "Australia_%": "0.5", "Avalon Beach": "10", "New South Wales": "17,157"}, "Number of bedrooms not stated": {"New South Wales_%": "2.5", "Australia": "198,351", "Avalon Beach_%": "2.2", "Australia_%": "2.4", "Avalon Beach": "72", "New South Wales": "65,888"}, "Average number of bedrooms per dwelling": {"New South Wales_%": "--", "Australia": "3.1", "Avalon Beach_%": "--", "Australia_%": "--", "Avalon Beach": "3.3", "New South Wales": "3"}}, "summaryTable_qsFamilies": {"for all families": "0.9", "for families with children": "1.9", "Families": "2,695", "Average children per family": "None"}, "People characteristics": {"Male": {"New South Wales_%": "49.7", "Australia": "322,171", "Avalon Beach_%": "47.1", "Australia_%": "49.6", "Avalon Beach": "24", "New South Wales": "107,368"}, "Median age": {"New South Wales_%": "--", "Australia": "23", "Avalon Beach_%": "--", "Australia_%": "--", "Avalon Beach": "25", "New South Wales": "22"}, "Female": {"New South Wales_%": "50.3", "Australia": "326,996", "Avalon Beach_%": "52.9", "Australia_%": "50.4", "Avalon Beach": "27", "New South Wales": "108,809"}}, "Dwelling count": {"Unoccupied private dwellings": {"New South Wales_%": "9.9", "Australia": "1,039,874", "Avalon Beach_%": "11.3", "Australia_%": "11.2", "Avalon Beach": "419", "New South Wales": "284,741"}, "Occupied private dwellings": {"New South Wales_%": "90.1", "Australia": "8,286,073", "Avalon Beach_%": "88.7", "Australia_%": "88.8", "Avalon Beach": "3,297", "New South Wales": "2,604,320"}}, "Level of highest educational attainment": {"Certificate level III": {"New South Wales_%": "12.0", "Australia": "2,442,203", "Avalon Beach_%": "11.4", "Australia_%": "12.8", "Avalon Beach": "905", "New South Wales": "730,498"}, "Certificate level II": {"New South Wales_%": "0.1", "Australia": "13,454", "Avalon Beach_%": "0.0", "Australia_%": "0.1", "Avalon Beach": "0", "New South Wales": "4,849"}, "No educational attainment": {"New South Wales_%": "0.9", "Australia": "145,844", "Avalon Beach_%": "0.0", "Australia_%": "0.8", "Avalon Beach": "3", "New South Wales": "54,870"}, "Bachelor Degree level and above": {"New South Wales_%": "23.4", "Australia": "4,181,406", "Avalon Beach_%": "30.2", "Australia_%": "22.0", "Avalon Beach": "2,396", "New South Wales": "1,424,716"}, "Certificate level I": {"New South Wales_%": "0.0", "Australia": "2,176", "Avalon Beach_%": "0.0", "Australia_%": "0.0", "Avalon Beach": "0", "New South Wales": "625"}, "Year 11": {"New South Wales_%": "3.3", "Australia": "941,531", "Avalon Beach_%": "3.7", "Australia_%": "4.9", "Avalon Beach": "296", "New South Wales": "203,574"}, "Not stated": {"New South Wales_%": "10.3", "Australia": "1,974,794", "Avalon Beach_%": "7.0", "Australia_%": "10.4", "Avalon Beach": "555", "New South Wales": "627,465"}, "Year 9 or below": {"New South Wales_%": "8.4", "Australia": "1,529,897", "Avalon Beach_%": "3.8", "Australia_%": "8.0", "Avalon Beach": "303", "New South Wales": "513,209"}, "Certificate level IV": {"New South Wales_%": "2.8", "Australia": "551,767", "Avalon Beach_%": "2.3", "Australia_%": "2.9", "Avalon Beach": "186", "New South Wales": "167,947"}, "Year 10": {"New South Wales_%": "11.5", "Australia": "2,054,331", "Avalon Beach_%": "8.5", "Australia_%": "10.8", "Avalon Beach": "675", "New South Wales": "702,178"}, "Year 12": {"New South Wales_%": "15.3", "Australia": "2,994,097", "Avalon Beach_%": "16.0", "Australia_%": "15.7", "Avalon Beach": "1,267", "New South Wales": "930,654"}, "Advanced Diploma and Diploma level": {"New South Wales_%": "8.9", "Australia": "1,687,893", "Avalon Beach_%": "12.9", "Australia_%": "8.9", "Avalon Beach": "1,021", "New South Wales": "543,142"}}, "Median weekly incomes": {"Personal": {"New South Wales_%": "--", "Australia": "662", "Avalon Beach_%": "--", "Australia_%": "--", "Avalon Beach": "839", "New South Wales": "664"}, "Household": {"New South Wales_%": "--", "Australia": "1,438", "Avalon Beach_%": "--", "Australia_%": "--", "Avalon Beach": "2,137", "New South Wales": "1,486"}, "Family": {"New South Wales_%": "--", "Australia": "1,734", "Avalon Beach_%": "--", "Australia_%": "--", "Avalon Beach": "2,458", "New South Wales": "1,780"}}, "Family composition": {"Other family": {"New South Wales_%": "1.7", "Australia": "102,559", "Avalon Beach_%": "0.8", "Australia_%": "1.7", "Avalon Beach": "21", "New South Wales": "32,438"}, "Couple family with children": {"New South Wales_%": "45.7", "Australia": "2,716,224", "Avalon Beach_%": "51.8", "Australia_%": "44.7", "Avalon Beach": "1,394", "New South Wales": "887,358"}, "Couple family without children": {"New South Wales_%": "36.6", "Australia": "2,291,987", "Avalon Beach_%": "35.8", "Australia_%": "37.8", "Avalon Beach": "964", "New South Wales": "709,524"}, "One parent family": {"New South Wales_%": "16.0", "Australia": "959,543", "Avalon Beach_%": "11.7", "Australia_%": "15.8", "Avalon Beach": "314", "New South Wales": "310,906"}}, "Dwelling internet connection": {"Not stated": {"New South Wales_%": "2.8", "Australia": "221,494", "Avalon Beach_%": "2.2", "Australia_%": "2.7", "Avalon Beach": "74", "New South Wales": "73,565"}, "Internet not accessed from dwelling": {"New South Wales_%": "14.7", "Australia": "1,172,415", "Avalon Beach_%": "5.6", "Australia_%": "14.1", "Avalon Beach": "186", "New South Wales": "381,709"}, "Internet accessed from dwelling": {"New South Wales_%": "82.5", "Australia": "6,892,165", "Avalon Beach_%": "92.1", "Australia_%": "83.2", "Avalon Beach": "3,038", "New South Wales": "2,149,040"}}, "Social marital status": {"Not married": {"New South Wales_%": "42.3", "Australia": "7,024,973", "Avalon Beach_%": "35.7", "Australia_%": "41.9", "Avalon Beach": "2,539", "New South Wales": "2,290,887"}, "De facto marriage": {"New South Wales_%": "9.4", "Australia": "1,751,731", "Avalon Beach_%": "9.7", "Australia_%": "10.4", "Avalon Beach": "692", "New South Wales": "506,133"}, "Registered marriage": {"New South Wales_%": "48.3", "Australia": "8,001,141", "Avalon Beach_%": "54.6", "Australia_%": "47.7", "Avalon Beach": "3,888", "New South Wales": "2,612,630"}}, "Household composition": {"Family households": {"New South Wales_%": "72.0", "Australia": "5,907,625", "Avalon Beach_%": "79.1", "Australia_%": "71.3", "Avalon Beach": "2,610", "New South Wales": "1,874,524"}, "Group households": {"New South Wales_%": "4.2", "Australia": "354,917", "Avalon Beach_%": "1.7", "Australia_%": "4.3", "Avalon Beach": "56", "New South Wales": "109,004"}, "Single (or lone) person households": {"New South Wales_%": "23.8", "Australia": "2,023,542", "Avalon Beach_%": "19.2", "Australia_%": "24.4", "Avalon Beach": "633", "New South Wales": "620,778"}}, "People": {"Male": {"New South Wales_%": "49.3", "Australia": "11,546,638", "Avalon Beach_%": "48.7", "Australia_%": "49.3", "Avalon Beach": "4,830", "New South Wales": "3,686,014"}, "Aboriginal and/or Torres Strait Islander people": {"New South Wales_%": "2.9", "Australia": "649,171", "Avalon Beach_%": "0.6", "Australia_%": "2.8", "Avalon Beach": "57", "New South Wales": "216,176"}, "Female": {"New South Wales_%": "50.7", "Australia": "11,855,248", "Avalon Beach_%": "51.3", "Australia_%": "50.7", "Avalon Beach": "5,078", "New South Wales": "3,794,217"}}, "Language, top responses (other than English)": {"German": {"New South Wales_%": "0.3", "Australia": "79,353", "Avalon Beach_%": "0.9", "Australia_%": "0.3", "Avalon Beach": "87", "New South Wales": "23,033"}, "null": {"New South Wales_%": "None", "Australia": "None", "Avalon Beach_%": null, "Australia_%": "None", "Avalon Beach": null, "New South Wales": "None"}, "Spanish": {"New South Wales_%": "0.8", "Australia": "140,817", "Avalon Beach_%": "0.6", "Australia_%": "0.6", "Avalon Beach": "56", "New South Wales": "63,527"}, "French": {"New South Wales_%": "0.3", "Australia": "70,873", "Avalon Beach_%": "0.7", "Australia_%": "0.3", "Avalon Beach": "71", "New South Wales": "23,743"}, "English only spoken at home": {"New South Wales_%": "68.5", "Australia": "17,020,417", "Avalon Beach_%": "90.2", "Australia_%": "72.7", "Avalon Beach": "8,900", "New South Wales": "5,126,633"}, "Dutch": {"New South Wales_%": "0.1", "Australia": "33,835", "Avalon Beach_%": "0.4", "Australia_%": "0.1", "Avalon Beach": "37", "New South Wales": "8,686"}, "Households where a non English language is spoken": {"New South Wales_%": "26.5", "Australia": "1,971,011", "Avalon Beach_%": "9.7", "Australia_%": "22.2", "Avalon Beach": "334", "New South Wales": "735,563"}, "Italian": {"New South Wales_%": "1.0", "Australia": "271,597", "Avalon Beach_%": "0.4", "Australia_%": "1.2", "Avalon Beach": "40", "New South Wales": "75,694"}}, "summaryTable_qsDwelling": {"Median monthly mortgage repayments": "$2,817", "All private dwellings": "3,854", "Average people per household": "2.8", "Median weekly household income": "$2,137", "Median weekly rent": "$625", "Average motor vehicles per dwelling": "2"}, "Household income": {"Less than $650 gross weekly income": {"New South Wales_%": "19.7", "Australia": "--", "Avalon Beach_%": "11.7", "Australia_%": "20.0", "Avalon Beach": "--", "New South Wales": "--"}, "More than $3000 gross weekly income": {"New South Wales_%": "18.7", "Australia": "--", "Avalon Beach_%": "33.6", "Australia_%": "16.4", "Avalon Beach": "--", "New South Wales": "--"}}, "Country of birth": {"Other top responses": {"Avalon Beach": "None", "Avalon Beach_%": "None"}, "Australia": {"New South Wales_%": "65.5", "Australia": "15,614,835", "Avalon Beach_%": "73.3", "Australia_%": "66.7", "Avalon Beach": "7,241", "New South Wales": "4,899,090"}, "England": {"New South Wales_%": "3.0", "Australia": "907,570", "Avalon Beach_%": "9.6", "Australia_%": "3.9", "Avalon Beach": "946", "New South Wales": "226,564"}, "South Africa": {"New South Wales_%": "0.6", "Australia": "162,449", "Avalon Beach_%": "0.8", "Australia_%": "0.7", "Avalon Beach": "83", "New South Wales": "43,058"}, "United States of America": {"New South Wales_%": "0.4", "Australia": "86,125", "Avalon Beach_%": "1.1", "Australia_%": "0.4", "Avalon Beach": "107", "New South Wales": "30,081"}, "Germany": {"New South Wales_%": "0.4", "Australia": "102,595", "Avalon Beach_%": "0.7", "Australia_%": "0.4", "Avalon Beach": "72", "New South Wales": "29,541"}, "New Zealand": {"New South Wales_%": "1.6", "Australia": "518,466", "Avalon Beach_%": "2.0", "Australia_%": "2.2", "Avalon Beach": "193", "New South Wales": "117,136"}}, "Religious affiliation, top responses": {"No Religion, so described": {"New South Wales_%": "25.1", "Australia": "6,933,708", "Avalon Beach_%": "43.0", "Australia_%": "29.6", "Avalon Beach": "4,262", "New South Wales": "1,879,562"}, "Catholic": {"New South Wales_%": "24.7", "Australia": "5,291,834", "Avalon Beach_%": "19.4", "Australia_%": "22.6", "Avalon Beach": "1,919", "New South Wales": "1,846,443"}, "Not stated": {"New South Wales_%": "9.2", "Australia": "2,238,735", "Avalon Beach_%": "7.6", "Australia_%": "9.6", "Avalon Beach": "753", "New South Wales": "684,969"}, "Uniting Church": {"New South Wales_%": "2.9", "Australia": "870,183", "Avalon Beach_%": "2.8", "Australia_%": "3.7", "Avalon Beach": "273", "New South Wales": "217,258"}, "Anglican": {"New South Wales_%": "15.5", "Australia": "3,101,185", "Avalon Beach_%": "18.6", "Australia_%": "13.3", "Avalon Beach": "1,842", "New South Wales": "1,161,810"}}, "Ancestry, top responses": {"German": {"New South Wales_%": "2.4", "Australia": "982,226", "Avalon Beach_%": "2.9", "Australia_%": "3.1", "Avalon Beach": "410", "New South Wales": "236,146"}, "Australian": {"New South Wales_%": "22.9", "Australia": "7,298,243", "Avalon Beach_%": "24.6", "Australia_%": "23.3", "Avalon Beach": "3,522", "New South Wales": "2,261,062"}, "Scottish": {"New South Wales_%": "5.9", "Australia": "2,023,470", "Avalon Beach_%": "8.8", "Australia_%": "6.4", "Avalon Beach": "1,262", "New South Wales": "587,052"}, "Irish": {"New South Wales_%": "7.5", "Australia": "2,388,058", "Avalon Beach_%": "10.7", "Australia_%": "7.6", "Avalon Beach": "1,525", "New South Wales": "741,671"}, "English": {"New South Wales_%": "23.3", "Australia": "7,852,224", "Avalon Beach_%": "34.6", "Australia_%": "25.0", "Avalon Beach": "4,948", "New South Wales": "2,302,481"}}, "Age": {"35-39 years": {"New South Wales_%": "6.7", "Australia": "1,561,679", "Avalon Beach_%": "5.0", "Australia_%": "6.7", "Avalon Beach": "491", "New South Wales": "499,724"}, "60-64 years": {"New South Wales_%": "5.6", "Australia": "1,299,397", "Avalon Beach_%": "7.0", "Australia_%": "5.6", "Avalon Beach": "695", "New South Wales": "420,044"}, "30-34 years": {"New South Wales_%": "7.2", "Australia": "1,703,847", "Avalon Beach_%": "3.4", "Australia_%": "7.3", "Avalon Beach": "340", "New South Wales": "540,360"}, "0-4 years": {"New South Wales_%": "6.2", "Australia": "1,464,779", "Avalon Beach_%": "5.7", "Australia_%": "6.3", "Avalon Beach": "560", "New South Wales": "465,135"}, "25-29 years": {"New South Wales_%": "7.0", "Australia": "1,664,602", "Avalon Beach_%": "3.2", "Australia_%": "7.1", "Avalon Beach": "315", "New South Wales": "527,161"}, "10-14 years": {"New South Wales_%": "5.9", "Australia": "1,397,183", "Avalon Beach_%": "7.3", "Australia_%": "6.0", "Avalon Beach": "726", "New South Wales": "443,009"}, "5-9 years": {"New South Wales_%": "6.4", "Australia": "1,502,646", "Avalon Beach_%": "6.9", "Australia_%": "6.4", "Avalon Beach": "687", "New South Wales": "478,184"}, "Median age": {"New South Wales_%": "--", "Australia": "38", "Avalon Beach_%": "--", "Australia_%": "--", "Avalon Beach": "44", "New South Wales": "38"}, "50-54 years": {"New South Wales_%": "6.5", "Australia": "1,523,551", "Avalon Beach_%": "8.6", "Australia_%": "6.5", "Avalon Beach": "853", "New South Wales": "485,546"}, "80-84 years": {"New South Wales_%": "2.1", "Australia": "460,549", "Avalon Beach_%": "2.2", "Australia_%": "2.0", "Avalon Beach": "221", "New South Wales": "155,806"}, "40-44 years": {"New South Wales_%": "6.7", "Australia": "1,583,257", "Avalon Beach_%": "6.7", "Australia_%": "6.8", "Avalon Beach": "663", "New South Wales": "503,169"}, "70-74 years": {"New South Wales_%": "3.9", "Australia": "887,716", "Avalon Beach_%": "4.6", "Australia_%": "3.8", "Avalon Beach": "452", "New South Wales": "292,556"}, "15-19 years": {"New South Wales_%": "6.0", "Australia": "1,421,595", "Avalon Beach_%": "6.9", "Australia_%": "6.1", "Avalon Beach": "688", "New South Wales": "448,425"}, "65-69 years": {"New South Wales_%": "5.1", "Australia": "1,188,999", "Avalon Beach_%": "6.2", "Australia_%": "5.1", "Avalon Beach": "612", "New South Wales": "384,470"}, "20-24 years": {"New South Wales_%": "6.5", "Australia": "1,566,793", "Avalon Beach_%": "5.1", "Australia_%": "6.7", "Avalon Beach": "501", "New South Wales": "489,673"}, "55-59 years": {"New South Wales_%": "6.3", "Australia": "1,454,332", "Avalon Beach_%": "8.0", "Australia_%": "6.2", "Avalon Beach": "796", "New South Wales": "469,726"}, "75-79 years": {"New South Wales_%": "2.9", "Australia": "652,657", "Avalon Beach_%": "2.7", "Australia_%": "2.8", "Avalon Beach": "270", "New South Wales": "217,308"}, "45-49 years": {"New South Wales_%": "6.6", "Australia": "1,581,455", "Avalon Beach_%": "7.7", "Australia_%": "6.8", "Avalon Beach": "764", "New South Wales": "492,440"}, "85 years and over": {"New South Wales_%": "2.2", "Australia": "486,842", "Avalon Beach_%": "2.8", "Australia_%": "2.1", "Avalon Beach": "273", "New South Wales": "167,506"}}, "Single (or lone) parents": {"Male": {"New South Wales_%": "17.8", "Australia": "--", "Avalon Beach_%": "19.5", "Australia_%": "18.2", "Avalon Beach": "--", "New South Wales": "--"}, "Female": {"New South Wales_%": "82.2", "Australia": "--", "Avalon Beach_%": "80.5", "Australia_%": "81.8", "Avalon Beach": "--", "New South Wales": "--"}}, "Mortgage monthly repayments": {"Median mortgage repayments": {"New South Wales_%": "--", "Australia": "1,755", "Avalon Beach_%": "--", "Australia_%": "--", "Avalon Beach": "2,817", "New South Wales": "1,986"}, "Households where mortgage repayments are less than 30% of household income": {"New South Wales_%": "92.6", "Australia": "--", "Avalon Beach_%": "90.0", "Australia_%": "92.8", "Avalon Beach": "--", "New South Wales": "--"}, "Households with mortgage repayments greater than or equal to 30% of household income": {"New South Wales_%": "7.4", "Australia": "--", "Avalon Beach_%": "10.0", "Australia_%": "7.2", "Avalon Beach": "--", "New South Wales": "--"}}, "Mortgage and rent": {"Median monthly mortgage repayments": {"New South Wales_%": "--", "Australia": "1,660", "Avalon Beach_%": "--", "Australia_%": "--", "Avalon Beach": "2,127", "New South Wales": "1,733"}, "Median weekly rent": {"New South Wales_%": "--", "Australia": "250", "Avalon Beach_%": "--", "Australia_%": "--", "Avalon Beach": "565", "New South Wales": "270"}}, "Tenure": {"Rented": {"New South Wales_%": "31.8", "Australia": "2,561,302", "Avalon Beach_%": "15.5", "Australia_%": "30.9", "Avalon Beach": "512", "New South Wales": "826,922"}, "Owned outright": {"New South Wales_%": "32.2", "Australia": "2,565,695", "Avalon Beach_%": "41.9", "Australia_%": "31.0", "Avalon Beach": "1,379", "New South Wales": "839,665"}, "Owned with a mortgage": {"New South Wales_%": "32.3", "Australia": "2,855,222", "Avalon Beach_%": "39.6", "Australia_%": "34.5", "Avalon Beach": "1,305", "New South Wales": "840,004"}, "Tenure type not stated": {"New South Wales_%": "2.8", "Australia": "224,869", "Avalon Beach_%": "2.7", "Australia_%": "2.7", "Avalon Beach": "89", "New South Wales": "73,763"}, "Other tenure type": {"New South Wales_%": "0.9", "Australia": "78,994", "Avalon Beach_%": "0.3", "Australia_%": "1.0", "Avalon Beach": "9", "New South Wales": "23,968"}}, "Country of birth of father, stated responses": {"Scotland": {"New South Wales_%": "1.0", "Australia": "276,038", "Avalon Beach_%": "1.5", "Australia_%": "1.2", "Avalon Beach": "153", "New South Wales": "72,321"}, "New Zealand": {"New South Wales_%": "1.9", "Australia": "617,331", "Avalon Beach_%": "2.9", "Australia_%": "2.6", "Avalon Beach": "289", "New South Wales": "143,450"}, "Australia": {"New South Wales_%": "50.1", "Australia": "12,231,150", "Avalon Beach_%": "59.3", "Australia_%": "52.3", "Avalon Beach": "5,854", "New South Wales": "3,745,787"}, "England": {"New South Wales_%": "4.8", "Australia": "1,403,096", "Avalon Beach_%": "13.1", "Australia_%": "6.0", "Avalon Beach": "1,289", "New South Wales": "359,370"}, "United Kingdom, Channel Islands and Isle of Man, nfd": {"New South Wales_%": "0.6", "Australia": "177,536", "Avalon Beach_%": "2.8", "Australia_%": "0.8", "Avalon Beach": "280", "New South Wales": "45,238"}}, "Country of birth of father and/or mother, stated responses": {"Father only born overseas": {"New South Wales_%": "6.1", "Australia": "1,488,092", "Avalon Beach_%": "10.2", "Australia_%": "6.4", "Avalon Beach": "1,010", "New South Wales": "458,394"}, "Mother only born overseas": {"New South Wales_%": "4.3", "Australia": "1,094,591", "Avalon Beach_%": "8.0", "Australia_%": "4.7", "Avalon Beach": "796", "New South Wales": "325,182"}, "Both parents born overseas": {"New South Wales_%": "37.0", "Australia": "8,051,196", "Avalon Beach_%": "26.0", "Australia_%": "34.4", "Avalon Beach": "2,577", "New South Wales": "2,764,170"}, "Both parents born in Australia": {"New South Wales_%": "45.4", "Australia": "11,070,538", "Avalon Beach_%": "50.8", "Australia_%": "47.3", "Avalon Beach": "5,038", "New South Wales": "3,399,725"}}, "Rent weekly payments": {"Households where rent payments are less than 30% of household income": {"New South Wales_%": "87.1", "Australia": "--", "Avalon Beach_%": "92.2", "Australia_%": "88.5", "Avalon Beach": "--", "New South Wales": "--"}, "Households with rent payments greater than or equal to 30% of household income": {"New South Wales_%": "12.9", "Australia": "--", "Avalon Beach_%": "7.8", "Australia_%": "11.5", "Avalon Beach": "--", "New South Wales": "--"}, "Median rent": {"New South Wales_%": "--", "Australia": "335", "Avalon Beach_%": "--", "Australia_%": "--", "Avalon Beach": "625", "New South Wales": "380"}}, "Registered marital status": {"Separated": {"New South Wales_%": "3.1", "Australia": "608,059", "Avalon Beach_%": "2.6", "Australia_%": "3.2", "Avalon Beach": "208", "New South Wales": "190,198"}, "Widowed": {"New South Wales_%": "5.4", "Australia": "985,204", "Avalon Beach_%": "5.3", "Australia_%": "5.2", "Avalon Beach": "421", "New South Wales": "331,653"}, "Married": {"New South Wales_%": "48.7", "Australia": "9,148,218", "Avalon Beach_%": "55.2", "Australia_%": "48.1", "Avalon Beach": "4,383", "New South Wales": "2,965,280"}, "Divorced": {"New South Wales_%": "8.4", "Australia": "1,626,890", "Avalon Beach_%": "8.9", "Australia_%": "8.5", "Avalon Beach": "706", "New South Wales": "512,298"}, "Never married": {"New South Wales_%": "34.4", "Australia": "6,668,910", "Avalon Beach_%": "28.0", "Australia_%": "35.0", "Avalon Beach": "2,229", "New South Wales": "2,094,460"}}, "summaryTable_qsPeople": {"Male": "48.7%", "Median age": "44", "Female": "51.3%", "People": "9,905"}, "Dwelling characteristics": {"Average number of people per household": {"New South Wales_%": "--", "Australia": "3.2", "Avalon Beach_%": "--", "Australia_%": "--", "Avalon Beach": "2.8", "New South Wales": "3.1"}, "Average number of persons per bedroom": {"New South Wales_%": "--", "Australia": "1", "Avalon Beach_%": "--", "Australia_%": "--", "Avalon Beach": "1", "New South Wales": "1"}, "Median weekly household income": {"New South Wales_%": "--", "Australia": "1,203", "Avalon Beach_%": "--", "Australia_%": "--", "Avalon Beach": "1,625", "New South Wales": "1,214"}}, "Unpaid work": {"Did unpaid domestic work (last week)": {"New South Wales_%": "67.7", "Australia": "13,143,914", "Avalon Beach_%": "79.0", "Australia_%": "69.0", "Avalon Beach": "6,271", "New South Wales": "4,127,723"}, "Provided unpaid assistance to a person with a disability (last two weeks)": {"New South Wales_%": "11.6", "Australia": "2,145,203", "Avalon Beach_%": "11.6", "Australia_%": "11.3", "Avalon Beach": "923", "New South Wales": "709,415"}, "Did voluntary work through an organisation or group (last 12 months)": {"New South Wales_%": "18.1", "Australia": "3,620,726", "Avalon Beach_%": "23.8", "Australia_%": "19.0", "Avalon Beach": "1,886", "New South Wales": "1,103,790"}, "Cared for child/children (last two weeks)": {"New South Wales_%": "27.2", "Australia": "5,259,400", "Avalon Beach_%": "33.4", "Australia_%": "27.6", "Avalon Beach": "2,650", "New South Wales": "1,659,250"}}, "Unpaid domestic work, number of hours": {"5 to 14 hours per week": {"New South Wales_%": "25.1", "Australia": "4,944,578", "Avalon Beach_%": "30.5", "Australia_%": "26.0", "Avalon Beach": "2,422", "New South Wales": "1,531,206"}, "30 hours or more per week": {"New South Wales_%": "9.0", "Australia": "1,710,970", "Avalon Beach_%": "8.7", "Australia_%": "9.0", "Avalon Beach": "690", "New South Wales": "545,925"}, "Less than 5 hours per week": {"New South Wales_%": "22.3", "Australia": "4,298,593", "Avalon Beach_%": "25.3", "Australia_%": "22.6", "Avalon Beach": "2,008", "New South Wales": "1,359,656"}, "15 to 29 hours per week": {"New South Wales_%": "11.3", "Australia": "2,189,776", "Avalon Beach_%": "14.5", "Australia_%": "11.5", "Avalon Beach": "1,152", "New South Wales": "690,934"}}, "Industry of employment, top responses": {"Cafes and Restaurants": {"New South Wales_%": "2.4", "Australia": "253,385", "Avalon Beach_%": "3.0", "Australia_%": "2.4", "Avalon Beach": "149", "New South Wales": "80,552"}, "Computer System Design and Related Services": {"New South Wales_%": "1.9", "Australia": "162,884", "Avalon Beach_%": "2.7", "Australia_%": "1.5", "Avalon Beach": "131", "New South Wales": "63,717"}, "Hospitals (except Psychiatric Hospitals)": {"New South Wales_%": "3.5", "Australia": "411,808", "Avalon Beach_%": "1.9", "Australia_%": "3.9", "Avalon Beach": "95", "New South Wales": "119,350"}, "House Construction": {"New South Wales_%": "0.7", "Australia": "86,030", "Avalon Beach_%": "2.0", "Australia_%": "0.8", "Avalon Beach": "98", "New South Wales": "24,881"}, "Primary Education": {"New South Wales_%": "1.9", "Australia": "231,198", "Avalon Beach_%": "2.1", "Australia_%": "2.2", "Avalon Beach": "105", "New South Wales": "65,204"}}, "GeoInfo": {"city": "Avalon Beach"}, "Education": {"University or tertiary institution": {"New South Wales_%": "16.2", "Australia": "1,160,626", "Avalon Beach_%": "12.1", "Australia_%": "16.1", "Avalon Beach": "366", "New South Wales": "376,133"}, "Secondary - Catholic": {"New South Wales_%": "5.1", "Australia": "338,384", "Avalon Beach_%": "5.8", "Australia_%": "4.7", "Avalon Beach": "177", "New South Wales": "117,689"}, "Secondary - other non Government": {"New South Wales_%": "3.4", "Australia": "280,618", "Avalon Beach_%": "5.7", "Australia_%": "3.9", "Avalon Beach": "172", "New South Wales": "79,915"}, "Primary - Catholic": {"New South Wales_%": "5.3", "Australia": "380,604", "Avalon Beach_%": "2.2", "Australia_%": "5.3", "Avalon Beach": "68", "New South Wales": "122,099"}, "Primary - Government": {"New South Wales_%": "18.0", "Australia": "1,314,787", "Avalon Beach_%": "24.5", "Australia_%": "18.2", "Avalon Beach": "743", "New South Wales": "417,465"}, "Other": {"New South Wales_%": "2.7", "Australia": "198,383", "Avalon Beach_%": "2.0", "Australia_%": "2.8", "Avalon Beach": "60", "New South Wales": "63,673"}, "Technical or further education institution": {"New South Wales_%": "6.2", "Australia": "424,869", "Avalon Beach_%": "4.9", "Australia_%": "5.9", "Avalon Beach": "149", "New South Wales": "144,103"}, "Secondary - Government": {"New South Wales_%": "11.6", "Australia": "827,505", "Avalon Beach_%": "16.2", "Australia_%": "11.5", "Avalon Beach": "491", "New South Wales": "269,249"}, "Primary - other non Government": {"New South Wales_%": "2.9", "Australia": "231,490", "Avalon Beach_%": "3.6", "Australia_%": "3.2", "Avalon Beach": "109", "New South Wales": "67,611"}, "Not stated": {"New South Wales_%": "23.0", "Australia": "1,707,023", "Avalon Beach_%": "15.6", "Australia_%": "23.7", "Avalon Beach": "472", "New South Wales": "535,266"}, "Preschool": {"New South Wales_%": "5.7", "Australia": "347,621", "Avalon Beach_%": "7.5", "Australia_%": "4.8", "Avalon Beach": "226", "New South Wales": "132,047"}}, "Employment": {"Unemployed": {"New South Wales_%": "6.3", "Australia": "787,452", "Avalon Beach_%": "3.5", "Australia_%": "6.9", "Avalon Beach": "182", "New South Wales": "225,546"}, "Worked part-time": {"New South Wales_%": "29.7", "Australia": "3,491,503", "Avalon Beach_%": "38.2", "Australia_%": "30.4", "Avalon Beach": "1,972", "New South Wales": "1,071,151"}, "Away from work": {"New South Wales_%": "4.8", "Australia": "569,276", "Avalon Beach_%": "4.4", "Australia_%": "5.0", "Avalon Beach": "228", "New South Wales": "174,654"}, "Worked full-time": {"New South Wales_%": "59.2", "Australia": "6,623,065", "Avalon Beach_%": "53.8", "Australia_%": "57.7", "Avalon Beach": "2,774", "New South Wales": "2,134,521"}}, "Travel to work, top responses": {"Walked only": {"New South Wales_%": "3.9", "Australia": "370,427", "Avalon Beach_%": "3.9", "Australia_%": "3.5", "Avalon Beach": "191", "New South Wales": "130,957"}, "Worked at home": {"New South Wales_%": "4.8", "Australia": "503,582", "Avalon Beach_%": "12.5", "Australia_%": "4.7", "Avalon Beach": "618", "New South Wales": "163,026"}, "People who travelled to work by car as driver or passenger": {"New South Wales_%": "64.6", "Australia": "7,305,271", "Avalon Beach_%": "65.8", "Australia_%": "68.4", "Avalon Beach": "3,279", "New South Wales": "2,182,854"}, "Bus": {"New South Wales_%": "4.0", "Australia": "323,201", "Avalon Beach_%": "5.2", "Australia_%": "3.0", "Avalon Beach": "256", "New South Wales": "133,903"}, "null": {"New South Wales_%": "None", "Australia": "None", "Avalon Beach_%": null, "Australia_%": "None", "Avalon Beach": null, "New South Wales": "None"}, "People who travelled to work by public transport": {"New South Wales_%": "16.0", "Australia": "1,225,668", "Avalon Beach_%": "7.6", "Australia_%": "11.5", "Avalon Beach": "378", "New South Wales": "540,215"}, "Car, as driver": {"New South Wales_%": "57.8", "Australia": "6,574,571", "Avalon Beach_%": "60.3", "Australia_%": "61.5", "Avalon Beach": "2,988", "New South Wales": "1,953,399"}, "Car, as passenger": {"New South Wales_%": "4.3", "Australia": "489,922", "Avalon Beach_%": "3.3", "Australia_%": "4.6", "Avalon Beach": "162", "New South Wales": "144,820"}}, "Occupation": {"Professionals": {"New South Wales_%": "23.6", "Australia": "2,370,966", "Avalon Beach_%": "28.6", "Australia_%": "22.2", "Avalon Beach": "1,424", "New South Wales": "798,126"}, "Technicians and Trades Workers": {"New South Wales_%": "12.7", "Australia": "1,447,414", "Avalon Beach_%": "13.0", "Australia_%": "13.5", "Avalon Beach": "649", "New South Wales": "429,239"}, "Community and Personal Service Workers": {"New South Wales_%": "10.4", "Australia": "1,157,003", "Avalon Beach_%": "9.3", "Australia_%": "10.8", "Avalon Beach": "465", "New South Wales": "350,261"}, "Clerical and Administrative Workers": {"New South Wales_%": "13.8", "Australia": "1,449,681", "Avalon Beach_%": "13.0", "Australia_%": "13.6", "Avalon Beach": "646", "New South Wales": "467,977"}, "Machinery Operators and Drivers": {"New South Wales_%": "6.1", "Australia": "670,106", "Avalon Beach_%": "1.6", "Australia_%": "6.3", "Avalon Beach": "82", "New South Wales": "206,839"}, "Labourers": {"New South Wales_%": "8.8", "Australia": "1,011,520", "Avalon Beach_%": "5.1", "Australia_%": "9.5", "Avalon Beach": "256", "New South Wales": "297,887"}, "Sales Workers": {"New South Wales_%": "9.2", "Australia": "1,000,955", "Avalon Beach_%": "9.4", "Australia_%": "9.4", "Avalon Beach": "468", "New South Wales": "311,414"}, "Managers": {"New South Wales_%": "13.5", "Australia": "1,390,047", "Avalon Beach_%": "18.1", "Australia_%": "13.0", "Avalon Beach": "901", "New South Wales": "456,084"}}}