{"GeoInfo": {"city": "Backwater"}, "summaryTable_qsDwelling": {"Median monthly mortgage repayments": "$0", "All private dwellings": "12", "Average people per household": "0", "Median weekly household income": "$0", "Median weekly rent": "$0", "Average motor vehicles per dwelling": "4"}, "summaryTable_qsPeople": {"Male": "66.7%", "Median age": "61", "Female": "33.3%", "People": "14"}, "summaryTable_qsFamilies": {"for all families": "0", "for families with children": "0", "Families": "7", "Average children per family": "None"}}