{"Employment - hours worked": {"40 hours or more per week": {"Australia": "4,591,801", "Bilgola Plateau_%": "47.5", "Australia_%": "43.0", "Bilgola Plateau": "850", "New South Wales_%": "44.1", "New South Wales": "1,489,099"}, "25-34 hours per week": {"Australia": "1,193,445", "Bilgola Plateau_%": "12.4", "Australia_%": "11.2", "Bilgola Plateau": "221", "New South Wales_%": "10.5", "New South Wales": "353,702"}, "16-24 hours per week": {"Australia": "1,079,236", "Bilgola Plateau_%": "12.6", "Australia_%": "10.1", "Bilgola Plateau": "225", "New South Wales_%": "10.4", "New South Wales": "352,817"}, "35-39 hours per week": {"Australia": "2,031,263", "Bilgola Plateau_%": "10.2", "Australia_%": "19.0", "Bilgola Plateau": "183", "New South Wales_%": "19.1", "New South Wales": "645,428"}, "1-15 hours per week": {"Australia": "1,218,823", "Bilgola Plateau_%": "12.3", "Australia_%": "11.4", "Bilgola Plateau": "220", "New South Wales_%": "10.8", "New South Wales": "364,637"}}, "Number of registered motor vehicles": {"2 motor vehicles": {"Australia": "2,999,184", "Bilgola Plateau_%": "50.6", "Australia_%": "36.2", "Bilgola Plateau": "580", "New South Wales_%": "34.1", "New South Wales": "887,849"}, "None": {"Australia": "623,829", "Bilgola Plateau_%": "1.3", "Australia_%": "7.5", "Bilgola Plateau": "15", "New South Wales_%": "9.2", "New South Wales": "239,625"}, "Number of motor vehicles not stated": {"Australia": "285,197", "Bilgola Plateau_%": "2.0", "Australia_%": "3.4", "Bilgola Plateau": "23", "New South Wales_%": "3.7", "New South Wales": "95,623"}, "1 motor vehicle": {"Australia": "2,881,485", "Bilgola Plateau_%": "19.8", "Australia_%": "34.8", "Bilgola Plateau": "227", "New South Wales_%": "36.3", "New South Wales": "946,159"}, "3 or more vehicles": {"Australia": "1,496,382", "Bilgola Plateau_%": "26.3", "Australia_%": "18.1", "Bilgola Plateau": "302", "New South Wales_%": "16.7", "New South Wales": "435,053"}}, "Employment status of parents in couple families": {"Labour force status not stated (by one or both parents in a couple family)": {"Australia": "311,381", "Bilgola Plateau_%": "6.5", "Australia_%": "6.2", "Bilgola Plateau": "60", "New South Wales_%": "5.7", "New South Wales": "90,630"}, "One employed full-time, one part-time": {"Australia": "1,086,460", "Bilgola Plateau_%": "29.5", "Australia_%": "21.7", "Bilgola Plateau": "273", "New South Wales_%": "20.6", "New South Wales": "329,567"}, "One employed part-time, other not working": {"Australia": "302,037", "Bilgola Plateau_%": "5.8", "Australia_%": "6.0", "Bilgola Plateau": "54", "New South Wales_%": "6.1", "New South Wales": "96,933"}, "Other (includes away from work)": {"Australia": "264,145", "Bilgola Plateau_%": "4.0", "Australia_%": "5.3", "Bilgola Plateau": "37", "New South Wales_%": "5.1", "New South Wales": "80,905"}, "Both employed, worked full-time": {"Australia": "1,084,006", "Bilgola Plateau_%": "20.0", "Australia_%": "21.6", "Bilgola Plateau": "185", "New South Wales_%": "22.6", "New South Wales": "360,916"}, "One employed full-time, other not working": {"Australia": "749,886", "Bilgola Plateau_%": "11.8", "Australia_%": "15.0", "Bilgola Plateau": "109", "New South Wales_%": "15.0", "New South Wales": "240,084"}, "Both employed, worked part-time": {"Australia": "203,596", "Bilgola Plateau_%": "4.8", "Australia_%": "4.1", "Bilgola Plateau": "44", "New South Wales_%": "4.0", "New South Wales": "63,106"}, "Both not working": {"Australia": "1,006,697", "Bilgola Plateau_%": "17.7", "Australia_%": "20.1", "Bilgola Plateau": "164", "New South Wales_%": "21.0", "New South Wales": "334,742"}}, "Country of birth of mother, stated responses": {"New Zealand": {"Australia": "608,329", "Bilgola Plateau_%": "2.9", "Australia_%": "2.6", "Bilgola Plateau": "103", "New South Wales_%": "1.9", "New South Wales": "139,899"}, "Australia": {"Australia": "12,643,365", "Bilgola Plateau_%": "58.3", "Australia_%": "54.0", "Bilgola Plateau": "2,051", "New South Wales_%": "51.9", "New South Wales": "3,884,762"}, "England": {"Australia": "1,302,147", "Bilgola Plateau_%": "12.5", "Australia_%": "5.6", "Bilgola Plateau": "440", "New South Wales_%": "4.3", "New South Wales": "322,472"}, "United Kingdom, Channel Islands and Isle of Man, nfd": {"Australia": "155,231", "Bilgola Plateau_%": "2.4", "Australia_%": "0.7", "Bilgola Plateau": "85", "New South Wales_%": "0.5", "New South Wales": "38,504"}, "South Africa": {"Australia": "193,412", "Bilgola Plateau_%": "2.0", "Australia_%": "0.8", "Bilgola Plateau": "72", "New South Wales_%": "0.7", "New South Wales": "52,673"}}, "Dwelling structure": {"Other dwelling": {"Australia": "64,425", "Bilgola Plateau_%": "0.0", "Australia_%": "0.8", "Bilgola Plateau": "0", "New South Wales_%": "0.9", "New South Wales": "23,580"}, "Semi-detached, row or terrace house, townhouse etc": {"Australia": "1,055,016", "Bilgola Plateau_%": "0.0", "Australia_%": "12.7", "Bilgola Plateau": "0", "New South Wales_%": "12.2", "New South Wales": "317,453"}, "Separate house": {"Australia": "6,041,788", "Bilgola Plateau_%": "98.3", "Australia_%": "72.9", "Bilgola Plateau": "1,131", "New South Wales_%": "66.4", "New South Wales": "1,729,820"}, "Flat or apartment": {"Australia": "1,087,434", "Bilgola Plateau_%": "1.7", "Australia_%": "13.1", "Bilgola Plateau": "19", "New South Wales_%": "19.9", "New South Wales": "519,390"}}, "Number of bedrooms": {"1 bedroom": {"Australia": "411,252", "Bilgola Plateau_%": "1.4", "Australia_%": "5.0", "Bilgola Plateau": "16", "New South Wales_%": "6.0", "New South Wales": "157,194"}, "3 bedrooms": {"Australia": "3,403,190", "Bilgola Plateau_%": "36.3", "Australia_%": "41.1", "Bilgola Plateau": "419", "New South Wales_%": "37.2", "New South Wales": "970,001"}, "Average number of people per household": {"Australia": "2.6", "Bilgola Plateau_%": "--", "Australia_%": "--", "Bilgola Plateau": "3", "New South Wales_%": "--", "New South Wales": "2.6"}, "2 bedrooms": {"Australia": "1,562,759", "Bilgola Plateau_%": "4.7", "Australia_%": "18.9", "Bilgola Plateau": "54", "New South Wales_%": "22.2", "New South Wales": "577,675"}, "4 or more bedrooms": {"Australia": "2,670,758", "Bilgola Plateau_%": "56.9", "Australia_%": "32.2", "Bilgola Plateau": "657", "New South Wales_%": "31.3", "New South Wales": "816,405"}, "None (includes bedsitters)": {"Australia": "39,769", "Bilgola Plateau_%": "0.0", "Australia_%": "0.5", "Bilgola Plateau": "0", "New South Wales_%": "0.7", "New South Wales": "17,157"}, "Number of bedrooms not stated": {"Australia": "198,351", "Bilgola Plateau_%": "0.7", "Australia_%": "2.4", "Bilgola Plateau": "8", "New South Wales_%": "2.5", "New South Wales": "65,888"}, "Average number of bedrooms per dwelling": {"Australia": "3.1", "Bilgola Plateau_%": "--", "Australia_%": "--", "Bilgola Plateau": "3.7", "New South Wales_%": "--", "New South Wales": "3"}}, "summaryTable_qsFamilies": {"for all families": "1", "for families with children": "1.9", "Families": "1,026", "Average children per family": "None"}, "People characteristics": {"Male": {"Australia": "322,171", "Bilgola Plateau_%": "65.2", "Australia_%": "49.6", "Bilgola Plateau": "15", "New South Wales_%": "49.7", "New South Wales": "107,368"}, "Median age": {"Australia": "23", "Bilgola Plateau_%": "--", "Australia_%": "--", "Bilgola Plateau": "14", "New South Wales_%": "--", "New South Wales": "22"}, "Female": {"Australia": "326,996", "Bilgola Plateau_%": "34.8", "Australia_%": "50.4", "Bilgola Plateau": "8", "New South Wales_%": "50.3", "New South Wales": "108,809"}}, "Dwelling count": {"Unoccupied private dwellings": {"Australia": "1,039,874", "Bilgola Plateau_%": "7.3", "Australia_%": "11.2", "Bilgola Plateau": "90", "New South Wales_%": "9.9", "New South Wales": "284,741"}, "Occupied private dwellings": {"Australia": "8,286,073", "Bilgola Plateau_%": "92.7", "Australia_%": "88.8", "Bilgola Plateau": "1,150", "New South Wales_%": "90.1", "New South Wales": "2,604,320"}}, "Level of highest educational attainment": {"Certificate level III": {"Australia": "2,442,203", "Bilgola Plateau_%": "12.1", "Australia_%": "12.8", "Bilgola Plateau": "331", "New South Wales_%": "12.0", "New South Wales": "730,498"}, "Certificate level II": {"Australia": "13,454", "Bilgola Plateau_%": "0.0", "Australia_%": "0.1", "Bilgola Plateau": "0", "New South Wales_%": "0.1", "New South Wales": "4,849"}, "No educational attainment": {"Australia": "145,844", "Bilgola Plateau_%": "0.2", "Australia_%": "0.8", "Bilgola Plateau": "6", "New South Wales_%": "0.9", "New South Wales": "54,870"}, "Bachelor Degree level and above": {"Australia": "4,181,406", "Bilgola Plateau_%": "33.8", "Australia_%": "22.0", "Bilgola Plateau": "922", "New South Wales_%": "23.4", "New South Wales": "1,424,716"}, "Certificate level I": {"Australia": "2,176", "Bilgola Plateau_%": "0.0", "Australia_%": "0.0", "Bilgola Plateau": "0", "New South Wales_%": "0.0", "New South Wales": "625"}, "Year 11": {"Australia": "941,531", "Bilgola Plateau_%": "2.5", "Australia_%": "4.9", "Bilgola Plateau": "69", "New South Wales_%": "3.3", "New South Wales": "203,574"}, "Not stated": {"Australia": "1,974,794", "Bilgola Plateau_%": "5.4", "Australia_%": "10.4", "Bilgola Plateau": "147", "New South Wales_%": "10.3", "New South Wales": "627,465"}, "Year 9 or below": {"Australia": "1,529,897", "Bilgola Plateau_%": "3.4", "Australia_%": "8.0", "Bilgola Plateau": "92", "New South Wales_%": "8.4", "New South Wales": "513,209"}, "Certificate level IV": {"Australia": "551,767", "Bilgola Plateau_%": "2.3", "Australia_%": "2.9", "Bilgola Plateau": "63", "New South Wales_%": "2.8", "New South Wales": "167,947"}, "Year 10": {"Australia": "2,054,331", "Bilgola Plateau_%": "7.8", "Australia_%": "10.8", "Bilgola Plateau": "213", "New South Wales_%": "11.5", "New South Wales": "702,178"}, "Year 12": {"Australia": "2,994,097", "Bilgola Plateau_%": "15.0", "Australia_%": "15.7", "Bilgola Plateau": "409", "New South Wales_%": "15.3", "New South Wales": "930,654"}, "Advanced Diploma and Diploma level": {"Australia": "1,687,893", "Bilgola Plateau_%": "13.8", "Australia_%": "8.9", "Bilgola Plateau": "377", "New South Wales_%": "8.9", "New South Wales": "543,142"}}, "Median weekly incomes": {"Personal": {"Australia": "662", "Bilgola Plateau_%": "--", "Australia_%": "--", "Bilgola Plateau": "903", "New South Wales_%": "--", "New South Wales": "664"}, "Household": {"Australia": "1,438", "Bilgola Plateau_%": "--", "Australia_%": "--", "Bilgola Plateau": "2,399", "New South Wales_%": "--", "New South Wales": "1,486"}, "Family": {"Australia": "1,734", "Bilgola Plateau_%": "--", "Australia_%": "--", "Bilgola Plateau": "2,514", "New South Wales_%": "--", "New South Wales": "1,780"}}, "Family composition": {"Other family": {"Australia": "102,559", "Bilgola Plateau_%": "0.6", "Australia_%": "1.7", "Bilgola Plateau": "6", "New South Wales_%": "1.7", "New South Wales": "32,438"}, "Couple family with children": {"Australia": "2,716,224", "Bilgola Plateau_%": "55.5", "Australia_%": "44.7", "Bilgola Plateau": "567", "New South Wales_%": "45.7", "New South Wales": "887,358"}, "Couple family without children": {"Australia": "2,291,987", "Bilgola Plateau_%": "34.9", "Australia_%": "37.8", "Bilgola Plateau": "356", "New South Wales_%": "36.6", "New South Wales": "709,524"}, "One parent family": {"Australia": "959,543", "Bilgola Plateau_%": "9.0", "Australia_%": "15.8", "Bilgola Plateau": "92", "New South Wales_%": "16.0", "New South Wales": "310,906"}}, "Dwelling internet connection": {"Not stated": {"Australia": "221,494", "Bilgola Plateau_%": "1.1", "Australia_%": "2.7", "Bilgola Plateau": "13", "New South Wales_%": "2.8", "New South Wales": "73,565"}, "Internet not accessed from dwelling": {"Australia": "1,172,415", "Bilgola Plateau_%": "4.2", "Australia_%": "14.1", "Bilgola Plateau": "49", "New South Wales_%": "14.7", "New South Wales": "381,709"}, "Internet accessed from dwelling": {"Australia": "6,892,165", "Bilgola Plateau_%": "94.6", "Australia_%": "83.2", "Bilgola Plateau": "1,092", "New South Wales_%": "82.5", "New South Wales": "2,149,040"}}, "Social marital status": {"Not married": {"Australia": "7,024,973", "Bilgola Plateau_%": "29.3", "Australia_%": "41.9", "Bilgola Plateau": "745", "New South Wales_%": "42.3", "New South Wales": "2,290,887"}, "De facto marriage": {"Australia": "1,751,731", "Bilgola Plateau_%": "8.6", "Australia_%": "10.4", "Bilgola Plateau": "219", "New South Wales_%": "9.4", "New South Wales": "506,133"}, "Registered marriage": {"Australia": "8,001,141", "Bilgola Plateau_%": "62.1", "Australia_%": "47.7", "Bilgola Plateau": "1,582", "New South Wales_%": "48.3", "New South Wales": "2,612,630"}}, "Household composition": {"Family households": {"Australia": "5,907,625", "Bilgola Plateau_%": "85.9", "Australia_%": "71.3", "Bilgola Plateau": "995", "New South Wales_%": "72.0", "New South Wales": "1,874,524"}, "Group households": {"Australia": "354,917", "Bilgola Plateau_%": "1.2", "Australia_%": "4.3", "Bilgola Plateau": "14", "New South Wales_%": "4.2", "New South Wales": "109,004"}, "Single (or lone) person households": {"Australia": "2,023,542", "Bilgola Plateau_%": "12.9", "Australia_%": "24.4", "Bilgola Plateau": "149", "New South Wales_%": "23.8", "New South Wales": "620,778"}}, "People": {"Male": {"Australia": "11,546,638", "Bilgola Plateau_%": "49.8", "Australia_%": "49.3", "Bilgola Plateau": "1,751", "New South Wales_%": "49.3", "New South Wales": "3,686,014"}, "Aboriginal and/or Torres Strait Islander people": {"Australia": "649,171", "Bilgola Plateau_%": "0.7", "Australia_%": "2.8", "Bilgola Plateau": "24", "New South Wales_%": "2.9", "New South Wales": "216,176"}, "Female": {"Australia": "11,855,248", "Bilgola Plateau_%": "50.2", "Australia_%": "50.7", "Bilgola Plateau": "1,768", "New South Wales_%": "50.7", "New South Wales": "3,794,217"}}, "Language, top responses (other than English)": {"Swedish": {"Australia": "8,956", "Bilgola Plateau_%": "0.4", "Australia_%": "0.0", "Bilgola Plateau": "14", "New South Wales_%": "0.0", "New South Wales": "3,317"}, "German": {"Australia": "79,353", "Bilgola Plateau_%": "1.1", "Australia_%": "0.3", "Bilgola Plateau": "40", "New South Wales_%": "0.3", "New South Wales": "23,033"}, "null": {"Australia": "None", "Bilgola Plateau_%": null, "Australia_%": "None", "Bilgola Plateau": null, "New South Wales_%": "None", "New South Wales": "None"}, "French": {"Australia": "70,873", "Bilgola Plateau_%": "1.1", "Australia_%": "0.3", "Bilgola Plateau": "37", "New South Wales_%": "0.3", "New South Wales": "23,743"}, "English only spoken at home": {"Australia": "17,020,417", "Bilgola Plateau_%": "90.7", "Australia_%": "72.7", "Bilgola Plateau": "3,188", "New South Wales_%": "68.5", "New South Wales": "5,126,633"}, "Dutch": {"Australia": "33,835", "Bilgola Plateau_%": "0.5", "Australia_%": "0.1", "Bilgola Plateau": "16", "New South Wales_%": "0.1", "New South Wales": "8,686"}, "Households where a non English language is spoken": {"Australia": "1,971,011", "Bilgola Plateau_%": "11.5", "Australia_%": "22.2", "Bilgola Plateau": "136", "New South Wales_%": "26.5", "New South Wales": "735,563"}, "Italian": {"Australia": "271,597", "Bilgola Plateau_%": "0.4", "Australia_%": "1.2", "Bilgola Plateau": "14", "New South Wales_%": "1.0", "New South Wales": "75,694"}}, "summaryTable_qsDwelling": {"Median monthly mortgage repayments": "$3,100", "All private dwellings": "1,265", "Average people per household": "3", "Median weekly household income": "$2,399", "Median weekly rent": "$810", "Average motor vehicles per dwelling": "2.1"}, "Household income": {"Less than $650 gross weekly income": {"Australia": "--", "Bilgola Plateau_%": "9.6", "Australia_%": "20.0", "Bilgola Plateau": "--", "New South Wales_%": "19.7", "New South Wales": "--"}, "More than $3000 gross weekly income": {"Australia": "--", "Bilgola Plateau_%": "36.2", "Australia_%": "16.4", "Bilgola Plateau": "--", "New South Wales_%": "18.7", "New South Wales": "--"}}, "Country of birth": {"Other top responses": {"Bilgola Plateau_%": "None", "Bilgola Plateau": "None"}, "Australia": {"Australia": "15,614,835", "Bilgola Plateau_%": "71.1", "Australia_%": "66.7", "Bilgola Plateau": "2,499", "New South Wales_%": "65.5", "New South Wales": "4,899,090"}, "England": {"Australia": "907,570", "Bilgola Plateau_%": "11.1", "Australia_%": "3.9", "Bilgola Plateau": "391", "New South Wales_%": "3.0", "New South Wales": "226,564"}, "South Africa": {"Australia": "162,449", "Bilgola Plateau_%": "1.7", "Australia_%": "0.7", "Bilgola Plateau": "60", "New South Wales_%": "0.6", "New South Wales": "43,058"}, "United States of America": {"Australia": "86,125", "Bilgola Plateau_%": "1.3", "Australia_%": "0.4", "Bilgola Plateau": "44", "New South Wales_%": "0.4", "New South Wales": "30,081"}, "Germany": {"Australia": "102,595", "Bilgola Plateau_%": "1.3", "Australia_%": "0.4", "Bilgola Plateau": "47", "New South Wales_%": "0.4", "New South Wales": "29,541"}, "New Zealand": {"Australia": "518,466", "Bilgola Plateau_%": "1.8", "Australia_%": "2.2", "Bilgola Plateau": "64", "New South Wales_%": "1.6", "New South Wales": "117,136"}}, "Religious affiliation, top responses": {"No Religion, so described": {"Australia": "6,933,708", "Bilgola Plateau_%": "39.7", "Australia_%": "29.6", "Bilgola Plateau": "1,398", "New South Wales_%": "25.1", "New South Wales": "1,879,562"}, "Anglican": {"Australia": "3,101,185", "Bilgola Plateau_%": "20.7", "Australia_%": "13.3", "Bilgola Plateau": "727", "New South Wales_%": "15.5", "New South Wales": "1,161,810"}, "Not stated": {"Australia": "2,238,735", "Bilgola Plateau_%": "5.8", "Australia_%": "9.6", "Bilgola Plateau": "205", "New South Wales_%": "9.2", "New South Wales": "684,969"}, "Uniting Church": {"Australia": "870,183", "Bilgola Plateau_%": "3.4", "Australia_%": "3.7", "Bilgola Plateau": "120", "New South Wales_%": "2.9", "New South Wales": "217,258"}, "Catholic": {"Australia": "5,291,834", "Bilgola Plateau_%": "19.1", "Australia_%": "22.6", "Bilgola Plateau": "671", "New South Wales_%": "24.7", "New South Wales": "1,846,443"}}, "Ancestry, top responses": {"German": {"Australia": "982,226", "Bilgola Plateau_%": "3.8", "Australia_%": "3.1", "Bilgola Plateau": "192", "New South Wales_%": "2.4", "New South Wales": "236,146"}, "Australian": {"Australia": "7,298,243", "Bilgola Plateau_%": "24.5", "Australia_%": "23.3", "Bilgola Plateau": "1,241", "New South Wales_%": "22.9", "New South Wales": "2,261,062"}, "Scottish": {"Australia": "2,023,470", "Bilgola Plateau_%": "8.6", "Australia_%": "6.4", "Bilgola Plateau": "435", "New South Wales_%": "5.9", "New South Wales": "587,052"}, "Irish": {"Australia": "2,388,058", "Bilgola Plateau_%": "9.6", "Australia_%": "7.6", "Bilgola Plateau": "483", "New South Wales_%": "7.5", "New South Wales": "741,671"}, "English": {"Australia": "7,852,224", "Bilgola Plateau_%": "34.5", "Australia_%": "25.0", "Bilgola Plateau": "1,742", "New South Wales_%": "23.3", "New South Wales": "2,302,481"}}, "Age": {"35-39 years": {"Australia": "1,561,679", "Bilgola Plateau_%": "5.7", "Australia_%": "6.7", "Bilgola Plateau": "201", "New South Wales_%": "6.7", "New South Wales": "499,724"}, "60-64 years": {"Australia": "1,299,397", "Bilgola Plateau_%": "7.4", "Australia_%": "5.6", "Bilgola Plateau": "261", "New South Wales_%": "5.6", "New South Wales": "420,044"}, "30-34 years": {"Australia": "1,703,847", "Bilgola Plateau_%": "3.0", "Australia_%": "7.3", "Bilgola Plateau": "107", "New South Wales_%": "7.2", "New South Wales": "540,360"}, "0-4 years": {"Australia": "1,464,779", "Bilgola Plateau_%": "5.3", "Australia_%": "6.3", "Bilgola Plateau": "188", "New South Wales_%": "6.2", "New South Wales": "465,135"}, "25-29 years": {"Australia": "1,664,602", "Bilgola Plateau_%": "3.3", "Australia_%": "7.1", "Bilgola Plateau": "115", "New South Wales_%": "7.0", "New South Wales": "527,161"}, "10-14 years": {"Australia": "1,397,183", "Bilgola Plateau_%": "7.6", "Australia_%": "6.0", "Bilgola Plateau": "269", "New South Wales_%": "5.9", "New South Wales": "443,009"}, "5-9 years": {"Australia": "1,502,646", "Bilgola Plateau_%": "9.2", "Australia_%": "6.4", "Bilgola Plateau": "324", "New South Wales_%": "6.4", "New South Wales": "478,184"}, "Median age": {"Australia": "38", "Bilgola Plateau_%": "--", "Australia_%": "--", "Bilgola Plateau": "44", "New South Wales_%": "--", "New South Wales": "38"}, "50-54 years": {"Australia": "1,523,551", "Bilgola Plateau_%": "7.7", "Australia_%": "6.5", "Bilgola Plateau": "271", "New South Wales_%": "6.5", "New South Wales": "485,546"}, "80-84 years": {"Australia": "460,549", "Bilgola Plateau_%": "1.7", "Australia_%": "2.0", "Bilgola Plateau": "59", "New South Wales_%": "2.1", "New South Wales": "155,806"}, "40-44 years": {"Australia": "1,583,257", "Bilgola Plateau_%": "7.8", "Australia_%": "6.8", "Bilgola Plateau": "275", "New South Wales_%": "6.7", "New South Wales": "503,169"}, "70-74 years": {"Australia": "887,716", "Bilgola Plateau_%": "5.1", "Australia_%": "3.8", "Bilgola Plateau": "181", "New South Wales_%": "3.9", "New South Wales": "292,556"}, "15-19 years": {"Australia": "1,421,595", "Bilgola Plateau_%": "5.6", "Australia_%": "6.1", "Bilgola Plateau": "196", "New South Wales_%": "6.0", "New South Wales": "448,425"}, "65-69 years": {"Australia": "1,188,999", "Bilgola Plateau_%": "5.9", "Australia_%": "5.1", "Bilgola Plateau": "207", "New South Wales_%": "5.1", "New South Wales": "384,470"}, "20-24 years": {"Australia": "1,566,793", "Bilgola Plateau_%": "3.5", "Australia_%": "6.7", "Bilgola Plateau": "124", "New South Wales_%": "6.5", "New South Wales": "489,673"}, "55-59 years": {"Australia": "1,454,332", "Bilgola Plateau_%": "8.0", "Australia_%": "6.2", "Bilgola Plateau": "282", "New South Wales_%": "6.3", "New South Wales": "469,726"}, "75-79 years": {"Australia": "652,657", "Bilgola Plateau_%": "3.4", "Australia_%": "2.8", "Bilgola Plateau": "120", "New South Wales_%": "2.9", "New South Wales": "217,308"}, "45-49 years": {"Australia": "1,581,455", "Bilgola Plateau_%": "8.1", "Australia_%": "6.8", "Bilgola Plateau": "286", "New South Wales_%": "6.6", "New South Wales": "492,440"}, "85 years and over": {"Australia": "486,842", "Bilgola Plateau_%": "1.5", "Australia_%": "2.1", "Bilgola Plateau": "51", "New South Wales_%": "2.2", "New South Wales": "167,506"}}, "Single (or lone) parents": {"Male": {"Australia": "--", "Bilgola Plateau_%": "22.7", "Australia_%": "18.2", "Bilgola Plateau": "--", "New South Wales_%": "17.8", "New South Wales": "--"}, "Female": {"Australia": "--", "Bilgola Plateau_%": "77.3", "Australia_%": "81.8", "Bilgola Plateau": "--", "New South Wales_%": "82.2", "New South Wales": "--"}}, "Mortgage monthly repayments": {"Median mortgage repayments": {"Australia": "1,755", "Bilgola Plateau_%": "--", "Australia_%": "--", "Bilgola Plateau": "3,100", "New South Wales_%": "--", "New South Wales": "1,986"}, "Households where mortgage repayments are less than 30% of household income": {"Australia": "--", "Bilgola Plateau_%": "86.5", "Australia_%": "92.8", "Bilgola Plateau": "--", "New South Wales_%": "92.6", "New South Wales": "--"}, "Households with mortgage repayments greater than or equal to 30% of household income": {"Australia": "--", "Bilgola Plateau_%": "13.5", "Australia_%": "7.2", "Bilgola Plateau": "--", "New South Wales_%": "7.4", "New South Wales": "--"}}, "Mortgage and rent": {"Median monthly mortgage repayments": {"Australia": "1,660", "Bilgola Plateau_%": "--", "Australia_%": "--", "Bilgola Plateau": "4,485", "New South Wales_%": "--", "New South Wales": "1,733"}, "Median weekly rent": {"Australia": "250", "Bilgola Plateau_%": "--", "Australia_%": "--", "Bilgola Plateau": "0", "New South Wales_%": "--", "New South Wales": "270"}}, "Tenure": {"Rented": {"Australia": "2,561,302", "Bilgola Plateau_%": "9.4", "Australia_%": "30.9", "Bilgola Plateau": "109", "New South Wales_%": "31.8", "New South Wales": "826,922"}, "Owned outright": {"Australia": "2,565,695", "Bilgola Plateau_%": "42.3", "Australia_%": "31.0", "Bilgola Plateau": "488", "New South Wales_%": "32.2", "New South Wales": "839,665"}, "Owned with a mortgage": {"Australia": "2,855,222", "Bilgola Plateau_%": "47.0", "Australia_%": "34.5", "Bilgola Plateau": "542", "New South Wales_%": "32.3", "New South Wales": "840,004"}, "Tenure type not stated": {"Australia": "224,869", "Bilgola Plateau_%": "1.0", "Australia_%": "2.7", "Bilgola Plateau": "12", "New South Wales_%": "2.8", "New South Wales": "73,763"}, "Other tenure type": {"Australia": "78,994", "Bilgola Plateau_%": "0.3", "Australia_%": "1.0", "Bilgola Plateau": "3", "New South Wales_%": "0.9", "New South Wales": "23,968"}}, "Country of birth of father, stated responses": {"United Kingdom, Channel Islands and Isle of Man, nfd": {"Australia": "177,536", "Bilgola Plateau_%": "2.9", "Australia_%": "0.8", "Bilgola Plateau": "103", "New South Wales_%": "0.6", "New South Wales": "45,238"}, "Australia": {"Australia": "12,231,150", "Bilgola Plateau_%": "56.1", "Australia_%": "52.3", "Bilgola Plateau": "1,967", "New South Wales_%": "50.1", "New South Wales": "3,745,787"}, "England": {"Australia": "1,403,096", "Bilgola Plateau_%": "13.8", "Australia_%": "6.0", "Bilgola Plateau": "484", "New South Wales_%": "4.8", "New South Wales": "359,370"}, "New Zealand": {"Australia": "617,331", "Bilgola Plateau_%": "2.7", "Australia_%": "2.6", "Bilgola Plateau": "95", "New South Wales_%": "1.9", "New South Wales": "143,450"}, "South Africa": {"Australia": "190,816", "Bilgola Plateau_%": "1.9", "Australia_%": "0.8", "Bilgola Plateau": "67", "New South Wales_%": "0.7", "New South Wales": "52,344"}}, "Country of birth of father and/or mother, stated responses": {"Father only born overseas": {"Australia": "1,488,092", "Bilgola Plateau_%": "9.6", "Australia_%": "6.4", "Bilgola Plateau": "339", "New South Wales_%": "6.1", "New South Wales": "458,394"}, "Mother only born overseas": {"Australia": "1,094,591", "Bilgola Plateau_%": "7.0", "Australia_%": "4.7", "Bilgola Plateau": "246", "New South Wales_%": "4.3", "New South Wales": "325,182"}, "Both parents born overseas": {"Australia": "8,051,196", "Bilgola Plateau_%": "31.8", "Australia_%": "34.4", "Bilgola Plateau": "1,116", "New South Wales_%": "37.0", "New South Wales": "2,764,170"}, "Both parents born in Australia": {"Australia": "11,070,538", "Bilgola Plateau_%": "48.4", "Australia_%": "47.3", "Bilgola Plateau": "1,702", "New South Wales_%": "45.4", "New South Wales": "3,399,725"}}, "Rent weekly payments": {"Households where rent payments are less than 30% of household income": {"Australia": "--", "Bilgola Plateau_%": "95.5", "Australia_%": "88.5", "Bilgola Plateau": "--", "New South Wales_%": "87.1", "New South Wales": "--"}, "Households with rent payments greater than or equal to 30% of household income": {"Australia": "--", "Bilgola Plateau_%": "4.5", "Australia_%": "11.5", "Bilgola Plateau": "--", "New South Wales_%": "12.9", "New South Wales": "--"}, "Median rent": {"Australia": "335", "Bilgola Plateau_%": "--", "Australia_%": "--", "Bilgola Plateau": "810", "New South Wales_%": "--", "New South Wales": "380"}}, "Registered marital status": {"Separated": {"Australia": "608,059", "Bilgola Plateau_%": "1.6", "Australia_%": "3.2", "Bilgola Plateau": "45", "New South Wales_%": "3.1", "New South Wales": "190,198"}, "Widowed": {"Australia": "985,204", "Bilgola Plateau_%": "4.1", "Australia_%": "5.2", "Bilgola Plateau": "112", "New South Wales_%": "5.4", "New South Wales": "331,653"}, "Married": {"Australia": "9,148,218", "Bilgola Plateau_%": "62.4", "Australia_%": "48.1", "Bilgola Plateau": "1,708", "New South Wales_%": "48.7", "New South Wales": "2,965,280"}, "Divorced": {"Australia": "1,626,890", "Bilgola Plateau_%": "7.6", "Australia_%": "8.5", "Bilgola Plateau": "209", "New South Wales_%": "8.4", "New South Wales": "512,298"}, "Never married": {"Australia": "6,668,910", "Bilgola Plateau_%": "24.3", "Australia_%": "35.0", "Bilgola Plateau": "664", "New South Wales_%": "34.4", "New South Wales": "2,094,460"}}, "summaryTable_qsPeople": {"Male": "49.8%", "Median age": "44", "Female": "50.2%", "People": "3,518"}, "Dwelling characteristics": {"Average number of people per household": {"Australia": "3.2", "Bilgola Plateau_%": "--", "Australia_%": "--", "Bilgola Plateau": "3.1", "New South Wales_%": "--", "New South Wales": "3.1"}, "Average number of persons per bedroom": {"Australia": "1", "Bilgola Plateau_%": "--", "Australia_%": "--", "Bilgola Plateau": "0.9", "New South Wales_%": "--", "New South Wales": "1"}, "Median weekly household income": {"Australia": "1,203", "Bilgola Plateau_%": "--", "Australia_%": "--", "Bilgola Plateau": "3,374", "New South Wales_%": "--", "New South Wales": "1,214"}}, "Unpaid work": {"Did unpaid domestic work (last week)": {"Australia": "13,143,914", "Bilgola Plateau_%": "83.0", "Australia_%": "69.0", "Bilgola Plateau": "2,273", "New South Wales_%": "67.7", "New South Wales": "4,127,723"}, "Provided unpaid assistance to a person with a disability (last two weeks)": {"Australia": "2,145,203", "Bilgola Plateau_%": "12.4", "Australia_%": "11.3", "Bilgola Plateau": "340", "New South Wales_%": "11.6", "New South Wales": "709,415"}, "Did voluntary work through an organisation or group (last 12 months)": {"Australia": "3,620,726", "Bilgola Plateau_%": "24.0", "Australia_%": "19.0", "Bilgola Plateau": "656", "New South Wales_%": "18.1", "New South Wales": "1,103,790"}, "Cared for child/children (last two weeks)": {"Australia": "5,259,400", "Bilgola Plateau_%": "37.6", "Australia_%": "27.6", "Bilgola Plateau": "1,029", "New South Wales_%": "27.2", "New South Wales": "1,659,250"}}, "Unpaid domestic work, number of hours": {"5 to 14 hours per week": {"Australia": "4,944,578", "Bilgola Plateau_%": "32.3", "Australia_%": "26.0", "Bilgola Plateau": "887", "New South Wales_%": "25.1", "New South Wales": "1,531,206"}, "30 hours or more per week": {"Australia": "1,710,970", "Bilgola Plateau_%": "10.3", "Australia_%": "9.0", "Bilgola Plateau": "284", "New South Wales_%": "9.0", "New South Wales": "545,925"}, "Less than 5 hours per week": {"Australia": "4,298,593", "Bilgola Plateau_%": "26.0", "Australia_%": "22.6", "Bilgola Plateau": "714", "New South Wales_%": "22.3", "New South Wales": "1,359,656"}, "15 to 29 hours per week": {"Australia": "2,189,776", "Bilgola Plateau_%": "14.3", "Australia_%": "11.5", "Bilgola Plateau": "393", "New South Wales_%": "11.3", "New South Wales": "690,934"}}, "Industry of employment, top responses": {"Combined Primary and Secondary Education": {"Australia": "122,286", "Bilgola Plateau_%": "2.1", "Australia_%": "1.1", "Bilgola Plateau": "34", "New South Wales_%": "1.0", "New South Wales": "34,152"}, "Computer System Design and Related Services": {"Australia": "162,884", "Bilgola Plateau_%": "3.2", "Australia_%": "1.5", "Bilgola Plateau": "53", "New South Wales_%": "1.9", "New South Wales": "63,717"}, "Hospitals (except Psychiatric Hospitals)": {"Australia": "411,808", "Bilgola Plateau_%": "2.7", "Australia_%": "3.9", "Bilgola Plateau": "44", "New South Wales_%": "3.5", "New South Wales": "119,350"}, "Secondary Education": {"Australia": "177,487", "Bilgola Plateau_%": "1.9", "Australia_%": "1.7", "Bilgola Plateau": "32", "New South Wales_%": "1.7", "New South Wales": "58,072"}, "Primary Education": {"Australia": "231,198", "Bilgola Plateau_%": "2.4", "Australia_%": "2.2", "Bilgola Plateau": "39", "New South Wales_%": "1.9", "New South Wales": "65,204"}}, "GeoInfo": {"city": "Bilgola Plateau"}, "Education": {"University or tertiary institution": {"Australia": "1,160,626", "Bilgola Plateau_%": "11.8", "Australia_%": "16.1", "Bilgola Plateau": "128", "New South Wales_%": "16.2", "New South Wales": "376,133"}, "Secondary - Catholic": {"Australia": "338,384", "Bilgola Plateau_%": "4.7", "Australia_%": "4.7", "Bilgola Plateau": "51", "New South Wales_%": "5.1", "New South Wales": "117,689"}, "Secondary - other non Government": {"Australia": "280,618", "Bilgola Plateau_%": "6.3", "Australia_%": "3.9", "Bilgola Plateau": "68", "New South Wales_%": "3.4", "New South Wales": "79,915"}, "Primary - Catholic": {"Australia": "380,604", "Bilgola Plateau_%": "2.0", "Australia_%": "5.3", "Bilgola Plateau": "22", "New South Wales_%": "5.3", "New South Wales": "122,099"}, "Primary - Government": {"Australia": "1,314,787", "Bilgola Plateau_%": "32.6", "Australia_%": "18.2", "Bilgola Plateau": "353", "New South Wales_%": "18.0", "New South Wales": "417,465"}, "Other": {"Australia": "198,383", "Bilgola Plateau_%": "1.7", "Australia_%": "2.8", "Bilgola Plateau": "18", "New South Wales_%": "2.7", "New South Wales": "63,673"}, "Technical or further education institution": {"Australia": "424,869", "Bilgola Plateau_%": "4.0", "Australia_%": "5.9", "Bilgola Plateau": "43", "New South Wales_%": "6.2", "New South Wales": "144,103"}, "Secondary - Government": {"Australia": "827,505", "Bilgola Plateau_%": "13.6", "Australia_%": "11.5", "Bilgola Plateau": "147", "New South Wales_%": "11.6", "New South Wales": "269,249"}, "Primary - other non Government": {"Australia": "231,490", "Bilgola Plateau_%": "4.3", "Australia_%": "3.2", "Bilgola Plateau": "47", "New South Wales_%": "2.9", "New South Wales": "67,611"}, "Not stated": {"Australia": "1,707,023", "Bilgola Plateau_%": "10.8", "Australia_%": "23.7", "Bilgola Plateau": "117", "New South Wales_%": "23.0", "New South Wales": "535,266"}, "Preschool": {"Australia": "347,621", "Bilgola Plateau_%": "8.2", "Australia_%": "4.8", "Bilgola Plateau": "89", "New South Wales_%": "5.7", "New South Wales": "132,047"}}, "Employment": {"Unemployed": {"Australia": "787,452", "Bilgola Plateau_%": "3.1", "Australia_%": "6.9", "Bilgola Plateau": "57", "New South Wales_%": "6.3", "New South Wales": "225,546"}, "Worked part-time": {"Australia": "3,491,503", "Bilgola Plateau_%": "36.2", "Australia_%": "30.4", "Bilgola Plateau": "673", "New South Wales_%": "29.7", "New South Wales": "1,071,151"}, "Away from work": {"Australia": "569,276", "Bilgola Plateau_%": "4.9", "Australia_%": "5.0", "Bilgola Plateau": "91", "New South Wales_%": "4.8", "New South Wales": "174,654"}, "Worked full-time": {"Australia": "6,623,065", "Bilgola Plateau_%": "55.9", "Australia_%": "57.7", "Bilgola Plateau": "1,039", "New South Wales_%": "59.2", "New South Wales": "2,134,521"}}, "Travel to work, top responses": {"Walked only": {"Australia": "370,427", "Bilgola Plateau_%": "2.4", "Australia_%": "3.5", "Bilgola Plateau": "43", "New South Wales_%": "3.9", "New South Wales": "130,957"}, "Worked at home": {"Australia": "503,582", "Bilgola Plateau_%": "12.1", "Australia_%": "4.7", "Bilgola Plateau": "215", "New South Wales_%": "4.8", "New South Wales": "163,026"}, "People who travelled to work by car as driver or passenger": {"Australia": "7,305,271", "Bilgola Plateau_%": "69.0", "Australia_%": "68.4", "Bilgola Plateau": "1,238", "New South Wales_%": "64.6", "New South Wales": "2,182,854"}, "Bus": {"Australia": "323,201", "Bilgola Plateau_%": "5.2", "Australia_%": "3.0", "Bilgola Plateau": "92", "New South Wales_%": "4.0", "New South Wales": "133,903"}, "null": {"Australia": "None", "Bilgola Plateau_%": null, "Australia_%": "None", "Bilgola Plateau": null, "New South Wales_%": "None", "New South Wales": "None"}, "People who travelled to work by public transport": {"Australia": "1,225,668", "Bilgola Plateau_%": "7.9", "Australia_%": "11.5", "Bilgola Plateau": "141", "New South Wales_%": "16.0", "New South Wales": "540,215"}, "Car, as driver": {"Australia": "6,574,571", "Bilgola Plateau_%": "64.4", "Australia_%": "61.5", "Bilgola Plateau": "1,142", "New South Wales_%": "57.8", "New South Wales": "1,953,399"}, "Car, as passenger": {"Australia": "489,922", "Bilgola Plateau_%": "3.2", "Australia_%": "4.6", "Bilgola Plateau": "57", "New South Wales_%": "4.3", "New South Wales": "144,820"}}, "Occupation": {"Professionals": {"Australia": "2,370,966", "Bilgola Plateau_%": "30.5", "Australia_%": "22.2", "Bilgola Plateau": "549", "New South Wales_%": "23.6", "New South Wales": "798,126"}, "Technicians and Trades Workers": {"Australia": "1,447,414", "Bilgola Plateau_%": "11.2", "Australia_%": "13.5", "Bilgola Plateau": "202", "New South Wales_%": "12.7", "New South Wales": "429,239"}, "Community and Personal Service Workers": {"Australia": "1,157,003", "Bilgola Plateau_%": "8.9", "Australia_%": "10.8", "Bilgola Plateau": "160", "New South Wales_%": "10.4", "New South Wales": "350,261"}, "Clerical and Administrative Workers": {"Australia": "1,449,681", "Bilgola Plateau_%": "13.3", "Australia_%": "13.6", "Bilgola Plateau": "239", "New South Wales_%": "13.8", "New South Wales": "467,977"}, "Machinery Operators and Drivers": {"Australia": "670,106", "Bilgola Plateau_%": "2.3", "Australia_%": "6.3", "Bilgola Plateau": "42", "New South Wales_%": "6.1", "New South Wales": "206,839"}, "Labourers": {"Australia": "1,011,520", "Bilgola Plateau_%": "3.5", "Australia_%": "9.5", "Bilgola Plateau": "63", "New South Wales_%": "8.8", "New South Wales": "297,887"}, "Sales Workers": {"Australia": "1,000,955", "Bilgola Plateau_%": "8.7", "Australia_%": "9.4", "Bilgola Plateau": "157", "New South Wales_%": "9.2", "New South Wales": "311,414"}, "Managers": {"Australia": "1,390,047", "Bilgola Plateau_%": "20.0", "Australia_%": "13.0", "Bilgola Plateau": "360", "New South Wales_%": "13.5", "New South Wales": "456,084"}}}