{"GeoInfo": {"city": "Blakney Creek"}, "summaryTable_qsDwelling": {"Median monthly mortgage repayments": "$1,452", "All private dwellings": "26", "Average people per household": "2.4", "Median weekly household income": "$1,333", "Median weekly rent": "$0", "Average motor vehicles per dwelling": "2.3"}, "summaryTable_qsPeople": {"Male": "49.3%", "Median age": "43", "Female": "50.7%", "People": "60"}, "summaryTable_qsFamilies": {"for all families": "0.8", "for families with children": "1.8", "Families": "15", "Average children per family": "None"}}