{"Employment - hours worked": {"40 hours or more per week": {"Australia": "4,591,801", "Bondi Beach": "4,192", "Australia_%": "43.0", "New South Wales_%": "44.1", "Bondi Beach_%": "60.3", "New South Wales": "1,489,099"}, "25-34 hours per week": {"Australia": "1,193,445", "Bondi Beach": "544", "Australia_%": "11.2", "New South Wales_%": "10.5", "Bondi Beach_%": "7.8", "New South Wales": "353,702"}, "16-24 hours per week": {"Australia": "1,079,236", "Bondi Beach": "603", "Australia_%": "10.1", "New South Wales_%": "10.4", "Bondi Beach_%": "8.7", "New South Wales": "352,817"}, "35-39 hours per week": {"Australia": "2,031,263", "Bondi Beach": "888", "Australia_%": "19.0", "New South Wales_%": "19.1", "Bondi Beach_%": "12.8", "New South Wales": "645,428"}, "1-15 hours per week": {"Australia": "1,218,823", "Bondi Beach": "448", "Australia_%": "11.4", "New South Wales_%": "10.8", "Bondi Beach_%": "6.4", "New South Wales": "364,637"}}, "Number of registered motor vehicles": {"2 motor vehicles": {"Australia": "2,999,184", "Bondi Beach": "873", "Australia_%": "36.2", "New South Wales_%": "34.1", "Bondi Beach_%": "18.4", "New South Wales": "887,849"}, "None": {"Australia": "623,829", "Bondi Beach": "1,222", "Australia_%": "7.5", "New South Wales_%": "9.2", "Bondi Beach_%": "25.7", "New South Wales": "239,625"}, "Number of motor vehicles not stated": {"Australia": "285,197", "Bondi Beach": "199", "Australia_%": "3.4", "New South Wales_%": "3.7", "Bondi Beach_%": "4.2", "New South Wales": "95,623"}, "1 motor vehicle": {"Australia": "2,881,485", "Bondi Beach": "2,287", "Australia_%": "34.8", "New South Wales_%": "36.3", "Bondi Beach_%": "48.2", "New South Wales": "946,159"}, "3 or more vehicles": {"Australia": "1,496,382", "Bondi Beach": "166", "Australia_%": "18.1", "New South Wales_%": "16.7", "Bondi Beach_%": "3.5", "New South Wales": "435,053"}}, "Employment status of parents in couple families": {"Labour force status not stated (by one or both parents in a couple family)": {"Australia": "311,381", "Bondi Beach": "176", "Australia_%": "6.2", "New South Wales_%": "5.7", "Bondi Beach_%": "8.1", "New South Wales": "90,630"}, "One employed full-time, one part-time": {"Australia": "1,086,460", "Bondi Beach": "457", "Australia_%": "21.7", "New South Wales_%": "20.6", "Bondi Beach_%": "21.1", "New South Wales": "329,567"}, "One employed part-time, other not working": {"Australia": "302,037", "Bondi Beach": "76", "Australia_%": "6.0", "New South Wales_%": "6.1", "Bondi Beach_%": "3.5", "New South Wales": "96,933"}, "Other (includes away from work)": {"Australia": "264,145", "Bondi Beach": "113", "Australia_%": "5.3", "New South Wales_%": "5.1", "Bondi Beach_%": "5.2", "New South Wales": "80,905"}, "Both employed, worked full-time": {"Australia": "1,084,006", "Bondi Beach": "845", "Australia_%": "21.6", "New South Wales_%": "22.6", "Bondi Beach_%": "39.0", "New South Wales": "360,916"}, "One employed full-time, other not working": {"Australia": "749,886", "Bondi Beach": "241", "Australia_%": "15.0", "New South Wales_%": "15.0", "Bondi Beach_%": "11.1", "New South Wales": "240,084"}, "Both employed, worked part-time": {"Australia": "203,596", "Bondi Beach": "92", "Australia_%": "4.1", "New South Wales_%": "4.0", "Bondi Beach_%": "4.3", "New South Wales": "63,106"}, "Both not working": {"Australia": "1,006,697", "Bondi Beach": "164", "Australia_%": "20.1", "New South Wales_%": "21.0", "Bondi Beach_%": "7.6", "New South Wales": "334,742"}}, "Country of birth of mother, stated responses": {"Brazil": {"Australia": "32,805", "Bondi Beach": "245", "Australia_%": "0.1", "New South Wales_%": "0.2", "Bondi Beach_%": "2.1", "New South Wales": "14,587"}, "New Zealand": {"Australia": "608,329", "Bondi Beach": "458", "Australia_%": "2.6", "New South Wales_%": "1.9", "Bondi Beach_%": "3.9", "New South Wales": "139,899"}, "Australia": {"Australia": "12,643,365", "Bondi Beach": "3,912", "Australia_%": "54.0", "New South Wales_%": "51.9", "Bondi Beach_%": "33.7", "New South Wales": "3,884,762"}, "England": {"Australia": "1,302,147", "Bondi Beach": "948", "Australia_%": "5.6", "New South Wales_%": "4.3", "Bondi Beach_%": "8.2", "New South Wales": "322,472"}, "South Africa": {"Australia": "193,412", "Bondi Beach": "322", "Australia_%": "0.8", "New South Wales_%": "0.7", "Bondi Beach_%": "2.8", "New South Wales": "52,673"}}, "Dwelling structure": {"Other dwelling": {"Australia": "64,425", "Bondi Beach": "3", "Australia_%": "0.8", "New South Wales_%": "0.9", "Bondi Beach_%": "0.1", "New South Wales": "23,580"}, "Semi-detached, row or terrace house, townhouse etc": {"Australia": "1,055,016", "Bondi Beach": "530", "Australia_%": "12.7", "New South Wales_%": "12.2", "Bondi Beach_%": "11.2", "New South Wales": "317,453"}, "Separate house": {"Australia": "6,041,788", "Bondi Beach": "213", "Australia_%": "72.9", "New South Wales_%": "66.4", "Bondi Beach_%": "4.5", "New South Wales": "1,729,820"}, "Flat or apartment": {"Australia": "1,087,434", "Bondi Beach": "3,980", "Australia_%": "13.1", "New South Wales_%": "19.9", "Bondi Beach_%": "83.9", "New South Wales": "519,390"}}, "Number of bedrooms": {"1 bedroom": {"Australia": "411,252", "Bondi Beach": "1,084", "Australia_%": "5.0", "New South Wales_%": "6.0", "Bondi Beach_%": "22.9", "New South Wales": "157,194"}, "3 bedrooms": {"Australia": "3,403,190", "Bondi Beach": "722", "Australia_%": "41.1", "New South Wales_%": "37.2", "Bondi Beach_%": "15.2", "New South Wales": "970,001"}, "Average number of people per household": {"Australia": "2.6", "Bondi Beach": "2.1", "Australia_%": "--", "New South Wales_%": "--", "Bondi Beach_%": "--", "New South Wales": "2.6"}, "2 bedrooms": {"Australia": "1,562,759", "Bondi Beach": "2,350", "Australia_%": "18.9", "New South Wales_%": "22.2", "Bondi Beach_%": "49.5", "New South Wales": "577,675"}, "4 or more bedrooms": {"Australia": "2,670,758", "Bondi Beach": "281", "Australia_%": "32.2", "New South Wales_%": "31.3", "Bondi Beach_%": "5.9", "New South Wales": "816,405"}, "None (includes bedsitters)": {"Australia": "39,769", "Bondi Beach": "156", "Australia_%": "0.5", "New South Wales_%": "0.7", "Bondi Beach_%": "3.3", "New South Wales": "17,157"}, "Number of bedrooms not stated": {"Australia": "198,351", "Bondi Beach": "150", "Australia_%": "2.4", "New South Wales_%": "2.5", "Bondi Beach_%": "3.2", "New South Wales": "65,888"}, "Average number of bedrooms per dwelling": {"Australia": "3.1", "Bondi Beach": "2", "Australia_%": "--", "New South Wales_%": "--", "Bondi Beach_%": "--", "New South Wales": "3"}}, "summaryTable_qsFamilies": {"for all families": "0.3", "for families with children": "1.6", "Families": "2,468", "Average children per family": "None"}, "People characteristics": {"Male": {"Australia": "322,171", "Bondi Beach": "34", "Australia_%": "49.6", "New South Wales_%": "49.7", "Bondi Beach_%": "69.4", "New South Wales": "107,368"}, "Median age": {"Australia": "23", "Bondi Beach": "32", "Australia_%": "--", "New South Wales_%": "--", "Bondi Beach_%": "--", "New South Wales": "22"}, "Female": {"Australia": "326,996", "Bondi Beach": "15", "Australia_%": "50.4", "New South Wales_%": "50.3", "Bondi Beach_%": "30.6", "New South Wales": "108,809"}}, "Dwelling count": {"Unoccupied private dwellings": {"Australia": "1,039,874", "Bondi Beach": "917", "Australia_%": "11.2", "New South Wales_%": "9.9", "Bondi Beach_%": "16.2", "New South Wales": "284,741"}, "Occupied private dwellings": {"Australia": "8,286,073", "Bondi Beach": "4,741", "Australia_%": "88.8", "New South Wales_%": "90.1", "Bondi Beach_%": "83.8", "New South Wales": "2,604,320"}}, "Level of highest educational attainment": {"Certificate level III": {"Australia": "2,442,203", "Bondi Beach": "510", "Australia_%": "12.8", "New South Wales_%": "12.0", "Bondi Beach_%": "4.9", "New South Wales": "730,498"}, "Certificate level II": {"Australia": "13,454", "Bondi Beach": "0", "Australia_%": "0.1", "New South Wales_%": "0.1", "Bondi Beach_%": "0.0", "New South Wales": "4,849"}, "No educational attainment": {"Australia": "145,844", "Bondi Beach": "22", "Australia_%": "0.8", "New South Wales_%": "0.9", "Bondi Beach_%": "0.2", "New South Wales": "54,870"}, "Bachelor Degree level and above": {"Australia": "4,181,406", "Bondi Beach": "4,732", "Australia_%": "22.0", "New South Wales_%": "23.4", "Bondi Beach_%": "45.6", "New South Wales": "1,424,716"}, "Certificate level I": {"Australia": "2,176", "Bondi Beach": "0", "Australia_%": "0.0", "New South Wales_%": "0.0", "Bondi Beach_%": "0.0", "New South Wales": "625"}, "Year 11": {"Australia": "941,531", "Bondi Beach": "152", "Australia_%": "4.9", "New South Wales_%": "3.3", "Bondi Beach_%": "1.5", "New South Wales": "203,574"}, "Not stated": {"Australia": "1,974,794", "Bondi Beach": "1,751", "Australia_%": "10.4", "New South Wales_%": "10.3", "Bondi Beach_%": "16.9", "New South Wales": "627,465"}, "Year 9 or below": {"Australia": "1,529,897", "Bondi Beach": "173", "Australia_%": "8.0", "New South Wales_%": "8.4", "Bondi Beach_%": "1.7", "New South Wales": "513,209"}, "Certificate level IV": {"Australia": "551,767", "Bondi Beach": "141", "Australia_%": "2.9", "New South Wales_%": "2.8", "Bondi Beach_%": "1.4", "New South Wales": "167,947"}, "Year 10": {"Australia": "2,054,331", "Bondi Beach": "335", "Australia_%": "10.8", "New South Wales_%": "11.5", "Bondi Beach_%": "3.2", "New South Wales": "702,178"}, "Year 12": {"Australia": "2,994,097", "Bondi Beach": "1,384", "Australia_%": "15.7", "New South Wales_%": "15.3", "Bondi Beach_%": "13.3", "New South Wales": "930,654"}, "Advanced Diploma and Diploma level": {"Australia": "1,687,893", "Bondi Beach": "890", "Australia_%": "8.9", "New South Wales_%": "8.9", "Bondi Beach_%": "8.6", "New South Wales": "543,142"}}, "Median weekly incomes": {"Personal": {"Australia": "662", "Bondi Beach": "1,241", "Australia_%": "--", "New South Wales_%": "--", "Bondi Beach_%": "--", "New South Wales": "664"}, "Household": {"Australia": "1,438", "Bondi Beach": "2,253", "Australia_%": "--", "New South Wales_%": "--", "Bondi Beach_%": "--", "New South Wales": "1,486"}, "Family": {"Australia": "1,734", "Bondi Beach": "2,874", "Australia_%": "--", "New South Wales_%": "--", "Bondi Beach_%": "--", "New South Wales": "1,780"}}, "Family composition": {"Other family": {"Australia": "102,559", "Bondi Beach": "42", "Australia_%": "1.7", "New South Wales_%": "1.7", "Bondi Beach_%": "1.7", "New South Wales": "32,438"}, "Couple family with children": {"Australia": "2,716,224", "Bondi Beach": "784", "Australia_%": "44.7", "New South Wales_%": "45.7", "Bondi Beach_%": "31.7", "New South Wales": "887,358"}, "Couple family without children": {"Australia": "2,291,987", "Bondi Beach": "1,384", "Australia_%": "37.8", "New South Wales_%": "36.6", "Bondi Beach_%": "56.0", "New South Wales": "709,524"}, "One parent family": {"Australia": "959,543", "Bondi Beach": "260", "Australia_%": "15.8", "New South Wales_%": "16.0", "Bondi Beach_%": "10.5", "New South Wales": "310,906"}}, "Dwelling internet connection": {"Not stated": {"Australia": "221,494", "Bondi Beach": "146", "Australia_%": "2.7", "New South Wales_%": "2.8", "Bondi Beach_%": "3.1", "New South Wales": "73,565"}, "Internet not accessed from dwelling": {"Australia": "1,172,415", "Bondi Beach": "401", "Australia_%": "14.1", "New South Wales_%": "14.7", "Bondi Beach_%": "8.5", "New South Wales": "381,709"}, "Internet accessed from dwelling": {"Australia": "6,892,165", "Bondi Beach": "4,197", "Australia_%": "83.2", "New South Wales_%": "82.5", "Bondi Beach_%": "88.5", "New South Wales": "2,149,040"}}, "Social marital status": {"Not married": {"Australia": "7,024,973", "Bondi Beach": "4,230", "Australia_%": "41.9", "New South Wales_%": "42.3", "Bondi Beach_%": "50.4", "New South Wales": "2,290,887"}, "De facto marriage": {"Australia": "1,751,731", "Bondi Beach": "1,951", "Australia_%": "10.4", "New South Wales_%": "9.4", "Bondi Beach_%": "23.2", "New South Wales": "506,133"}, "Registered marriage": {"Australia": "8,001,141", "Bondi Beach": "2,213", "Australia_%": "47.7", "New South Wales_%": "48.3", "Bondi Beach_%": "26.4", "New South Wales": "2,612,630"}}, "Household composition": {"Family households": {"Australia": "5,907,625", "Bondi Beach": "2,448", "Australia_%": "71.3", "New South Wales_%": "72.0", "Bondi Beach_%": "51.6", "New South Wales": "1,874,524"}, "Group households": {"Australia": "354,917", "Bondi Beach": "758", "Australia_%": "4.3", "New South Wales_%": "4.2", "Bondi Beach_%": "16.0", "New South Wales": "109,004"}, "Single (or lone) person households": {"Australia": "2,023,542", "Bondi Beach": "1,541", "Australia_%": "24.4", "New South Wales_%": "23.8", "Bondi Beach_%": "32.5", "New South Wales": "620,778"}}, "People": {"Male": {"Australia": "11,546,638", "Bondi Beach": "5,831", "Australia_%": "49.3", "New South Wales_%": "49.3", "Bondi Beach_%": "50.0", "New South Wales": "3,686,014"}, "Aboriginal and/or Torres Strait Islander people": {"Australia": "649,171", "Bondi Beach": "49", "Australia_%": "2.8", "New South Wales_%": "2.9", "Bondi Beach_%": "0.4", "New South Wales": "216,176"}, "Female": {"Australia": "11,855,248", "Bondi Beach": "5,824", "Australia_%": "50.7", "New South Wales_%": "50.7", "Bondi Beach_%": "50.0", "New South Wales": "3,794,217"}}, "Language, top responses (other than English)": {"Portuguese": {"Australia": "48,853", "Bondi Beach": "243", "Australia_%": "0.2", "New South Wales_%": "0.3", "Bondi Beach_%": "2.1", "New South Wales": "23,003"}, "null": {"Australia": "None", "Bondi Beach": null, "Australia_%": "None", "New South Wales_%": "None", "Bondi Beach_%": null, "New South Wales": "None"}, "French": {"Australia": "70,873", "Bondi Beach": "285", "Australia_%": "0.3", "New South Wales_%": "0.3", "Bondi Beach_%": "2.4", "New South Wales": "23,743"}, "English only spoken at home": {"Australia": "17,020,417", "Bondi Beach": "7,558", "Australia_%": "72.7", "New South Wales_%": "68.5", "Bondi Beach_%": "64.8", "New South Wales": "5,126,633"}, "Households where a non English language is spoken": {"Australia": "1,971,011", "Bondi Beach": "1,354", "Australia_%": "22.2", "New South Wales_%": "26.5", "Bondi Beach_%": "24.3", "New South Wales": "735,563"}, "Spanish": {"Australia": "140,817", "Bondi Beach": "412", "Australia_%": "0.6", "New South Wales_%": "0.8", "Bondi Beach_%": "3.5", "New South Wales": "63,527"}, "Russian": {"Australia": "50,314", "Bondi Beach": "198", "Australia_%": "0.2", "New South Wales_%": "0.3", "Bondi Beach_%": "1.7", "New South Wales": "18,763"}, "Italian": {"Australia": "271,597", "Bondi Beach": "226", "Australia_%": "1.2", "New South Wales_%": "1.0", "Bondi Beach_%": "1.9", "New South Wales": "75,694"}}, "summaryTable_qsDwelling": {"Median monthly mortgage repayments": "$2,708", "All private dwellings": "6,498", "Average people per household": "2.1", "Median weekly household income": "$2,253", "Median weekly rent": "$630", "Average motor vehicles per dwelling": "1"}, "Household income": {"Less than $650 gross weekly income": {"Australia": "--", "Bondi Beach": "--", "Australia_%": "20.0", "New South Wales_%": "19.7", "Bondi Beach_%": "11.6", "New South Wales": "--"}, "More than $3000 gross weekly income": {"Australia": "--", "Bondi Beach": "--", "Australia_%": "16.4", "New South Wales_%": "18.7", "Bondi Beach_%": "36.7", "New South Wales": "--"}}, "Country of birth": {"Other top responses": {"Bondi Beach": "None", "Bondi Beach_%": "None"}, "Brazil": {"Australia": "27,630", "Bondi Beach": "236", "Australia_%": "0.1", "New South Wales_%": "0.2", "Bondi Beach_%": "2.0", "New South Wales": "12,314"}, "Australia": {"Australia": "15,614,835", "Bondi Beach": "5,287", "Australia_%": "66.7", "New South Wales_%": "65.5", "Bondi Beach_%": "45.3", "New South Wales": "4,899,090"}, "England": {"Australia": "907,570", "Bondi Beach": "1,016", "Australia_%": "3.9", "New South Wales_%": "3.0", "Bondi Beach_%": "8.7", "New South Wales": "226,564"}, "South Africa": {"Australia": "162,449", "Bondi Beach": "265", "Australia_%": "0.7", "New South Wales_%": "0.6", "Bondi Beach_%": "2.3", "New South Wales": "43,058"}, "United States of America": {"Australia": "86,125", "Bondi Beach": "238", "Australia_%": "0.4", "New South Wales_%": "0.4", "Bondi Beach_%": "2.0", "New South Wales": "30,081"}, "New Zealand": {"Australia": "518,466", "Bondi Beach": "391", "Australia_%": "2.2", "New South Wales_%": "1.6", "Bondi Beach_%": "3.4", "New South Wales": "117,136"}}, "Religious affiliation, top responses": {"No Religion, so described": {"Australia": "6,933,708", "Bondi Beach": "4,801", "Australia_%": "29.6", "New South Wales_%": "25.1", "Bondi Beach_%": "41.2", "New South Wales": "1,879,562"}, "Catholic": {"Australia": "5,291,834", "Bondi Beach": "2,200", "Australia_%": "22.6", "New South Wales_%": "24.7", "Bondi Beach_%": "18.9", "New South Wales": "1,846,443"}, "Not stated": {"Australia": "2,238,735", "Bondi Beach": "2,058", "Australia_%": "9.6", "New South Wales_%": "9.2", "Bondi Beach_%": "17.7", "New South Wales": "684,969"}, "Judaism": {"Australia": "91,022", "Bondi Beach": "760", "Australia_%": "0.4", "New South Wales_%": "0.5", "Bondi Beach_%": "6.5", "New South Wales": "36,901"}, "Anglican": {"Australia": "3,101,185", "Bondi Beach": "809", "Australia_%": "13.3", "New South Wales_%": "15.5", "Bondi Beach_%": "6.9", "New South Wales": "1,161,810"}}, "Ancestry, top responses": {"Australian": {"Australia": "7,298,243", "Bondi Beach": "2,206", "Australia_%": "23.3", "New South Wales_%": "22.9", "Bondi Beach_%": "14.0", "New South Wales": "2,261,062"}, "Scottish": {"Australia": "2,023,470", "Bondi Beach": "909", "Australia_%": "6.4", "New South Wales_%": "5.9", "Bondi Beach_%": "5.8", "New South Wales": "587,052"}, "Irish": {"Australia": "2,388,058", "Bondi Beach": "1,423", "Australia_%": "7.6", "New South Wales_%": "7.5", "Bondi Beach_%": "9.0", "New South Wales": "741,671"}, "Italian": {"Australia": "1,000,006", "Bondi Beach": "653", "Australia_%": "3.2", "New South Wales_%": "2.8", "Bondi Beach_%": "4.1", "New South Wales": "272,124"}, "English": {"Australia": "7,852,224", "Bondi Beach": "3,504", "Australia_%": "25.0", "New South Wales_%": "23.3", "Bondi Beach_%": "22.2", "New South Wales": "2,302,481"}}, "Age": {"35-39 years": {"Australia": "1,561,679", "Bondi Beach": "1,336", "Australia_%": "6.7", "New South Wales_%": "6.7", "Bondi Beach_%": "11.5", "New South Wales": "499,724"}, "60-64 years": {"Australia": "1,299,397", "Bondi Beach": "330", "Australia_%": "5.6", "New South Wales_%": "5.6", "Bondi Beach_%": "2.8", "New South Wales": "420,044"}, "30-34 years": {"Australia": "1,703,847", "Bondi Beach": "2,162", "Australia_%": "7.3", "New South Wales_%": "7.2", "Bondi Beach_%": "18.5", "New South Wales": "540,360"}, "0-4 years": {"Australia": "1,464,779", "Bondi Beach": "591", "Australia_%": "6.3", "New South Wales_%": "6.2", "Bondi Beach_%": "5.1", "New South Wales": "465,135"}, "25-29 years": {"Australia": "1,664,602", "Bondi Beach": "1,952", "Australia_%": "7.1", "New South Wales_%": "7.0", "Bondi Beach_%": "16.7", "New South Wales": "527,161"}, "10-14 years": {"Australia": "1,397,183", "Bondi Beach": "285", "Australia_%": "6.0", "New South Wales_%": "5.9", "Bondi Beach_%": "2.4", "New South Wales": "443,009"}, "5-9 years": {"Australia": "1,502,646", "Bondi Beach": "411", "Australia_%": "6.4", "New South Wales_%": "6.4", "Bondi Beach_%": "3.5", "New South Wales": "478,184"}, "Median age": {"Australia": "38", "Bondi Beach": "33", "Australia_%": "--", "New South Wales_%": "--", "Bondi Beach_%": "--", "New South Wales": "38"}, "50-54 years": {"Australia": "1,523,551", "Bondi Beach": "516", "Australia_%": "6.5", "New South Wales_%": "6.5", "Bondi Beach_%": "4.4", "New South Wales": "485,546"}, "80-84 years": {"Australia": "460,549", "Bondi Beach": "136", "Australia_%": "2.0", "New South Wales_%": "2.1", "Bondi Beach_%": "1.2", "New South Wales": "155,806"}, "40-44 years": {"Australia": "1,583,257", "Bondi Beach": "964", "Australia_%": "6.8", "New South Wales_%": "6.7", "Bondi Beach_%": "8.3", "New South Wales": "503,169"}, "70-74 years": {"Australia": "887,716", "Bondi Beach": "208", "Australia_%": "3.8", "New South Wales_%": "3.9", "Bondi Beach_%": "1.8", "New South Wales": "292,556"}, "15-19 years": {"Australia": "1,421,595", "Bondi Beach": "240", "Australia_%": "6.1", "New South Wales_%": "6.0", "Bondi Beach_%": "2.1", "New South Wales": "448,425"}, "65-69 years": {"Australia": "1,188,999", "Bondi Beach": "325", "Australia_%": "5.1", "New South Wales_%": "5.1", "Bondi Beach_%": "2.8", "New South Wales": "384,470"}, "20-24 years": {"Australia": "1,566,793", "Bondi Beach": "735", "Australia_%": "6.7", "New South Wales_%": "6.5", "Bondi Beach_%": "6.3", "New South Wales": "489,673"}, "55-59 years": {"Australia": "1,454,332", "Bondi Beach": "437", "Australia_%": "6.2", "New South Wales_%": "6.3", "Bondi Beach_%": "3.7", "New South Wales": "469,726"}, "75-79 years": {"Australia": "652,657", "Bondi Beach": "169", "Australia_%": "2.8", "New South Wales_%": "2.9", "Bondi Beach_%": "1.4", "New South Wales": "217,308"}, "45-49 years": {"Australia": "1,581,455", "Bondi Beach": "684", "Australia_%": "6.8", "New South Wales_%": "6.6", "Bondi Beach_%": "5.9", "New South Wales": "492,440"}, "85 years and over": {"Australia": "486,842", "Bondi Beach": "178", "Australia_%": "2.1", "New South Wales_%": "2.2", "Bondi Beach_%": "1.5", "New South Wales": "167,506"}}, "Single (or lone) parents": {"Male": {"Australia": "--", "Bondi Beach": "--", "Australia_%": "18.2", "New South Wales_%": "17.8", "Bondi Beach_%": "23.6", "New South Wales": "--"}, "Female": {"Australia": "--", "Bondi Beach": "--", "Australia_%": "81.8", "New South Wales_%": "82.2", "Bondi Beach_%": "76.4", "New South Wales": "--"}}, "Mortgage monthly repayments": {"Median mortgage repayments": {"Australia": "1,755", "Bondi Beach": "2,708", "Australia_%": "--", "New South Wales_%": "--", "Bondi Beach_%": "--", "New South Wales": "1,986"}, "Households where mortgage repayments are less than 30% of household income": {"Australia": "--", "Bondi Beach": "--", "Australia_%": "92.8", "New South Wales_%": "92.6", "Bondi Beach_%": "95.8", "New South Wales": "--"}, "Households with mortgage repayments greater than or equal to 30% of household income": {"Australia": "--", "Bondi Beach": "--", "Australia_%": "7.2", "New South Wales_%": "7.4", "Bondi Beach_%": "4.2", "New South Wales": "--"}}, "Mortgage and rent": {"Median monthly mortgage repayments": {"Australia": "1,660", "Bondi Beach": "2,730", "Australia_%": "--", "New South Wales_%": "--", "Bondi Beach_%": "--", "New South Wales": "1,733"}, "Median weekly rent": {"Australia": "250", "Bondi Beach": "640", "Australia_%": "--", "New South Wales_%": "--", "Bondi Beach_%": "--", "New South Wales": "270"}}, "Tenure": {"Rented": {"Australia": "2,561,302", "Bondi Beach": "2,929", "Australia_%": "30.9", "New South Wales_%": "31.8", "Bondi Beach_%": "61.7", "New South Wales": "826,922"}, "Owned outright": {"Australia": "2,565,695", "Bondi Beach": "784", "Australia_%": "31.0", "New South Wales_%": "32.2", "Bondi Beach_%": "16.5", "New South Wales": "839,665"}, "Owned with a mortgage": {"Australia": "2,855,222", "Bondi Beach": "841", "Australia_%": "34.5", "New South Wales_%": "32.3", "Bondi Beach_%": "17.7", "New South Wales": "840,004"}, "Tenure type not stated": {"Australia": "224,869", "Bondi Beach": "164", "Australia_%": "2.7", "New South Wales_%": "2.8", "Bondi Beach_%": "3.5", "New South Wales": "73,763"}, "Other tenure type": {"Australia": "78,994", "Bondi Beach": "26", "Australia_%": "1.0", "New South Wales_%": "0.9", "Bondi Beach_%": "0.5", "New South Wales": "23,968"}}, "Country of birth of father, stated responses": {"Italy": {"Australia": "470,138", "Bondi Beach": "294", "Australia_%": "2.0", "New South Wales_%": "1.7", "Bondi Beach_%": "2.5", "New South Wales": "128,148"}, "New Zealand": {"Australia": "617,331", "Bondi Beach": "462", "Australia_%": "2.6", "New South Wales_%": "1.9", "Bondi Beach_%": "4.0", "New South Wales": "143,450"}, "Australia": {"Australia": "12,231,150", "Bondi Beach": "3,725", "Australia_%": "52.3", "New South Wales_%": "50.1", "Bondi Beach_%": "32.1", "New South Wales": "3,745,787"}, "England": {"Australia": "1,403,096", "Bondi Beach": "1,045", "Australia_%": "6.0", "New South Wales_%": "4.8", "Bondi Beach_%": "9.0", "New South Wales": "359,370"}, "South Africa": {"Australia": "190,816", "Bondi Beach": "289", "Australia_%": "0.8", "New South Wales_%": "0.7", "Bondi Beach_%": "2.5", "New South Wales": "52,344"}}, "Country of birth of father and/or mother, stated responses": {"Father only born overseas": {"Australia": "1,488,092", "Bondi Beach": "821", "Australia_%": "6.4", "New South Wales_%": "6.1", "Bondi Beach_%": "7.0", "New South Wales": "458,394"}, "Mother only born overseas": {"Australia": "1,094,591", "Bondi Beach": "644", "Australia_%": "4.7", "New South Wales_%": "4.3", "Bondi Beach_%": "5.5", "New South Wales": "325,182"}, "Both parents born overseas": {"Australia": "8,051,196", "Bondi Beach": "5,368", "Australia_%": "34.4", "New South Wales_%": "37.0", "Bondi Beach_%": "46.1", "New South Wales": "2,764,170"}, "Both parents born in Australia": {"Australia": "11,070,538", "Bondi Beach": "3,071", "Australia_%": "47.3", "New South Wales_%": "45.4", "Bondi Beach_%": "26.4", "New South Wales": "3,399,725"}}, "Rent weekly payments": {"Households where rent payments are less than 30% of household income": {"Australia": "--", "Bondi Beach": "--", "Australia_%": "88.5", "New South Wales_%": "87.1", "Bondi Beach_%": "76.6", "New South Wales": "--"}, "Households with rent payments greater than or equal to 30% of household income": {"Australia": "--", "Bondi Beach": "--", "Australia_%": "11.5", "New South Wales_%": "12.9", "Bondi Beach_%": "23.4", "New South Wales": "--"}, "Median rent": {"Australia": "335", "Bondi Beach": "630", "Australia_%": "--", "New South Wales_%": "--", "Bondi Beach_%": "--", "New South Wales": "380"}}, "Registered marital status": {"Separated": {"Australia": "608,059", "Bondi Beach": "208", "Australia_%": "3.2", "New South Wales_%": "3.1", "Bondi Beach_%": "2.0", "New South Wales": "190,198"}, "Widowed": {"Australia": "985,204", "Bondi Beach": "252", "Australia_%": "5.2", "New South Wales_%": "5.4", "Bondi Beach_%": "2.4", "New South Wales": "331,653"}, "Married": {"Australia": "9,148,218", "Bondi Beach": "2,797", "Australia_%": "48.1", "New South Wales_%": "48.7", "Bondi Beach_%": "27.0", "New South Wales": "2,965,280"}, "Divorced": {"Australia": "1,626,890", "Bondi Beach": "750", "Australia_%": "8.5", "New South Wales_%": "8.4", "Bondi Beach_%": "7.2", "New South Wales": "512,298"}, "Never married": {"Australia": "6,668,910", "Bondi Beach": "6,360", "Australia_%": "35.0", "New South Wales_%": "34.4", "Bondi Beach_%": "61.3", "New South Wales": "2,094,460"}}, "summaryTable_qsPeople": {"Male": "50%", "Median age": "33", "Female": "50%", "People": "11,656"}, "Dwelling characteristics": {"Average number of people per household": {"Australia": "3.2", "Bondi Beach": "2", "Australia_%": "--", "New South Wales_%": "--", "Bondi Beach_%": "--", "New South Wales": "3.1"}, "Average number of persons per bedroom": {"Australia": "1", "Bondi Beach": "1", "Australia_%": "--", "New South Wales_%": "--", "Bondi Beach_%": "--", "New South Wales": "1"}, "Median weekly household income": {"Australia": "1,203", "Bondi Beach": "1,875", "Australia_%": "--", "New South Wales_%": "--", "Bondi Beach_%": "--", "New South Wales": "1,214"}}, "Unpaid work": {"Did unpaid domestic work (last week)": {"Australia": "13,143,914", "Bondi Beach": "6,759", "Australia_%": "69.0", "New South Wales_%": "67.7", "Bondi Beach_%": "65.2", "New South Wales": "4,127,723"}, "Provided unpaid assistance to a person with a disability (last two weeks)": {"Australia": "2,145,203", "Bondi Beach": "691", "Australia_%": "11.3", "New South Wales_%": "11.6", "Bondi Beach_%": "6.7", "New South Wales": "709,415"}, "Did voluntary work through an organisation or group (last 12 months)": {"Australia": "3,620,726", "Bondi Beach": "1,760", "Australia_%": "19.0", "New South Wales_%": "18.1", "Bondi Beach_%": "17.0", "New South Wales": "1,103,790"}, "Cared for child/children (last two weeks)": {"Australia": "5,259,400", "Bondi Beach": "1,774", "Australia_%": "27.6", "New South Wales_%": "27.2", "Bondi Beach_%": "17.1", "New South Wales": "1,659,250"}}, "Unpaid domestic work, number of hours": {"5 to 14 hours per week": {"Australia": "4,944,578", "Bondi Beach": "2,249", "Australia_%": "26.0", "New South Wales_%": "25.1", "Bondi Beach_%": "21.7", "New South Wales": "1,531,206"}, "30 hours or more per week": {"Australia": "1,710,970", "Bondi Beach": "346", "Australia_%": "9.0", "New South Wales_%": "9.0", "Bondi Beach_%": "3.3", "New South Wales": "545,925"}, "Less than 5 hours per week": {"Australia": "4,298,593", "Bondi Beach": "3,590", "Australia_%": "22.6", "New South Wales_%": "22.3", "Bondi Beach_%": "34.6", "New South Wales": "1,359,656"}, "15 to 29 hours per week": {"Australia": "2,189,776", "Bondi Beach": "575", "Australia_%": "11.5", "New South Wales_%": "11.3", "Bondi Beach_%": "5.5", "New South Wales": "690,934"}}, "Industry of employment, top responses": {"Cafes and Restaurants": {"Australia": "253,385", "Bondi Beach": "327", "Australia_%": "2.4", "New South Wales_%": "2.4", "Bondi Beach_%": "4.8", "New South Wales": "80,552"}, "Computer System Design and Related Services": {"Australia": "162,884", "Bondi Beach": "231", "Australia_%": "1.5", "New South Wales_%": "1.9", "Bondi Beach_%": "3.4", "New South Wales": "63,717"}, "Advertising Services": {"Australia": "33,438", "Bondi Beach": "252", "Australia_%": "0.3", "New South Wales_%": "0.4", "Bondi Beach_%": "3.7", "New South Wales": "14,835"}, "Legal Services": {"Australia": "104,051", "Bondi Beach": "155", "Australia_%": "1.0", "New South Wales_%": "1.2", "Bondi Beach_%": "2.3", "New South Wales": "39,267"}, "Banking": {"Australia": "144,232", "Bondi Beach": "229", "Australia_%": "1.3", "New South Wales_%": "1.9", "Bondi Beach_%": "3.3", "New South Wales": "63,678"}}, "GeoInfo": {"city": "Bondi Beach"}, "Education": {"University or tertiary institution": {"Australia": "1,160,626", "Bondi Beach": "595", "Australia_%": "16.1", "New South Wales_%": "16.2", "Bondi Beach_%": "16.7", "New South Wales": "376,133"}, "Secondary - Catholic": {"Australia": "338,384", "Bondi Beach": "56", "Australia_%": "4.7", "New South Wales_%": "5.1", "Bondi Beach_%": "1.6", "New South Wales": "117,689"}, "Secondary - other non Government": {"Australia": "280,618", "Bondi Beach": "110", "Australia_%": "3.9", "New South Wales_%": "3.4", "Bondi Beach_%": "3.1", "New South Wales": "79,915"}, "Primary - Catholic": {"Australia": "380,604", "Bondi Beach": "43", "Australia_%": "5.3", "New South Wales_%": "5.3", "Bondi Beach_%": "1.2", "New South Wales": "122,099"}, "Primary - Government": {"Australia": "1,314,787", "Bondi Beach": "328", "Australia_%": "18.2", "New South Wales_%": "18.0", "Bondi Beach_%": "9.2", "New South Wales": "417,465"}, "Other": {"Australia": "198,383", "Bondi Beach": "212", "Australia_%": "2.8", "New South Wales_%": "2.7", "Bondi Beach_%": "6.0", "New South Wales": "63,673"}, "Technical or further education institution": {"Australia": "424,869", "Bondi Beach": "214", "Australia_%": "5.9", "New South Wales_%": "6.2", "Bondi Beach_%": "6.0", "New South Wales": "144,103"}, "Secondary - Government": {"Australia": "827,505", "Bondi Beach": "84", "Australia_%": "11.5", "New South Wales_%": "11.6", "Bondi Beach_%": "2.4", "New South Wales": "269,249"}, "Primary - other non Government": {"Australia": "231,490", "Bondi Beach": "81", "Australia_%": "3.2", "New South Wales_%": "2.9", "Bondi Beach_%": "2.3", "New South Wales": "67,611"}, "Not stated": {"Australia": "1,707,023", "Bondi Beach": "1,684", "Australia_%": "23.7", "New South Wales_%": "23.0", "Bondi Beach_%": "47.4", "New South Wales": "535,266"}, "Preschool": {"Australia": "347,621", "Bondi Beach": "147", "Australia_%": "4.8", "New South Wales_%": "5.7", "Bondi Beach_%": "4.1", "New South Wales": "132,047"}}, "Employment": {"Unemployed": {"Australia": "787,452", "Bondi Beach": "270", "Australia_%": "6.9", "New South Wales_%": "6.3", "Bondi Beach_%": "3.7", "New South Wales": "225,546"}, "Worked part-time": {"Australia": "3,491,503", "Bondi Beach": "1,591", "Australia_%": "30.4", "New South Wales_%": "29.7", "Bondi Beach_%": "22.0", "New South Wales": "1,071,151"}, "Away from work": {"Australia": "569,276", "Bondi Beach": "280", "Australia_%": "5.0", "New South Wales_%": "4.8", "Bondi Beach_%": "3.9", "New South Wales": "174,654"}, "Worked full-time": {"Australia": "6,623,065", "Bondi Beach": "5,084", "Australia_%": "57.7", "New South Wales_%": "59.2", "Bondi Beach_%": "70.4", "New South Wales": "2,134,521"}}, "Travel to work, top responses": {"Walked only": {"Australia": "370,427", "Bondi Beach": "444", "Australia_%": "3.5", "New South Wales_%": "3.9", "Bondi Beach_%": "6.4", "New South Wales": "130,957"}, "Worked at home": {"Australia": "503,582", "Bondi Beach": "384", "Australia_%": "4.7", "New South Wales_%": "4.8", "Bondi Beach_%": "5.5", "New South Wales": "163,026"}, "People who travelled to work by car as driver or passenger": {"Australia": "7,305,271", "Bondi Beach": "2,590", "Australia_%": "68.4", "New South Wales_%": "64.6", "Bondi Beach_%": "37.2", "New South Wales": "2,182,854"}, "Bus": {"Australia": "323,201", "Bondi Beach": "723", "Australia_%": "3.0", "New South Wales_%": "4.0", "Bondi Beach_%": "10.4", "New South Wales": "133,903"}, "null": {"Australia": "None", "Bondi Beach": null, "Australia_%": "None", "New South Wales_%": "None", "Bondi Beach_%": null, "New South Wales": "None"}, "People who travelled to work by public transport": {"Australia": "1,225,668", "Bondi Beach": "2,704", "Australia_%": "11.5", "New South Wales_%": "16.0", "Bondi Beach_%": "38.8", "New South Wales": "540,215"}, "Car, as driver": {"Australia": "6,574,571", "Bondi Beach": "2,241", "Australia_%": "61.5", "New South Wales_%": "57.8", "Bondi Beach_%": "32.3", "New South Wales": "1,953,399"}, "Train, bus": {"Australia": "104,122", "Bondi Beach": "1,485", "Australia_%": "1.0", "New South Wales_%": "1.8", "Bondi Beach_%": "21.4", "New South Wales": "60,155"}}, "Occupation": {"Professionals": {"Australia": "2,370,966", "Bondi Beach": "2,778", "Australia_%": "22.2", "New South Wales_%": "23.6", "Bondi Beach_%": "40.0", "New South Wales": "798,126"}, "Technicians and Trades Workers": {"Australia": "1,447,414", "Bondi Beach": "521", "Australia_%": "13.5", "New South Wales_%": "12.7", "Bondi Beach_%": "7.5", "New South Wales": "429,239"}, "Community and Personal Service Workers": {"Australia": "1,157,003", "Bondi Beach": "648", "Australia_%": "10.8", "New South Wales_%": "10.4", "Bondi Beach_%": "9.3", "New South Wales": "350,261"}, "Clerical and Administrative Workers": {"Australia": "1,449,681", "Bondi Beach": "601", "Australia_%": "13.6", "New South Wales_%": "13.8", "Bondi Beach_%": "8.6", "New South Wales": "467,977"}, "Machinery Operators and Drivers": {"Australia": "670,106", "Bondi Beach": "81", "Australia_%": "6.3", "New South Wales_%": "6.1", "Bondi Beach_%": "1.2", "New South Wales": "206,839"}, "Labourers": {"Australia": "1,011,520", "Bondi Beach": "244", "Australia_%": "9.5", "New South Wales_%": "8.8", "Bondi Beach_%": "3.5", "New South Wales": "297,887"}, "Sales Workers": {"Australia": "1,000,955", "Bondi Beach": "564", "Australia_%": "9.4", "New South Wales_%": "9.2", "Bondi Beach_%": "8.1", "New South Wales": "311,414"}, "Managers": {"Australia": "1,390,047", "Bondi Beach": "1,391", "Australia_%": "13.0", "New South Wales_%": "13.5", "Bondi Beach_%": "20.0", "New South Wales": "456,084"}}}