{"GeoInfo": {"city": "Boorook"}, "summaryTable_qsDwelling": {"Median monthly mortgage repayments": "$0", "All private dwellings": "22", "Average people per household": "1.5", "Median weekly household income": "$479", "Median weekly rent": "$0", "Average motor vehicles per dwelling": "1.4"}, "summaryTable_qsPeople": {"Male": "46.7%", "Median age": "58", "Female": "53.3%", "People": "33"}, "summaryTable_qsFamilies": {"for all families": "0", "for families with children": "0", "Families": "10", "Average children per family": "None"}}