{"Employment - hours worked": {"40 hours or more per week": {"Australia": "4,591,801", "Boxers Creek": "48", "Boxers Creek_%": "44.4", "Australia_%": "43.0", "New South Wales_%": "44.1", "New South Wales": "1,489,099"}, "25-34 hours per week": {"Australia": "1,193,445", "Boxers Creek": "12", "Boxers Creek_%": "11.1", "Australia_%": "11.2", "New South Wales_%": "10.5", "New South Wales": "353,702"}, "16-24 hours per week": {"Australia": "1,079,236", "Boxers Creek": "7", "Boxers Creek_%": "6.5", "Australia_%": "10.1", "New South Wales_%": "10.4", "New South Wales": "352,817"}, "35-39 hours per week": {"Australia": "2,031,263", "Boxers Creek": "18", "Boxers Creek_%": "16.7", "Australia_%": "19.0", "New South Wales_%": "19.1", "New South Wales": "645,428"}, "1-15 hours per week": {"Australia": "1,218,823", "Boxers Creek": "12", "Boxers Creek_%": "11.1", "Australia_%": "11.4", "New South Wales_%": "10.8", "New South Wales": "364,637"}}, "Number of registered motor vehicles": {"2 motor vehicles": {"Australia": "2,999,184", "Boxers Creek": "25", "Boxers Creek_%": "32.5", "Australia_%": "36.2", "New South Wales_%": "34.1", "New South Wales": "887,849"}, "None": {"Australia": "623,829", "Boxers Creek": "0", "Boxers Creek_%": "0.0", "Australia_%": "7.5", "New South Wales_%": "9.2", "New South Wales": "239,625"}, "Number of motor vehicles not stated": {"Australia": "285,197", "Boxers Creek": "3", "Boxers Creek_%": "3.9", "Australia_%": "3.4", "New South Wales_%": "3.7", "New South Wales": "95,623"}, "1 motor vehicle": {"Australia": "2,881,485", "Boxers Creek": "14", "Boxers Creek_%": "18.2", "Australia_%": "34.8", "New South Wales_%": "36.3", "New South Wales": "946,159"}, "3 or more vehicles": {"Australia": "1,496,382", "Boxers Creek": "35", "Boxers Creek_%": "45.5", "Australia_%": "18.1", "New South Wales_%": "16.7", "New South Wales": "435,053"}}, "Employment status of parents in couple families": {"Labour force status not stated (by one or both parents in a couple family)": {"Australia": "311,381", "Boxers Creek": "4", "Boxers Creek_%": "8.9", "Australia_%": "6.2", "New South Wales_%": "5.7", "New South Wales": "90,630"}, "One employed full-time, one part-time": {"Australia": "1,086,460", "Boxers Creek": "4", "Boxers Creek_%": "8.9", "Australia_%": "21.7", "New South Wales_%": "20.6", "New South Wales": "329,567"}, "One employed part-time, other not working": {"Australia": "302,037", "Boxers Creek": "5", "Boxers Creek_%": "11.1", "Australia_%": "6.0", "New South Wales_%": "6.1", "New South Wales": "96,933"}, "Other (includes away from work)": {"Australia": "264,145", "Boxers Creek": "5", "Boxers Creek_%": "11.1", "Australia_%": "5.3", "New South Wales_%": "5.1", "New South Wales": "80,905"}, "Both employed, worked full-time": {"Australia": "1,084,006", "Boxers Creek": "8", "Boxers Creek_%": "17.8", "Australia_%": "21.6", "New South Wales_%": "22.6", "New South Wales": "360,916"}, "One employed full-time, other not working": {"Australia": "749,886", "Boxers Creek": "4", "Boxers Creek_%": "8.9", "Australia_%": "15.0", "New South Wales_%": "15.0", "New South Wales": "240,084"}, "Both employed, worked part-time": {"Australia": "203,596", "Boxers Creek": "3", "Boxers Creek_%": "6.7", "Australia_%": "4.1", "New South Wales_%": "4.0", "New South Wales": "63,106"}, "Both not working": {"Australia": "1,006,697", "Boxers Creek": "12", "Boxers Creek_%": "26.7", "Australia_%": "20.1", "New South Wales_%": "21.0", "New South Wales": "334,742"}}, "Country of birth of mother, stated responses": {"Italy": {"Australia": "395,775", "Boxers Creek": "5", "Boxers Creek_%": "2.3", "Australia_%": "1.7", "New South Wales_%": "1.4", "New South Wales": "107,243"}, "Netherlands": {"Australia": "152,088", "Boxers Creek": "10", "Boxers Creek_%": "4.5", "Australia_%": "0.6", "New South Wales_%": "0.5", "New South Wales": "34,775"}, "Australia": {"Australia": "12,643,365", "Boxers Creek": "169", "Boxers Creek_%": "76.5", "Australia_%": "54.0", "New South Wales_%": "51.9", "New South Wales": "3,884,762"}, "Germany": {"Australia": "169,618", "Boxers Creek": "5", "Boxers Creek_%": "2.3", "Australia_%": "0.7", "New South Wales_%": "0.6", "New South Wales": "47,489"}, "New Zealand": {"Australia": "608,329", "Boxers Creek": "8", "Boxers Creek_%": "3.6", "Australia_%": "2.6", "New South Wales_%": "1.9", "New South Wales": "139,899"}}, "Dwelling structure": {"Other dwelling": {"Australia": "64,425", "Boxers Creek": "0", "Boxers Creek_%": "0.0", "Australia_%": "0.8", "New South Wales_%": "0.9", "New South Wales": "23,580"}, "Semi-detached, row or terrace house, townhouse etc": {"Australia": "1,055,016", "Boxers Creek": "0", "Boxers Creek_%": "0.0", "Australia_%": "12.7", "New South Wales_%": "12.2", "New South Wales": "317,453"}, "Separate house": {"Australia": "6,041,788", "Boxers Creek": "80", "Boxers Creek_%": "100.0", "Australia_%": "72.9", "New South Wales_%": "66.4", "New South Wales": "1,729,820"}, "Flat or apartment": {"Australia": "1,087,434", "Boxers Creek": "0", "Boxers Creek_%": "0.0", "Australia_%": "13.1", "New South Wales_%": "19.9", "New South Wales": "519,390"}}, "Number of bedrooms": {"1 bedroom": {"Australia": "411,252", "Boxers Creek": "0", "Boxers Creek_%": "0.0", "Australia_%": "5.0", "New South Wales_%": "6.0", "New South Wales": "157,194"}, "3 bedrooms": {"Australia": "3,403,190", "Boxers Creek": "25", "Boxers Creek_%": "29.8", "Australia_%": "41.1", "New South Wales_%": "37.2", "New South Wales": "970,001"}, "Average number of people per household": {"Australia": "2.6", "Boxers Creek": "2.9", "Boxers Creek_%": "--", "Australia_%": "--", "New South Wales_%": "--", "New South Wales": "2.6"}, "2 bedrooms": {"Australia": "1,562,759", "Boxers Creek": "10", "Boxers Creek_%": "11.9", "Australia_%": "18.9", "New South Wales_%": "22.2", "New South Wales": "577,675"}, "4 or more bedrooms": {"Australia": "2,670,758", "Boxers Creek": "39", "Boxers Creek_%": "46.4", "Australia_%": "32.2", "New South Wales_%": "31.3", "New South Wales": "816,405"}, "None (includes bedsitters)": {"Australia": "39,769", "Boxers Creek": "0", "Boxers Creek_%": "0.0", "Australia_%": "0.5", "New South Wales_%": "0.7", "New South Wales": "17,157"}, "Number of bedrooms not stated": {"Australia": "198,351", "Boxers Creek": "10", "Boxers Creek_%": "11.9", "Australia_%": "2.4", "New South Wales_%": "2.5", "New South Wales": "65,888"}, "Average number of bedrooms per dwelling": {"Australia": "3.1", "Boxers Creek": "3.6", "Boxers Creek_%": "--", "Australia_%": "--", "New South Wales_%": "--", "New South Wales": "3"}}, "summaryTable_qsFamilies": {"for all families": "0.7", "for families with children": "1.8", "Families": "63", "Average children per family": "None"}, "People characteristics": {"Male": {"Australia": "322,171", "Boxers Creek": "0", "Boxers Creek_%": "0.0", "Australia_%": "49.6", "New South Wales_%": "49.7", "New South Wales": "107,368"}, "Median age": {"Australia": "23", "Boxers Creek": "43", "Boxers Creek_%": "--", "Australia_%": "--", "New South Wales_%": "--", "New South Wales": "22"}, "Female": {"Australia": "326,996", "Boxers Creek": "4", "Boxers Creek_%": "100.0", "Australia_%": "50.4", "New South Wales_%": "50.3", "New South Wales": "108,809"}}, "Dwelling count": {"Unoccupied private dwellings": {"Australia": "1,039,874", "Boxers Creek": "10", "Boxers Creek_%": "11.1", "Australia_%": "11.2", "New South Wales_%": "9.9", "New South Wales": "284,741"}, "Occupied private dwellings": {"Australia": "8,286,073", "Boxers Creek": "80", "Boxers Creek_%": "88.9", "Australia_%": "88.8", "New South Wales_%": "90.1", "New South Wales": "2,604,320"}}, "Level of highest educational attainment": {"Certificate level III": {"Australia": "2,442,203", "Boxers Creek": "43", "Boxers Creek_%": "22.1", "Australia_%": "12.8", "New South Wales_%": "12.0", "New South Wales": "730,498"}, "Certificate level II": {"Australia": "13,454", "Boxers Creek": "0", "Boxers Creek_%": "0.0", "Australia_%": "0.1", "New South Wales_%": "0.1", "New South Wales": "4,849"}, "No educational attainment": {"Australia": "145,844", "Boxers Creek": "0", "Boxers Creek_%": "0.0", "Australia_%": "0.8", "New South Wales_%": "0.9", "New South Wales": "54,870"}, "Bachelor Degree level and above": {"Australia": "4,181,406", "Boxers Creek": "15", "Boxers Creek_%": "7.7", "Australia_%": "22.0", "New South Wales_%": "23.4", "New South Wales": "1,424,716"}, "Certificate level I": {"Australia": "2,176", "Boxers Creek": "0", "Boxers Creek_%": "0.0", "Australia_%": "0.0", "New South Wales_%": "0.0", "New South Wales": "625"}, "Year 11": {"Australia": "941,531", "Boxers Creek": "10", "Boxers Creek_%": "5.1", "Australia_%": "4.9", "New South Wales_%": "3.3", "New South Wales": "203,574"}, "Not stated": {"Australia": "1,974,794", "Boxers Creek": "30", "Boxers Creek_%": "15.4", "Australia_%": "10.4", "New South Wales_%": "10.3", "New South Wales": "627,465"}, "Year 9 or below": {"Australia": "1,529,897", "Boxers Creek": "30", "Boxers Creek_%": "15.4", "Australia_%": "8.0", "New South Wales_%": "8.4", "New South Wales": "513,209"}, "Certificate level IV": {"Australia": "551,767", "Boxers Creek": "10", "Boxers Creek_%": "5.1", "Australia_%": "2.9", "New South Wales_%": "2.8", "New South Wales": "167,947"}, "Year 10": {"Australia": "2,054,331", "Boxers Creek": "21", "Boxers Creek_%": "10.8", "Australia_%": "10.8", "New South Wales_%": "11.5", "New South Wales": "702,178"}, "Year 12": {"Australia": "2,994,097", "Boxers Creek": "8", "Boxers Creek_%": "4.1", "Australia_%": "15.7", "New South Wales_%": "15.3", "New South Wales": "930,654"}, "Advanced Diploma and Diploma level": {"Australia": "1,687,893", "Boxers Creek": "19", "Boxers Creek_%": "9.7", "Australia_%": "8.9", "New South Wales_%": "8.9", "New South Wales": "543,142"}}, "Median weekly incomes": {"Personal": {"Australia": "662", "Boxers Creek": "575", "Boxers Creek_%": "--", "Australia_%": "--", "New South Wales_%": "--", "New South Wales": "664"}, "Household": {"Australia": "1,438", "Boxers Creek": "1,194", "Boxers Creek_%": "--", "Australia_%": "--", "New South Wales_%": "--", "New South Wales": "1,486"}, "Family": {"Australia": "1,734", "Boxers Creek": "1,583", "Boxers Creek_%": "--", "Australia_%": "--", "New South Wales_%": "--", "New South Wales": "1,780"}}, "Family composition": {"Other family": {"Australia": "102,559", "Boxers Creek": "4", "Boxers Creek_%": "6.5", "Australia_%": "1.7", "New South Wales_%": "1.7", "New South Wales": "32,438"}, "Couple family with children": {"Australia": "2,716,224", "Boxers Creek": "25", "Boxers Creek_%": "40.3", "Australia_%": "44.7", "New South Wales_%": "45.7", "New South Wales": "887,358"}, "Couple family without children": {"Australia": "2,291,987", "Boxers Creek": "25", "Boxers Creek_%": "40.3", "Australia_%": "37.8", "New South Wales_%": "36.6", "New South Wales": "709,524"}, "One parent family": {"Australia": "959,543", "Boxers Creek": "8", "Boxers Creek_%": "12.9", "Australia_%": "15.8", "New South Wales_%": "16.0", "New South Wales": "310,906"}}, "Dwelling internet connection": {"Not stated": {"Australia": "221,494", "Boxers Creek": "4", "Boxers Creek_%": "4.9", "Australia_%": "2.7", "New South Wales_%": "2.8", "New South Wales": "73,565"}, "Internet not accessed from dwelling": {"Australia": "1,172,415", "Boxers Creek": "24", "Boxers Creek_%": "29.3", "Australia_%": "14.1", "New South Wales_%": "14.7", "New South Wales": "381,709"}, "Internet accessed from dwelling": {"Australia": "6,892,165", "Boxers Creek": "54", "Boxers Creek_%": "65.9", "Australia_%": "83.2", "New South Wales_%": "82.5", "New South Wales": "2,149,040"}}, "Social marital status": {"Not married": {"Australia": "7,024,973", "Boxers Creek": "68", "Boxers Creek_%": "40.7", "Australia_%": "41.9", "New South Wales_%": "42.3", "New South Wales": "2,290,887"}, "De facto marriage": {"Australia": "1,751,731", "Boxers Creek": "13", "Boxers Creek_%": "7.8", "Australia_%": "10.4", "New South Wales_%": "9.4", "New South Wales": "506,133"}, "Registered marriage": {"Australia": "8,001,141", "Boxers Creek": "86", "Boxers Creek_%": "51.5", "Australia_%": "47.7", "New South Wales_%": "48.3", "New South Wales": "2,612,630"}}, "Household composition": {"Family households": {"Australia": "5,907,625", "Boxers Creek": "58", "Boxers Creek_%": "78.4", "Australia_%": "71.3", "New South Wales_%": "72.0", "New South Wales": "1,874,524"}, "Group households": {"Australia": "354,917", "Boxers Creek": "4", "Boxers Creek_%": "5.4", "Australia_%": "4.3", "New South Wales_%": "4.2", "New South Wales": "109,004"}, "Single (or lone) person households": {"Australia": "2,023,542", "Boxers Creek": "12", "Boxers Creek_%": "16.2", "Australia_%": "24.4", "New South Wales_%": "23.8", "New South Wales": "620,778"}}, "People": {"Male": {"Australia": "11,546,638", "Boxers Creek": "119", "Boxers Creek_%": "52.4", "Australia_%": "49.3", "New South Wales_%": "49.3", "New South Wales": "3,686,014"}, "Aboriginal and/or Torres Strait Islander people": {"Australia": "649,171", "Boxers Creek": "10", "Boxers Creek_%": "4.3", "Australia_%": "2.8", "New South Wales_%": "2.9", "New South Wales": "216,176"}, "Female": {"Australia": "11,855,248", "Boxers Creek": "108", "Boxers Creek_%": "47.6", "Australia_%": "50.7", "New South Wales_%": "50.7", "New South Wales": "3,794,217"}}, "Language, top responses (other than English)": {"German": {"Australia": "79,353", "Boxers Creek": "3", "Boxers Creek_%": "1.3", "Australia_%": "0.3", "New South Wales_%": "0.3", "New South Wales": "23,033"}, "null": {"Australia": "None", "Boxers Creek": null, "Boxers Creek_%": null, "Australia_%": "None", "New South Wales_%": "None", "New South Wales": "None"}, "Dutch": {"Australia": "33,835", "Boxers Creek": "6", "Boxers Creek_%": "2.7", "Australia_%": "0.1", "New South Wales_%": "0.1", "New South Wales": "8,686"}, "English only spoken at home": {"Australia": "17,020,417", "Boxers Creek": "194", "Boxers Creek_%": "85.8", "Australia_%": "72.7", "New South Wales_%": "68.5", "New South Wales": "5,126,633"}, "Households where a non English language is spoken": {"Australia": "1,971,011", "Boxers Creek": "9", "Boxers Creek_%": "11.1", "Australia_%": "22.2", "New South Wales_%": "26.5", "New South Wales": "735,563"}, "Sinhalese": {"Australia": "64,612", "Boxers Creek": "3", "Boxers Creek_%": "1.3", "Australia_%": "0.3", "New South Wales_%": "0.2", "New South Wales": "11,234"}, "Maltese": {"Australia": "31,987", "Boxers Creek": "10", "Boxers Creek_%": "4.4", "Australia_%": "0.1", "New South Wales_%": "0.2", "New South Wales": "12,327"}}, "summaryTable_qsDwelling": {"Median monthly mortgage repayments": "$1,907", "All private dwellings": "92", "Average people per household": "2.9", "Median weekly household income": "$1,194", "Median weekly rent": "$260", "Average motor vehicles per dwelling": "2.5"}, "Household income": {"Less than $650 gross weekly income": {"Australia": "--", "Boxers Creek": "--", "Boxers Creek_%": "22.7", "Australia_%": "20.0", "New South Wales_%": "19.7", "New South Wales": "--"}, "More than $3000 gross weekly income": {"Australia": "--", "Boxers Creek": "--", "Boxers Creek_%": "9.1", "Australia_%": "16.4", "New South Wales_%": "18.7", "New South Wales": "--"}}, "Country of birth": {"Other top responses": {"Boxers Creek": "None", "Boxers Creek_%": "None"}, "Australia": {"Australia": "15,614,835", "Boxers Creek": "184", "Boxers Creek_%": "84.4", "Australia_%": "66.7", "New South Wales_%": "65.5", "New South Wales": "4,899,090"}, "England": {"Australia": "907,570", "Boxers Creek": "3", "Boxers Creek_%": "1.4", "Australia_%": "3.9", "New South Wales_%": "3.0", "New South Wales": "226,564"}, "Netherlands": {"Australia": "70,172", "Boxers Creek": "4", "Boxers Creek_%": "1.8", "Australia_%": "0.3", "New South Wales_%": "0.2", "New South Wales": "16,900"}, "Germany": {"Australia": "102,595", "Boxers Creek": "3", "Boxers Creek_%": "1.4", "Australia_%": "0.4", "New South Wales_%": "0.4", "New South Wales": "29,541"}, "Italy": {"Australia": "174,042", "Boxers Creek": "3", "Boxers Creek_%": "1.4", "Australia_%": "0.7", "New South Wales_%": "0.7", "New South Wales": "49,476"}, "New Zealand": {"Australia": "518,466", "Boxers Creek": "4", "Boxers Creek_%": "1.8", "Australia_%": "2.2", "New South Wales_%": "1.6", "New South Wales": "117,136"}}, "Religious affiliation, top responses": {"No Religion, so described": {"Australia": "6,933,708", "Boxers Creek": "43", "Boxers Creek_%": "18.9", "Australia_%": "29.6", "New South Wales_%": "25.1", "New South Wales": "1,879,562"}, "Catholic": {"Australia": "5,291,834", "Boxers Creek": "80", "Boxers Creek_%": "35.2", "Australia_%": "22.6", "New South Wales_%": "24.7", "New South Wales": "1,846,443"}, "Not stated": {"Australia": "2,238,735", "Boxers Creek": "24", "Boxers Creek_%": "10.6", "Australia_%": "9.6", "New South Wales_%": "9.2", "New South Wales": "684,969"}, "Uniting Church": {"Australia": "870,183", "Boxers Creek": "8", "Boxers Creek_%": "3.5", "Australia_%": "3.7", "New South Wales_%": "2.9", "New South Wales": "217,258"}, "Anglican": {"Australia": "3,101,185", "Boxers Creek": "62", "Boxers Creek_%": "27.3", "Australia_%": "13.3", "New South Wales_%": "15.5", "New South Wales": "1,161,810"}}, "Ancestry, top responses": {"Maltese": {"Australia": "175,555", "Boxers Creek": "16", "Boxers Creek_%": "5.7", "Australia_%": "0.6", "New South Wales_%": "0.7", "New South Wales": "69,490"}, "Australian": {"Australia": "7,298,243", "Boxers Creek": "129", "Boxers Creek_%": "45.6", "Australia_%": "23.3", "New South Wales_%": "22.9", "New South Wales": "2,261,062"}, "Scottish": {"Australia": "2,023,470", "Boxers Creek": "16", "Boxers Creek_%": "5.7", "Australia_%": "6.4", "New South Wales_%": "5.9", "New South Wales": "587,052"}, "Irish": {"Australia": "2,388,058", "Boxers Creek": "12", "Boxers Creek_%": "4.2", "Australia_%": "7.6", "New South Wales_%": "7.5", "New South Wales": "741,671"}, "English": {"Australia": "7,852,224", "Boxers Creek": "60", "Boxers Creek_%": "21.2", "Australia_%": "25.0", "New South Wales_%": "23.3", "New South Wales": "2,302,481"}}, "Age": {"35-39 years": {"Australia": "1,561,679", "Boxers Creek": "11", "Boxers Creek_%": "5.0", "Australia_%": "6.7", "New South Wales_%": "6.7", "New South Wales": "499,724"}, "60-64 years": {"Australia": "1,299,397", "Boxers Creek": "14", "Boxers Creek_%": "6.4", "Australia_%": "5.6", "New South Wales_%": "5.6", "New South Wales": "420,044"}, "30-34 years": {"Australia": "1,703,847", "Boxers Creek": "14", "Boxers Creek_%": "6.4", "Australia_%": "7.3", "New South Wales_%": "7.2", "New South Wales": "540,360"}, "0-4 years": {"Australia": "1,464,779", "Boxers Creek": "13", "Boxers Creek_%": "6.0", "Australia_%": "6.3", "New South Wales_%": "6.2", "New South Wales": "465,135"}, "25-29 years": {"Australia": "1,664,602", "Boxers Creek": "10", "Boxers Creek_%": "4.6", "Australia_%": "7.1", "New South Wales_%": "7.0", "New South Wales": "527,161"}, "10-14 years": {"Australia": "1,397,183", "Boxers Creek": "21", "Boxers Creek_%": "9.6", "Australia_%": "6.0", "New South Wales_%": "5.9", "New South Wales": "443,009"}, "5-9 years": {"Australia": "1,502,646", "Boxers Creek": "12", "Boxers Creek_%": "5.5", "Australia_%": "6.4", "New South Wales_%": "6.4", "New South Wales": "478,184"}, "Median age": {"Australia": "38", "Boxers Creek": "43", "Boxers Creek_%": "--", "Australia_%": "--", "New South Wales_%": "--", "New South Wales": "38"}, "50-54 years": {"Australia": "1,523,551", "Boxers Creek": "12", "Boxers Creek_%": "5.5", "Australia_%": "6.5", "New South Wales_%": "6.5", "New South Wales": "485,546"}, "80-84 years": {"Australia": "460,549", "Boxers Creek": "5", "Boxers Creek_%": "2.3", "Australia_%": "2.0", "New South Wales_%": "2.1", "New South Wales": "155,806"}, "40-44 years": {"Australia": "1,583,257", "Boxers Creek": "12", "Boxers Creek_%": "5.5", "Australia_%": "6.8", "New South Wales_%": "6.7", "New South Wales": "503,169"}, "70-74 years": {"Australia": "887,716", "Boxers Creek": "9", "Boxers Creek_%": "4.1", "Australia_%": "3.8", "New South Wales_%": "3.9", "New South Wales": "292,556"}, "15-19 years": {"Australia": "1,421,595", "Boxers Creek": "16", "Boxers Creek_%": "7.3", "Australia_%": "6.1", "New South Wales_%": "6.0", "New South Wales": "448,425"}, "65-69 years": {"Australia": "1,188,999", "Boxers Creek": "23", "Boxers Creek_%": "10.6", "Australia_%": "5.1", "New South Wales_%": "5.1", "New South Wales": "384,470"}, "20-24 years": {"Australia": "1,566,793", "Boxers Creek": "11", "Boxers Creek_%": "5.0", "Australia_%": "6.7", "New South Wales_%": "6.5", "New South Wales": "489,673"}, "55-59 years": {"Australia": "1,454,332", "Boxers Creek": "11", "Boxers Creek_%": "5.0", "Australia_%": "6.2", "New South Wales_%": "6.3", "New South Wales": "469,726"}, "75-79 years": {"Australia": "652,657", "Boxers Creek": "0", "Boxers Creek_%": "0.0", "Australia_%": "2.8", "New South Wales_%": "2.9", "New South Wales": "217,308"}, "45-49 years": {"Australia": "1,581,455", "Boxers Creek": "21", "Boxers Creek_%": "9.6", "Australia_%": "6.8", "New South Wales_%": "6.6", "New South Wales": "492,440"}, "85 years and over": {"Australia": "486,842", "Boxers Creek": "3", "Boxers Creek_%": "1.4", "Australia_%": "2.1", "New South Wales_%": "2.2", "New South Wales": "167,506"}}, "Single (or lone) parents": {"Male": {"Australia": "--", "Boxers Creek": "--", "Boxers Creek_%": "33.3", "Australia_%": "18.2", "New South Wales_%": "17.8", "New South Wales": "--"}, "Female": {"Australia": "--", "Boxers Creek": "--", "Boxers Creek_%": "66.7", "Australia_%": "81.8", "New South Wales_%": "82.2", "New South Wales": "--"}}, "Mortgage monthly repayments": {"Median mortgage repayments": {"Australia": "1,755", "Boxers Creek": "1,907", "Boxers Creek_%": "--", "Australia_%": "--", "New South Wales_%": "--", "New South Wales": "1,986"}, "Households where mortgage repayments are less than 30% of household income": {"Australia": "--", "Boxers Creek": "--", "Boxers Creek_%": "88.7", "Australia_%": "92.8", "New South Wales_%": "92.6", "New South Wales": "--"}, "Households with mortgage repayments greater than or equal to 30% of household income": {"Australia": "--", "Boxers Creek": "--", "Boxers Creek_%": "11.3", "Australia_%": "7.2", "New South Wales_%": "7.4", "New South Wales": "--"}}, "Mortgage and rent": {"Median monthly mortgage repayments": {"Australia": "1,660", "Boxers Creek": "0", "Boxers Creek_%": "--", "Australia_%": "--", "New South Wales_%": "--", "New South Wales": "1,733"}, "Median weekly rent": {"Australia": "250", "Boxers Creek": "0", "Boxers Creek_%": "--", "Australia_%": "--", "New South Wales_%": "--", "New South Wales": "270"}}, "Tenure": {"Rented": {"Australia": "2,561,302", "Boxers Creek": "12", "Boxers Creek_%": "15.0", "Australia_%": "30.9", "New South Wales_%": "31.8", "New South Wales": "826,922"}, "Owned outright": {"Australia": "2,565,695", "Boxers Creek": "37", "Boxers Creek_%": "46.2", "Australia_%": "31.0", "New South Wales_%": "32.2", "New South Wales": "839,665"}, "Owned with a mortgage": {"Australia": "2,855,222", "Boxers Creek": "26", "Boxers Creek_%": "32.5", "Australia_%": "34.5", "New South Wales_%": "32.3", "New South Wales": "840,004"}, "Tenure type not stated": {"Australia": "224,869", "Boxers Creek": "5", "Boxers Creek_%": "6.2", "Australia_%": "2.7", "New South Wales_%": "2.8", "New South Wales": "73,763"}, "Other tenure type": {"Australia": "78,994", "Boxers Creek": "0", "Boxers Creek_%": "0.0", "Australia_%": "1.0", "New South Wales_%": "0.9", "New South Wales": "23,968"}}, "Country of birth of father, stated responses": {"Italy": {"Australia": "470,138", "Boxers Creek": "4", "Boxers Creek_%": "1.8", "Australia_%": "2.0", "New South Wales_%": "1.7", "New South Wales": "128,148"}, "New Zealand": {"Australia": "617,331", "Boxers Creek": "8", "Boxers Creek_%": "3.7", "Australia_%": "2.6", "New South Wales_%": "1.9", "New South Wales": "143,450"}, "Australia": {"Australia": "12,231,150", "Boxers Creek": "166", "Boxers Creek_%": "76.5", "Australia_%": "52.3", "New South Wales_%": "50.1", "New South Wales": "3,745,787"}, "England": {"Australia": "1,403,096", "Boxers Creek": "6", "Boxers Creek_%": "2.8", "Australia_%": "6.0", "New South Wales_%": "4.8", "New South Wales": "359,370"}, "Netherlands": {"Australia": "175,354", "Boxers Creek": "4", "Boxers Creek_%": "1.8", "Australia_%": "0.7", "New South Wales_%": "0.5", "New South Wales": "40,444"}}, "Country of birth of father and/or mother, stated responses": {"Father only born overseas": {"Australia": "1,488,092", "Boxers Creek": "8", "Boxers Creek_%": "3.5", "Australia_%": "6.4", "New South Wales_%": "6.1", "New South Wales": "458,394"}, "Mother only born overseas": {"Australia": "1,094,591", "Boxers Creek": "4", "Boxers Creek_%": "1.7", "Australia_%": "4.7", "New South Wales_%": "4.3", "New South Wales": "325,182"}, "Both parents born overseas": {"Australia": "8,051,196", "Boxers Creek": "37", "Boxers Creek_%": "16.2", "Australia_%": "34.4", "New South Wales_%": "37.0", "New South Wales": "2,764,170"}, "Both parents born in Australia": {"Australia": "11,070,538", "Boxers Creek": "161", "Boxers Creek_%": "70.3", "Australia_%": "47.3", "New South Wales_%": "45.4", "New South Wales": "3,399,725"}}, "Rent weekly payments": {"Households where rent payments are less than 30% of household income": {"Australia": "--", "Boxers Creek": "--", "Boxers Creek_%": "95.8", "Australia_%": "88.5", "New South Wales_%": "87.1", "New South Wales": "--"}, "Households with rent payments greater than or equal to 30% of household income": {"Australia": "--", "Boxers Creek": "--", "Boxers Creek_%": "4.2", "Australia_%": "11.5", "New South Wales_%": "12.9", "New South Wales": "--"}, "Median rent": {"Australia": "335", "Boxers Creek": "260", "Boxers Creek_%": "--", "Australia_%": "--", "New South Wales_%": "--", "New South Wales": "380"}}, "Registered marital status": {"Separated": {"Australia": "608,059", "Boxers Creek": "0", "Boxers Creek_%": "0.0", "Australia_%": "3.2", "New South Wales_%": "3.1", "New South Wales": "190,198"}, "Widowed": {"Australia": "985,204", "Boxers Creek": "14", "Boxers Creek_%": "7.5", "Australia_%": "5.2", "New South Wales_%": "5.4", "New South Wales": "331,653"}, "Married": {"Australia": "9,148,218", "Boxers Creek": "94", "Boxers Creek_%": "50.5", "Australia_%": "48.1", "New South Wales_%": "48.7", "New South Wales": "2,965,280"}, "Divorced": {"Australia": "1,626,890", "Boxers Creek": "17", "Boxers Creek_%": "9.1", "Australia_%": "8.5", "New South Wales_%": "8.4", "New South Wales": "512,298"}, "Never married": {"Australia": "6,668,910", "Boxers Creek": "61", "Boxers Creek_%": "32.8", "Australia_%": "35.0", "New South Wales_%": "34.4", "New South Wales": "2,094,460"}}, "summaryTable_qsPeople": {"Male": "52.4%", "Median age": "43", "Female": "47.6%", "People": "226"}, "Dwelling characteristics": {"Average number of people per household": {"Australia": "3.2", "Boxers Creek": "3", "Boxers Creek_%": "--", "Australia_%": "--", "New South Wales_%": "--", "New South Wales": "3.1"}, "Average number of persons per bedroom": {"Australia": "1", "Boxers Creek": "0.7", "Boxers Creek_%": "--", "Australia_%": "--", "New South Wales_%": "--", "New South Wales": "1"}, "Median weekly household income": {"Australia": "1,203", "Boxers Creek": "0", "Boxers Creek_%": "--", "Australia_%": "--", "New South Wales_%": "--", "New South Wales": "1,214"}}, "Unpaid work": {"Did unpaid domestic work (last week)": {"Australia": "13,143,914", "Boxers Creek": "133", "Boxers Creek_%": "71.1", "Australia_%": "69.0", "New South Wales_%": "67.7", "New South Wales": "4,127,723"}, "Provided unpaid assistance to a person with a disability (last two weeks)": {"Australia": "2,145,203", "Boxers Creek": "27", "Boxers Creek_%": "14.7", "Australia_%": "11.3", "New South Wales_%": "11.6", "New South Wales": "709,415"}, "Did voluntary work through an organisation or group (last 12 months)": {"Australia": "3,620,726", "Boxers Creek": "39", "Boxers Creek_%": "21.4", "Australia_%": "19.0", "New South Wales_%": "18.1", "New South Wales": "1,103,790"}, "Cared for child/children (last two weeks)": {"Australia": "5,259,400", "Boxers Creek": "48", "Boxers Creek_%": "26.5", "Australia_%": "27.6", "New South Wales_%": "27.2", "New South Wales": "1,659,250"}}, "Unpaid domestic work, number of hours": {"5 to 14 hours per week": {"Australia": "4,944,578", "Boxers Creek": "53", "Boxers Creek_%": "28.2", "Australia_%": "26.0", "New South Wales_%": "25.1", "New South Wales": "1,531,206"}, "30 hours or more per week": {"Australia": "1,710,970", "Boxers Creek": "26", "Boxers Creek_%": "13.8", "Australia_%": "9.0", "New South Wales_%": "9.0", "New South Wales": "545,925"}, "Less than 5 hours per week": {"Australia": "4,298,593", "Boxers Creek": "37", "Boxers Creek_%": "19.7", "Australia_%": "22.6", "New South Wales_%": "22.3", "New South Wales": "1,359,656"}, "15 to 29 hours per week": {"Australia": "2,189,776", "Boxers Creek": "18", "Boxers Creek_%": "9.6", "Australia_%": "11.5", "New South Wales_%": "11.3", "New South Wales": "690,934"}}, "Industry of employment, top responses": {"Plumbing Services": {"Australia": "65,038", "Boxers Creek": "3", "Boxers Creek_%": "4.6", "Australia_%": "0.6", "New South Wales_%": "0.6", "New South Wales": "19,234"}, "Site Preparation Services": {"Australia": "37,091", "Boxers Creek": "4", "Boxers Creek_%": "6.2", "Australia_%": "0.3", "New South Wales_%": "0.3", "New South Wales": "11,474"}, "Metal and Mineral Wholesaling": {"Australia": "9,055", "Boxers Creek": "4", "Boxers Creek_%": "6.2", "Australia_%": "0.1", "New South Wales_%": "0.1", "New South Wales": "2,665"}, "Landscape Construction Services": {"Australia": "39,602", "Boxers Creek": "3", "Boxers Creek_%": "4.6", "Australia_%": "0.4", "New South Wales_%": "0.4", "New South Wales": "12,104"}, "Secondary Education": {"Australia": "177,487", "Boxers Creek": "4", "Boxers Creek_%": "6.2", "Australia_%": "1.7", "New South Wales_%": "1.7", "New South Wales": "58,072"}}, "GeoInfo": {"city": "Boxers Creek"}, "Education": {"University or tertiary institution": {"Australia": "1,160,626", "Boxers Creek": "3", "Boxers Creek_%": "4.6", "Australia_%": "16.1", "New South Wales_%": "16.2", "New South Wales": "376,133"}, "Secondary - Catholic": {"Australia": "338,384", "Boxers Creek": "4", "Boxers Creek_%": "6.2", "Australia_%": "4.7", "New South Wales_%": "5.1", "New South Wales": "117,689"}, "Secondary - other non Government": {"Australia": "280,618", "Boxers Creek": "0", "Boxers Creek_%": "0.0", "Australia_%": "3.9", "New South Wales_%": "3.4", "New South Wales": "79,915"}, "Primary - Catholic": {"Australia": "380,604", "Boxers Creek": "5", "Boxers Creek_%": "7.7", "Australia_%": "5.3", "New South Wales_%": "5.3", "New South Wales": "122,099"}, "Primary - Government": {"Australia": "1,314,787", "Boxers Creek": "19", "Boxers Creek_%": "29.2", "Australia_%": "18.2", "New South Wales_%": "18.0", "New South Wales": "417,465"}, "Other": {"Australia": "198,383", "Boxers Creek": "0", "Boxers Creek_%": "0.0", "Australia_%": "2.8", "New South Wales_%": "2.7", "New South Wales": "63,673"}, "Technical or further education institution": {"Australia": "424,869", "Boxers Creek": "6", "Boxers Creek_%": "9.2", "Australia_%": "5.9", "New South Wales_%": "6.2", "New South Wales": "144,103"}, "Secondary - Government": {"Australia": "827,505", "Boxers Creek": "7", "Boxers Creek_%": "10.8", "Australia_%": "11.5", "New South Wales_%": "11.6", "New South Wales": "269,249"}, "Primary - other non Government": {"Australia": "231,490", "Boxers Creek": "0", "Boxers Creek_%": "0.0", "Australia_%": "3.2", "New South Wales_%": "2.9", "New South Wales": "67,611"}, "Not stated": {"Australia": "1,707,023", "Boxers Creek": "16", "Boxers Creek_%": "24.6", "Australia_%": "23.7", "New South Wales_%": "23.0", "New South Wales": "535,266"}, "Preschool": {"Australia": "347,621", "Boxers Creek": "5", "Boxers Creek_%": "7.7", "Australia_%": "4.8", "New South Wales_%": "5.7", "New South Wales": "132,047"}}, "Employment": {"Unemployed": {"Australia": "787,452", "Boxers Creek": "4", "Boxers Creek_%": "3.7", "Australia_%": "6.9", "New South Wales_%": "6.3", "New South Wales": "225,546"}, "Worked part-time": {"Australia": "3,491,503", "Boxers Creek": "27", "Boxers Creek_%": "25.0", "Australia_%": "30.4", "New South Wales_%": "29.7", "New South Wales": "1,071,151"}, "Away from work": {"Australia": "569,276", "Boxers Creek": "10", "Boxers Creek_%": "9.3", "Australia_%": "5.0", "New South Wales_%": "4.8", "New South Wales": "174,654"}, "Worked full-time": {"Australia": "6,623,065", "Boxers Creek": "67", "Boxers Creek_%": "62.0", "Australia_%": "57.7", "New South Wales_%": "59.2", "New South Wales": "2,134,521"}}, "Travel to work, top responses": {"Worked at home": {"Australia": "503,582", "Boxers Creek": "9", "Boxers Creek_%": "9.5", "Australia_%": "4.7", "New South Wales_%": "4.8", "New South Wales": "163,026"}, "People who travelled to work by car as driver or passenger": {"Australia": "7,305,271", "Boxers Creek": "72", "Boxers Creek_%": "74.2", "Australia_%": "68.4", "New South Wales_%": "64.6", "New South Wales": "2,182,854"}, "null": {"Australia": "None", "Boxers Creek": null, "Boxers Creek_%": null, "Australia_%": "None", "New South Wales_%": "None", "New South Wales": "None"}, "Car, as driver": {"Australia": "6,574,571", "Boxers Creek": "66", "Boxers Creek_%": "69.5", "Australia_%": "61.5", "New South Wales_%": "57.8", "New South Wales": "1,953,399"}, "Truck": {"Australia": "85,892", "Boxers Creek": "8", "Boxers Creek_%": "8.4", "Australia_%": "0.8", "New South Wales_%": "1.0", "New South Wales": "32,908"}, "Car, as passenger": {"Australia": "489,922", "Boxers Creek": "3", "Boxers Creek_%": "3.2", "Australia_%": "4.6", "New South Wales_%": "4.3", "New South Wales": "144,820"}}, "Occupation": {"Professionals": {"Australia": "2,370,966", "Boxers Creek": "6", "Boxers Creek_%": "6.0", "Australia_%": "22.2", "New South Wales_%": "23.6", "New South Wales": "798,126"}, "Managers": {"Australia": "1,390,047", "Boxers Creek": "12", "Boxers Creek_%": "12.0", "Australia_%": "13.0", "New South Wales_%": "13.5", "New South Wales": "456,084"}, "Labourers": {"Australia": "1,011,520", "Boxers Creek": "8", "Boxers Creek_%": "8.0", "Australia_%": "9.5", "New South Wales_%": "8.8", "New South Wales": "297,887"}, "Clerical and Administrative Workers": {"Australia": "1,449,681", "Boxers Creek": "16", "Boxers Creek_%": "16.0", "Australia_%": "13.6", "New South Wales_%": "13.8", "New South Wales": "467,977"}, "Machinery Operators and Drivers": {"Australia": "670,106", "Boxers Creek": "14", "Boxers Creek_%": "14.0", "Australia_%": "6.3", "New South Wales_%": "6.1", "New South Wales": "206,839"}, "Community and Personal Service Workers": {"Australia": "1,157,003", "Boxers Creek": "16", "Boxers Creek_%": "16.0", "Australia_%": "10.8", "New South Wales_%": "10.4", "New South Wales": "350,261"}, "Sales Workers": {"Australia": "1,000,955", "Boxers Creek": "5", "Boxers Creek_%": "5.0", "Australia_%": "9.4", "New South Wales_%": "9.2", "New South Wales": "311,414"}, "Technicians and Trades Workers": {"Australia": "1,447,414", "Boxers Creek": "18", "Boxers Creek_%": "18.0", "Australia_%": "13.5", "New South Wales_%": "12.7", "New South Wales": "429,239"}}}