{"GeoInfo": {"city": "Brobenah"}, "summaryTable_qsDwelling": {"Median monthly mortgage repayments": "$0", "All private dwellings": "7", "Average people per household": "3", "Median weekly household income": "$1,624", "Median weekly rent": "$0", "Average motor vehicles per dwelling": "2.7"}, "summaryTable_qsPeople": {"Male": "66.7%", "Median age": "42", "Female": "33.3%", "People": "15"}, "summaryTable_qsFamilies": {"for all families": "1", "for families with children": "1", "Families": "6", "Average children per family": "None"}}