{"GeoInfo": {"city": "Buckendoon"}, "summaryTable_qsDwelling": {"Median monthly mortgage repayments": "$0", "All private dwellings": "13", "Average people per household": "2", "Median weekly household income": "$1,375", "Median weekly rent": "$0", "Average motor vehicles per dwelling": "2.1"}, "summaryTable_qsPeople": {"Male": "52.9%", "Median age": "41", "Female": "47.1%", "People": "35"}, "summaryTable_qsFamilies": {"for all families": "0.5", "for families with children": "1", "Families": "14", "Average children per family": "None"}}