{"Employment - hours worked": {"40 hours or more per week": {"Australia": "4,591,801", "Bundeena": "407", "Australia_%": "43.0", "New South Wales_%": "44.1", "Bundeena_%": "43.9", "New South Wales": "1,489,099"}, "25-34 hours per week": {"Australia": "1,193,445", "Bundeena": "102", "Australia_%": "11.2", "New South Wales_%": "10.5", "Bundeena_%": "11.0", "New South Wales": "353,702"}, "16-24 hours per week": {"Australia": "1,079,236", "Bundeena": "108", "Australia_%": "10.1", "New South Wales_%": "10.4", "Bundeena_%": "11.6", "New South Wales": "352,817"}, "35-39 hours per week": {"Australia": "2,031,263", "Bundeena": "133", "Australia_%": "19.0", "New South Wales_%": "19.1", "Bundeena_%": "14.3", "New South Wales": "645,428"}, "1-15 hours per week": {"Australia": "1,218,823", "Bundeena": "126", "Australia_%": "11.4", "New South Wales_%": "10.8", "Bundeena_%": "13.6", "New South Wales": "364,637"}}, "Number of registered motor vehicles": {"2 motor vehicles": {"Australia": "2,999,184", "Bundeena": "260", "Australia_%": "36.2", "New South Wales_%": "34.1", "Bundeena_%": "36.9", "New South Wales": "887,849"}, "None": {"Australia": "623,829", "Bundeena": "27", "Australia_%": "7.5", "New South Wales_%": "9.2", "Bundeena_%": "3.8", "New South Wales": "239,625"}, "Number of motor vehicles not stated": {"Australia": "285,197", "Bundeena": "21", "Australia_%": "3.4", "New South Wales_%": "3.7", "Bundeena_%": "3.0", "New South Wales": "95,623"}, "1 motor vehicle": {"Australia": "2,881,485", "Bundeena": "247", "Australia_%": "34.8", "New South Wales_%": "36.3", "Bundeena_%": "35.0", "New South Wales": "946,159"}, "3 or more vehicles": {"Australia": "1,496,382", "Bundeena": "150", "Australia_%": "18.1", "New South Wales_%": "16.7", "Bundeena_%": "21.3", "New South Wales": "435,053"}}, "Employment status of parents in couple families": {"Labour force status not stated (by one or both parents in a couple family)": {"Australia": "311,381", "Bundeena": "16", "Australia_%": "6.2", "New South Wales_%": "5.7", "Bundeena_%": "3.5", "New South Wales": "90,630"}, "One employed full-time, one part-time": {"Australia": "1,086,460", "Bundeena": "110", "Australia_%": "21.7", "New South Wales_%": "20.6", "Bundeena_%": "23.8", "New South Wales": "329,567"}, "One employed part-time, other not working": {"Australia": "302,037", "Bundeena": "28", "Australia_%": "6.0", "New South Wales_%": "6.1", "Bundeena_%": "6.1", "New South Wales": "96,933"}, "Other (includes away from work)": {"Australia": "264,145", "Bundeena": "30", "Australia_%": "5.3", "New South Wales_%": "5.1", "Bundeena_%": "6.5", "New South Wales": "80,905"}, "Both employed, worked full-time": {"Australia": "1,084,006", "Bundeena": "79", "Australia_%": "21.6", "New South Wales_%": "22.6", "Bundeena_%": "17.1", "New South Wales": "360,916"}, "One employed full-time, other not working": {"Australia": "749,886", "Bundeena": "57", "Australia_%": "15.0", "New South Wales_%": "15.0", "Bundeena_%": "12.3", "New South Wales": "240,084"}, "Both employed, worked part-time": {"Australia": "203,596", "Bundeena": "34", "Australia_%": "4.1", "New South Wales_%": "4.0", "Bundeena_%": "7.4", "New South Wales": "63,106"}, "Both not working": {"Australia": "1,006,697", "Bundeena": "108", "Australia_%": "20.1", "New South Wales_%": "21.0", "Bundeena_%": "23.4", "New South Wales": "334,742"}}, "Country of birth of mother, stated responses": {"Germany": {"Australia": "169,618", "Bundeena": "37", "Australia_%": "0.7", "New South Wales_%": "0.6", "Bundeena_%": "1.9", "New South Wales": "47,489"}, "New Zealand": {"Australia": "608,329", "Bundeena": "54", "Australia_%": "2.6", "New South Wales_%": "1.9", "Bundeena_%": "2.8", "New South Wales": "139,899"}, "Australia": {"Australia": "12,643,365", "Bundeena": "1,241", "Australia_%": "54.0", "New South Wales_%": "51.9", "Bundeena_%": "64.3", "New South Wales": "3,884,762"}, "England": {"Australia": "1,302,147", "Bundeena": "170", "Australia_%": "5.6", "New South Wales_%": "4.3", "Bundeena_%": "8.8", "New South Wales": "322,472"}, "United Kingdom, Channel Islands and Isle of Man, nfd": {"Australia": "155,231", "Bundeena": "30", "Australia_%": "0.7", "New South Wales_%": "0.5", "Bundeena_%": "1.6", "New South Wales": "38,504"}}, "Dwelling structure": {"Other dwelling": {"Australia": "64,425", "Bundeena": "6", "Australia_%": "0.8", "New South Wales_%": "0.9", "Bundeena_%": "0.9", "New South Wales": "23,580"}, "Semi-detached, row or terrace house, townhouse etc": {"Australia": "1,055,016", "Bundeena": "3", "Australia_%": "12.7", "New South Wales_%": "12.2", "Bundeena_%": "0.4", "New South Wales": "317,453"}, "Separate house": {"Australia": "6,041,788", "Bundeena": "685", "Australia_%": "72.9", "New South Wales_%": "66.4", "Bundeena_%": "97.6", "New South Wales": "1,729,820"}, "Flat or apartment": {"Australia": "1,087,434", "Bundeena": "3", "Australia_%": "13.1", "New South Wales_%": "19.9", "Bundeena_%": "0.4", "New South Wales": "519,390"}}, "Number of bedrooms": {"1 bedroom": {"Australia": "411,252", "Bundeena": "34", "Australia_%": "5.0", "New South Wales_%": "6.0", "Bundeena_%": "4.8", "New South Wales": "157,194"}, "3 bedrooms": {"Australia": "3,403,190", "Bundeena": "282", "Australia_%": "41.1", "New South Wales_%": "37.2", "Bundeena_%": "39.9", "New South Wales": "970,001"}, "Average number of people per household": {"Australia": "2.6", "Bundeena": "2.5", "Australia_%": "--", "New South Wales_%": "--", "Bundeena_%": "--", "New South Wales": "2.6"}, "2 bedrooms": {"Australia": "1,562,759", "Bundeena": "131", "Australia_%": "18.9", "New South Wales_%": "22.2", "Bundeena_%": "18.5", "New South Wales": "577,675"}, "4 or more bedrooms": {"Australia": "2,670,758", "Bundeena": "247", "Australia_%": "32.2", "New South Wales_%": "31.3", "Bundeena_%": "34.9", "New South Wales": "816,405"}, "None (includes bedsitters)": {"Australia": "39,769", "Bundeena": "0", "Australia_%": "0.5", "New South Wales_%": "0.7", "Bundeena_%": "0.0", "New South Wales": "17,157"}, "Number of bedrooms not stated": {"Australia": "198,351", "Bundeena": "13", "Australia_%": "2.4", "New South Wales_%": "2.5", "Bundeena_%": "1.8", "New South Wales": "65,888"}, "Average number of bedrooms per dwelling": {"Australia": "3.1", "Bundeena": "3.2", "Australia_%": "--", "New South Wales_%": "--", "Bundeena_%": "--", "New South Wales": "3"}}, "summaryTable_qsFamilies": {"for all families": "0.7", "for families with children": "1.8", "Families": "548", "Average children per family": "None"}, "People characteristics": {"Male": {"Australia": "322,171", "Bundeena": "18", "Australia_%": "49.6", "New South Wales_%": "49.7", "Bundeena_%": "47.4", "New South Wales": "107,368"}, "Median age": {"Australia": "23", "Bundeena": "35", "Australia_%": "--", "New South Wales_%": "--", "Bundeena_%": "--", "New South Wales": "22"}, "Female": {"Australia": "326,996", "Bundeena": "20", "Australia_%": "50.4", "New South Wales_%": "50.3", "Bundeena_%": "52.6", "New South Wales": "108,809"}}, "Dwelling count": {"Unoccupied private dwellings": {"Australia": "1,039,874", "Bundeena": "189", "Australia_%": "11.2", "New South Wales_%": "9.9", "Bundeena_%": "21.2", "New South Wales": "284,741"}, "Occupied private dwellings": {"Australia": "8,286,073", "Bundeena": "702", "Australia_%": "88.8", "New South Wales_%": "90.1", "Bundeena_%": "78.8", "New South Wales": "2,604,320"}}, "Level of highest educational attainment": {"Certificate level III": {"Australia": "2,442,203", "Bundeena": "259", "Australia_%": "12.8", "New South Wales_%": "12.0", "Bundeena_%": "16.4", "New South Wales": "730,498"}, "Certificate level II": {"Australia": "13,454", "Bundeena": "0", "Australia_%": "0.1", "New South Wales_%": "0.1", "Bundeena_%": "0.0", "New South Wales": "4,849"}, "No educational attainment": {"Australia": "145,844", "Bundeena": "0", "Australia_%": "0.8", "New South Wales_%": "0.9", "Bundeena_%": "0.0", "New South Wales": "54,870"}, "Bachelor Degree level and above": {"Australia": "4,181,406", "Bundeena": "442", "Australia_%": "22.0", "New South Wales_%": "23.4", "Bundeena_%": "28.0", "New South Wales": "1,424,716"}, "Certificate level I": {"Australia": "2,176", "Bundeena": "0", "Australia_%": "0.0", "New South Wales_%": "0.0", "Bundeena_%": "0.0", "New South Wales": "625"}, "Year 11": {"Australia": "941,531", "Bundeena": "37", "Australia_%": "4.9", "New South Wales_%": "3.3", "Bundeena_%": "2.3", "New South Wales": "203,574"}, "Not stated": {"Australia": "1,974,794", "Bundeena": "111", "Australia_%": "10.4", "New South Wales_%": "10.3", "Bundeena_%": "7.0", "New South Wales": "627,465"}, "Year 9 or below": {"Australia": "1,529,897", "Bundeena": "82", "Australia_%": "8.0", "New South Wales_%": "8.4", "Bundeena_%": "5.2", "New South Wales": "513,209"}, "Certificate level IV": {"Australia": "551,767", "Bundeena": "50", "Australia_%": "2.9", "New South Wales_%": "2.8", "Bundeena_%": "3.2", "New South Wales": "167,947"}, "Year 10": {"Australia": "2,054,331", "Bundeena": "155", "Australia_%": "10.8", "New South Wales_%": "11.5", "Bundeena_%": "9.8", "New South Wales": "702,178"}, "Year 12": {"Australia": "2,994,097", "Bundeena": "189", "Australia_%": "15.7", "New South Wales_%": "15.3", "Bundeena_%": "12.0", "New South Wales": "930,654"}, "Advanced Diploma and Diploma level": {"Australia": "1,687,893", "Bundeena": "185", "Australia_%": "8.9", "New South Wales_%": "8.9", "Bundeena_%": "11.7", "New South Wales": "543,142"}}, "Median weekly incomes": {"Personal": {"Australia": "662", "Bundeena": "739", "Australia_%": "--", "New South Wales_%": "--", "Bundeena_%": "--", "New South Wales": "664"}, "Household": {"Australia": "1,438", "Bundeena": "1,614", "Australia_%": "--", "New South Wales_%": "--", "Bundeena_%": "--", "New South Wales": "1,486"}, "Family": {"Australia": "1,734", "Bundeena": "1,908", "Australia_%": "--", "New South Wales_%": "--", "Bundeena_%": "--", "New South Wales": "1,780"}}, "Family composition": {"Other family": {"Australia": "102,559", "Bundeena": "5", "Australia_%": "1.7", "New South Wales_%": "1.7", "Bundeena_%": "0.9", "New South Wales": "32,438"}, "Couple family with children": {"Australia": "2,716,224", "Bundeena": "229", "Australia_%": "44.7", "New South Wales_%": "45.7", "Bundeena_%": "42.1", "New South Wales": "887,358"}, "Couple family without children": {"Australia": "2,291,987", "Bundeena": "235", "Australia_%": "37.8", "New South Wales_%": "36.6", "Bundeena_%": "43.2", "New South Wales": "709,524"}, "One parent family": {"Australia": "959,543", "Bundeena": "75", "Australia_%": "15.8", "New South Wales_%": "16.0", "Bundeena_%": "13.8", "New South Wales": "310,906"}}, "Dwelling internet connection": {"Not stated": {"Australia": "221,494", "Bundeena": "21", "Australia_%": "2.7", "New South Wales_%": "2.8", "Bundeena_%": "2.9", "New South Wales": "73,565"}, "Internet not accessed from dwelling": {"Australia": "1,172,415", "Bundeena": "70", "Australia_%": "14.1", "New South Wales_%": "14.7", "Bundeena_%": "9.8", "New South Wales": "381,709"}, "Internet accessed from dwelling": {"Australia": "6,892,165", "Bundeena": "622", "Australia_%": "83.2", "New South Wales_%": "82.5", "Bundeena_%": "87.2", "New South Wales": "2,149,040"}}, "Social marital status": {"Not married": {"Australia": "7,024,973", "Bundeena": "521", "Australia_%": "41.9", "New South Wales_%": "42.3", "Bundeena_%": "36.3", "New South Wales": "2,290,887"}, "De facto marriage": {"Australia": "1,751,731", "Bundeena": "196", "Australia_%": "10.4", "New South Wales_%": "9.4", "Bundeena_%": "13.7", "New South Wales": "506,133"}, "Registered marriage": {"Australia": "8,001,141", "Bundeena": "718", "Australia_%": "47.7", "New South Wales_%": "48.3", "Bundeena_%": "50.0", "New South Wales": "2,612,630"}}, "Household composition": {"Family households": {"Australia": "5,907,625", "Bundeena": "531", "Australia_%": "71.3", "New South Wales_%": "72.0", "Bundeena_%": "74.7", "New South Wales": "1,874,524"}, "Group households": {"Australia": "354,917", "Bundeena": "23", "Australia_%": "4.3", "New South Wales_%": "4.2", "Bundeena_%": "3.2", "New South Wales": "109,004"}, "Single (or lone) person households": {"Australia": "2,023,542", "Bundeena": "157", "Australia_%": "24.4", "New South Wales_%": "23.8", "Bundeena_%": "22.1", "New South Wales": "620,778"}}, "People": {"Male": {"Australia": "11,546,638", "Bundeena": "921", "Australia_%": "49.3", "New South Wales_%": "49.3", "Bundeena_%": "48.0", "New South Wales": "3,686,014"}, "Aboriginal and/or Torres Strait Islander people": {"Australia": "649,171", "Bundeena": "35", "Australia_%": "2.8", "New South Wales_%": "2.9", "Bundeena_%": "1.8", "New South Wales": "216,176"}, "Female": {"Australia": "11,855,248", "Bundeena": "996", "Australia_%": "50.7", "New South Wales_%": "50.7", "Bundeena_%": "52.0", "New South Wales": "3,794,217"}}, "Language, top responses (other than English)": {"German": {"Australia": "79,353", "Bundeena": "20", "Australia_%": "0.3", "New South Wales_%": "0.3", "Bundeena_%": "1.0", "New South Wales": "23,033"}, "null": {"Australia": "None", "Bundeena": null, "Australia_%": "None", "New South Wales_%": "None", "Bundeena_%": null, "New South Wales": "None"}, "French": {"Australia": "70,873", "Bundeena": "13", "Australia_%": "0.3", "New South Wales_%": "0.3", "Bundeena_%": "0.7", "New South Wales": "23,743"}, "English only spoken at home": {"Australia": "17,020,417", "Bundeena": "1,708", "Australia_%": "72.7", "New South Wales_%": "68.5", "Bundeena_%": "89.7", "New South Wales": "5,126,633"}, "Greek": {"Australia": "237,588", "Bundeena": "11", "Australia_%": "1.0", "New South Wales_%": "1.1", "Bundeena_%": "0.6", "New South Wales": "81,683"}, "Dutch": {"Australia": "33,835", "Bundeena": "11", "Australia_%": "0.1", "New South Wales_%": "0.1", "Bundeena_%": "0.6", "New South Wales": "8,686"}, "Households where a non English language is spoken": {"Australia": "1,971,011", "Bundeena": "67", "Australia_%": "22.2", "New South Wales_%": "26.5", "Bundeena_%": "9.1", "New South Wales": "735,563"}, "Italian": {"Australia": "271,597", "Bundeena": "11", "Australia_%": "1.2", "New South Wales_%": "1.0", "Bundeena_%": "0.6", "New South Wales": "75,694"}}, "summaryTable_qsDwelling": {"Median monthly mortgage repayments": "$2,365", "All private dwellings": "922", "Average people per household": "2.5", "Median weekly household income": "$1,614", "Median weekly rent": "$438", "Average motor vehicles per dwelling": "1.9"}, "Household income": {"Less than $650 gross weekly income": {"Australia": "--", "Bundeena": "--", "Australia_%": "20.0", "New South Wales_%": "19.7", "Bundeena_%": "16.5", "New South Wales": "--"}, "More than $3000 gross weekly income": {"Australia": "--", "Bundeena": "--", "Australia_%": "16.4", "New South Wales_%": "18.7", "Bundeena_%": "19.0", "New South Wales": "--"}}, "Country of birth": {"Other top responses": {"Bundeena": "None", "Bundeena_%": "None"}, "Australia": {"Australia": "15,614,835", "Bundeena": "1,447", "Australia_%": "66.7", "New South Wales_%": "65.5", "Bundeena_%": "76.2", "New South Wales": "4,899,090"}, "England": {"Australia": "907,570", "Bundeena": "131", "Australia_%": "3.9", "New South Wales_%": "3.0", "Bundeena_%": "6.9", "New South Wales": "226,564"}, "Scotland": {"Australia": "119,417", "Bundeena": "14", "Australia_%": "0.5", "New South Wales_%": "0.4", "Bundeena_%": "0.7", "New South Wales": "28,579"}, "Germany": {"Australia": "102,595", "Bundeena": "19", "Australia_%": "0.4", "New South Wales_%": "0.4", "Bundeena_%": "1.0", "New South Wales": "29,541"}, "Ireland": {"Australia": "74,888", "Bundeena": "22", "Australia_%": "0.3", "New South Wales_%": "0.3", "Bundeena_%": "1.2", "New South Wales": "24,038"}, "New Zealand": {"Australia": "518,466", "Bundeena": "44", "Australia_%": "2.2", "New South Wales_%": "1.6", "Bundeena_%": "2.3", "New South Wales": "117,136"}}, "Religious affiliation, top responses": {"No Religion, so described": {"Australia": "6,933,708", "Bundeena": "749", "Australia_%": "29.6", "New South Wales_%": "25.1", "Bundeena_%": "39.2", "New South Wales": "1,879,562"}, "Catholic": {"Australia": "5,291,834", "Bundeena": "428", "Australia_%": "22.6", "New South Wales_%": "24.7", "Bundeena_%": "22.4", "New South Wales": "1,846,443"}, "Not stated": {"Australia": "2,238,735", "Bundeena": "169", "Australia_%": "9.6", "New South Wales_%": "9.2", "Bundeena_%": "8.8", "New South Wales": "684,969"}, "Uniting Church": {"Australia": "870,183", "Bundeena": "59", "Australia_%": "3.7", "New South Wales_%": "2.9", "Bundeena_%": "3.1", "New South Wales": "217,258"}, "Anglican": {"Australia": "3,101,185", "Bundeena": "282", "Australia_%": "13.3", "New South Wales_%": "15.5", "Bundeena_%": "14.8", "New South Wales": "1,161,810"}}, "Ancestry, top responses": {"German": {"Australia": "982,226", "Bundeena": "90", "Australia_%": "3.1", "New South Wales_%": "2.4", "Bundeena_%": "3.2", "New South Wales": "236,146"}, "Australian": {"Australia": "7,298,243", "Bundeena": "709", "Australia_%": "23.3", "New South Wales_%": "22.9", "Bundeena_%": "25.6", "New South Wales": "2,261,062"}, "Scottish": {"Australia": "2,023,470", "Bundeena": "238", "Australia_%": "6.4", "New South Wales_%": "5.9", "Bundeena_%": "8.6", "New South Wales": "587,052"}, "Irish": {"Australia": "2,388,058", "Bundeena": "356", "Australia_%": "7.6", "New South Wales_%": "7.5", "Bundeena_%": "12.8", "New South Wales": "741,671"}, "English": {"Australia": "7,852,224", "Bundeena": "832", "Australia_%": "25.0", "New South Wales_%": "23.3", "Bundeena_%": "30.0", "New South Wales": "2,302,481"}}, "Age": {"35-39 years": {"Australia": "1,561,679", "Bundeena": "76", "Australia_%": "6.7", "New South Wales_%": "6.7", "Bundeena_%": "4.0", "New South Wales": "499,724"}, "60-64 years": {"Australia": "1,299,397", "Bundeena": "148", "Australia_%": "5.6", "New South Wales_%": "5.6", "Bundeena_%": "7.7", "New South Wales": "420,044"}, "30-34 years": {"Australia": "1,703,847", "Bundeena": "83", "Australia_%": "7.3", "New South Wales_%": "7.2", "Bundeena_%": "4.3", "New South Wales": "540,360"}, "0-4 years": {"Australia": "1,464,779", "Bundeena": "114", "Australia_%": "6.3", "New South Wales_%": "6.2", "Bundeena_%": "5.9", "New South Wales": "465,135"}, "25-29 years": {"Australia": "1,664,602", "Bundeena": "55", "Australia_%": "7.1", "New South Wales_%": "7.0", "Bundeena_%": "2.9", "New South Wales": "527,161"}, "10-14 years": {"Australia": "1,397,183", "Bundeena": "113", "Australia_%": "6.0", "New South Wales_%": "5.9", "Bundeena_%": "5.9", "New South Wales": "443,009"}, "5-9 years": {"Australia": "1,502,646", "Bundeena": "108", "Australia_%": "6.4", "New South Wales_%": "6.4", "Bundeena_%": "5.6", "New South Wales": "478,184"}, "Median age": {"Australia": "38", "Bundeena": "48", "Australia_%": "--", "New South Wales_%": "--", "Bundeena_%": "--", "New South Wales": "38"}, "50-54 years": {"Australia": "1,523,551", "Bundeena": "177", "Australia_%": "6.5", "New South Wales_%": "6.5", "Bundeena_%": "9.2", "New South Wales": "485,546"}, "80-84 years": {"Australia": "460,549", "Bundeena": "34", "Australia_%": "2.0", "New South Wales_%": "2.1", "Bundeena_%": "1.8", "New South Wales": "155,806"}, "40-44 years": {"Australia": "1,583,257", "Bundeena": "111", "Australia_%": "6.8", "New South Wales_%": "6.7", "Bundeena_%": "5.8", "New South Wales": "503,169"}, "70-74 years": {"Australia": "887,716", "Bundeena": "113", "Australia_%": "3.8", "New South Wales_%": "3.9", "Bundeena_%": "5.9", "New South Wales": "292,556"}, "15-19 years": {"Australia": "1,421,595", "Bundeena": "98", "Australia_%": "6.1", "New South Wales_%": "6.0", "Bundeena_%": "5.1", "New South Wales": "448,425"}, "65-69 years": {"Australia": "1,188,999", "Bundeena": "165", "Australia_%": "5.1", "New South Wales_%": "5.1", "Bundeena_%": "8.6", "New South Wales": "384,470"}, "20-24 years": {"Australia": "1,566,793", "Bundeena": "94", "Australia_%": "6.7", "New South Wales_%": "6.5", "Bundeena_%": "4.9", "New South Wales": "489,673"}, "55-59 years": {"Australia": "1,454,332", "Bundeena": "157", "Australia_%": "6.2", "New South Wales_%": "6.3", "Bundeena_%": "8.2", "New South Wales": "469,726"}, "75-79 years": {"Australia": "652,657", "Bundeena": "77", "Australia_%": "2.8", "New South Wales_%": "2.9", "Bundeena_%": "4.0", "New South Wales": "217,308"}, "45-49 years": {"Australia": "1,581,455", "Bundeena": "156", "Australia_%": "6.8", "New South Wales_%": "6.6", "Bundeena_%": "8.1", "New South Wales": "492,440"}, "85 years and over": {"Australia": "486,842", "Bundeena": "41", "Australia_%": "2.1", "New South Wales_%": "2.2", "Bundeena_%": "2.1", "New South Wales": "167,506"}}, "Single (or lone) parents": {"Male": {"Australia": "--", "Bundeena": "--", "Australia_%": "18.2", "New South Wales_%": "17.8", "Bundeena_%": "14.8", "New South Wales": "--"}, "Female": {"Australia": "--", "Bundeena": "--", "Australia_%": "81.8", "New South Wales_%": "82.2", "Bundeena_%": "85.2", "New South Wales": "--"}}, "Mortgage monthly repayments": {"Median mortgage repayments": {"Australia": "1,755", "Bundeena": "2,365", "Australia_%": "--", "New South Wales_%": "--", "Bundeena_%": "--", "New South Wales": "1,986"}, "Households where mortgage repayments are less than 30% of household income": {"Australia": "--", "Bundeena": "--", "Australia_%": "92.8", "New South Wales_%": "92.6", "Bundeena_%": "88.9", "New South Wales": "--"}, "Households with mortgage repayments greater than or equal to 30% of household income": {"Australia": "--", "Bundeena": "--", "Australia_%": "7.2", "New South Wales_%": "7.4", "Bundeena_%": "11.1", "New South Wales": "--"}}, "Mortgage and rent": {"Median monthly mortgage repayments": {"Australia": "1,660", "Bundeena": "2,383", "Australia_%": "--", "New South Wales_%": "--", "Bundeena_%": "--", "New South Wales": "1,733"}, "Median weekly rent": {"Australia": "250", "Bundeena": "455", "Australia_%": "--", "New South Wales_%": "--", "Bundeena_%": "--", "New South Wales": "270"}}, "Tenure": {"Rented": {"Australia": "2,561,302", "Bundeena": "122", "Australia_%": "30.9", "New South Wales_%": "31.8", "Bundeena_%": "17.2", "New South Wales": "826,922"}, "Owned outright": {"Australia": "2,565,695", "Bundeena": "294", "Australia_%": "31.0", "New South Wales_%": "32.2", "Bundeena_%": "41.4", "New South Wales": "839,665"}, "Owned with a mortgage": {"Australia": "2,855,222", "Bundeena": "273", "Australia_%": "34.5", "New South Wales_%": "32.3", "Bundeena_%": "38.5", "New South Wales": "840,004"}, "Tenure type not stated": {"Australia": "224,869", "Bundeena": "21", "Australia_%": "2.7", "New South Wales_%": "2.8", "Bundeena_%": "3.0", "New South Wales": "73,763"}, "Other tenure type": {"Australia": "78,994", "Bundeena": "0", "Australia_%": "1.0", "New South Wales_%": "0.9", "Bundeena_%": "0.0", "New South Wales": "23,968"}}, "Country of birth of father, stated responses": {"New Zealand": {"Australia": "617,331", "Bundeena": "80", "Australia_%": "2.6", "New South Wales_%": "1.9", "Bundeena_%": "4.2", "New South Wales": "143,450"}, "Australia": {"Australia": "12,231,150", "Bundeena": "1,174", "Australia_%": "52.3", "New South Wales_%": "50.1", "Bundeena_%": "61.6", "New South Wales": "3,745,787"}, "England": {"Australia": "1,403,096", "Bundeena": "180", "Australia_%": "6.0", "New South Wales_%": "4.8", "Bundeena_%": "9.4", "New South Wales": "359,370"}, "United Kingdom, Channel Islands and Isle of Man, nfd": {"Australia": "177,536", "Bundeena": "34", "Australia_%": "0.8", "New South Wales_%": "0.6", "Bundeena_%": "1.8", "New South Wales": "45,238"}, "Ireland": {"Australia": "169,273", "Bundeena": "40", "Australia_%": "0.7", "New South Wales_%": "0.7", "Bundeena_%": "2.1", "New South Wales": "52,104"}}, "Country of birth of father and/or mother, stated responses": {"Father only born overseas": {"Australia": "1,488,092", "Bundeena": "188", "Australia_%": "6.4", "New South Wales_%": "6.1", "Bundeena_%": "9.8", "New South Wales": "458,394"}, "Mother only born overseas": {"Australia": "1,094,591", "Bundeena": "127", "Australia_%": "4.7", "New South Wales_%": "4.3", "Bundeena_%": "6.6", "New South Wales": "325,182"}, "Both parents born overseas": {"Australia": "8,051,196", "Bundeena": "476", "Australia_%": "34.4", "New South Wales_%": "37.0", "Bundeena_%": "24.8", "New South Wales": "2,764,170"}, "Both parents born in Australia": {"Australia": "11,070,538", "Bundeena": "1,045", "Australia_%": "47.3", "New South Wales_%": "45.4", "Bundeena_%": "54.3", "New South Wales": "3,399,725"}}, "Rent weekly payments": {"Households where rent payments are less than 30% of household income": {"Australia": "--", "Bundeena": "--", "Australia_%": "88.5", "New South Wales_%": "87.1", "Bundeena_%": "92.8", "New South Wales": "--"}, "Households with rent payments greater than or equal to 30% of household income": {"Australia": "--", "Bundeena": "--", "Australia_%": "11.5", "New South Wales_%": "12.9", "Bundeena_%": "7.2", "New South Wales": "--"}, "Median rent": {"Australia": "335", "Bundeena": "438", "Australia_%": "--", "New South Wales_%": "--", "Bundeena_%": "--", "New South Wales": "380"}}, "Registered marital status": {"Separated": {"Australia": "608,059", "Bundeena": "62", "Australia_%": "3.2", "New South Wales_%": "3.1", "Bundeena_%": "3.9", "New South Wales": "190,198"}, "Widowed": {"Australia": "985,204", "Bundeena": "78", "Australia_%": "5.2", "New South Wales_%": "5.4", "Bundeena_%": "4.9", "New South Wales": "331,653"}, "Married": {"Australia": "9,148,218", "Bundeena": "807", "Australia_%": "48.1", "New South Wales_%": "48.7", "Bundeena_%": "51.0", "New South Wales": "2,965,280"}, "Divorced": {"Australia": "1,626,890", "Bundeena": "167", "Australia_%": "8.5", "New South Wales_%": "8.4", "Bundeena_%": "10.6", "New South Wales": "512,298"}, "Never married": {"Australia": "6,668,910", "Bundeena": "467", "Australia_%": "35.0", "New South Wales_%": "34.4", "Bundeena_%": "29.5", "New South Wales": "2,094,460"}}, "summaryTable_qsPeople": {"Male": "48%", "Median age": "48", "Female": "52%", "People": "1,919"}, "Dwelling characteristics": {"Average number of people per household": {"Australia": "3.2", "Bundeena": "2.7", "Australia_%": "--", "New South Wales_%": "--", "Bundeena_%": "--", "New South Wales": "3.1"}, "Average number of persons per bedroom": {"Australia": "1", "Bundeena": "0.9", "Australia_%": "--", "New South Wales_%": "--", "Bundeena_%": "--", "New South Wales": "1"}, "Median weekly household income": {"Australia": "1,203", "Bundeena": "1,562", "Australia_%": "--", "New South Wales_%": "--", "Bundeena_%": "--", "New South Wales": "1,214"}}, "Unpaid work": {"Did unpaid domestic work (last week)": {"Australia": "13,143,914", "Bundeena": "1,270", "Australia_%": "69.0", "New South Wales_%": "67.7", "Bundeena_%": "80.3", "New South Wales": "4,127,723"}, "Provided unpaid assistance to a person with a disability (last two weeks)": {"Australia": "2,145,203", "Bundeena": "222", "Australia_%": "11.3", "New South Wales_%": "11.6", "Bundeena_%": "14.1", "New South Wales": "709,415"}, "Did voluntary work through an organisation or group (last 12 months)": {"Australia": "3,620,726", "Bundeena": "441", "Australia_%": "19.0", "New South Wales_%": "18.1", "Bundeena_%": "27.9", "New South Wales": "1,103,790"}, "Cared for child/children (last two weeks)": {"Australia": "5,259,400", "Bundeena": "495", "Australia_%": "27.6", "New South Wales_%": "27.2", "Bundeena_%": "31.5", "New South Wales": "1,659,250"}}, "Unpaid domestic work, number of hours": {"5 to 14 hours per week": {"Australia": "4,944,578", "Bundeena": "445", "Australia_%": "26.0", "New South Wales_%": "25.1", "Bundeena_%": "28.3", "New South Wales": "1,531,206"}, "30 hours or more per week": {"Australia": "1,710,970", "Bundeena": "203", "Australia_%": "9.0", "New South Wales_%": "9.0", "Bundeena_%": "12.9", "New South Wales": "545,925"}, "Less than 5 hours per week": {"Australia": "4,298,593", "Bundeena": "359", "Australia_%": "22.6", "New South Wales_%": "22.3", "Bundeena_%": "22.8", "New South Wales": "1,359,656"}, "15 to 29 hours per week": {"Australia": "2,189,776", "Bundeena": "255", "Australia_%": "11.5", "New South Wales_%": "11.3", "Bundeena_%": "16.2", "New South Wales": "690,934"}}, "Industry of employment, top responses": {"Primary Education": {"Australia": "231,198", "Bundeena": "23", "Australia_%": "2.2", "New South Wales_%": "1.9", "Bundeena_%": "2.6", "New South Wales": "65,204"}, "Other Social Assistance Services": {"Australia": "158,230", "Bundeena": "21", "Australia_%": "1.5", "New South Wales_%": "1.6", "Bundeena_%": "2.4", "New South Wales": "54,259"}, "Hospitals (except Psychiatric Hospitals)": {"Australia": "411,808", "Bundeena": "33", "Australia_%": "3.9", "New South Wales_%": "3.5", "Bundeena_%": "3.8", "New South Wales": "119,350"}, "State Government Administration": {"Australia": "158,980", "Bundeena": "23", "Australia_%": "1.5", "New South Wales_%": "1.3", "Bundeena_%": "2.6", "New South Wales": "45,546"}, "Secondary Education": {"Australia": "177,487", "Bundeena": "21", "Australia_%": "1.7", "New South Wales_%": "1.7", "Bundeena_%": "2.4", "New South Wales": "58,072"}}, "GeoInfo": {"city": "Bundeena"}, "Education": {"University or tertiary institution": {"Australia": "1,160,626", "Bundeena": "97", "Australia_%": "16.1", "New South Wales_%": "16.2", "Bundeena_%": "18.1", "New South Wales": "376,133"}, "Secondary - Catholic": {"Australia": "338,384", "Bundeena": "31", "Australia_%": "4.7", "New South Wales_%": "5.1", "Bundeena_%": "5.8", "New South Wales": "117,689"}, "Secondary - other non Government": {"Australia": "280,618", "Bundeena": "3", "Australia_%": "3.9", "New South Wales_%": "3.4", "Bundeena_%": "0.6", "New South Wales": "79,915"}, "Primary - Catholic": {"Australia": "380,604", "Bundeena": "3", "Australia_%": "5.3", "New South Wales_%": "5.3", "Bundeena_%": "0.6", "New South Wales": "122,099"}, "Primary - Government": {"Australia": "1,314,787", "Bundeena": "135", "Australia_%": "18.2", "New South Wales_%": "18.0", "Bundeena_%": "25.1", "New South Wales": "417,465"}, "Other": {"Australia": "198,383", "Bundeena": "11", "Australia_%": "2.8", "New South Wales_%": "2.7", "Bundeena_%": "2.0", "New South Wales": "63,673"}, "Technical or further education institution": {"Australia": "424,869", "Bundeena": "41", "Australia_%": "5.9", "New South Wales_%": "6.2", "Bundeena_%": "7.6", "New South Wales": "144,103"}, "Secondary - Government": {"Australia": "827,505", "Bundeena": "84", "Australia_%": "11.5", "New South Wales_%": "11.6", "Bundeena_%": "15.6", "New South Wales": "269,249"}, "Primary - other non Government": {"Australia": "231,490", "Bundeena": "3", "Australia_%": "3.2", "New South Wales_%": "2.9", "Bundeena_%": "0.6", "New South Wales": "67,611"}, "Not stated": {"Australia": "1,707,023", "Bundeena": "81", "Australia_%": "23.7", "New South Wales_%": "23.0", "Bundeena_%": "15.1", "New South Wales": "535,266"}, "Preschool": {"Australia": "347,621", "Bundeena": "48", "Australia_%": "4.8", "New South Wales_%": "5.7", "Bundeena_%": "8.9", "New South Wales": "132,047"}}, "Employment": {"Unemployed": {"Australia": "787,452", "Bundeena": "43", "Australia_%": "6.9", "New South Wales_%": "6.3", "Bundeena_%": "4.4", "New South Wales": "225,546"}, "Worked part-time": {"Australia": "3,491,503", "Bundeena": "339", "Australia_%": "30.4", "New South Wales_%": "29.7", "Bundeena_%": "34.7", "New South Wales": "1,071,151"}, "Away from work": {"Australia": "569,276", "Bundeena": "52", "Australia_%": "5.0", "New South Wales_%": "4.8", "Bundeena_%": "5.3", "New South Wales": "174,654"}, "Worked full-time": {"Australia": "6,623,065", "Bundeena": "542", "Australia_%": "57.7", "New South Wales_%": "59.2", "Bundeena_%": "55.5", "New South Wales": "2,134,521"}}, "Travel to work, top responses": {"Walked only": {"Australia": "370,427", "Bundeena": "35", "Australia_%": "3.5", "New South Wales_%": "3.9", "Bundeena_%": "3.8", "New South Wales": "130,957"}, "Worked at home": {"Australia": "503,582", "Bundeena": "72", "Australia_%": "4.7", "New South Wales_%": "4.8", "Bundeena_%": "7.9", "New South Wales": "163,026"}, "People who travelled to work by car as driver or passenger": {"Australia": "7,305,271", "Bundeena": "642", "Australia_%": "68.4", "New South Wales_%": "64.6", "Bundeena_%": "68.8", "New South Wales": "2,182,854"}, "null": {"Australia": "None", "Bundeena": null, "Australia_%": "None", "New South Wales_%": "None", "Bundeena_%": null, "New South Wales": "None"}, "People who travelled to work by public transport": {"Australia": "1,225,668", "Bundeena": "141", "Australia_%": "11.5", "New South Wales_%": "16.0", "Bundeena_%": "15.1", "New South Wales": "540,215"}, "Car, as driver": {"Australia": "6,574,571", "Bundeena": "524", "Australia_%": "61.5", "New South Wales_%": "57.8", "Bundeena_%": "57.3", "New South Wales": "1,953,399"}, "Train, car as driver": {"Australia": "86,003", "Bundeena": "63", "Australia_%": "0.8", "New South Wales_%": "1.0", "Bundeena_%": "6.9", "New South Wales": "34,213"}, "Car, as passenger": {"Australia": "489,922", "Bundeena": "25", "Australia_%": "4.6", "New South Wales_%": "4.3", "Bundeena_%": "2.7", "New South Wales": "144,820"}}, "Occupation": {"Professionals": {"Australia": "2,370,966", "Bundeena": "266", "Australia_%": "22.2", "New South Wales_%": "23.6", "Bundeena_%": "28.9", "New South Wales": "798,126"}, "Managers": {"Australia": "1,390,047", "Bundeena": "127", "Australia_%": "13.0", "New South Wales_%": "13.5", "Bundeena_%": "13.8", "New South Wales": "456,084"}, "Labourers": {"Australia": "1,011,520", "Bundeena": "71", "Australia_%": "9.5", "New South Wales_%": "8.8", "Bundeena_%": "7.7", "New South Wales": "297,887"}, "Clerical and Administrative Workers": {"Australia": "1,449,681", "Bundeena": "108", "Australia_%": "13.6", "New South Wales_%": "13.8", "Bundeena_%": "11.7", "New South Wales": "467,977"}, "Machinery Operators and Drivers": {"Australia": "670,106", "Bundeena": "27", "Australia_%": "6.3", "New South Wales_%": "6.1", "Bundeena_%": "2.9", "New South Wales": "206,839"}, "Community and Personal Service Workers": {"Australia": "1,157,003", "Bundeena": "107", "Australia_%": "10.8", "New South Wales_%": "10.4", "Bundeena_%": "11.6", "New South Wales": "350,261"}, "Sales Workers": {"Australia": "1,000,955", "Bundeena": "62", "Australia_%": "9.4", "New South Wales_%": "9.2", "Bundeena_%": "6.7", "New South Wales": "311,414"}, "Technicians and Trades Workers": {"Australia": "1,447,414", "Bundeena": "145", "Australia_%": "13.5", "New South Wales_%": "12.7", "Bundeena_%": "15.7", "New South Wales": "429,239"}}}