{"GeoInfo": {"city": "Campvale"}, "summaryTable_qsDwelling": {"Median monthly mortgage repayments": "$2,167", "All private dwellings": "20", "Average people per household": "2.3", "Median weekly household income": "$1,124", "Median weekly rent": "$351", "Average motor vehicles per dwelling": "2.7"}, "summaryTable_qsPeople": {"Male": "64.1%", "Median age": "50", "Female": "35.9%", "People": "41"}, "summaryTable_qsFamilies": {"for all families": "0", "for families with children": "0", "Families": "7", "Average children per family": "None"}}