{"Employment - hours worked": {"40 hours or more per week": {"Australia": "4,591,801", "Cecil Hills_%": "45.4", "Australia_%": "43.0", "New South Wales_%": "44.1", "Cecil Hills": "1,526", "New South Wales": "1,489,099"}, "25-34 hours per week": {"Australia": "1,193,445", "Cecil Hills_%": "9.1", "Australia_%": "11.2", "New South Wales_%": "10.5", "Cecil Hills": "305", "New South Wales": "353,702"}, "16-24 hours per week": {"Australia": "1,079,236", "Cecil Hills_%": "8.2", "Australia_%": "10.1", "New South Wales_%": "10.4", "Cecil Hills": "276", "New South Wales": "352,817"}, "35-39 hours per week": {"Australia": "2,031,263", "Cecil Hills_%": "22.9", "Australia_%": "19.0", "New South Wales_%": "19.1", "Cecil Hills": "770", "New South Wales": "645,428"}, "1-15 hours per week": {"Australia": "1,218,823", "Cecil Hills_%": "9.9", "Australia_%": "11.4", "New South Wales_%": "10.8", "Cecil Hills": "332", "New South Wales": "364,637"}}, "Number of registered motor vehicles": {"2 motor vehicles": {"Australia": "2,999,184", "Cecil Hills_%": "38.3", "Australia_%": "36.2", "New South Wales_%": "34.1", "Cecil Hills": "694", "New South Wales": "887,849"}, "None": {"Australia": "623,829", "Cecil Hills_%": "1.8", "Australia_%": "7.5", "New South Wales_%": "9.2", "Cecil Hills": "32", "New South Wales": "239,625"}, "Number of motor vehicles not stated": {"Australia": "285,197", "Cecil Hills_%": "2.0", "Australia_%": "3.4", "New South Wales_%": "3.7", "Cecil Hills": "36", "New South Wales": "95,623"}, "1 motor vehicle": {"Australia": "2,881,485", "Cecil Hills_%": "17.0", "Australia_%": "34.8", "New South Wales_%": "36.3", "Cecil Hills": "307", "New South Wales": "946,159"}, "3 or more vehicles": {"Australia": "1,496,382", "Cecil Hills_%": "40.9", "Australia_%": "18.1", "New South Wales_%": "16.7", "Cecil Hills": "741", "New South Wales": "435,053"}}, "Employment status of parents in couple families": {"Labour force status not stated (by one or both parents in a couple family)": {"Australia": "311,381", "Cecil Hills_%": "4.0", "Australia_%": "6.2", "New South Wales_%": "5.7", "Cecil Hills": "61", "New South Wales": "90,630"}, "One employed full-time, one part-time": {"Australia": "1,086,460", "Cecil Hills_%": "18.3", "Australia_%": "21.7", "New South Wales_%": "20.6", "Cecil Hills": "282", "New South Wales": "329,567"}, "One employed part-time, other not working": {"Australia": "302,037", "Cecil Hills_%": "4.7", "Australia_%": "6.0", "New South Wales_%": "6.1", "Cecil Hills": "73", "New South Wales": "96,933"}, "Other (includes away from work)": {"Australia": "264,145", "Cecil Hills_%": "4.2", "Australia_%": "5.3", "New South Wales_%": "5.1", "Cecil Hills": "64", "New South Wales": "80,905"}, "Both employed, worked full-time": {"Australia": "1,084,006", "Cecil Hills_%": "26.5", "Australia_%": "21.6", "New South Wales_%": "22.6", "Cecil Hills": "407", "New South Wales": "360,916"}, "One employed full-time, other not working": {"Australia": "749,886", "Cecil Hills_%": "21.3", "Australia_%": "15.0", "New South Wales_%": "15.0", "Cecil Hills": "328", "New South Wales": "240,084"}, "Both employed, worked part-time": {"Australia": "203,596", "Cecil Hills_%": "3.2", "Australia_%": "4.1", "New South Wales_%": "4.0", "Cecil Hills": "49", "New South Wales": "63,106"}, "Both not working": {"Australia": "1,006,697", "Cecil Hills_%": "17.8", "Australia_%": "20.1", "New South Wales_%": "21.0", "Cecil Hills": "274", "New South Wales": "334,742"}}, "Country of birth of mother, stated responses": {"Iraq": {"Australia": "100,061", "Cecil Hills_%": "11.4", "Australia_%": "0.4", "New South Wales_%": "0.8", "Cecil Hills": "799", "New South Wales": "58,777"}, "Philippines": {"Australia": "325,049", "Cecil Hills_%": "4.4", "Australia_%": "1.4", "New South Wales_%": "1.7", "Cecil Hills": "309", "New South Wales": "124,029"}, "Australia": {"Australia": "12,643,365", "Cecil Hills_%": "20.8", "Australia_%": "54.0", "New South Wales_%": "51.9", "Cecil Hills": "1,454", "New South Wales": "3,884,762"}, "Italy": {"Australia": "395,775", "Cecil Hills_%": "6.2", "Australia_%": "1.7", "New South Wales_%": "1.4", "Cecil Hills": "434", "New South Wales": "107,243"}, "Vietnam": {"Australia": "335,060", "Cecil Hills_%": "8.7", "Australia_%": "1.4", "New South Wales_%": "1.7", "Cecil Hills": "606", "New South Wales": "127,352"}}, "Dwelling structure": {"Other dwelling": {"Australia": "64,425", "Cecil Hills_%": "0.0", "Australia_%": "0.8", "New South Wales_%": "0.9", "Cecil Hills": "0", "New South Wales": "23,580"}, "Semi-detached, row or terrace house, townhouse etc": {"Australia": "1,055,016", "Cecil Hills_%": "4.6", "Australia_%": "12.7", "New South Wales_%": "12.2", "Cecil Hills": "84", "New South Wales": "317,453"}, "Separate house": {"Australia": "6,041,788", "Cecil Hills_%": "95.2", "Australia_%": "72.9", "New South Wales_%": "66.4", "Cecil Hills": "1,720", "New South Wales": "1,729,820"}, "Flat or apartment": {"Australia": "1,087,434", "Cecil Hills_%": "0.0", "Australia_%": "13.1", "New South Wales_%": "19.9", "Cecil Hills": "0", "New South Wales": "519,390"}}, "Number of bedrooms": {"1 bedroom": {"Australia": "411,252", "Cecil Hills_%": "0.2", "Australia_%": "5.0", "New South Wales_%": "6.0", "Cecil Hills": "3", "New South Wales": "157,194"}, "3 bedrooms": {"Australia": "3,403,190", "Cecil Hills_%": "14.7", "Australia_%": "41.1", "New South Wales_%": "37.2", "Cecil Hills": "267", "New South Wales": "970,001"}, "Average number of people per household": {"Australia": "2.6", "Cecil Hills_%": "--", "Australia_%": "--", "New South Wales_%": "--", "Cecil Hills": "3.7", "New South Wales": "2.6"}, "2 bedrooms": {"Australia": "1,562,759", "Cecil Hills_%": "0.6", "Australia_%": "18.9", "New South Wales_%": "22.2", "Cecil Hills": "11", "New South Wales": "577,675"}, "4 or more bedrooms": {"Australia": "2,670,758", "Cecil Hills_%": "82.8", "Australia_%": "32.2", "New South Wales_%": "31.3", "Cecil Hills": "1,500", "New South Wales": "816,405"}, "None (includes bedsitters)": {"Australia": "39,769", "Cecil Hills_%": "0.2", "Australia_%": "0.5", "New South Wales_%": "0.7", "Cecil Hills": "4", "New South Wales": "17,157"}, "Number of bedrooms not stated": {"Australia": "198,351", "Cecil Hills_%": "1.4", "Australia_%": "2.4", "New South Wales_%": "2.5", "Cecil Hills": "26", "New South Wales": "65,888"}, "Average number of bedrooms per dwelling": {"Australia": "3.1", "Cecil Hills_%": "--", "Australia_%": "--", "New South Wales_%": "--", "Cecil Hills": "4", "New South Wales": "3"}}, "summaryTable_qsFamilies": {"for all families": "1.5", "for families with children": "2.1", "Families": "1,797", "Average children per family": "None"}, "People characteristics": {"Male": {"Australia": "322,171", "Cecil Hills_%": "71.4", "Australia_%": "49.6", "New South Wales_%": "49.7", "Cecil Hills": "10", "New South Wales": "107,368"}, "Median age": {"Australia": "23", "Cecil Hills_%": "--", "Australia_%": "--", "New South Wales_%": "--", "Cecil Hills": "28", "New South Wales": "22"}, "Female": {"Australia": "326,996", "Cecil Hills_%": "28.6", "Australia_%": "50.4", "New South Wales_%": "50.3", "Cecil Hills": "4", "New South Wales": "108,809"}}, "Dwelling count": {"Unoccupied private dwellings": {"Australia": "1,039,874", "Cecil Hills_%": "3.1", "Australia_%": "11.2", "New South Wales_%": "9.9", "Cecil Hills": "58", "New South Wales": "284,741"}, "Occupied private dwellings": {"Australia": "8,286,073", "Cecil Hills_%": "96.9", "Australia_%": "88.8", "New South Wales_%": "90.1", "Cecil Hills": "1,807", "New South Wales": "2,604,320"}}, "Level of highest educational attainment": {"Certificate level III": {"Australia": "2,442,203", "Cecil Hills_%": "11.1", "Australia_%": "12.8", "New South Wales_%": "12.0", "Cecil Hills": "619", "New South Wales": "730,498"}, "Certificate level II": {"Australia": "13,454", "Cecil Hills_%": "0.2", "Australia_%": "0.1", "New South Wales_%": "0.1", "Cecil Hills": "9", "New South Wales": "4,849"}, "No educational attainment": {"Australia": "145,844", "Cecil Hills_%": "2.6", "Australia_%": "0.8", "New South Wales_%": "0.9", "Cecil Hills": "146", "New South Wales": "54,870"}, "Bachelor Degree level and above": {"Australia": "4,181,406", "Cecil Hills_%": "17.9", "Australia_%": "22.0", "New South Wales_%": "23.4", "Cecil Hills": "1,002", "New South Wales": "1,424,716"}, "Certificate level I": {"Australia": "2,176", "Cecil Hills_%": "0.0", "Australia_%": "0.0", "New South Wales_%": "0.0", "Cecil Hills": "0", "New South Wales": "625"}, "Year 11": {"Australia": "941,531", "Cecil Hills_%": "3.9", "Australia_%": "4.9", "New South Wales_%": "3.3", "Cecil Hills": "220", "New South Wales": "203,574"}, "Not stated": {"Australia": "1,974,794", "Cecil Hills_%": "6.7", "Australia_%": "10.4", "New South Wales_%": "10.3", "Cecil Hills": "374", "New South Wales": "627,465"}, "Year 9 or below": {"Australia": "1,529,897", "Cecil Hills_%": "8.2", "Australia_%": "8.0", "New South Wales_%": "8.4", "Cecil Hills": "458", "New South Wales": "513,209"}, "Certificate level IV": {"Australia": "551,767", "Cecil Hills_%": "2.7", "Australia_%": "2.9", "New South Wales_%": "2.8", "Cecil Hills": "151", "New South Wales": "167,947"}, "Year 10": {"Australia": "2,054,331", "Cecil Hills_%": "11.2", "Australia_%": "10.8", "New South Wales_%": "11.5", "Cecil Hills": "625", "New South Wales": "702,178"}, "Year 12": {"Australia": "2,994,097", "Cecil Hills_%": "23.1", "Australia_%": "15.7", "New South Wales_%": "15.3", "Cecil Hills": "1,290", "New South Wales": "930,654"}, "Advanced Diploma and Diploma level": {"Australia": "1,687,893", "Cecil Hills_%": "9.4", "Australia_%": "8.9", "New South Wales_%": "8.9", "Cecil Hills": "528", "New South Wales": "543,142"}}, "Median weekly incomes": {"Personal": {"Australia": "662", "Cecil Hills_%": "--", "Australia_%": "--", "New South Wales_%": "--", "Cecil Hills": "672", "New South Wales": "664"}, "Household": {"Australia": "1,438", "Cecil Hills_%": "--", "Australia_%": "--", "New South Wales_%": "--", "Cecil Hills": "2,137", "New South Wales": "1,486"}, "Family": {"Australia": "1,734", "Cecil Hills_%": "--", "Australia_%": "--", "New South Wales_%": "--", "Cecil Hills": "2,079", "New South Wales": "1,780"}}, "Family composition": {"Other family": {"Australia": "102,559", "Cecil Hills_%": "1.4", "Australia_%": "1.7", "New South Wales_%": "1.7", "Cecil Hills": "26", "New South Wales": "32,438"}, "Couple family with children": {"Australia": "2,716,224", "Cecil Hills_%": "65.7", "Australia_%": "44.7", "New South Wales_%": "45.7", "Cecil Hills": "1,181", "New South Wales": "887,358"}, "Couple family without children": {"Australia": "2,291,987", "Cecil Hills_%": "19.9", "Australia_%": "37.8", "New South Wales_%": "36.6", "Cecil Hills": "357", "New South Wales": "709,524"}, "One parent family": {"Australia": "959,543", "Cecil Hills_%": "13.0", "Australia_%": "15.8", "New South Wales_%": "16.0", "Cecil Hills": "234", "New South Wales": "310,906"}}, "Dwelling internet connection": {"Not stated": {"Australia": "221,494", "Cecil Hills_%": "1.7", "Australia_%": "2.7", "New South Wales_%": "2.8", "Cecil Hills": "31", "New South Wales": "73,565"}, "Internet not accessed from dwelling": {"Australia": "1,172,415", "Cecil Hills_%": "6.7", "Australia_%": "14.1", "New South Wales_%": "14.7", "Cecil Hills": "122", "New South Wales": "381,709"}, "Internet accessed from dwelling": {"Australia": "6,892,165", "Cecil Hills_%": "91.6", "Australia_%": "83.2", "New South Wales_%": "82.5", "Cecil Hills": "1,663", "New South Wales": "2,149,040"}}, "Social marital status": {"Not married": {"Australia": "7,024,973", "Cecil Hills_%": "42.0", "Australia_%": "41.9", "New South Wales_%": "42.3", "Cecil Hills": "2,191", "New South Wales": "2,290,887"}, "De facto marriage": {"Australia": "1,751,731", "Cecil Hills_%": "4.5", "Australia_%": "10.4", "New South Wales_%": "9.4", "Cecil Hills": "234", "New South Wales": "506,133"}, "Registered marriage": {"Australia": "8,001,141", "Cecil Hills_%": "53.5", "Australia_%": "47.7", "New South Wales_%": "48.3", "Cecil Hills": "2,789", "New South Wales": "2,612,630"}}, "Household composition": {"Family households": {"Australia": "5,907,625", "Cecil Hills_%": "91.9", "Australia_%": "71.3", "New South Wales_%": "72.0", "Cecil Hills": "1,661", "New South Wales": "1,874,524"}, "Group households": {"Australia": "354,917", "Cecil Hills_%": "0.9", "Australia_%": "4.3", "New South Wales_%": "4.2", "Cecil Hills": "16", "New South Wales": "109,004"}, "Single (or lone) person households": {"Australia": "2,023,542", "Cecil Hills_%": "7.2", "Australia_%": "24.4", "New South Wales_%": "23.8", "Cecil Hills": "130", "New South Wales": "620,778"}}, "People": {"Male": {"Australia": "11,546,638", "Cecil Hills_%": "49.7", "Australia_%": "49.3", "New South Wales_%": "49.3", "Cecil Hills": "3,489", "New South Wales": "3,686,014"}, "Aboriginal and/or Torres Strait Islander people": {"Australia": "649,171", "Cecil Hills_%": "0.2", "Australia_%": "2.8", "New South Wales_%": "2.9", "Cecil Hills": "14", "New South Wales": "216,176"}, "Female": {"Australia": "11,855,248", "Cecil Hills_%": "50.3", "Australia_%": "50.7", "New South Wales_%": "50.7", "Cecil Hills": "3,530", "New South Wales": "3,794,217"}}, "Language, top responses (other than English)": {"Vietnamese": {"Australia": "277,400", "Cecil Hills_%": "7.1", "Australia_%": "1.2", "New South Wales_%": "1.4", "Cecil Hills": "500", "New South Wales": "102,896"}, "null": {"Australia": "None", "Cecil Hills_%": null, "Australia_%": "None", "New South Wales_%": "None", "Cecil Hills": null, "New South Wales": "None"}, "English only spoken at home": {"Australia": "17,020,417", "Cecil Hills_%": "39.2", "Australia_%": "72.7", "New South Wales_%": "68.5", "Cecil Hills": "2,749", "New South Wales": "5,126,633"}, "Spanish": {"Australia": "140,817", "Cecil Hills_%": "3.3", "Australia_%": "0.6", "New South Wales_%": "0.8", "Cecil Hills": "233", "New South Wales": "63,527"}, "Households where a non English language is spoken": {"Australia": "1,971,011", "Cecil Hills_%": "68.8", "Australia_%": "22.2", "New South Wales_%": "26.5", "Cecil Hills": "1,298", "New South Wales": "735,563"}, "Arabic": {"Australia": "321,728", "Cecil Hills_%": "6.4", "Australia_%": "1.4", "New South Wales_%": "2.7", "Cecil Hills": "448", "New South Wales": "200,825"}, "Assyrian Neo-Aramaic": {"Australia": "28,349", "Cecil Hills_%": "7.0", "Australia_%": "0.1", "New South Wales_%": "0.3", "Cecil Hills": "491", "New South Wales": "20,317"}, "Italian": {"Australia": "271,597", "Cecil Hills_%": "4.0", "Australia_%": "1.2", "New South Wales_%": "1.0", "Cecil Hills": "279", "New South Wales": "75,694"}}, "summaryTable_qsDwelling": {"Median monthly mortgage repayments": "$2,167", "All private dwellings": "1,938", "Average people per household": "3.7", "Median weekly household income": "$2,137", "Median weekly rent": "$500", "Average motor vehicles per dwelling": "2.5"}, "Household income": {"Less than $650 gross weekly income": {"Australia": "--", "Cecil Hills_%": "9.0", "Australia_%": "20.0", "New South Wales_%": "19.7", "Cecil Hills": "--", "New South Wales": "--"}, "More than $3000 gross weekly income": {"Australia": "--", "Cecil Hills_%": "29.5", "Australia_%": "16.4", "New South Wales_%": "18.7", "Cecil Hills": "--", "New South Wales": "--"}}, "Country of birth": {"Other top responses": {"Cecil Hills": "None", "Cecil Hills_%": "None"}, "Australia": {"Australia": "15,614,835", "Cecil Hills_%": "53.5", "Australia_%": "66.7", "New South Wales_%": "65.5", "Cecil Hills": "3,753", "New South Wales": "4,899,090"}, "Italy": {"Australia": "174,042", "Cecil Hills_%": "1.8", "Australia_%": "0.7", "New South Wales_%": "0.7", "Cecil Hills": "129", "New South Wales": "49,476"}, "Philippines": {"Australia": "232,386", "Cecil Hills_%": "2.9", "Australia_%": "1.0", "New South Wales_%": "1.2", "Cecil Hills": "200", "New South Wales": "86,749"}, "Vietnam": {"Australia": "219,355", "Cecil Hills_%": "5.0", "Australia_%": "0.9", "New South Wales_%": "1.1", "Cecil Hills": "349", "New South Wales": "84,130"}, "Iraq": {"Australia": "67,352", "Cecil Hills_%": "6.9", "Australia_%": "0.3", "New South Wales_%": "0.5", "Cecil Hills": "481", "New South Wales": "40,271"}, "Fiji": {"Australia": "61,469", "Cecil Hills_%": "2.0", "Australia_%": "0.3", "New South Wales_%": "0.5", "Cecil Hills": "140", "New South Wales": "33,879"}}, "Religious affiliation, top responses": {"No Religion, so described": {"Australia": "6,933,708", "Cecil Hills_%": "8.6", "Australia_%": "29.6", "New South Wales_%": "25.1", "Cecil Hills": "601", "New South Wales": "1,879,562"}, "Catholic": {"Australia": "5,291,834", "Cecil Hills_%": "44.0", "Australia_%": "22.6", "New South Wales_%": "24.7", "Cecil Hills": "3,084", "New South Wales": "1,846,443"}, "Buddhism": {"Australia": "563,674", "Cecil Hills_%": "9.0", "Australia_%": "2.4", "New South Wales_%": "2.8", "Cecil Hills": "634", "New South Wales": "207,956"}, "Not stated": {"Australia": "2,238,735", "Cecil Hills_%": "6.8", "Australia_%": "9.6", "New South Wales_%": "9.2", "Cecil Hills": "477", "New South Wales": "684,969"}, "Eastern Orthodox": {"Australia": "502,801", "Cecil Hills_%": "5.6", "Australia_%": "2.1", "New South Wales_%": "2.5", "Cecil Hills": "395", "New South Wales": "188,442"}}, "Ancestry, top responses": {"Australian": {"Australia": "7,298,243", "Cecil Hills_%": "8.7", "Australia_%": "23.3", "New South Wales_%": "22.9", "Cecil Hills": "753", "New South Wales": "2,261,062"}, "English": {"Australia": "7,852,224", "Cecil Hills_%": "6.6", "Australia_%": "25.0", "New South Wales_%": "23.3", "Cecil Hills": "565", "New South Wales": "2,302,481"}, "Vietnamese": {"Australia": "294,798", "Cecil Hills_%": "6.5", "Australia_%": "0.9", "New South Wales_%": "1.1", "Cecil Hills": "560", "New South Wales": "109,588"}, "Chinese": {"Australia": "1,213,903", "Cecil Hills_%": "6.8", "Australia_%": "3.9", "New South Wales_%": "5.2", "Cecil Hills": "589", "New South Wales": "514,594"}, "Italian": {"Australia": "1,000,006", "Cecil Hills_%": "11.2", "Australia_%": "3.2", "New South Wales_%": "2.8", "Cecil Hills": "963", "New South Wales": "272,124"}}, "Age": {"35-39 years": {"Australia": "1,561,679", "Cecil Hills_%": "5.3", "Australia_%": "6.7", "New South Wales_%": "6.7", "Cecil Hills": "369", "New South Wales": "499,724"}, "60-64 years": {"Australia": "1,299,397", "Cecil Hills_%": "5.4", "Australia_%": "5.6", "New South Wales_%": "5.6", "Cecil Hills": "379", "New South Wales": "420,044"}, "30-34 years": {"Australia": "1,703,847", "Cecil Hills_%": "5.4", "Australia_%": "7.3", "New South Wales_%": "7.2", "Cecil Hills": "381", "New South Wales": "540,360"}, "0-4 years": {"Australia": "1,464,779", "Cecil Hills_%": "5.0", "Australia_%": "6.3", "New South Wales_%": "6.2", "Cecil Hills": "348", "New South Wales": "465,135"}, "25-29 years": {"Australia": "1,664,602", "Cecil Hills_%": "6.5", "Australia_%": "7.1", "New South Wales_%": "7.0", "Cecil Hills": "456", "New South Wales": "527,161"}, "10-14 years": {"Australia": "1,397,183", "Cecil Hills_%": "8.8", "Australia_%": "6.0", "New South Wales_%": "5.9", "Cecil Hills": "618", "New South Wales": "443,009"}, "5-9 years": {"Australia": "1,502,646", "Cecil Hills_%": "6.7", "Australia_%": "6.4", "New South Wales_%": "6.4", "Cecil Hills": "474", "New South Wales": "478,184"}, "Median age": {"Australia": "38", "Cecil Hills_%": "--", "Australia_%": "--", "New South Wales_%": "--", "Cecil Hills": "35", "New South Wales": "38"}, "50-54 years": {"Australia": "1,523,551", "Cecil Hills_%": "8.5", "Australia_%": "6.5", "New South Wales_%": "6.5", "Cecil Hills": "599", "New South Wales": "485,546"}, "80-84 years": {"Australia": "460,549", "Cecil Hills_%": "0.8", "Australia_%": "2.0", "New South Wales_%": "2.1", "Cecil Hills": "55", "New South Wales": "155,806"}, "40-44 years": {"Australia": "1,583,257", "Cecil Hills_%": "7.9", "Australia_%": "6.8", "New South Wales_%": "6.7", "Cecil Hills": "555", "New South Wales": "503,169"}, "70-74 years": {"Australia": "887,716", "Cecil Hills_%": "2.0", "Australia_%": "3.8", "New South Wales_%": "3.9", "Cecil Hills": "142", "New South Wales": "292,556"}, "15-19 years": {"Australia": "1,421,595", "Cecil Hills_%": "9.0", "Australia_%": "6.1", "New South Wales_%": "6.0", "Cecil Hills": "633", "New South Wales": "448,425"}, "65-69 years": {"Australia": "1,188,999", "Cecil Hills_%": "3.7", "Australia_%": "5.1", "New South Wales_%": "5.1", "Cecil Hills": "258", "New South Wales": "384,470"}, "20-24 years": {"Australia": "1,566,793", "Cecil Hills_%": "8.2", "Australia_%": "6.7", "New South Wales_%": "6.5", "Cecil Hills": "579", "New South Wales": "489,673"}, "55-59 years": {"Australia": "1,454,332", "Cecil Hills_%": "6.9", "Australia_%": "6.2", "New South Wales_%": "6.3", "Cecil Hills": "485", "New South Wales": "469,726"}, "75-79 years": {"Australia": "652,657", "Cecil Hills_%": "1.4", "Australia_%": "2.8", "New South Wales_%": "2.9", "Cecil Hills": "98", "New South Wales": "217,308"}, "45-49 years": {"Australia": "1,581,455", "Cecil Hills_%": "8.0", "Australia_%": "6.8", "New South Wales_%": "6.6", "Cecil Hills": "564", "New South Wales": "492,440"}, "85 years and over": {"Australia": "486,842", "Cecil Hills_%": "0.4", "Australia_%": "2.1", "New South Wales_%": "2.2", "Cecil Hills": "31", "New South Wales": "167,506"}}, "Single (or lone) parents": {"Male": {"Australia": "--", "Cecil Hills_%": "15.8", "Australia_%": "18.2", "New South Wales_%": "17.8", "Cecil Hills": "--", "New South Wales": "--"}, "Female": {"Australia": "--", "Cecil Hills_%": "84.2", "Australia_%": "81.8", "New South Wales_%": "82.2", "Cecil Hills": "--", "New South Wales": "--"}}, "Mortgage monthly repayments": {"Median mortgage repayments": {"Australia": "1,755", "Cecil Hills_%": "--", "Australia_%": "--", "New South Wales_%": "--", "Cecil Hills": "2,167", "New South Wales": "1,986"}, "Households where mortgage repayments are less than 30% of household income": {"Australia": "--", "Cecil Hills_%": "86.1", "Australia_%": "92.8", "New South Wales_%": "92.6", "Cecil Hills": "--", "New South Wales": "--"}, "Households with mortgage repayments greater than or equal to 30% of household income": {"Australia": "--", "Cecil Hills_%": "13.9", "Australia_%": "7.2", "New South Wales_%": "7.4", "Cecil Hills": "--", "New South Wales": "--"}}, "Mortgage and rent": {"Median monthly mortgage repayments": {"Australia": "1,660", "Cecil Hills_%": "--", "Australia_%": "--", "New South Wales_%": "--", "Cecil Hills": "0", "New South Wales": "1,733"}, "Median weekly rent": {"Australia": "250", "Cecil Hills_%": "--", "Australia_%": "--", "New South Wales_%": "--", "Cecil Hills": "0", "New South Wales": "270"}}, "Tenure": {"Rented": {"Australia": "2,561,302", "Cecil Hills_%": "14.0", "Australia_%": "30.9", "New South Wales_%": "31.8", "Cecil Hills": "253", "New South Wales": "826,922"}, "Owned outright": {"Australia": "2,565,695", "Cecil Hills_%": "32.8", "Australia_%": "31.0", "New South Wales_%": "32.2", "Cecil Hills": "593", "New South Wales": "839,665"}, "Owned with a mortgage": {"Australia": "2,855,222", "Cecil Hills_%": "51.1", "Australia_%": "34.5", "New South Wales_%": "32.3", "Cecil Hills": "925", "New South Wales": "840,004"}, "Tenure type not stated": {"Australia": "224,869", "Cecil Hills_%": "1.9", "Australia_%": "2.7", "New South Wales_%": "2.8", "Cecil Hills": "34", "New South Wales": "73,763"}, "Other tenure type": {"Australia": "78,994", "Cecil Hills_%": "0.3", "Australia_%": "1.0", "New South Wales_%": "0.9", "Cecil Hills": "5", "New South Wales": "23,968"}}, "Country of birth of father, stated responses": {"Iraq": {"Australia": "102,691", "Cecil Hills_%": "11.7", "Australia_%": "0.4", "New South Wales_%": "0.8", "Cecil Hills": "817", "New South Wales": "60,069"}, "Philippines": {"Australia": "270,177", "Cecil Hills_%": "4.0", "Australia_%": "1.2", "New South Wales_%": "1.4", "Cecil Hills": "282", "New South Wales": "106,423"}, "Australia": {"Australia": "12,231,150", "Cecil Hills_%": "18.7", "Australia_%": "52.3", "New South Wales_%": "50.1", "Cecil Hills": "1,309", "New South Wales": "3,745,787"}, "Italy": {"Australia": "470,138", "Cecil Hills_%": "7.3", "Australia_%": "2.0", "New South Wales_%": "1.7", "Cecil Hills": "508", "New South Wales": "128,148"}, "Vietnam": {"Australia": "320,208", "Cecil Hills_%": "8.4", "Australia_%": "1.4", "New South Wales_%": "1.6", "Cecil Hills": "586", "New South Wales": "121,066"}}, "Country of birth of father and/or mother, stated responses": {"Father only born overseas": {"Australia": "1,488,092", "Cecil Hills_%": "6.0", "Australia_%": "6.4", "New South Wales_%": "6.1", "Cecil Hills": "419", "New South Wales": "458,394"}, "Mother only born overseas": {"Australia": "1,094,591", "Cecil Hills_%": "3.9", "Australia_%": "4.7", "New South Wales_%": "4.3", "Cecil Hills": "274", "New South Wales": "325,182"}, "Both parents born overseas": {"Australia": "8,051,196", "Cecil Hills_%": "70.7", "Australia_%": "34.4", "New South Wales_%": "37.0", "Cecil Hills": "4,951", "New South Wales": "2,764,170"}, "Both parents born in Australia": {"Australia": "11,070,538", "Cecil Hills_%": "14.6", "Australia_%": "47.3", "New South Wales_%": "45.4", "Cecil Hills": "1,026", "New South Wales": "3,399,725"}}, "Rent weekly payments": {"Households where rent payments are less than 30% of household income": {"Australia": "--", "Cecil Hills_%": "93.8", "Australia_%": "88.5", "New South Wales_%": "87.1", "Cecil Hills": "--", "New South Wales": "--"}, "Households with rent payments greater than or equal to 30% of household income": {"Australia": "--", "Cecil Hills_%": "6.2", "Australia_%": "11.5", "New South Wales_%": "12.9", "Cecil Hills": "--", "New South Wales": "--"}, "Median rent": {"Australia": "335", "Cecil Hills_%": "--", "Australia_%": "--", "New South Wales_%": "--", "Cecil Hills": "500", "New South Wales": "380"}}, "Registered marital status": {"Separated": {"Australia": "608,059", "Cecil Hills_%": "3.7", "Australia_%": "3.2", "New South Wales_%": "3.1", "Cecil Hills": "206", "New South Wales": "190,198"}, "Widowed": {"Australia": "985,204", "Cecil Hills_%": "2.9", "Australia_%": "5.2", "New South Wales_%": "5.4", "Cecil Hills": "159", "New South Wales": "331,653"}, "Married": {"Australia": "9,148,218", "Cecil Hills_%": "54.9", "Australia_%": "48.1", "New South Wales_%": "48.7", "Cecil Hills": "3,064", "New South Wales": "2,965,280"}, "Divorced": {"Australia": "1,626,890", "Cecil Hills_%": "4.5", "Australia_%": "8.5", "New South Wales_%": "8.4", "Cecil Hills": "252", "New South Wales": "512,298"}, "Never married": {"Australia": "6,668,910", "Cecil Hills_%": "34.0", "Australia_%": "35.0", "New South Wales_%": "34.4", "Cecil Hills": "1,897", "New South Wales": "2,094,460"}}, "summaryTable_qsPeople": {"Male": "49.7%", "Median age": "35", "Female": "50.3%", "People": "7,018"}, "Dwelling characteristics": {"Average number of people per household": {"Australia": "3.2", "Cecil Hills_%": "--", "Australia_%": "--", "New South Wales_%": "--", "Cecil Hills": "0", "New South Wales": "3.1"}, "Average number of persons per bedroom": {"Australia": "1", "Cecil Hills_%": "--", "Australia_%": "--", "New South Wales_%": "--", "Cecil Hills": "0", "New South Wales": "1"}, "Median weekly household income": {"Australia": "1,203", "Cecil Hills_%": "--", "Australia_%": "--", "New South Wales_%": "--", "Cecil Hills": "4,374", "New South Wales": "1,214"}}, "Unpaid work": {"Did unpaid domestic work (last week)": {"Australia": "13,143,914", "Cecil Hills_%": "61.8", "Australia_%": "69.0", "New South Wales_%": "67.7", "Cecil Hills": "3,448", "New South Wales": "4,127,723"}, "Provided unpaid assistance to a person with a disability (last two weeks)": {"Australia": "2,145,203", "Cecil Hills_%": "12.1", "Australia_%": "11.3", "New South Wales_%": "11.6", "Cecil Hills": "677", "New South Wales": "709,415"}, "Did voluntary work through an organisation or group (last 12 months)": {"Australia": "3,620,726", "Cecil Hills_%": "11.0", "Australia_%": "19.0", "New South Wales_%": "18.1", "Cecil Hills": "612", "New South Wales": "1,103,790"}, "Cared for child/children (last two weeks)": {"Australia": "5,259,400", "Cecil Hills_%": "26.3", "Australia_%": "27.6", "New South Wales_%": "27.2", "Cecil Hills": "1,468", "New South Wales": "1,659,250"}}, "Unpaid domestic work, number of hours": {"5 to 14 hours per week": {"Australia": "4,944,578", "Cecil Hills_%": "21.4", "Australia_%": "26.0", "New South Wales_%": "25.1", "Cecil Hills": "1,193", "New South Wales": "1,531,206"}, "30 hours or more per week": {"Australia": "1,710,970", "Cecil Hills_%": "8.4", "Australia_%": "9.0", "New South Wales_%": "9.0", "Cecil Hills": "469", "New South Wales": "545,925"}, "Less than 5 hours per week": {"Australia": "4,298,593", "Cecil Hills_%": "22.9", "Australia_%": "22.6", "New South Wales_%": "22.3", "Cecil Hills": "1,278", "New South Wales": "1,359,656"}, "15 to 29 hours per week": {"Australia": "2,189,776", "Cecil Hills_%": "9.0", "Australia_%": "11.5", "New South Wales_%": "11.3", "Cecil Hills": "504", "New South Wales": "690,934"}}, "Industry of employment, top responses": {"Takeaway Food Services": {"Australia": "189,447", "Cecil Hills_%": "2.8", "Australia_%": "1.8", "New South Wales_%": "1.7", "Cecil Hills": "89", "New South Wales": "56,957"}, "Hospitals (except Psychiatric Hospitals)": {"Australia": "411,808", "Cecil Hills_%": "2.5", "Australia_%": "3.9", "New South Wales_%": "3.5", "Cecil Hills": "81", "New South Wales": "119,350"}, "Secondary Education": {"Australia": "177,487", "Cecil Hills_%": "2.3", "Australia_%": "1.7", "New South Wales_%": "1.7", "Cecil Hills": "74", "New South Wales": "58,072"}, "Banking": {"Australia": "144,232", "Cecil Hills_%": "2.3", "Australia_%": "1.3", "New South Wales_%": "1.9", "Cecil Hills": "75", "New South Wales": "63,678"}, "Supermarket and Grocery Stores": {"Australia": "254,275", "Cecil Hills_%": "2.5", "Australia_%": "2.4", "New South Wales_%": "2.2", "Cecil Hills": "79", "New South Wales": "74,487"}}, "GeoInfo": {"city": "Cecil Hills"}, "Education": {"University or tertiary institution": {"Australia": "1,160,626", "Cecil Hills_%": "18.4", "Australia_%": "16.1", "New South Wales_%": "16.2", "Cecil Hills": "448", "New South Wales": "376,133"}, "Secondary - Catholic": {"Australia": "338,384", "Cecil Hills_%": "7.7", "Australia_%": "4.7", "New South Wales_%": "5.1", "Cecil Hills": "188", "New South Wales": "117,689"}, "Secondary - other non Government": {"Australia": "280,618", "Cecil Hills_%": "3.7", "Australia_%": "3.9", "New South Wales_%": "3.4", "Cecil Hills": "90", "New South Wales": "79,915"}, "Primary - Catholic": {"Australia": "380,604", "Cecil Hills_%": "8.7", "Australia_%": "5.3", "New South Wales_%": "5.3", "Cecil Hills": "211", "New South Wales": "122,099"}, "Primary - Government": {"Australia": "1,314,787", "Cecil Hills_%": "15.9", "Australia_%": "18.2", "New South Wales_%": "18.0", "Cecil Hills": "388", "New South Wales": "417,465"}, "Other": {"Australia": "198,383", "Cecil Hills_%": "1.5", "Australia_%": "2.8", "New South Wales_%": "2.7", "Cecil Hills": "37", "New South Wales": "63,673"}, "Technical or further education institution": {"Australia": "424,869", "Cecil Hills_%": "5.6", "Australia_%": "5.9", "New South Wales_%": "6.2", "Cecil Hills": "136", "New South Wales": "144,103"}, "Secondary - Government": {"Australia": "827,505", "Cecil Hills_%": "17.4", "Australia_%": "11.5", "New South Wales_%": "11.6", "Cecil Hills": "425", "New South Wales": "269,249"}, "Primary - other non Government": {"Australia": "231,490", "Cecil Hills_%": "3.0", "Australia_%": "3.2", "New South Wales_%": "2.9", "Cecil Hills": "72", "New South Wales": "67,611"}, "Not stated": {"Australia": "1,707,023", "Cecil Hills_%": "14.6", "Australia_%": "23.7", "New South Wales_%": "23.0", "Cecil Hills": "357", "New South Wales": "535,266"}, "Preschool": {"Australia": "347,621", "Cecil Hills_%": "3.5", "Australia_%": "4.8", "New South Wales_%": "5.7", "Cecil Hills": "85", "New South Wales": "132,047"}}, "Employment": {"Unemployed": {"Australia": "787,452", "Cecil Hills_%": "5.7", "Australia_%": "6.9", "New South Wales_%": "6.3", "Cecil Hills": "202", "New South Wales": "225,546"}, "Worked part-time": {"Australia": "3,491,503", "Cecil Hills_%": "25.7", "Australia_%": "30.4", "New South Wales_%": "29.7", "Cecil Hills": "913", "New South Wales": "1,071,151"}, "Away from work": {"Australia": "569,276", "Cecil Hills_%": "4.2", "Australia_%": "5.0", "New South Wales_%": "4.8", "Cecil Hills": "150", "New South Wales": "174,654"}, "Worked full-time": {"Australia": "6,623,065", "Cecil Hills_%": "64.5", "Australia_%": "57.7", "New South Wales_%": "59.2", "Cecil Hills": "2,294", "New South Wales": "2,134,521"}}, "Travel to work, top responses": {"Worked at home": {"Australia": "503,582", "Cecil Hills_%": "3.4", "Australia_%": "4.7", "New South Wales_%": "4.8", "Cecil Hills": "114", "New South Wales": "163,026"}, "People who travelled to work by car as driver or passenger": {"Australia": "7,305,271", "Cecil Hills_%": "81.6", "Australia_%": "68.4", "New South Wales_%": "64.6", "Cecil Hills": "2,743", "New South Wales": "2,182,854"}, "null": {"Australia": "None", "Cecil Hills_%": null, "Australia_%": "None", "New South Wales_%": "None", "Cecil Hills": null, "New South Wales": "None"}, "People who travelled to work by public transport": {"Australia": "1,225,668", "Cecil Hills_%": "10.0", "Australia_%": "11.5", "New South Wales_%": "16.0", "Cecil Hills": "337", "New South Wales": "540,215"}, "Car, as driver": {"Australia": "6,574,571", "Cecil Hills_%": "70.2", "Australia_%": "61.5", "New South Wales_%": "57.8", "Cecil Hills": "2,361", "New South Wales": "1,953,399"}, "Train": {"Australia": "488,012", "Cecil Hills_%": "2.6", "Australia_%": "4.6", "New South Wales_%": "7.5", "Cecil Hills": "87", "New South Wales": "252,786"}, "Train, car as driver": {"Australia": "86,003", "Cecil Hills_%": "3.4", "Australia_%": "0.8", "New South Wales_%": "1.0", "Cecil Hills": "115", "New South Wales": "34,213"}, "Car, as passenger": {"Australia": "489,922", "Cecil Hills_%": "5.7", "Australia_%": "4.6", "New South Wales_%": "4.3", "Cecil Hills": "191", "New South Wales": "144,820"}}, "Occupation": {"Professionals": {"Australia": "2,370,966", "Cecil Hills_%": "17.4", "Australia_%": "22.2", "New South Wales_%": "23.6", "Cecil Hills": "584", "New South Wales": "798,126"}, "Managers": {"Australia": "1,390,047", "Cecil Hills_%": "11.5", "Australia_%": "13.0", "New South Wales_%": "13.5", "Cecil Hills": "384", "New South Wales": "456,084"}, "Labourers": {"Australia": "1,011,520", "Cecil Hills_%": "8.4", "Australia_%": "9.5", "New South Wales_%": "8.8", "Cecil Hills": "283", "New South Wales": "297,887"}, "Clerical and Administrative Workers": {"Australia": "1,449,681", "Cecil Hills_%": "17.7", "Australia_%": "13.6", "New South Wales_%": "13.8", "Cecil Hills": "593", "New South Wales": "467,977"}, "Machinery Operators and Drivers": {"Australia": "670,106", "Cecil Hills_%": "8.4", "Australia_%": "6.3", "New South Wales_%": "6.1", "Cecil Hills": "280", "New South Wales": "206,839"}, "Community and Personal Service Workers": {"Australia": "1,157,003", "Cecil Hills_%": "7.8", "Australia_%": "10.8", "New South Wales_%": "10.4", "Cecil Hills": "263", "New South Wales": "350,261"}, "Sales Workers": {"Australia": "1,000,955", "Cecil Hills_%": "11.1", "Australia_%": "9.4", "New South Wales_%": "9.2", "Cecil Hills": "372", "New South Wales": "311,414"}, "Technicians and Trades Workers": {"Australia": "1,447,414", "Cecil Hills_%": "15.7", "Australia_%": "13.5", "New South Wales_%": "12.7", "Cecil Hills": "528", "New South Wales": "429,239"}}}