{"Employment - hours worked": {"40 hours or more per week": {"Australia": "4,591,801", "Centennial Park (NSW)_%": "58.2", "Australia_%": "43.0", "New South Wales_%": "44.1", "Centennial Park (NSW)": "844", "New South Wales": "1,489,099"}, "25-34 hours per week": {"Australia": "1,193,445", "Centennial Park (NSW)_%": "7.4", "Australia_%": "11.2", "New South Wales_%": "10.5", "Centennial Park (NSW)": "108", "New South Wales": "353,702"}, "16-24 hours per week": {"Australia": "1,079,236", "Centennial Park (NSW)_%": "7.4", "Australia_%": "10.1", "New South Wales_%": "10.4", "Centennial Park (NSW)": "107", "New South Wales": "352,817"}, "35-39 hours per week": {"Australia": "2,031,263", "Centennial Park (NSW)_%": "14.2", "Australia_%": "19.0", "New South Wales_%": "19.1", "Centennial Park (NSW)": "206", "New South Wales": "645,428"}, "1-15 hours per week": {"Australia": "1,218,823", "Centennial Park (NSW)_%": "8.1", "Australia_%": "11.4", "New South Wales_%": "10.8", "Centennial Park (NSW)": "118", "New South Wales": "364,637"}}, "Number of registered motor vehicles": {"2 motor vehicles": {"Australia": "2,999,184", "Centennial Park (NSW)_%": "19.1", "Australia_%": "36.2", "New South Wales_%": "34.1", "Centennial Park (NSW)": "207", "New South Wales": "887,849"}, "None": {"Australia": "623,829", "Centennial Park (NSW)_%": "20.9", "Australia_%": "7.5", "New South Wales_%": "9.2", "Centennial Park (NSW)": "227", "New South Wales": "239,625"}, "Number of motor vehicles not stated": {"Australia": "285,197", "Centennial Park (NSW)_%": "3.0", "Australia_%": "3.4", "New South Wales_%": "3.7", "Centennial Park (NSW)": "33", "New South Wales": "95,623"}, "1 motor vehicle": {"Australia": "2,881,485", "Centennial Park (NSW)_%": "51.8", "Australia_%": "34.8", "New South Wales_%": "36.3", "Centennial Park (NSW)": "562", "New South Wales": "946,159"}, "3 or more vehicles": {"Australia": "1,496,382", "Centennial Park (NSW)_%": "5.1", "Australia_%": "18.1", "New South Wales_%": "16.7", "Centennial Park (NSW)": "55", "New South Wales": "435,053"}}, "Employment status of parents in couple families": {"Labour force status not stated (by one or both parents in a couple family)": {"Australia": "311,381", "Centennial Park (NSW)_%": "7.1", "Australia_%": "6.2", "New South Wales_%": "5.7", "Centennial Park (NSW)": "33", "New South Wales": "90,630"}, "One employed full-time, one part-time": {"Australia": "1,086,460", "Centennial Park (NSW)_%": "18.0", "Australia_%": "21.7", "New South Wales_%": "20.6", "Centennial Park (NSW)": "83", "New South Wales": "329,567"}, "One employed part-time, other not working": {"Australia": "302,037", "Centennial Park (NSW)_%": "5.2", "Australia_%": "6.0", "New South Wales_%": "6.1", "Centennial Park (NSW)": "24", "New South Wales": "96,933"}, "Other (includes away from work)": {"Australia": "264,145", "Centennial Park (NSW)_%": "6.3", "Australia_%": "5.3", "New South Wales_%": "5.1", "Centennial Park (NSW)": "29", "New South Wales": "80,905"}, "Both employed, worked full-time": {"Australia": "1,084,006", "Centennial Park (NSW)_%": "36.6", "Australia_%": "21.6", "New South Wales_%": "22.6", "Centennial Park (NSW)": "169", "New South Wales": "360,916"}, "One employed full-time, other not working": {"Australia": "749,886", "Centennial Park (NSW)_%": "14.7", "Australia_%": "15.0", "New South Wales_%": "15.0", "Centennial Park (NSW)": "68", "New South Wales": "240,084"}, "Both employed, worked part-time": {"Australia": "203,596", "Centennial Park (NSW)_%": "4.1", "Australia_%": "4.1", "New South Wales_%": "4.0", "Centennial Park (NSW)": "19", "New South Wales": "63,106"}, "Both not working": {"Australia": "1,006,697", "Centennial Park (NSW)_%": "8.0", "Australia_%": "20.1", "New South Wales_%": "21.0", "Centennial Park (NSW)": "37", "New South Wales": "334,742"}}, "Country of birth of mother, stated responses": {"Brazil": {"Australia": "32,805", "Centennial Park (NSW)_%": "2.1", "Australia_%": "0.1", "New South Wales_%": "0.2", "Centennial Park (NSW)": "50", "New South Wales": "14,587"}, "Italy": {"Australia": "395,775", "Centennial Park (NSW)_%": "2.0", "Australia_%": "1.7", "New South Wales_%": "1.4", "Centennial Park (NSW)": "47", "New South Wales": "107,243"}, "New Zealand": {"Australia": "608,329", "Centennial Park (NSW)_%": "3.4", "Australia_%": "2.6", "New South Wales_%": "1.9", "Centennial Park (NSW)": "79", "New South Wales": "139,899"}, "Australia": {"Australia": "12,643,365", "Centennial Park (NSW)_%": "45.5", "Australia_%": "54.0", "New South Wales_%": "51.9", "Centennial Park (NSW)": "1,066", "New South Wales": "3,884,762"}, "England": {"Australia": "1,302,147", "Centennial Park (NSW)_%": "6.2", "Australia_%": "5.6", "New South Wales_%": "4.3", "Centennial Park (NSW)": "145", "New South Wales": "322,472"}}, "Dwelling structure": {"Other dwelling": {"Australia": "64,425", "Centennial Park (NSW)_%": "0.0", "Australia_%": "0.8", "New South Wales_%": "0.9", "Centennial Park (NSW)": "0", "New South Wales": "23,580"}, "Semi-detached, row or terrace house, townhouse etc": {"Australia": "1,055,016", "Centennial Park (NSW)_%": "9.9", "Australia_%": "12.7", "New South Wales_%": "12.2", "Centennial Park (NSW)": "108", "New South Wales": "317,453"}, "Separate house": {"Australia": "6,041,788", "Centennial Park (NSW)_%": "9.4", "Australia_%": "72.9", "New South Wales_%": "66.4", "Centennial Park (NSW)": "102", "New South Wales": "1,729,820"}, "Flat or apartment": {"Australia": "1,087,434", "Centennial Park (NSW)_%": "80.0", "Australia_%": "13.1", "New South Wales_%": "19.9", "Centennial Park (NSW)": "871", "New South Wales": "519,390"}}, "Number of bedrooms": {"1 bedroom": {"Australia": "411,252", "Centennial Park (NSW)_%": "30.9", "Australia_%": "5.0", "New South Wales_%": "6.0", "Centennial Park (NSW)": "338", "New South Wales": "157,194"}, "3 bedrooms": {"Australia": "3,403,190", "Centennial Park (NSW)_%": "10.1", "Australia_%": "41.1", "New South Wales_%": "37.2", "Centennial Park (NSW)": "110", "New South Wales": "970,001"}, "Average number of people per household": {"Australia": "2.6", "Centennial Park (NSW)_%": "--", "Australia_%": "--", "New South Wales_%": "--", "Centennial Park (NSW)": "2", "New South Wales": "2.6"}, "2 bedrooms": {"Australia": "1,562,759", "Centennial Park (NSW)_%": "38.6", "Australia_%": "18.9", "New South Wales_%": "22.2", "Centennial Park (NSW)": "422", "New South Wales": "577,675"}, "4 or more bedrooms": {"Australia": "2,670,758", "Centennial Park (NSW)_%": "11.7", "Australia_%": "32.2", "New South Wales_%": "31.3", "Centennial Park (NSW)": "128", "New South Wales": "816,405"}, "None (includes bedsitters)": {"Australia": "39,769", "Centennial Park (NSW)_%": "6.5", "Australia_%": "0.5", "New South Wales_%": "0.7", "Centennial Park (NSW)": "71", "New South Wales": "17,157"}, "Number of bedrooms not stated": {"Australia": "198,351", "Centennial Park (NSW)_%": "2.2", "Australia_%": "2.4", "New South Wales_%": "2.5", "Centennial Park (NSW)": "24", "New South Wales": "65,888"}, "Average number of bedrooms per dwelling": {"Australia": "3.1", "Centennial Park (NSW)_%": "--", "Australia_%": "--", "New South Wales_%": "--", "Centennial Park (NSW)": "2", "New South Wales": "3"}}, "summaryTable_qsFamilies": {"for all families": "0.4", "for families with children": "1.7", "Families": "535", "Average children per family": "None"}, "People characteristics": {"Male": {"Australia": "322,171", "Centennial Park (NSW)_%": "57.1", "Australia_%": "49.6", "New South Wales_%": "49.7", "Centennial Park (NSW)": "4", "New South Wales": "107,368"}, "Median age": {"Australia": "23", "Centennial Park (NSW)_%": "--", "Australia_%": "--", "New South Wales_%": "--", "Centennial Park (NSW)": "32", "New South Wales": "22"}, "Female": {"Australia": "326,996", "Centennial Park (NSW)_%": "42.9", "Australia_%": "50.4", "New South Wales_%": "50.3", "Centennial Park (NSW)": "3", "New South Wales": "108,809"}}, "Dwelling count": {"Unoccupied private dwellings": {"Australia": "1,039,874", "Centennial Park (NSW)_%": "7.1", "Australia_%": "11.2", "New South Wales_%": "9.9", "Centennial Park (NSW)": "83", "New South Wales": "284,741"}, "Occupied private dwellings": {"Australia": "8,286,073", "Centennial Park (NSW)_%": "92.9", "Australia_%": "88.8", "New South Wales_%": "90.1", "Centennial Park (NSW)": "1,089", "New South Wales": "2,604,320"}}, "Level of highest educational attainment": {"Certificate level III": {"Australia": "2,442,203", "Centennial Park (NSW)_%": "5.2", "Australia_%": "12.8", "New South Wales_%": "12.0", "Centennial Park (NSW)": "109", "New South Wales": "730,498"}, "Certificate level II": {"Australia": "13,454", "Centennial Park (NSW)_%": "0.0", "Australia_%": "0.1", "New South Wales_%": "0.1", "Centennial Park (NSW)": "0", "New South Wales": "4,849"}, "No educational attainment": {"Australia": "145,844", "Centennial Park (NSW)_%": "0.0", "Australia_%": "0.8", "New South Wales_%": "0.9", "Centennial Park (NSW)": "0", "New South Wales": "54,870"}, "Bachelor Degree level and above": {"Australia": "4,181,406", "Centennial Park (NSW)_%": "49.5", "Australia_%": "22.0", "New South Wales_%": "23.4", "Centennial Park (NSW)": "1,037", "New South Wales": "1,424,716"}, "Certificate level I": {"Australia": "2,176", "Centennial Park (NSW)_%": "0.0", "Australia_%": "0.0", "New South Wales_%": "0.0", "Centennial Park (NSW)": "0", "New South Wales": "625"}, "Year 11": {"Australia": "941,531", "Centennial Park (NSW)_%": "1.8", "Australia_%": "4.9", "New South Wales_%": "3.3", "Centennial Park (NSW)": "37", "New South Wales": "203,574"}, "Not stated": {"Australia": "1,974,794", "Centennial Park (NSW)_%": "11.0", "Australia_%": "10.4", "New South Wales_%": "10.3", "Centennial Park (NSW)": "231", "New South Wales": "627,465"}, "Year 9 or below": {"Australia": "1,529,897", "Centennial Park (NSW)_%": "2.1", "Australia_%": "8.0", "New South Wales_%": "8.4", "Centennial Park (NSW)": "43", "New South Wales": "513,209"}, "Certificate level IV": {"Australia": "551,767", "Centennial Park (NSW)_%": "1.2", "Australia_%": "2.9", "New South Wales_%": "2.8", "Centennial Park (NSW)": "26", "New South Wales": "167,947"}, "Year 10": {"Australia": "2,054,331", "Centennial Park (NSW)_%": "3.9", "Australia_%": "10.8", "New South Wales_%": "11.5", "Centennial Park (NSW)": "82", "New South Wales": "702,178"}, "Year 12": {"Australia": "2,994,097", "Centennial Park (NSW)_%": "13.8", "Australia_%": "15.7", "New South Wales_%": "15.3", "Centennial Park (NSW)": "290", "New South Wales": "930,654"}, "Advanced Diploma and Diploma level": {"Australia": "1,687,893", "Centennial Park (NSW)_%": "9.4", "Australia_%": "8.9", "New South Wales_%": "8.9", "Centennial Park (NSW)": "196", "New South Wales": "543,142"}}, "Median weekly incomes": {"Personal": {"Australia": "662", "Centennial Park (NSW)_%": "--", "Australia_%": "--", "New South Wales_%": "--", "Centennial Park (NSW)": "1,268", "New South Wales": "664"}, "Household": {"Australia": "1,438", "Centennial Park (NSW)_%": "--", "Australia_%": "--", "New South Wales_%": "--", "Centennial Park (NSW)": "2,010", "New South Wales": "1,486"}, "Family": {"Australia": "1,734", "Centennial Park (NSW)_%": "--", "Australia_%": "--", "New South Wales_%": "--", "Centennial Park (NSW)": "2,830", "New South Wales": "1,780"}}, "Family composition": {"Other family": {"Australia": "102,559", "Centennial Park (NSW)_%": "2.8", "Australia_%": "1.7", "New South Wales_%": "1.7", "Centennial Park (NSW)": "15", "New South Wales": "32,438"}, "Couple family with children": {"Australia": "2,716,224", "Centennial Park (NSW)_%": "33.3", "Australia_%": "44.7", "New South Wales_%": "45.7", "Centennial Park (NSW)": "178", "New South Wales": "887,358"}, "Couple family without children": {"Australia": "2,291,987", "Centennial Park (NSW)_%": "53.2", "Australia_%": "37.8", "New South Wales_%": "36.6", "Centennial Park (NSW)": "284", "New South Wales": "709,524"}, "One parent family": {"Australia": "959,543", "Centennial Park (NSW)_%": "10.7", "Australia_%": "15.8", "New South Wales_%": "16.0", "Centennial Park (NSW)": "57", "New South Wales": "310,906"}}, "Dwelling internet connection": {"Not stated": {"Australia": "221,494", "Centennial Park (NSW)_%": "2.1", "Australia_%": "2.7", "New South Wales_%": "2.8", "Centennial Park (NSW)": "23", "New South Wales": "73,565"}, "Internet not accessed from dwelling": {"Australia": "1,172,415", "Centennial Park (NSW)_%": "7.6", "Australia_%": "14.1", "New South Wales_%": "14.7", "Centennial Park (NSW)": "83", "New South Wales": "381,709"}, "Internet accessed from dwelling": {"Australia": "6,892,165", "Centennial Park (NSW)_%": "90.3", "Australia_%": "83.2", "New South Wales_%": "82.5", "Centennial Park (NSW)": "982", "New South Wales": "2,149,040"}}, "Social marital status": {"Not married": {"Australia": "7,024,973", "Centennial Park (NSW)_%": "50.2", "Australia_%": "41.9", "New South Wales_%": "42.3", "Centennial Park (NSW)": "913", "New South Wales": "2,290,887"}, "De facto marriage": {"Australia": "1,751,731", "Centennial Park (NSW)_%": "19.0", "Australia_%": "10.4", "New South Wales_%": "9.4", "Centennial Park (NSW)": "346", "New South Wales": "506,133"}, "Registered marriage": {"Australia": "8,001,141", "Centennial Park (NSW)_%": "30.7", "Australia_%": "47.7", "New South Wales_%": "48.3", "Centennial Park (NSW)": "559", "New South Wales": "2,612,630"}}, "Household composition": {"Family households": {"Australia": "5,907,625", "Centennial Park (NSW)_%": "48.8", "Australia_%": "71.3", "New South Wales_%": "72.0", "Centennial Park (NSW)": "532", "New South Wales": "1,874,524"}, "Group households": {"Australia": "354,917", "Centennial Park (NSW)_%": "9.0", "Australia_%": "4.3", "New South Wales_%": "4.2", "Centennial Park (NSW)": "98", "New South Wales": "109,004"}, "Single (or lone) person households": {"Australia": "2,023,542", "Centennial Park (NSW)_%": "42.2", "Australia_%": "24.4", "New South Wales_%": "23.8", "Centennial Park (NSW)": "460", "New South Wales": "620,778"}}, "People": {"Male": {"Australia": "11,546,638", "Centennial Park (NSW)_%": "48.3", "Australia_%": "49.3", "New South Wales_%": "49.3", "Centennial Park (NSW)": "1,149", "New South Wales": "3,686,014"}, "Aboriginal and/or Torres Strait Islander people": {"Australia": "649,171", "Centennial Park (NSW)_%": "0.5", "Australia_%": "2.8", "New South Wales_%": "2.9", "Centennial Park (NSW)": "12", "New South Wales": "216,176"}, "Female": {"Australia": "11,855,248", "Centennial Park (NSW)_%": "51.7", "Australia_%": "50.7", "New South Wales_%": "50.7", "Centennial Park (NSW)": "1,230", "New South Wales": "3,794,217"}}, "Language, top responses (other than English)": {"Portuguese": {"Australia": "48,853", "Centennial Park (NSW)_%": "1.7", "Australia_%": "0.2", "New South Wales_%": "0.3", "Centennial Park (NSW)": "40", "New South Wales": "23,003"}, "null": {"Australia": "None", "Centennial Park (NSW)_%": null, "Australia_%": "None", "New South Wales_%": "None", "Centennial Park (NSW)": null, "New South Wales": "None"}, "French": {"Australia": "70,873", "Centennial Park (NSW)_%": "1.5", "Australia_%": "0.3", "New South Wales_%": "0.3", "Centennial Park (NSW)": "36", "New South Wales": "23,743"}, "English only spoken at home": {"Australia": "17,020,417", "Centennial Park (NSW)_%": "70.6", "Australia_%": "72.7", "New South Wales_%": "68.5", "Centennial Park (NSW)": "1,678", "New South Wales": "5,126,633"}, "Households where a non English language is spoken": {"Australia": "1,971,011", "Centennial Park (NSW)_%": "21.9", "Australia_%": "22.2", "New South Wales_%": "26.5", "Centennial Park (NSW)": "265", "New South Wales": "735,563"}, "Spanish": {"Australia": "140,817", "Centennial Park (NSW)_%": "2.7", "Australia_%": "0.6", "New South Wales_%": "0.8", "Centennial Park (NSW)": "65", "New South Wales": "63,527"}, "Mandarin": {"Australia": "596,711", "Centennial Park (NSW)_%": "1.9", "Australia_%": "2.5", "New South Wales_%": "3.2", "Centennial Park (NSW)": "46", "New South Wales": "239,945"}, "Italian": {"Australia": "271,597", "Centennial Park (NSW)_%": "1.2", "Australia_%": "1.2", "New South Wales_%": "1.0", "Centennial Park (NSW)": "29", "New South Wales": "75,694"}}, "summaryTable_qsDwelling": {"Median monthly mortgage repayments": "$2,167", "All private dwellings": "1,293", "Average people per household": "2", "Median weekly household income": "$2,010", "Median weekly rent": "$505", "Average motor vehicles per dwelling": "1.2"}, "Household income": {"Less than $650 gross weekly income": {"Australia": "--", "Centennial Park (NSW)_%": "13.1", "Australia_%": "20.0", "New South Wales_%": "19.7", "Centennial Park (NSW)": "--", "New South Wales": "--"}, "More than $3000 gross weekly income": {"Australia": "--", "Centennial Park (NSW)_%": "29.2", "Australia_%": "16.4", "New South Wales_%": "18.7", "Centennial Park (NSW)": "--", "New South Wales": "--"}}, "Country of birth": {"Other top responses": {"Centennial Park (NSW)": "None", "Centennial Park (NSW)_%": "None"}, "Brazil": {"Australia": "27,630", "Centennial Park (NSW)_%": "1.5", "Australia_%": "0.1", "New South Wales_%": "0.2", "Centennial Park (NSW)": "36", "New South Wales": "12,314"}, "Australia": {"Australia": "15,614,835", "Centennial Park (NSW)_%": "57.0", "Australia_%": "66.7", "New South Wales_%": "65.5", "Centennial Park (NSW)": "1,344", "New South Wales": "4,899,090"}, "England": {"Australia": "907,570", "Centennial Park (NSW)_%": "6.1", "Australia_%": "3.9", "New South Wales_%": "3.0", "Centennial Park (NSW)": "144", "New South Wales": "226,564"}, "United States of America": {"Australia": "86,125", "Centennial Park (NSW)_%": "1.5", "Australia_%": "0.4", "New South Wales_%": "0.4", "Centennial Park (NSW)": "35", "New South Wales": "30,081"}, "China (excludes SARs and Taiwan)": {"Australia": "509,555", "Centennial Park (NSW)_%": "1.6", "Australia_%": "2.2", "New South Wales_%": "3.1", "Centennial Park (NSW)": "37", "New South Wales": "234,508"}, "New Zealand": {"Australia": "518,466", "Centennial Park (NSW)_%": "2.8", "Australia_%": "2.2", "New South Wales_%": "1.6", "Centennial Park (NSW)": "67", "New South Wales": "117,136"}}, "Religious affiliation, top responses": {"No Religion, so described": {"Australia": "6,933,708", "Centennial Park (NSW)_%": "34.9", "Australia_%": "29.6", "New South Wales_%": "25.1", "Centennial Park (NSW)": "827", "New South Wales": "1,879,562"}, "Catholic": {"Australia": "5,291,834", "Centennial Park (NSW)_%": "24.0", "Australia_%": "22.6", "New South Wales_%": "24.7", "Centennial Park (NSW)": "569", "New South Wales": "1,846,443"}, "Not stated": {"Australia": "2,238,735", "Centennial Park (NSW)_%": "13.5", "Australia_%": "9.6", "New South Wales_%": "9.2", "Centennial Park (NSW)": "320", "New South Wales": "684,969"}, "Judaism": {"Australia": "91,022", "Centennial Park (NSW)_%": "4.1", "Australia_%": "0.4", "New South Wales_%": "0.5", "Centennial Park (NSW)": "97", "New South Wales": "36,901"}, "Anglican": {"Australia": "3,101,185", "Centennial Park (NSW)_%": "10.8", "Australia_%": "13.3", "New South Wales_%": "15.5", "Centennial Park (NSW)": "256", "New South Wales": "1,161,810"}}, "Ancestry, top responses": {"Australian": {"Australia": "7,298,243", "Centennial Park (NSW)_%": "17.7", "Australia_%": "23.3", "New South Wales_%": "22.9", "Centennial Park (NSW)": "578", "New South Wales": "2,261,062"}, "Scottish": {"Australia": "2,023,470", "Centennial Park (NSW)_%": "7.5", "Australia_%": "6.4", "New South Wales_%": "5.9", "Centennial Park (NSW)": "246", "New South Wales": "587,052"}, "Irish": {"Australia": "2,388,058", "Centennial Park (NSW)_%": "11.1", "Australia_%": "7.6", "New South Wales_%": "7.5", "Centennial Park (NSW)": "363", "New South Wales": "741,671"}, "Chinese": {"Australia": "1,213,903", "Centennial Park (NSW)_%": "3.5", "Australia_%": "3.9", "New South Wales_%": "5.2", "Centennial Park (NSW)": "115", "New South Wales": "514,594"}, "English": {"Australia": "7,852,224", "Centennial Park (NSW)_%": "22.9", "Australia_%": "25.0", "New South Wales_%": "23.3", "Centennial Park (NSW)": "748", "New South Wales": "2,302,481"}}, "Age": {"35-39 years": {"Australia": "1,561,679", "Centennial Park (NSW)_%": "10.8", "Australia_%": "6.7", "New South Wales_%": "6.7", "Centennial Park (NSW)": "255", "New South Wales": "499,724"}, "60-64 years": {"Australia": "1,299,397", "Centennial Park (NSW)_%": "3.8", "Australia_%": "5.6", "New South Wales_%": "5.6", "Centennial Park (NSW)": "90", "New South Wales": "420,044"}, "30-34 years": {"Australia": "1,703,847", "Centennial Park (NSW)_%": "14.3", "Australia_%": "7.3", "New South Wales_%": "7.2", "Centennial Park (NSW)": "339", "New South Wales": "540,360"}, "0-4 years": {"Australia": "1,464,779", "Centennial Park (NSW)_%": "4.9", "Australia_%": "6.3", "New South Wales_%": "6.2", "Centennial Park (NSW)": "115", "New South Wales": "465,135"}, "25-29 years": {"Australia": "1,664,602", "Centennial Park (NSW)_%": "12.7", "Australia_%": "7.1", "New South Wales_%": "7.0", "Centennial Park (NSW)": "302", "New South Wales": "527,161"}, "10-14 years": {"Australia": "1,397,183", "Centennial Park (NSW)_%": "2.9", "Australia_%": "6.0", "New South Wales_%": "5.9", "Centennial Park (NSW)": "68", "New South Wales": "443,009"}, "5-9 years": {"Australia": "1,502,646", "Centennial Park (NSW)_%": "3.8", "Australia_%": "6.4", "New South Wales_%": "6.4", "Centennial Park (NSW)": "90", "New South Wales": "478,184"}, "Median age": {"Australia": "38", "Centennial Park (NSW)_%": "--", "Australia_%": "--", "New South Wales_%": "--", "Centennial Park (NSW)": "35", "New South Wales": "38"}, "50-54 years": {"Australia": "1,523,551", "Centennial Park (NSW)_%": "5.8", "Australia_%": "6.5", "New South Wales_%": "6.5", "Centennial Park (NSW)": "137", "New South Wales": "485,546"}, "80-84 years": {"Australia": "460,549", "Centennial Park (NSW)_%": "0.9", "Australia_%": "2.0", "New South Wales_%": "2.1", "Centennial Park (NSW)": "22", "New South Wales": "155,806"}, "40-44 years": {"Australia": "1,583,257", "Centennial Park (NSW)_%": "7.0", "Australia_%": "6.8", "New South Wales_%": "6.7", "Centennial Park (NSW)": "167", "New South Wales": "503,169"}, "70-74 years": {"Australia": "887,716", "Centennial Park (NSW)_%": "4.1", "Australia_%": "3.8", "New South Wales_%": "3.9", "Centennial Park (NSW)": "98", "New South Wales": "292,556"}, "15-19 years": {"Australia": "1,421,595", "Centennial Park (NSW)_%": "3.4", "Australia_%": "6.1", "New South Wales_%": "6.0", "Centennial Park (NSW)": "81", "New South Wales": "448,425"}, "65-69 years": {"Australia": "1,188,999", "Centennial Park (NSW)_%": "4.5", "Australia_%": "5.1", "New South Wales_%": "5.1", "Centennial Park (NSW)": "106", "New South Wales": "384,470"}, "20-24 years": {"Australia": "1,566,793", "Centennial Park (NSW)_%": "6.7", "Australia_%": "6.7", "New South Wales_%": "6.5", "Centennial Park (NSW)": "160", "New South Wales": "489,673"}, "55-59 years": {"Australia": "1,454,332", "Centennial Park (NSW)_%": "4.5", "Australia_%": "6.2", "New South Wales_%": "6.3", "Centennial Park (NSW)": "107", "New South Wales": "469,726"}, "75-79 years": {"Australia": "652,657", "Centennial Park (NSW)_%": "2.5", "Australia_%": "2.8", "New South Wales_%": "2.9", "Centennial Park (NSW)": "59", "New South Wales": "217,308"}, "45-49 years": {"Australia": "1,581,455", "Centennial Park (NSW)_%": "6.2", "Australia_%": "6.8", "New South Wales_%": "6.6", "Centennial Park (NSW)": "148", "New South Wales": "492,440"}, "85 years and over": {"Australia": "486,842", "Centennial Park (NSW)_%": "1.1", "Australia_%": "2.1", "New South Wales_%": "2.2", "Centennial Park (NSW)": "27", "New South Wales": "167,506"}}, "Single (or lone) parents": {"Male": {"Australia": "--", "Centennial Park (NSW)_%": "29.0", "Australia_%": "18.2", "New South Wales_%": "17.8", "Centennial Park (NSW)": "--", "New South Wales": "--"}, "Female": {"Australia": "--", "Centennial Park (NSW)_%": "71.0", "Australia_%": "81.8", "New South Wales_%": "82.2", "Centennial Park (NSW)": "--", "New South Wales": "--"}}, "Mortgage monthly repayments": {"Median mortgage repayments": {"Australia": "1,755", "Centennial Park (NSW)_%": "--", "Australia_%": "--", "New South Wales_%": "--", "Centennial Park (NSW)": "2,167", "New South Wales": "1,986"}, "Households where mortgage repayments are less than 30% of household income": {"Australia": "--", "Centennial Park (NSW)_%": "94.0", "Australia_%": "92.8", "New South Wales_%": "92.6", "Centennial Park (NSW)": "--", "New South Wales": "--"}, "Households with mortgage repayments greater than or equal to 30% of household income": {"Australia": "--", "Centennial Park (NSW)_%": "6.0", "Australia_%": "7.2", "New South Wales_%": "7.4", "Centennial Park (NSW)": "--", "New South Wales": "--"}}, "Mortgage and rent": {"Median monthly mortgage repayments": {"Australia": "1,660", "Centennial Park (NSW)_%": "--", "Australia_%": "--", "New South Wales_%": "--", "Centennial Park (NSW)": "0", "New South Wales": "1,733"}, "Median weekly rent": {"Australia": "250", "Centennial Park (NSW)_%": "--", "Australia_%": "--", "New South Wales_%": "--", "Centennial Park (NSW)": "500", "New South Wales": "270"}}, "Tenure": {"Rented": {"Australia": "2,561,302", "Centennial Park (NSW)_%": "54.9", "Australia_%": "30.9", "New South Wales_%": "31.8", "Centennial Park (NSW)": "599", "New South Wales": "826,922"}, "Owned outright": {"Australia": "2,565,695", "Centennial Park (NSW)_%": "20.6", "Australia_%": "31.0", "New South Wales_%": "32.2", "Centennial Park (NSW)": "225", "New South Wales": "839,665"}, "Owned with a mortgage": {"Australia": "2,855,222", "Centennial Park (NSW)_%": "21.8", "Australia_%": "34.5", "New South Wales_%": "32.3", "Centennial Park (NSW)": "238", "New South Wales": "840,004"}, "Tenure type not stated": {"Australia": "224,869", "Centennial Park (NSW)_%": "2.4", "Australia_%": "2.7", "New South Wales_%": "2.8", "Centennial Park (NSW)": "26", "New South Wales": "73,763"}, "Other tenure type": {"Australia": "78,994", "Centennial Park (NSW)_%": "0.4", "Australia_%": "1.0", "New South Wales_%": "0.9", "Centennial Park (NSW)": "4", "New South Wales": "23,968"}}, "Country of birth of father, stated responses": {"Italy": {"Australia": "470,138", "Centennial Park (NSW)_%": "2.2", "Australia_%": "2.0", "New South Wales_%": "1.7", "Centennial Park (NSW)": "52", "New South Wales": "128,148"}, "New Zealand": {"Australia": "617,331", "Centennial Park (NSW)_%": "3.4", "Australia_%": "2.6", "New South Wales_%": "1.9", "Centennial Park (NSW)": "80", "New South Wales": "143,450"}, "Australia": {"Australia": "12,231,150", "Centennial Park (NSW)_%": "42.9", "Australia_%": "52.3", "New South Wales_%": "50.1", "Centennial Park (NSW)": "1,003", "New South Wales": "3,745,787"}, "England": {"Australia": "1,403,096", "Centennial Park (NSW)_%": "7.0", "Australia_%": "6.0", "New South Wales_%": "4.8", "Centennial Park (NSW)": "164", "New South Wales": "359,370"}, "China (excludes SARs and Taiwan)": {"Australia": "704,658", "Centennial Park (NSW)_%": "2.3", "Australia_%": "3.0", "New South Wales_%": "4.4", "Centennial Park (NSW)": "54", "New South Wales": "332,465"}}, "Country of birth of father and/or mother, stated responses": {"Father only born overseas": {"Australia": "1,488,092", "Centennial Park (NSW)_%": "7.8", "Australia_%": "6.4", "New South Wales_%": "6.1", "Centennial Park (NSW)": "186", "New South Wales": "458,394"}, "Mother only born overseas": {"Australia": "1,094,591", "Centennial Park (NSW)_%": "5.6", "Australia_%": "4.7", "New South Wales_%": "4.3", "Centennial Park (NSW)": "132", "New South Wales": "325,182"}, "Both parents born overseas": {"Australia": "8,051,196", "Centennial Park (NSW)_%": "40.2", "Australia_%": "34.4", "New South Wales_%": "37.0", "Centennial Park (NSW)": "952", "New South Wales": "2,764,170"}, "Both parents born in Australia": {"Australia": "11,070,538", "Centennial Park (NSW)_%": "36.5", "Australia_%": "47.3", "New South Wales_%": "45.4", "Centennial Park (NSW)": "866", "New South Wales": "3,399,725"}}, "Rent weekly payments": {"Households where rent payments are less than 30% of household income": {"Australia": "--", "Centennial Park (NSW)_%": "80.4", "Australia_%": "88.5", "New South Wales_%": "87.1", "Centennial Park (NSW)": "--", "New South Wales": "--"}, "Households with rent payments greater than or equal to 30% of household income": {"Australia": "--", "Centennial Park (NSW)_%": "19.6", "Australia_%": "11.5", "New South Wales_%": "12.9", "Centennial Park (NSW)": "--", "New South Wales": "--"}, "Median rent": {"Australia": "335", "Centennial Park (NSW)_%": "--", "Australia_%": "--", "New South Wales_%": "--", "Centennial Park (NSW)": "505", "New South Wales": "380"}}, "Registered marital status": {"Separated": {"Australia": "608,059", "Centennial Park (NSW)_%": "1.9", "Australia_%": "3.2", "New South Wales_%": "3.1", "Centennial Park (NSW)": "40", "New South Wales": "190,198"}, "Widowed": {"Australia": "985,204", "Centennial Park (NSW)_%": "2.8", "Australia_%": "5.2", "New South Wales_%": "5.4", "Centennial Park (NSW)": "58", "New South Wales": "331,653"}, "Married": {"Australia": "9,148,218", "Centennial Park (NSW)_%": "31.2", "Australia_%": "48.1", "New South Wales_%": "48.7", "Centennial Park (NSW)": "654", "New South Wales": "2,965,280"}, "Divorced": {"Australia": "1,626,890", "Centennial Park (NSW)_%": "8.5", "Australia_%": "8.5", "New South Wales_%": "8.4", "Centennial Park (NSW)": "178", "New South Wales": "512,298"}, "Never married": {"Australia": "6,668,910", "Centennial Park (NSW)_%": "55.6", "Australia_%": "35.0", "New South Wales_%": "34.4", "Centennial Park (NSW)": "1,165", "New South Wales": "2,094,460"}}, "summaryTable_qsPeople": {"Male": "48.3%", "Median age": "35", "Female": "51.7%", "People": "2,376"}, "Dwelling characteristics": {"Average number of people per household": {"Australia": "3.2", "Centennial Park (NSW)_%": "--", "Australia_%": "--", "New South Wales_%": "--", "Centennial Park (NSW)": "1.5", "New South Wales": "3.1"}, "Average number of persons per bedroom": {"Australia": "1", "Centennial Park (NSW)_%": "--", "Australia_%": "--", "New South Wales_%": "--", "Centennial Park (NSW)": "0.8", "New South Wales": "1"}, "Median weekly household income": {"Australia": "1,203", "Centennial Park (NSW)_%": "--", "Australia_%": "--", "New South Wales_%": "--", "Centennial Park (NSW)": "2,249", "New South Wales": "1,214"}}, "Unpaid work": {"Did unpaid domestic work (last week)": {"Australia": "13,143,914", "Centennial Park (NSW)_%": "72.4", "Australia_%": "69.0", "New South Wales_%": "67.7", "Centennial Park (NSW)": "1,523", "New South Wales": "4,127,723"}, "Provided unpaid assistance to a person with a disability (last two weeks)": {"Australia": "2,145,203", "Centennial Park (NSW)_%": "8.3", "Australia_%": "11.3", "New South Wales_%": "11.6", "Centennial Park (NSW)": "175", "New South Wales": "709,415"}, "Did voluntary work through an organisation or group (last 12 months)": {"Australia": "3,620,726", "Centennial Park (NSW)_%": "20.5", "Australia_%": "19.0", "New South Wales_%": "18.1", "Centennial Park (NSW)": "432", "New South Wales": "1,103,790"}, "Cared for child/children (last two weeks)": {"Australia": "5,259,400", "Centennial Park (NSW)_%": "19.2", "Australia_%": "27.6", "New South Wales_%": "27.2", "Centennial Park (NSW)": "402", "New South Wales": "1,659,250"}}, "Unpaid domestic work, number of hours": {"5 to 14 hours per week": {"Australia": "4,944,578", "Centennial Park (NSW)_%": "26.3", "Australia_%": "26.0", "New South Wales_%": "25.1", "Centennial Park (NSW)": "553", "New South Wales": "1,531,206"}, "30 hours or more per week": {"Australia": "1,710,970", "Centennial Park (NSW)_%": "4.1", "Australia_%": "9.0", "New South Wales_%": "9.0", "Centennial Park (NSW)": "86", "New South Wales": "545,925"}, "Less than 5 hours per week": {"Australia": "4,298,593", "Centennial Park (NSW)_%": "35.2", "Australia_%": "22.6", "New South Wales_%": "22.3", "Centennial Park (NSW)": "740", "New South Wales": "1,359,656"}, "15 to 29 hours per week": {"Australia": "2,189,776", "Centennial Park (NSW)_%": "6.7", "Australia_%": "11.5", "New South Wales_%": "11.3", "Centennial Park (NSW)": "140", "New South Wales": "690,934"}}, "Industry of employment, top responses": {"Legal Services": {"Australia": "104,051", "Centennial Park (NSW)_%": "3.8", "Australia_%": "1.0", "New South Wales_%": "1.2", "Centennial Park (NSW)": "54", "New South Wales": "39,267"}, "Cafes and Restaurants": {"Australia": "253,385", "Centennial Park (NSW)_%": "3.6", "Australia_%": "2.4", "New South Wales_%": "2.4", "Centennial Park (NSW)": "52", "New South Wales": "80,552"}, "Higher Education": {"Australia": "155,985", "Centennial Park (NSW)_%": "2.9", "Australia_%": "1.5", "New South Wales_%": "1.4", "Centennial Park (NSW)": "42", "New South Wales": "46,246"}, "Hospitals (except Psychiatric Hospitals)": {"Australia": "411,808", "Centennial Park (NSW)_%": "4.0", "Australia_%": "3.9", "New South Wales_%": "3.5", "Centennial Park (NSW)": "57", "New South Wales": "119,350"}, "Banking": {"Australia": "144,232", "Centennial Park (NSW)_%": "3.3", "Australia_%": "1.3", "New South Wales_%": "1.9", "Centennial Park (NSW)": "48", "New South Wales": "63,678"}}, "GeoInfo": {"city": "Centennial Park (NSW)"}, "Education": {"University or tertiary institution": {"Australia": "1,160,626", "Centennial Park (NSW)_%": "27.1", "Australia_%": "16.1", "New South Wales_%": "16.2", "Centennial Park (NSW)": "196", "New South Wales": "376,133"}, "Secondary - Catholic": {"Australia": "338,384", "Centennial Park (NSW)_%": "2.1", "Australia_%": "4.7", "New South Wales_%": "5.1", "Centennial Park (NSW)": "15", "New South Wales": "117,689"}, "Secondary - other non Government": {"Australia": "280,618", "Centennial Park (NSW)_%": "8.0", "Australia_%": "3.9", "New South Wales_%": "3.4", "Centennial Park (NSW)": "58", "New South Wales": "79,915"}, "Primary - Catholic": {"Australia": "380,604", "Centennial Park (NSW)_%": "2.1", "Australia_%": "5.3", "New South Wales_%": "5.3", "Centennial Park (NSW)": "15", "New South Wales": "122,099"}, "Primary - Government": {"Australia": "1,314,787", "Centennial Park (NSW)_%": "7.2", "Australia_%": "18.2", "New South Wales_%": "18.0", "Centennial Park (NSW)": "52", "New South Wales": "417,465"}, "Other": {"Australia": "198,383", "Centennial Park (NSW)_%": "4.8", "Australia_%": "2.8", "New South Wales_%": "2.7", "Centennial Park (NSW)": "35", "New South Wales": "63,673"}, "Technical or further education institution": {"Australia": "424,869", "Centennial Park (NSW)_%": "5.3", "Australia_%": "5.9", "New South Wales_%": "6.2", "Centennial Park (NSW)": "38", "New South Wales": "144,103"}, "Secondary - Government": {"Australia": "827,505", "Centennial Park (NSW)_%": "2.1", "Australia_%": "11.5", "New South Wales_%": "11.6", "Centennial Park (NSW)": "15", "New South Wales": "269,249"}, "Primary - other non Government": {"Australia": "231,490", "Centennial Park (NSW)_%": "6.2", "Australia_%": "3.2", "New South Wales_%": "2.9", "Centennial Park (NSW)": "45", "New South Wales": "67,611"}, "Not stated": {"Australia": "1,707,023", "Centennial Park (NSW)_%": "30.9", "Australia_%": "23.7", "New South Wales_%": "23.0", "Centennial Park (NSW)": "223", "New South Wales": "535,266"}, "Preschool": {"Australia": "347,621", "Centennial Park (NSW)_%": "4.2", "Australia_%": "4.8", "New South Wales_%": "5.7", "Centennial Park (NSW)": "30", "New South Wales": "132,047"}}, "Employment": {"Unemployed": {"Australia": "787,452", "Centennial Park (NSW)_%": "4.0", "Australia_%": "6.9", "New South Wales_%": "6.3", "Centennial Park (NSW)": "60", "New South Wales": "225,546"}, "Worked part-time": {"Australia": "3,491,503", "Centennial Park (NSW)_%": "22.6", "Australia_%": "30.4", "New South Wales_%": "29.7", "Centennial Park (NSW)": "342", "New South Wales": "1,071,151"}, "Away from work": {"Australia": "569,276", "Centennial Park (NSW)_%": "4.4", "Australia_%": "5.0", "New South Wales_%": "4.8", "Centennial Park (NSW)": "66", "New South Wales": "174,654"}, "Worked full-time": {"Australia": "6,623,065", "Centennial Park (NSW)_%": "69.1", "Australia_%": "57.7", "New South Wales_%": "59.2", "Centennial Park (NSW)": "1,045", "New South Wales": "2,134,521"}}, "Travel to work, top responses": {"Bicycle": {"Australia": "107,756", "Centennial Park (NSW)_%": "4.2", "Australia_%": "1.0", "New South Wales_%": "0.7", "Centennial Park (NSW)": "60", "New South Wales": "23,332"}, "Walked only": {"Australia": "370,427", "Centennial Park (NSW)_%": "11.6", "Australia_%": "3.5", "New South Wales_%": "3.9", "Centennial Park (NSW)": "167", "New South Wales": "130,957"}, "Worked at home": {"Australia": "503,582", "Centennial Park (NSW)_%": "5.1", "Australia_%": "4.7", "New South Wales_%": "4.8", "Centennial Park (NSW)": "73", "New South Wales": "163,026"}, "People who travelled to work by car as driver or passenger": {"Australia": "7,305,271", "Centennial Park (NSW)_%": "37.6", "Australia_%": "68.4", "New South Wales_%": "64.6", "Centennial Park (NSW)": "548", "New South Wales": "2,182,854"}, "Bus": {"Australia": "323,201", "Centennial Park (NSW)_%": "25.2", "Australia_%": "3.0", "New South Wales_%": "4.0", "Centennial Park (NSW)": "362", "New South Wales": "133,903"}, "null": {"Australia": "None", "Centennial Park (NSW)_%": null, "Australia_%": "None", "New South Wales_%": "None", "Centennial Park (NSW)": null, "New South Wales": "None"}, "People who travelled to work by public transport": {"Australia": "1,225,668", "Centennial Park (NSW)_%": "31.6", "Australia_%": "11.5", "New South Wales_%": "16.0", "Centennial Park (NSW)": "461", "New South Wales": "540,215"}, "Car, as driver": {"Australia": "6,574,571", "Centennial Park (NSW)_%": "33.6", "Australia_%": "61.5", "New South Wales_%": "57.8", "Centennial Park (NSW)": "482", "New South Wales": "1,953,399"}}, "Occupation": {"Professionals": {"Australia": "2,370,966", "Centennial Park (NSW)_%": "39.3", "Australia_%": "22.2", "New South Wales_%": "23.6", "Centennial Park (NSW)": "569", "New South Wales": "798,126"}, "Technicians and Trades Workers": {"Australia": "1,447,414", "Centennial Park (NSW)_%": "5.9", "Australia_%": "13.5", "New South Wales_%": "12.7", "Centennial Park (NSW)": "86", "New South Wales": "429,239"}, "Community and Personal Service Workers": {"Australia": "1,157,003", "Centennial Park (NSW)_%": "9.1", "Australia_%": "10.8", "New South Wales_%": "10.4", "Centennial Park (NSW)": "131", "New South Wales": "350,261"}, "Clerical and Administrative Workers": {"Australia": "1,449,681", "Centennial Park (NSW)_%": "12.3", "Australia_%": "13.6", "New South Wales_%": "13.8", "Centennial Park (NSW)": "178", "New South Wales": "467,977"}, "Machinery Operators and Drivers": {"Australia": "670,106", "Centennial Park (NSW)_%": "2.1", "Australia_%": "6.3", "New South Wales_%": "6.1", "Centennial Park (NSW)": "30", "New South Wales": "206,839"}, "Labourers": {"Australia": "1,011,520", "Centennial Park (NSW)_%": "2.4", "Australia_%": "9.5", "New South Wales_%": "8.8", "Centennial Park (NSW)": "35", "New South Wales": "297,887"}, "Sales Workers": {"Australia": "1,000,955", "Centennial Park (NSW)_%": "7.3", "Australia_%": "9.4", "New South Wales_%": "9.2", "Centennial Park (NSW)": "105", "New South Wales": "311,414"}, "Managers": {"Australia": "1,390,047", "Centennial Park (NSW)_%": "19.9", "Australia_%": "13.0", "New South Wales_%": "13.5", "Centennial Park (NSW)": "288", "New South Wales": "456,084"}}}