{"GeoInfo": {"city": "Charleys Forest"}, "summaryTable_qsDwelling": {"Median monthly mortgage repayments": "$1,300", "All private dwellings": "48", "Average people per household": "1.8", "Median weekly household income": "$725", "Median weekly rent": "$0", "Average motor vehicles per dwelling": "1.6"}, "summaryTable_qsPeople": {"Male": "48.4%", "Median age": "53", "Female": "51.6%", "People": "65"}, "summaryTable_qsFamilies": {"for all families": "0.1", "for families with children": "1", "Families": "13", "Average children per family": "None"}}