{"Employment - hours worked": {"40 hours or more per week": {"Australia": "4,591,801", "Clarence Town_%": "44.0", "Australia_%": "43.0", "New South Wales_%": "44.1", "Clarence Town": "400", "New South Wales": "1,489,099"}, "25-34 hours per week": {"Australia": "1,193,445", "Clarence Town_%": "11.0", "Australia_%": "11.2", "New South Wales_%": "10.5", "Clarence Town": "100", "New South Wales": "353,702"}, "16-24 hours per week": {"Australia": "1,079,236", "Clarence Town_%": "11.1", "Australia_%": "10.1", "New South Wales_%": "10.4", "Clarence Town": "101", "New South Wales": "352,817"}, "35-39 hours per week": {"Australia": "2,031,263", "Clarence Town_%": "17.9", "Australia_%": "19.0", "New South Wales_%": "19.1", "Clarence Town": "163", "New South Wales": "645,428"}, "1-15 hours per week": {"Australia": "1,218,823", "Clarence Town_%": "10.4", "Australia_%": "11.4", "New South Wales_%": "10.8", "Clarence Town": "95", "New South Wales": "364,637"}}, "Number of registered motor vehicles": {"2 motor vehicles": {"Australia": "2,999,184", "Clarence Town_%": "44.4", "Australia_%": "36.2", "New South Wales_%": "34.1", "Clarence Town": "300", "New South Wales": "887,849"}, "None": {"Australia": "623,829", "Clarence Town_%": "1.6", "Australia_%": "7.5", "New South Wales_%": "9.2", "Clarence Town": "11", "New South Wales": "239,625"}, "Number of motor vehicles not stated": {"Australia": "285,197", "Clarence Town_%": "2.7", "Australia_%": "3.4", "New South Wales_%": "3.7", "Clarence Town": "18", "New South Wales": "95,623"}, "1 motor vehicle": {"Australia": "2,881,485", "Clarence Town_%": "19.6", "Australia_%": "34.8", "New South Wales_%": "36.3", "Clarence Town": "132", "New South Wales": "946,159"}, "3 or more vehicles": {"Australia": "1,496,382", "Clarence Town_%": "31.7", "Australia_%": "18.1", "New South Wales_%": "16.7", "Clarence Town": "214", "New South Wales": "435,053"}}, "Employment status of parents in couple families": {"Labour force status not stated (by one or both parents in a couple family)": {"Australia": "311,381", "Clarence Town_%": "6.1", "Australia_%": "6.2", "New South Wales_%": "5.7", "Clarence Town": "31", "New South Wales": "90,630"}, "One employed full-time, one part-time": {"Australia": "1,086,460", "Clarence Town_%": "20.3", "Australia_%": "21.7", "New South Wales_%": "20.6", "Clarence Town": "103", "New South Wales": "329,567"}, "One employed part-time, other not working": {"Australia": "302,037", "Clarence Town_%": "3.4", "Australia_%": "6.0", "New South Wales_%": "6.1", "Clarence Town": "17", "New South Wales": "96,933"}, "Other (includes away from work)": {"Australia": "264,145", "Clarence Town_%": "6.5", "Australia_%": "5.3", "New South Wales_%": "5.1", "Clarence Town": "33", "New South Wales": "80,905"}, "Both employed, worked full-time": {"Australia": "1,084,006", "Clarence Town_%": "19.3", "Australia_%": "21.6", "New South Wales_%": "22.6", "Clarence Town": "98", "New South Wales": "360,916"}, "One employed full-time, other not working": {"Australia": "749,886", "Clarence Town_%": "17.9", "Australia_%": "15.0", "New South Wales_%": "15.0", "Clarence Town": "91", "New South Wales": "240,084"}, "Both employed, worked part-time": {"Australia": "203,596", "Clarence Town_%": "4.3", "Australia_%": "4.1", "New South Wales_%": "4.0", "Clarence Town": "22", "New South Wales": "63,106"}, "Both not working": {"Australia": "1,006,697", "Clarence Town_%": "22.1", "Australia_%": "20.1", "New South Wales_%": "21.0", "Clarence Town": "112", "New South Wales": "334,742"}}, "Country of birth of mother, stated responses": {"Scotland": {"Australia": "245,915", "Clarence Town_%": "0.8", "Australia_%": "1.1", "New South Wales_%": "0.8", "Clarence Town": "15", "New South Wales": "63,302"}, "Netherlands": {"Australia": "152,088", "Clarence Town_%": "0.9", "Australia_%": "0.6", "New South Wales_%": "0.5", "Clarence Town": "17", "New South Wales": "34,775"}, "Australia": {"Australia": "12,643,365", "Clarence Town_%": "84.3", "Australia_%": "54.0", "New South Wales_%": "51.9", "Clarence Town": "1,665", "New South Wales": "3,884,762"}, "England": {"Australia": "1,302,147", "Clarence Town_%": "3.8", "Australia_%": "5.6", "New South Wales_%": "4.3", "Clarence Town": "75", "New South Wales": "322,472"}, "New Zealand": {"Australia": "608,329", "Clarence Town_%": "0.7", "Australia_%": "2.6", "New South Wales_%": "1.9", "Clarence Town": "13", "New South Wales": "139,899"}}, "Dwelling structure": {"Other dwelling": {"Australia": "64,425", "Clarence Town_%": "2.3", "Australia_%": "0.8", "New South Wales_%": "0.9", "Clarence Town": "16", "New South Wales": "23,580"}, "Semi-detached, row or terrace house, townhouse etc": {"Australia": "1,055,016", "Clarence Town_%": "0.6", "Australia_%": "12.7", "New South Wales_%": "12.2", "Clarence Town": "4", "New South Wales": "317,453"}, "Separate house": {"Australia": "6,041,788", "Clarence Town_%": "96.1", "Australia_%": "72.9", "New South Wales_%": "66.4", "Clarence Town": "658", "New South Wales": "1,729,820"}, "Flat or apartment": {"Australia": "1,087,434", "Clarence Town_%": "1.0", "Australia_%": "13.1", "New South Wales_%": "19.9", "Clarence Town": "7", "New South Wales": "519,390"}}, "Number of bedrooms": {"1 bedroom": {"Australia": "411,252", "Clarence Town_%": "2.8", "Australia_%": "5.0", "New South Wales_%": "6.0", "Clarence Town": "19", "New South Wales": "157,194"}, "3 bedrooms": {"Australia": "3,403,190", "Clarence Town_%": "42.6", "Australia_%": "41.1", "New South Wales_%": "37.2", "Clarence Town": "288", "New South Wales": "970,001"}, "Average number of people per household": {"Australia": "2.6", "Clarence Town_%": "--", "Australia_%": "--", "New South Wales_%": "--", "Clarence Town": "2.7", "New South Wales": "2.6"}, "2 bedrooms": {"Australia": "1,562,759", "Clarence Town_%": "12.1", "Australia_%": "18.9", "New South Wales_%": "22.2", "Clarence Town": "82", "New South Wales": "577,675"}, "4 or more bedrooms": {"Australia": "2,670,758", "Clarence Town_%": "40.8", "Australia_%": "32.2", "New South Wales_%": "31.3", "Clarence Town": "276", "New South Wales": "816,405"}, "None (includes bedsitters)": {"Australia": "39,769", "Clarence Town_%": "0.4", "Australia_%": "0.5", "New South Wales_%": "0.7", "Clarence Town": "3", "New South Wales": "17,157"}, "Number of bedrooms not stated": {"Australia": "198,351", "Clarence Town_%": "1.2", "Australia_%": "2.4", "New South Wales_%": "2.5", "Clarence Town": "8", "New South Wales": "65,888"}, "Average number of bedrooms per dwelling": {"Australia": "3.1", "Clarence Town_%": "--", "Australia_%": "--", "New South Wales_%": "--", "Clarence Town": "3.3", "New South Wales": "3"}}, "summaryTable_qsFamilies": {"for all families": "0.8", "for families with children": "1.8", "Families": "581", "Average children per family": "None"}, "People characteristics": {"Male": {"Australia": "322,171", "Clarence Town_%": "53.0", "Australia_%": "49.6", "New South Wales_%": "49.7", "Clarence Town": "61", "New South Wales": "107,368"}, "Median age": {"Australia": "23", "Clarence Town_%": "--", "Australia_%": "--", "New South Wales_%": "--", "Clarence Town": "19", "New South Wales": "22"}, "Female": {"Australia": "326,996", "Clarence Town_%": "47.0", "Australia_%": "50.4", "New South Wales_%": "50.3", "Clarence Town": "54", "New South Wales": "108,809"}}, "Dwelling count": {"Unoccupied private dwellings": {"Australia": "1,039,874", "Clarence Town_%": "6.3", "Australia_%": "11.2", "New South Wales_%": "9.9", "Clarence Town": "46", "New South Wales": "284,741"}, "Occupied private dwellings": {"Australia": "8,286,073", "Clarence Town_%": "93.7", "Australia_%": "88.8", "New South Wales_%": "90.1", "Clarence Town": "685", "New South Wales": "2,604,320"}}, "Level of highest educational attainment": {"Certificate level III": {"Australia": "2,442,203", "Clarence Town_%": "21.0", "Australia_%": "12.8", "New South Wales_%": "12.0", "Clarence Town": "339", "New South Wales": "730,498"}, "Certificate level II": {"Australia": "13,454", "Clarence Town_%": "0.0", "Australia_%": "0.1", "New South Wales_%": "0.1", "Clarence Town": "0", "New South Wales": "4,849"}, "No educational attainment": {"Australia": "145,844", "Clarence Town_%": "0.0", "Australia_%": "0.8", "New South Wales_%": "0.9", "Clarence Town": "0", "New South Wales": "54,870"}, "Bachelor Degree level and above": {"Australia": "4,181,406", "Clarence Town_%": "10.6", "Australia_%": "22.0", "New South Wales_%": "23.4", "Clarence Town": "170", "New South Wales": "1,424,716"}, "Certificate level I": {"Australia": "2,176", "Clarence Town_%": "0.0", "Australia_%": "0.0", "New South Wales_%": "0.0", "Clarence Town": "0", "New South Wales": "625"}, "Year 11": {"Australia": "941,531", "Clarence Town_%": "3.8", "Australia_%": "4.9", "New South Wales_%": "3.3", "Clarence Town": "62", "New South Wales": "203,574"}, "Not stated": {"Australia": "1,974,794", "Clarence Town_%": "10.1", "Australia_%": "10.4", "New South Wales_%": "10.3", "Clarence Town": "163", "New South Wales": "627,465"}, "Year 9 or below": {"Australia": "1,529,897", "Clarence Town_%": "11.5", "Australia_%": "8.0", "New South Wales_%": "8.4", "Clarence Town": "186", "New South Wales": "513,209"}, "Certificate level IV": {"Australia": "551,767", "Clarence Town_%": "3.5", "Australia_%": "2.9", "New South Wales_%": "2.8", "Clarence Town": "57", "New South Wales": "167,947"}, "Year 10": {"Australia": "2,054,331", "Clarence Town_%": "18.2", "Australia_%": "10.8", "New South Wales_%": "11.5", "Clarence Town": "294", "New South Wales": "702,178"}, "Year 12": {"Australia": "2,994,097", "Clarence Town_%": "9.1", "Australia_%": "15.7", "New South Wales_%": "15.3", "Clarence Town": "146", "New South Wales": "930,654"}, "Advanced Diploma and Diploma level": {"Australia": "1,687,893", "Clarence Town_%": "9.7", "Australia_%": "8.9", "New South Wales_%": "8.9", "Clarence Town": "156", "New South Wales": "543,142"}}, "Median weekly incomes": {"Personal": {"Australia": "662", "Clarence Town_%": "--", "Australia_%": "--", "New South Wales_%": "--", "Clarence Town": "637", "New South Wales": "664"}, "Household": {"Australia": "1,438", "Clarence Town_%": "--", "Australia_%": "--", "New South Wales_%": "--", "Clarence Town": "1,578", "New South Wales": "1,486"}, "Family": {"Australia": "1,734", "Clarence Town_%": "--", "Australia_%": "--", "New South Wales_%": "--", "Clarence Town": "1,718", "New South Wales": "1,780"}}, "Family composition": {"Other family": {"Australia": "102,559", "Clarence Town_%": "0.5", "Australia_%": "1.7", "New South Wales_%": "1.7", "Clarence Town": "3", "New South Wales": "32,438"}, "Couple family with children": {"Australia": "2,716,224", "Clarence Town_%": "43.6", "Australia_%": "44.7", "New South Wales_%": "45.7", "Clarence Town": "251", "New South Wales": "887,358"}, "Couple family without children": {"Australia": "2,291,987", "Clarence Town_%": "43.9", "Australia_%": "37.8", "New South Wales_%": "36.6", "Clarence Town": "253", "New South Wales": "709,524"}, "One parent family": {"Australia": "959,543", "Clarence Town_%": "12.0", "Australia_%": "15.8", "New South Wales_%": "16.0", "Clarence Town": "69", "New South Wales": "310,906"}}, "Dwelling internet connection": {"Not stated": {"Australia": "221,494", "Clarence Town_%": "1.6", "Australia_%": "2.7", "New South Wales_%": "2.8", "Clarence Town": "11", "New South Wales": "73,565"}, "Internet not accessed from dwelling": {"Australia": "1,172,415", "Clarence Town_%": "15.7", "Australia_%": "14.1", "New South Wales_%": "14.7", "Clarence Town": "107", "New South Wales": "381,709"}, "Internet accessed from dwelling": {"Australia": "6,892,165", "Clarence Town_%": "82.7", "Australia_%": "83.2", "New South Wales_%": "82.5", "Clarence Town": "565", "New South Wales": "2,149,040"}}, "Social marital status": {"Not married": {"Australia": "7,024,973", "Clarence Town_%": "32.0", "Australia_%": "41.9", "New South Wales_%": "42.3", "Clarence Town": "468", "New South Wales": "2,290,887"}, "De facto marriage": {"Australia": "1,751,731", "Clarence Town_%": "11.7", "Australia_%": "10.4", "New South Wales_%": "9.4", "Clarence Town": "171", "New South Wales": "506,133"}, "Registered marriage": {"Australia": "8,001,141", "Clarence Town_%": "56.4", "Australia_%": "47.7", "New South Wales_%": "48.3", "Clarence Town": "825", "New South Wales": "2,612,630"}}, "Household composition": {"Family households": {"Australia": "5,907,625", "Clarence Town_%": "83.1", "Australia_%": "71.3", "New South Wales_%": "72.0", "Clarence Town": "561", "New South Wales": "1,874,524"}, "Group households": {"Australia": "354,917", "Clarence Town_%": "1.3", "Australia_%": "4.3", "New South Wales_%": "4.2", "Clarence Town": "9", "New South Wales": "109,004"}, "Single (or lone) person households": {"Australia": "2,023,542", "Clarence Town_%": "15.6", "Australia_%": "24.4", "New South Wales_%": "23.8", "Clarence Town": "105", "New South Wales": "620,778"}}, "People": {"Male": {"Australia": "11,546,638", "Clarence Town_%": "50.5", "Australia_%": "49.3", "New South Wales_%": "49.3", "Clarence Town": "1,005", "New South Wales": "3,686,014"}, "Aboriginal and/or Torres Strait Islander people": {"Australia": "649,171", "Clarence Town_%": "5.7", "Australia_%": "2.8", "New South Wales_%": "2.9", "Clarence Town": "114", "New South Wales": "216,176"}, "Female": {"Australia": "11,855,248", "Clarence Town_%": "49.5", "Australia_%": "50.7", "New South Wales_%": "50.7", "Clarence Town": "987", "New South Wales": "3,794,217"}}, "Language, top responses (other than English)": {"Households where a non English language is spoken": {"Australia": "1,971,011", "Clarence Town_%": "2.1", "Australia_%": "22.2", "New South Wales_%": "26.5", "Clarence Town": "15", "New South Wales": "735,563"}, "null": {"Australia": "None", "Clarence Town_%": null, "Australia_%": "None", "New South Wales_%": "None", "Clarence Town": null, "New South Wales": "None"}, "Auslan": {"Australia": "10,112", "Clarence Town_%": "0.2", "Australia_%": "0.0", "New South Wales_%": "0.0", "Clarence Town": "3", "New South Wales": "2,695"}, "Tagalog": {"Australia": "111,273", "Clarence Town_%": "0.2", "Australia_%": "0.5", "New South Wales_%": "0.6", "Clarence Town": "3", "New South Wales": "45,130"}, "English only spoken at home": {"Australia": "17,020,417", "Clarence Town_%": "93.4", "Australia_%": "72.7", "New South Wales_%": "68.5", "Clarence Town": "1,851", "New South Wales": "5,126,633"}}, "summaryTable_qsDwelling": {"Median monthly mortgage repayments": "$1,733", "All private dwellings": "759", "Average people per household": "2.7", "Median weekly household income": "$1,578", "Median weekly rent": "$280", "Average motor vehicles per dwelling": "2.3"}, "Household income": {"Less than $650 gross weekly income": {"Australia": "--", "Clarence Town_%": "14.5", "Australia_%": "20.0", "New South Wales_%": "19.7", "Clarence Town": "--", "New South Wales": "--"}, "More than $3000 gross weekly income": {"Australia": "--", "Clarence Town_%": "13.5", "Australia_%": "16.4", "New South Wales_%": "18.7", "Clarence Town": "--", "New South Wales": "--"}}, "Country of birth": {"Other top responses": {"Clarence Town": "None", "Clarence Town_%": "None"}, "Australia": {"Australia": "15,614,835", "Clarence Town_%": "87.4", "Australia_%": "66.7", "New South Wales_%": "65.5", "Clarence Town": "1,731", "New South Wales": "4,899,090"}, "England": {"Australia": "907,570", "Clarence Town_%": "2.6", "Australia_%": "3.9", "New South Wales_%": "3.0", "Clarence Town": "51", "New South Wales": "226,564"}, "Philippines": {"Australia": "232,386", "Clarence Town_%": "0.2", "Australia_%": "1.0", "New South Wales_%": "1.2", "Clarence Town": "4", "New South Wales": "86,749"}, "United States of America": {"Australia": "86,125", "Clarence Town_%": "0.2", "Australia_%": "0.4", "New South Wales_%": "0.4", "Clarence Town": "4", "New South Wales": "30,081"}, "Malaysia": {"Australia": "138,364", "Clarence Town_%": "0.3", "Australia_%": "0.6", "New South Wales_%": "0.4", "Clarence Town": "6", "New South Wales": "31,655"}, "New Zealand": {"Australia": "518,466", "Clarence Town_%": "0.7", "Australia_%": "2.2", "New South Wales_%": "1.6", "Clarence Town": "14", "New South Wales": "117,136"}}, "Religious affiliation, top responses": {"No Religion, so described": {"Australia": "6,933,708", "Clarence Town_%": "27.7", "Australia_%": "29.6", "New South Wales_%": "25.1", "Clarence Town": "549", "New South Wales": "1,879,562"}, "Anglican": {"Australia": "3,101,185", "Clarence Town_%": "29.7", "Australia_%": "13.3", "New South Wales_%": "15.5", "Clarence Town": "590", "New South Wales": "1,161,810"}, "Not stated": {"Australia": "2,238,735", "Clarence Town_%": "8.4", "Australia_%": "9.6", "New South Wales_%": "9.2", "Clarence Town": "167", "New South Wales": "684,969"}, "Presbyterian and Reformed": {"Australia": "526,689", "Clarence Town_%": "4.6", "Australia_%": "2.3", "New South Wales_%": "2.5", "Clarence Town": "91", "New South Wales": "188,330"}, "Catholic": {"Australia": "5,291,834", "Clarence Town_%": "18.3", "Australia_%": "22.6", "New South Wales_%": "24.7", "Clarence Town": "364", "New South Wales": "1,846,443"}}, "Ancestry, top responses": {"German": {"Australia": "982,226", "Clarence Town_%": "3.1", "Australia_%": "3.1", "New South Wales_%": "2.4", "Clarence Town": "84", "New South Wales": "236,146"}, "Australian": {"Australia": "7,298,243", "Clarence Town_%": "37.7", "Australia_%": "23.3", "New South Wales_%": "22.9", "Clarence Town": "1,027", "New South Wales": "2,261,062"}, "Scottish": {"Australia": "2,023,470", "Clarence Town_%": "9.6", "Australia_%": "6.4", "New South Wales_%": "5.9", "Clarence Town": "261", "New South Wales": "587,052"}, "Irish": {"Australia": "2,388,058", "Clarence Town_%": "7.7", "Australia_%": "7.6", "New South Wales_%": "7.5", "Clarence Town": "210", "New South Wales": "741,671"}, "English": {"Australia": "7,852,224", "Clarence Town_%": "30.2", "Australia_%": "25.0", "New South Wales_%": "23.3", "Clarence Town": "821", "New South Wales": "2,302,481"}}, "Age": {"35-39 years": {"Australia": "1,561,679", "Clarence Town_%": "5.2", "Australia_%": "6.7", "New South Wales_%": "6.7", "Clarence Town": "103", "New South Wales": "499,724"}, "60-64 years": {"Australia": "1,299,397", "Clarence Town_%": "8.0", "Australia_%": "5.6", "New South Wales_%": "5.6", "Clarence Town": "160", "New South Wales": "420,044"}, "30-34 years": {"Australia": "1,703,847", "Clarence Town_%": "5.5", "Australia_%": "7.3", "New South Wales_%": "7.2", "Clarence Town": "110", "New South Wales": "540,360"}, "0-4 years": {"Australia": "1,464,779", "Clarence Town_%": "6.0", "Australia_%": "6.3", "New South Wales_%": "6.2", "Clarence Town": "120", "New South Wales": "465,135"}, "25-29 years": {"Australia": "1,664,602", "Clarence Town_%": "5.2", "Australia_%": "7.1", "New South Wales_%": "7.0", "Clarence Town": "104", "New South Wales": "527,161"}, "10-14 years": {"Australia": "1,397,183", "Clarence Town_%": "6.3", "Australia_%": "6.0", "New South Wales_%": "5.9", "Clarence Town": "126", "New South Wales": "443,009"}, "5-9 years": {"Australia": "1,502,646", "Clarence Town_%": "6.5", "Australia_%": "6.4", "New South Wales_%": "6.4", "Clarence Town": "130", "New South Wales": "478,184"}, "Median age": {"Australia": "38", "Clarence Town_%": "--", "Australia_%": "--", "New South Wales_%": "--", "Clarence Town": "42", "New South Wales": "38"}, "50-54 years": {"Australia": "1,523,551", "Clarence Town_%": "8.4", "Australia_%": "6.5", "New South Wales_%": "6.5", "Clarence Town": "167", "New South Wales": "485,546"}, "80-84 years": {"Australia": "460,549", "Clarence Town_%": "1.5", "Australia_%": "2.0", "New South Wales_%": "2.1", "Clarence Town": "29", "New South Wales": "155,806"}, "40-44 years": {"Australia": "1,583,257", "Clarence Town_%": "6.6", "Australia_%": "6.8", "New South Wales_%": "6.7", "Clarence Town": "131", "New South Wales": "503,169"}, "70-74 years": {"Australia": "887,716", "Clarence Town_%": "3.3", "Australia_%": "3.8", "New South Wales_%": "3.9", "Clarence Town": "65", "New South Wales": "292,556"}, "15-19 years": {"Australia": "1,421,595", "Clarence Town_%": "6.2", "Australia_%": "6.1", "New South Wales_%": "6.0", "Clarence Town": "124", "New South Wales": "448,425"}, "65-69 years": {"Australia": "1,188,999", "Clarence Town_%": "6.3", "Australia_%": "5.1", "New South Wales_%": "5.1", "Clarence Town": "126", "New South Wales": "384,470"}, "20-24 years": {"Australia": "1,566,793", "Clarence Town_%": "5.4", "Australia_%": "6.7", "New South Wales_%": "6.5", "Clarence Town": "107", "New South Wales": "489,673"}, "55-59 years": {"Australia": "1,454,332", "Clarence Town_%": "7.8", "Australia_%": "6.2", "New South Wales_%": "6.3", "Clarence Town": "155", "New South Wales": "469,726"}, "75-79 years": {"Australia": "652,657", "Clarence Town_%": "3.1", "Australia_%": "2.8", "New South Wales_%": "2.9", "Clarence Town": "62", "New South Wales": "217,308"}, "45-49 years": {"Australia": "1,581,455", "Clarence Town_%": "7.5", "Australia_%": "6.8", "New South Wales_%": "6.6", "Clarence Town": "150", "New South Wales": "492,440"}, "85 years and over": {"Australia": "486,842", "Clarence Town_%": "1.0", "Australia_%": "2.1", "New South Wales_%": "2.2", "Clarence Town": "20", "New South Wales": "167,506"}}, "Single (or lone) parents": {"Male": {"Australia": "--", "Clarence Town_%": "25.4", "Australia_%": "18.2", "New South Wales_%": "17.8", "Clarence Town": "--", "New South Wales": "--"}, "Female": {"Australia": "--", "Clarence Town_%": "74.6", "Australia_%": "81.8", "New South Wales_%": "82.2", "Clarence Town": "--", "New South Wales": "--"}}, "Mortgage monthly repayments": {"Median mortgage repayments": {"Australia": "1,755", "Clarence Town_%": "--", "Australia_%": "--", "New South Wales_%": "--", "Clarence Town": "1,733", "New South Wales": "1,986"}, "Households where mortgage repayments are less than 30% of household income": {"Australia": "--", "Clarence Town_%": "90.6", "Australia_%": "92.8", "New South Wales_%": "92.6", "Clarence Town": "--", "New South Wales": "--"}, "Households with mortgage repayments greater than or equal to 30% of household income": {"Australia": "--", "Clarence Town_%": "9.4", "Australia_%": "7.2", "New South Wales_%": "7.4", "Clarence Town": "--", "New South Wales": "--"}}, "Mortgage and rent": {"Median monthly mortgage repayments": {"Australia": "1,660", "Clarence Town_%": "--", "Australia_%": "--", "New South Wales_%": "--", "Clarence Town": "1,950", "New South Wales": "1,733"}, "Median weekly rent": {"Australia": "250", "Clarence Town_%": "--", "Australia_%": "--", "New South Wales_%": "--", "Clarence Town": "270", "New South Wales": "270"}}, "Tenure": {"Rented": {"Australia": "2,561,302", "Clarence Town_%": "11.7", "Australia_%": "30.9", "New South Wales_%": "31.8", "Clarence Town": "79", "New South Wales": "826,922"}, "Owned outright": {"Australia": "2,565,695", "Clarence Town_%": "35.3", "Australia_%": "31.0", "New South Wales_%": "32.2", "Clarence Town": "238", "New South Wales": "839,665"}, "Owned with a mortgage": {"Australia": "2,855,222", "Clarence Town_%": "51.4", "Australia_%": "34.5", "New South Wales_%": "32.3", "Clarence Town": "347", "New South Wales": "840,004"}, "Tenure type not stated": {"Australia": "224,869", "Clarence Town_%": "1.6", "Australia_%": "2.7", "New South Wales_%": "2.8", "Clarence Town": "11", "New South Wales": "73,763"}, "Other tenure type": {"Australia": "78,994", "Clarence Town_%": "0.0", "Australia_%": "1.0", "New South Wales_%": "0.9", "Clarence Town": "0", "New South Wales": "23,968"}}, "Country of birth of father, stated responses": {"Scotland": {"Australia": "276,038", "Clarence Town_%": "1.0", "Australia_%": "1.2", "New South Wales_%": "1.0", "Clarence Town": "20", "New South Wales": "72,321"}, "New Zealand": {"Australia": "617,331", "Clarence Town_%": "1.1", "Australia_%": "2.6", "New South Wales_%": "1.9", "Clarence Town": "21", "New South Wales": "143,450"}, "Australia": {"Australia": "12,231,150", "Clarence Town_%": "82.2", "Australia_%": "52.3", "New South Wales_%": "50.1", "Clarence Town": "1,626", "New South Wales": "3,745,787"}, "England": {"Australia": "1,403,096", "Clarence Town_%": "5.3", "Australia_%": "6.0", "New South Wales_%": "4.8", "Clarence Town": "104", "New South Wales": "359,370"}, "Netherlands": {"Australia": "175,354", "Clarence Town_%": "1.1", "Australia_%": "0.7", "New South Wales_%": "0.5", "Clarence Town": "21", "New South Wales": "40,444"}}, "Country of birth of father and/or mother, stated responses": {"Father only born overseas": {"Australia": "1,488,092", "Clarence Town_%": "5.4", "Australia_%": "6.4", "New South Wales_%": "6.1", "Clarence Town": "107", "New South Wales": "458,394"}, "Mother only born overseas": {"Australia": "1,094,591", "Clarence Town_%": "3.6", "Australia_%": "4.7", "New South Wales_%": "4.3", "Clarence Town": "71", "New South Wales": "325,182"}, "Both parents born overseas": {"Australia": "8,051,196", "Clarence Town_%": "7.0", "Australia_%": "34.4", "New South Wales_%": "37.0", "Clarence Town": "140", "New South Wales": "2,764,170"}, "Both parents born in Australia": {"Australia": "11,070,538", "Clarence Town_%": "77.8", "Australia_%": "47.3", "New South Wales_%": "45.4", "Clarence Town": "1,550", "New South Wales": "3,399,725"}}, "Rent weekly payments": {"Households where rent payments are less than 30% of household income": {"Australia": "--", "Clarence Town_%": "96.2", "Australia_%": "88.5", "New South Wales_%": "87.1", "Clarence Town": "--", "New South Wales": "--"}, "Households with rent payments greater than or equal to 30% of household income": {"Australia": "--", "Clarence Town_%": "3.8", "Australia_%": "11.5", "New South Wales_%": "12.9", "Clarence Town": "--", "New South Wales": "--"}, "Median rent": {"Australia": "335", "Clarence Town_%": "--", "Australia_%": "--", "New South Wales_%": "--", "Clarence Town": "280", "New South Wales": "380"}}, "Registered marital status": {"Separated": {"Australia": "608,059", "Clarence Town_%": "2.2", "Australia_%": "3.2", "New South Wales_%": "3.1", "Clarence Town": "36", "New South Wales": "190,198"}, "Widowed": {"Australia": "985,204", "Clarence Town_%": "3.4", "Australia_%": "5.2", "New South Wales_%": "5.4", "Clarence Town": "54", "New South Wales": "331,653"}, "Married": {"Australia": "9,148,218", "Clarence Town_%": "57.0", "Australia_%": "48.1", "New South Wales_%": "48.7", "Clarence Town": "916", "New South Wales": "2,965,280"}, "Divorced": {"Australia": "1,626,890", "Clarence Town_%": "9.1", "Australia_%": "8.5", "New South Wales_%": "8.4", "Clarence Town": "147", "New South Wales": "512,298"}, "Never married": {"Australia": "6,668,910", "Clarence Town_%": "28.3", "Australia_%": "35.0", "New South Wales_%": "34.4", "Clarence Town": "455", "New South Wales": "2,094,460"}}, "summaryTable_qsPeople": {"Male": "50.5%", "Median age": "42", "Female": "49.5%", "People": "1,994"}, "Dwelling characteristics": {"Average number of people per household": {"Australia": "3.2", "Clarence Town_%": "--", "Australia_%": "--", "New South Wales_%": "--", "Clarence Town": "3.5", "New South Wales": "3.1"}, "Average number of persons per bedroom": {"Australia": "1", "Clarence Town_%": "--", "Australia_%": "--", "New South Wales_%": "--", "Clarence Town": "1.1", "New South Wales": "1"}, "Median weekly household income": {"Australia": "1,203", "Clarence Town_%": "--", "Australia_%": "--", "New South Wales_%": "--", "Clarence Town": "1,562", "New South Wales": "1,214"}}, "Unpaid work": {"Did unpaid domestic work (last week)": {"Australia": "13,143,914", "Clarence Town_%": "74.0", "Australia_%": "69.0", "New South Wales_%": "67.7", "Clarence Town": "1,194", "New South Wales": "4,127,723"}, "Provided unpaid assistance to a person with a disability (last two weeks)": {"Australia": "2,145,203", "Clarence Town_%": "14.0", "Australia_%": "11.3", "New South Wales_%": "11.6", "Clarence Town": "226", "New South Wales": "709,415"}, "Did voluntary work through an organisation or group (last 12 months)": {"Australia": "3,620,726", "Clarence Town_%": "21.7", "Australia_%": "19.0", "New South Wales_%": "18.1", "Clarence Town": "352", "New South Wales": "1,103,790"}, "Cared for child/children (last two weeks)": {"Australia": "5,259,400", "Clarence Town_%": "31.3", "Australia_%": "27.6", "New South Wales_%": "27.2", "Clarence Town": "505", "New South Wales": "1,659,250"}}, "Unpaid domestic work, number of hours": {"5 to 14 hours per week": {"Australia": "4,944,578", "Clarence Town_%": "27.7", "Australia_%": "26.0", "New South Wales_%": "25.1", "Clarence Town": "449", "New South Wales": "1,531,206"}, "30 hours or more per week": {"Australia": "1,710,970", "Clarence Town_%": "13.4", "Australia_%": "9.0", "New South Wales_%": "9.0", "Clarence Town": "217", "New South Wales": "545,925"}, "Less than 5 hours per week": {"Australia": "4,298,593", "Clarence Town_%": "18.5", "Australia_%": "22.6", "New South Wales_%": "22.3", "Clarence Town": "300", "New South Wales": "1,359,656"}, "15 to 29 hours per week": {"Australia": "2,189,776", "Clarence Town_%": "14.6", "Australia_%": "11.5", "New South Wales_%": "11.3", "Clarence Town": "237", "New South Wales": "690,934"}}, "Industry of employment, top responses": {"Coal Mining": {"Australia": "46,491", "Clarence Town_%": "2.7", "Australia_%": "0.4", "New South Wales_%": "0.6", "Clarence Town": "22", "New South Wales": "19,153"}, "Supermarket and Grocery Stores": {"Australia": "254,275", "Clarence Town_%": "2.8", "Australia_%": "2.4", "New South Wales_%": "2.2", "Clarence Town": "23", "New South Wales": "74,487"}, "Road Freight Transport": {"Australia": "129,528", "Clarence Town_%": "3.2", "Australia_%": "1.2", "New South Wales_%": "1.1", "Clarence Town": "26", "New South Wales": "37,995"}, "Hospitals (except Psychiatric Hospitals)": {"Australia": "411,808", "Clarence Town_%": "3.3", "Australia_%": "3.9", "New South Wales_%": "3.5", "Clarence Town": "27", "New South Wales": "119,350"}, "Other Social Assistance Services": {"Australia": "158,230", "Clarence Town_%": "2.6", "Australia_%": "1.5", "New South Wales_%": "1.6", "Clarence Town": "21", "New South Wales": "54,259"}}, "GeoInfo": {"city": "Clarence Town"}, "Education": {"University or tertiary institution": {"Australia": "1,160,626", "Clarence Town_%": "8.1", "Australia_%": "16.1", "New South Wales_%": "16.2", "Clarence Town": "46", "New South Wales": "376,133"}, "Secondary - Catholic": {"Australia": "338,384", "Clarence Town_%": "1.6", "Australia_%": "4.7", "New South Wales_%": "5.1", "Clarence Town": "9", "New South Wales": "117,689"}, "Secondary - other non Government": {"Australia": "280,618", "Clarence Town_%": "2.5", "Australia_%": "3.9", "New South Wales_%": "3.4", "Clarence Town": "14", "New South Wales": "79,915"}, "Primary - Catholic": {"Australia": "380,604", "Clarence Town_%": "3.0", "Australia_%": "5.3", "New South Wales_%": "5.3", "Clarence Town": "17", "New South Wales": "122,099"}, "Primary - Government": {"Australia": "1,314,787", "Clarence Town_%": "24.0", "Australia_%": "18.2", "New South Wales_%": "18.0", "Clarence Town": "136", "New South Wales": "417,465"}, "Other": {"Australia": "198,383", "Clarence Town_%": "1.1", "Australia_%": "2.8", "New South Wales_%": "2.7", "Clarence Town": "6", "New South Wales": "63,673"}, "Technical or further education institution": {"Australia": "424,869", "Clarence Town_%": "6.5", "Australia_%": "5.9", "New South Wales_%": "6.2", "Clarence Town": "37", "New South Wales": "144,103"}, "Secondary - Government": {"Australia": "827,505", "Clarence Town_%": "18.7", "Australia_%": "11.5", "New South Wales_%": "11.6", "Clarence Town": "106", "New South Wales": "269,249"}, "Primary - other non Government": {"Australia": "231,490", "Clarence Town_%": "0.7", "Australia_%": "3.2", "New South Wales_%": "2.9", "Clarence Town": "4", "New South Wales": "67,611"}, "Not stated": {"Australia": "1,707,023", "Clarence Town_%": "25.7", "Australia_%": "23.7", "New South Wales_%": "23.0", "Clarence Town": "146", "New South Wales": "535,266"}, "Preschool": {"Australia": "347,621", "Clarence Town_%": "8.1", "Australia_%": "4.8", "New South Wales_%": "5.7", "Clarence Town": "46", "New South Wales": "132,047"}}, "Employment": {"Unemployed": {"Australia": "787,452", "Clarence Town_%": "6.0", "Australia_%": "6.9", "New South Wales_%": "6.3", "Clarence Town": "58", "New South Wales": "225,546"}, "Worked part-time": {"Australia": "3,491,503", "Clarence Town_%": "30.0", "Australia_%": "30.4", "New South Wales_%": "29.7", "Clarence Town": "290", "New South Wales": "1,071,151"}, "Away from work": {"Australia": "569,276", "Clarence Town_%": "5.8", "Australia_%": "5.0", "New South Wales_%": "4.8", "Clarence Town": "56", "New South Wales": "174,654"}, "Worked full-time": {"Australia": "6,623,065", "Clarence Town_%": "58.2", "Australia_%": "57.7", "New South Wales_%": "59.2", "Clarence Town": "562", "New South Wales": "2,134,521"}}, "Travel to work, top responses": {"Walked only": {"Australia": "370,427", "Clarence Town_%": "1.3", "Australia_%": "3.5", "New South Wales_%": "3.9", "Clarence Town": "12", "New South Wales": "130,957"}, "Worked at home": {"Australia": "503,582", "Clarence Town_%": "4.9", "Australia_%": "4.7", "New South Wales_%": "4.8", "Clarence Town": "44", "New South Wales": "163,026"}, "People who travelled to work by car as driver or passenger": {"Australia": "7,305,271", "Clarence Town_%": "76.8", "Australia_%": "68.4", "New South Wales_%": "64.6", "Clarence Town": "700", "New South Wales": "2,182,854"}, "null": {"Australia": "None", "Clarence Town_%": null, "Australia_%": "None", "New South Wales_%": "None", "Clarence Town": null, "New South Wales": "None"}, "People who travelled to work by public transport": {"Australia": "1,225,668", "Clarence Town_%": "0.9", "Australia_%": "11.5", "New South Wales_%": "16.0", "Clarence Town": "8", "New South Wales": "540,215"}, "Car, as driver": {"Australia": "6,574,571", "Clarence Town_%": "72.3", "Australia_%": "61.5", "New South Wales_%": "57.8", "Clarence Town": "653", "New South Wales": "1,953,399"}, "Truck": {"Australia": "85,892", "Clarence Town_%": "1.9", "Australia_%": "0.8", "New South Wales_%": "1.0", "Clarence Town": "17", "New South Wales": "32,908"}, "Car, as passenger": {"Australia": "489,922", "Clarence Town_%": "4.1", "Australia_%": "4.6", "New South Wales_%": "4.3", "Clarence Town": "37", "New South Wales": "144,820"}}, "Occupation": {"Professionals": {"Australia": "2,370,966", "Clarence Town_%": "13.3", "Australia_%": "22.2", "New South Wales_%": "23.6", "Clarence Town": "121", "New South Wales": "798,126"}, "Managers": {"Australia": "1,390,047", "Clarence Town_%": "10.6", "Australia_%": "13.0", "New South Wales_%": "13.5", "Clarence Town": "96", "New South Wales": "456,084"}, "Labourers": {"Australia": "1,011,520", "Clarence Town_%": "10.5", "Australia_%": "9.5", "New South Wales_%": "8.8", "Clarence Town": "95", "New South Wales": "297,887"}, "Clerical and Administrative Workers": {"Australia": "1,449,681", "Clarence Town_%": "14.2", "Australia_%": "13.6", "New South Wales_%": "13.8", "Clarence Town": "129", "New South Wales": "467,977"}, "Machinery Operators and Drivers": {"Australia": "670,106", "Clarence Town_%": "10.2", "Australia_%": "6.3", "New South Wales_%": "6.1", "Clarence Town": "93", "New South Wales": "206,839"}, "Community and Personal Service Workers": {"Australia": "1,157,003", "Clarence Town_%": "10.0", "Australia_%": "10.8", "New South Wales_%": "10.4", "Clarence Town": "91", "New South Wales": "350,261"}, "Sales Workers": {"Australia": "1,000,955", "Clarence Town_%": "8.1", "Australia_%": "9.4", "New South Wales_%": "9.2", "Clarence Town": "74", "New South Wales": "311,414"}, "Technicians and Trades Workers": {"Australia": "1,447,414", "Clarence Town_%": "22.0", "Australia_%": "13.5", "New South Wales_%": "12.7", "Clarence Town": "200", "New South Wales": "429,239"}}}