{"GeoInfo": {"city": "Codrington (NSW)"}, "summaryTable_qsDwelling": {"Median monthly mortgage repayments": "$1,733", "All private dwellings": "26", "Average people per household": "2.8", "Median weekly household income": "$1,375", "Median weekly rent": "$155", "Average motor vehicles per dwelling": "1.9"}, "summaryTable_qsPeople": {"Male": "53.2%", "Median age": "44", "Female": "46.8%", "People": "68"}, "summaryTable_qsFamilies": {"for all families": "0.8", "for families with children": "2", "Families": "15", "Average children per family": "None"}}