{"GeoInfo": {"city": "Comerong Island"}, "summaryTable_qsDwelling": {"Median monthly mortgage repayments": "$0", "All private dwellings": "15", "Average people per household": "2", "Median weekly household income": "$1,187", "Median weekly rent": "$0", "Average motor vehicles per dwelling": "0"}, "summaryTable_qsPeople": {"Male": "40%", "Median age": "52", "Female": "60%", "People": "12"}, "summaryTable_qsFamilies": {"for all families": "0", "for families with children": "0", "Families": "0", "Average children per family": "None"}}