{"Employment - hours worked": {"40 hours or more per week": {"Australia": "4,591,801", "Australia_%": "43.0", "New South Wales_%": "44.1", "Condobolin": "710", "Condobolin_%": "51.0", "New South Wales": "1,489,099"}, "25-34 hours per week": {"Australia": "1,193,445", "Australia_%": "11.2", "New South Wales_%": "10.5", "Condobolin": "169", "Condobolin_%": "12.1", "New South Wales": "353,702"}, "16-24 hours per week": {"Australia": "1,079,236", "Australia_%": "10.1", "New South Wales_%": "10.4", "Condobolin": "107", "Condobolin_%": "7.7", "New South Wales": "352,817"}, "35-39 hours per week": {"Australia": "2,031,263", "Australia_%": "19.0", "New South Wales_%": "19.1", "Condobolin": "154", "Condobolin_%": "11.1", "New South Wales": "645,428"}, "1-15 hours per week": {"Australia": "1,218,823", "Australia_%": "11.4", "New South Wales_%": "10.8", "Condobolin": "136", "Condobolin_%": "9.8", "New South Wales": "364,637"}}, "Number of registered motor vehicles": {"2 motor vehicles": {"Australia": "2,999,184", "Australia_%": "36.2", "New South Wales_%": "34.1", "Condobolin": "435", "Condobolin_%": "34.9", "New South Wales": "887,849"}, "None": {"Australia": "623,829", "Australia_%": "7.5", "New South Wales_%": "9.2", "Condobolin": "93", "Condobolin_%": "7.5", "New South Wales": "239,625"}, "Number of motor vehicles not stated": {"Australia": "285,197", "Australia_%": "3.4", "New South Wales_%": "3.7", "Condobolin": "86", "Condobolin_%": "6.9", "New South Wales": "95,623"}, "1 motor vehicle": {"Australia": "2,881,485", "Australia_%": "34.8", "New South Wales_%": "36.3", "Condobolin": "433", "Condobolin_%": "34.7", "New South Wales": "946,159"}, "3 or more vehicles": {"Australia": "1,496,382", "Australia_%": "18.1", "New South Wales_%": "16.7", "Condobolin": "200", "Condobolin_%": "16.0", "New South Wales": "435,053"}}, "Employment status of parents in couple families": {"Labour force status not stated (by one or both parents in a couple family)": {"Australia": "311,381", "Australia_%": "6.2", "New South Wales_%": "5.7", "Condobolin": "55", "Condobolin_%": "8.0", "New South Wales": "90,630"}, "One employed full-time, one part-time": {"Australia": "1,086,460", "Australia_%": "21.7", "New South Wales_%": "20.6", "Condobolin": "154", "Condobolin_%": "22.3", "New South Wales": "329,567"}, "One employed part-time, other not working": {"Australia": "302,037", "Australia_%": "6.0", "New South Wales_%": "6.1", "Condobolin": "26", "Condobolin_%": "3.8", "New South Wales": "96,933"}, "Other (includes away from work)": {"Australia": "264,145", "Australia_%": "5.3", "New South Wales_%": "5.1", "Condobolin": "51", "Condobolin_%": "7.4", "New South Wales": "80,905"}, "Both employed, worked full-time": {"Australia": "1,084,006", "Australia_%": "21.6", "New South Wales_%": "22.6", "Condobolin": "152", "Condobolin_%": "22.0", "New South Wales": "360,916"}, "One employed full-time, other not working": {"Australia": "749,886", "Australia_%": "15.0", "New South Wales_%": "15.0", "Condobolin": "84", "Condobolin_%": "12.2", "New South Wales": "240,084"}, "Both employed, worked part-time": {"Australia": "203,596", "Australia_%": "4.1", "New South Wales_%": "4.0", "Condobolin": "29", "Condobolin_%": "4.2", "New South Wales": "63,106"}, "Both not working": {"Australia": "1,006,697", "Australia_%": "20.1", "New South Wales_%": "21.0", "Condobolin": "140", "Condobolin_%": "20.3", "New South Wales": "334,742"}}, "Country of birth of mother, stated responses": {"India": {"Australia": "605,777", "Australia_%": "2.6", "New South Wales_%": "2.6", "Condobolin": "20", "Condobolin_%": "0.6", "New South Wales": "191,594"}, "New Zealand": {"Australia": "608,329", "Australia_%": "2.6", "New South Wales_%": "1.9", "Condobolin": "30", "Condobolin_%": "0.9", "New South Wales": "139,899"}, "Australia": {"Australia": "12,643,365", "Australia_%": "54.0", "New South Wales_%": "51.9", "Condobolin": "2,892", "Condobolin_%": "83.3", "New South Wales": "3,884,762"}, "England": {"Australia": "1,302,147", "Australia_%": "5.6", "New South Wales_%": "4.3", "Condobolin": "58", "Condobolin_%": "1.7", "New South Wales": "322,472"}, "Philippines": {"Australia": "325,049", "Australia_%": "1.4", "New South Wales_%": "1.7", "Condobolin": "27", "Condobolin_%": "0.8", "New South Wales": "124,029"}}, "Dwelling structure": {"Other dwelling": {"Australia": "64,425", "Australia_%": "0.8", "New South Wales_%": "0.9", "Condobolin": "8", "Condobolin_%": "0.6", "New South Wales": "23,580"}, "Semi-detached, row or terrace house, townhouse etc": {"Australia": "1,055,016", "Australia_%": "12.7", "New South Wales_%": "12.2", "Condobolin": "7", "Condobolin_%": "0.6", "New South Wales": "317,453"}, "Separate house": {"Australia": "6,041,788", "Australia_%": "72.9", "New South Wales_%": "66.4", "Condobolin": "1,194", "Condobolin_%": "95.4", "New South Wales": "1,729,820"}, "Flat or apartment": {"Australia": "1,087,434", "Australia_%": "13.1", "New South Wales_%": "19.9", "Condobolin": "40", "Condobolin_%": "3.2", "New South Wales": "519,390"}}, "Number of bedrooms": {"1 bedroom": {"Australia": "411,252", "Australia_%": "5.0", "New South Wales_%": "6.0", "Condobolin": "28", "Condobolin_%": "2.2", "New South Wales": "157,194"}, "3 bedrooms": {"Australia": "3,403,190", "Australia_%": "41.1", "New South Wales_%": "37.2", "Condobolin": "571", "Condobolin_%": "45.6", "New South Wales": "970,001"}, "Average number of people per household": {"Australia": "2.6", "Australia_%": "--", "New South Wales_%": "--", "Condobolin": "2.5", "Condobolin_%": "--", "New South Wales": "2.6"}, "2 bedrooms": {"Australia": "1,562,759", "Australia_%": "18.9", "New South Wales_%": "22.2", "Condobolin": "195", "Condobolin_%": "15.6", "New South Wales": "577,675"}, "4 or more bedrooms": {"Australia": "2,670,758", "Australia_%": "32.2", "New South Wales_%": "31.3", "Condobolin": "405", "Condobolin_%": "32.4", "New South Wales": "816,405"}, "None (includes bedsitters)": {"Australia": "39,769", "Australia_%": "0.5", "New South Wales_%": "0.7", "Condobolin": "4", "Condobolin_%": "0.3", "New South Wales": "17,157"}, "Number of bedrooms not stated": {"Australia": "198,351", "Australia_%": "2.4", "New South Wales_%": "2.5", "Condobolin": "48", "Condobolin_%": "3.8", "New South Wales": "65,888"}, "Average number of bedrooms per dwelling": {"Australia": "3.1", "Australia_%": "--", "New South Wales_%": "--", "Condobolin": "3.2", "Condobolin_%": "--", "New South Wales": "3"}}, "summaryTable_qsFamilies": {"for all families": "0.8", "for families with children": "2", "Families": "865", "Average children per family": "None"}, "People characteristics": {"Male": {"Australia": "322,171", "Australia_%": "49.6", "New South Wales_%": "49.7", "Condobolin": "343", "Condobolin_%": "44.1", "New South Wales": "107,368"}, "Median age": {"Australia": "23", "Australia_%": "--", "New South Wales_%": "--", "Condobolin": "21", "Condobolin_%": "--", "New South Wales": "22"}, "Female": {"Australia": "326,996", "Australia_%": "50.4", "New South Wales_%": "50.3", "Condobolin": "435", "Condobolin_%": "55.9", "New South Wales": "108,809"}}, "Dwelling count": {"Unoccupied private dwellings": {"Australia": "1,039,874", "Australia_%": "11.2", "New South Wales_%": "9.9", "Condobolin": "209", "Condobolin_%": "14.3", "New South Wales": "284,741"}, "Occupied private dwellings": {"Australia": "8,286,073", "Australia_%": "88.8", "New South Wales_%": "90.1", "Condobolin": "1,252", "Condobolin_%": "85.7", "New South Wales": "2,604,320"}}, "Level of highest educational attainment": {"Certificate level III": {"Australia": "2,442,203", "Australia_%": "12.8", "New South Wales_%": "12.0", "Condobolin": "353", "Condobolin_%": "13.1", "New South Wales": "730,498"}, "Certificate level II": {"Australia": "13,454", "Australia_%": "0.1", "New South Wales_%": "0.1", "Condobolin": "3", "Condobolin_%": "0.1", "New South Wales": "4,849"}, "No educational attainment": {"Australia": "145,844", "Australia_%": "0.8", "New South Wales_%": "0.9", "Condobolin": "19", "Condobolin_%": "0.7", "New South Wales": "54,870"}, "Bachelor Degree level and above": {"Australia": "4,181,406", "Australia_%": "22.0", "New South Wales_%": "23.4", "Condobolin": "240", "Condobolin_%": "8.9", "New South Wales": "1,424,716"}, "Certificate level I": {"Australia": "2,176", "Australia_%": "0.0", "New South Wales_%": "0.0", "Condobolin": "0", "Condobolin_%": "0.0", "New South Wales": "625"}, "Year 11": {"Australia": "941,531", "Australia_%": "4.9", "New South Wales_%": "3.3", "Condobolin": "126", "Condobolin_%": "4.7", "New South Wales": "203,574"}, "Not stated": {"Australia": "1,974,794", "Australia_%": "10.4", "New South Wales_%": "10.3", "Condobolin": "463", "Condobolin_%": "17.2", "New South Wales": "627,465"}, "Year 9 or below": {"Australia": "1,529,897", "Australia_%": "8.0", "New South Wales_%": "8.4", "Condobolin": "370", "Condobolin_%": "13.7", "New South Wales": "513,209"}, "Certificate level IV": {"Australia": "551,767", "Australia_%": "2.9", "New South Wales_%": "2.8", "Condobolin": "61", "Condobolin_%": "2.3", "New South Wales": "167,947"}, "Year 10": {"Australia": "2,054,331", "Australia_%": "10.8", "New South Wales_%": "11.5", "Condobolin": "503", "Condobolin_%": "18.7", "New South Wales": "702,178"}, "Year 12": {"Australia": "2,994,097", "Australia_%": "15.7", "New South Wales_%": "15.3", "Condobolin": "362", "Condobolin_%": "13.5", "New South Wales": "930,654"}, "Advanced Diploma and Diploma level": {"Australia": "1,687,893", "Australia_%": "8.9", "New South Wales_%": "8.9", "Condobolin": "143", "Condobolin_%": "5.3", "New South Wales": "543,142"}}, "Median weekly incomes": {"Personal": {"Australia": "662", "Australia_%": "--", "New South Wales_%": "--", "Condobolin": "565", "Condobolin_%": "--", "New South Wales": "664"}, "Household": {"Australia": "1,438", "Australia_%": "--", "New South Wales_%": "--", "Condobolin": "1,025", "Condobolin_%": "--", "New South Wales": "1,486"}, "Family": {"Australia": "1,734", "Australia_%": "--", "New South Wales_%": "--", "Condobolin": "1,290", "Condobolin_%": "--", "New South Wales": "1,780"}}, "Family composition": {"Other family": {"Australia": "102,559", "Australia_%": "1.7", "New South Wales_%": "1.7", "Condobolin": "14", "Condobolin_%": "1.6", "New South Wales": "32,438"}, "Couple family with children": {"Australia": "2,716,224", "Australia_%": "44.7", "New South Wales_%": "45.7", "Condobolin": "335", "Condobolin_%": "38.6", "New South Wales": "887,358"}, "Couple family without children": {"Australia": "2,291,987", "Australia_%": "37.8", "New South Wales_%": "36.6", "Condobolin": "348", "Condobolin_%": "40.1", "New South Wales": "709,524"}, "One parent family": {"Australia": "959,543", "Australia_%": "15.8", "New South Wales_%": "16.0", "Condobolin": "170", "Condobolin_%": "19.6", "New South Wales": "310,906"}}, "Dwelling internet connection": {"Not stated": {"Australia": "221,494", "Australia_%": "2.7", "New South Wales_%": "2.8", "Condobolin": "52", "Condobolin_%": "4.2", "New South Wales": "73,565"}, "Internet not accessed from dwelling": {"Australia": "1,172,415", "Australia_%": "14.1", "New South Wales_%": "14.7", "Condobolin": "421", "Condobolin_%": "33.7", "New South Wales": "381,709"}, "Internet accessed from dwelling": {"Australia": "6,892,165", "Australia_%": "83.2", "New South Wales_%": "82.5", "Condobolin": "778", "Condobolin_%": "62.2", "New South Wales": "2,149,040"}}, "Social marital status": {"Not married": {"Australia": "7,024,973", "Australia_%": "41.9", "New South Wales_%": "42.3", "Condobolin": "944", "Condobolin_%": "41.5", "New South Wales": "2,290,887"}, "De facto marriage": {"Australia": "1,751,731", "Australia_%": "10.4", "New South Wales_%": "9.4", "Condobolin": "326", "Condobolin_%": "14.3", "New South Wales": "506,133"}, "Registered marriage": {"Australia": "8,001,141", "Australia_%": "47.7", "New South Wales_%": "48.3", "Condobolin": "1,006", "Condobolin_%": "44.2", "New South Wales": "2,612,630"}}, "Household composition": {"Family households": {"Australia": "5,907,625", "Australia_%": "71.3", "New South Wales_%": "72.0", "Condobolin": "849", "Condobolin_%": "67.6", "New South Wales": "1,874,524"}, "Group households": {"Australia": "354,917", "Australia_%": "4.3", "New South Wales_%": "4.2", "Condobolin": "24", "Condobolin_%": "1.9", "New South Wales": "109,004"}, "Single (or lone) person households": {"Australia": "2,023,542", "Australia_%": "24.4", "New South Wales_%": "23.8", "Condobolin": "383", "Condobolin_%": "30.5", "New South Wales": "620,778"}}, "People": {"Male": {"Australia": "11,546,638", "Australia_%": "49.3", "New South Wales_%": "49.3", "Condobolin": "1,725", "Condobolin_%": "49.4", "New South Wales": "3,686,014"}, "Aboriginal and/or Torres Strait Islander people": {"Australia": "649,171", "Australia_%": "2.8", "New South Wales_%": "2.9", "Condobolin": "770", "Condobolin_%": "22.1", "New South Wales": "216,176"}, "Female": {"Australia": "11,855,248", "Australia_%": "50.7", "New South Wales_%": "50.7", "Condobolin": "1,767", "Condobolin_%": "50.6", "New South Wales": "3,794,217"}}, "Language, top responses (other than English)": {"Filipino": {"Australia": "71,220", "Australia_%": "0.3", "New South Wales_%": "0.3", "Condobolin": "11", "Condobolin_%": "0.3", "New South Wales": "24,214"}, "null": {"Australia": "None", "Australia_%": "None", "New South Wales_%": "None", "Condobolin": null, "Condobolin_%": null, "New South Wales": "None"}, "English only spoken at home": {"Australia": "17,020,417", "Australia_%": "72.7", "New South Wales_%": "68.5", "Condobolin": "3,078", "Condobolin_%": "88.8", "New South Wales": "5,126,633"}, "Gujarati": {"Australia": "52,888", "Australia_%": "0.2", "New South Wales_%": "0.3", "Condobolin": "7", "Condobolin_%": "0.2", "New South Wales": "18,873"}, "Hindi": {"Australia": "159,652", "Australia_%": "0.7", "New South Wales_%": "0.9", "Condobolin": "5", "Condobolin_%": "0.1", "New South Wales": "67,034"}, "Tagalog": {"Australia": "111,273", "Australia_%": "0.5", "New South Wales_%": "0.6", "Condobolin": "8", "Condobolin_%": "0.2", "New South Wales": "45,130"}, "Households where a non English language is spoken": {"Australia": "1,971,011", "Australia_%": "22.2", "New South Wales_%": "26.5", "Condobolin": "48", "Condobolin_%": "3.4", "New South Wales": "735,563"}, "Thai": {"Australia": "55,444", "Australia_%": "0.2", "New South Wales_%": "0.3", "Condobolin": "8", "Condobolin_%": "0.2", "New South Wales": "24,839"}}, "summaryTable_qsDwelling": {"Median monthly mortgage repayments": "$997", "All private dwellings": "1,599", "Average people per household": "2.5", "Median weekly household income": "$1,025", "Median weekly rent": "$170", "Average motor vehicles per dwelling": "1.7"}, "Household income": {"Less than $650 gross weekly income": {"Australia": "--", "Australia_%": "20.0", "New South Wales_%": "19.7", "Condobolin": "--", "Condobolin_%": "28.4", "New South Wales": "--"}, "More than $3000 gross weekly income": {"Australia": "--", "Australia_%": "16.4", "New South Wales_%": "18.7", "Condobolin": "--", "Condobolin_%": "7.4", "New South Wales": "--"}}, "Country of birth": {"Other top responses": {"Condobolin": "None", "Condobolin_%": "None"}, "Australia": {"Australia": "15,614,835", "Australia_%": "66.7", "New South Wales_%": "65.5", "Condobolin": "2,954", "Condobolin_%": "85.0", "New South Wales": "4,899,090"}, "England": {"Australia": "907,570", "Australia_%": "3.9", "New South Wales_%": "3.0", "Condobolin": "23", "Condobolin_%": "0.7", "New South Wales": "226,564"}, "Philippines": {"Australia": "232,386", "Australia_%": "1.0", "New South Wales_%": "1.2", "Condobolin": "23", "Condobolin_%": "0.7", "New South Wales": "86,749"}, "India": {"Australia": "455,389", "Australia_%": "1.9", "New South Wales_%": "1.9", "Condobolin": "17", "Condobolin_%": "0.5", "New South Wales": "143,459"}, "Thailand": {"Australia": "66,229", "Australia_%": "0.3", "New South Wales_%": "0.4", "Condobolin": "8", "Condobolin_%": "0.2", "New South Wales": "26,719"}, "New Zealand": {"Australia": "518,466", "Australia_%": "2.2", "New South Wales_%": "1.6", "Condobolin": "22", "Condobolin_%": "0.6", "New South Wales": "117,136"}}, "Religious affiliation, top responses": {"No Religion, so described": {"Australia": "6,933,708", "Australia_%": "29.6", "New South Wales_%": "25.1", "Condobolin": "621", "Condobolin_%": "17.8", "New South Wales": "1,879,562"}, "Catholic": {"Australia": "5,291,834", "Australia_%": "22.6", "New South Wales_%": "24.7", "Condobolin": "944", "Condobolin_%": "27.0", "New South Wales": "1,846,443"}, "Not stated": {"Australia": "2,238,735", "Australia_%": "9.6", "New South Wales_%": "9.2", "Condobolin": "376", "Condobolin_%": "10.8", "New South Wales": "684,969"}, "Presbyterian and Reformed": {"Australia": "526,689", "Australia_%": "2.3", "New South Wales_%": "2.5", "Condobolin": "223", "Condobolin_%": "6.4", "New South Wales": "188,330"}, "Anglican": {"Australia": "3,101,185", "Australia_%": "13.3", "New South Wales_%": "15.5", "Condobolin": "823", "Condobolin_%": "23.6", "New South Wales": "1,161,810"}}, "Ancestry, top responses": {"Australian Aboriginal": {"Australia": "144,173", "Australia_%": "0.5", "New South Wales_%": "0.3", "Condobolin": "102", "Condobolin_%": "2.3", "New South Wales": "30,849"}, "Australian": {"Australia": "7,298,243", "Australia_%": "23.3", "New South Wales_%": "22.9", "Condobolin": "1,907", "Condobolin_%": "43.0", "New South Wales": "2,261,062"}, "Scottish": {"Australia": "2,023,470", "Australia_%": "6.4", "New South Wales_%": "5.9", "Condobolin": "219", "Condobolin_%": "4.9", "New South Wales": "587,052"}, "Irish": {"Australia": "2,388,058", "Australia_%": "7.6", "New South Wales_%": "7.5", "Condobolin": "282", "Condobolin_%": "6.4", "New South Wales": "741,671"}, "English": {"Australia": "7,852,224", "Australia_%": "25.0", "New South Wales_%": "23.3", "Condobolin": "1,252", "Condobolin_%": "28.2", "New South Wales": "2,302,481"}}, "Age": {"35-39 years": {"Australia": "1,561,679", "Australia_%": "6.7", "New South Wales_%": "6.7", "Condobolin": "165", "Condobolin_%": "4.7", "New South Wales": "499,724"}, "60-64 years": {"Australia": "1,299,397", "Australia_%": "5.6", "New South Wales_%": "5.6", "Condobolin": "199", "Condobolin_%": "5.7", "New South Wales": "420,044"}, "30-34 years": {"Australia": "1,703,847", "Australia_%": "7.3", "New South Wales_%": "7.2", "Condobolin": "228", "Condobolin_%": "6.6", "New South Wales": "540,360"}, "0-4 years": {"Australia": "1,464,779", "Australia_%": "6.3", "New South Wales_%": "6.2", "Condobolin": "281", "Condobolin_%": "8.1", "New South Wales": "465,135"}, "25-29 years": {"Australia": "1,664,602", "Australia_%": "7.1", "New South Wales_%": "7.0", "Condobolin": "211", "Condobolin_%": "6.1", "New South Wales": "527,161"}, "10-14 years": {"Australia": "1,397,183", "Australia_%": "6.0", "New South Wales_%": "5.9", "Condobolin": "244", "Condobolin_%": "7.0", "New South Wales": "443,009"}, "5-9 years": {"Australia": "1,502,646", "Australia_%": "6.4", "New South Wales_%": "6.4", "Condobolin": "255", "Condobolin_%": "7.3", "New South Wales": "478,184"}, "Median age": {"Australia": "38", "Australia_%": "--", "New South Wales_%": "--", "Condobolin": "38", "Condobolin_%": "--", "New South Wales": "38"}, "50-54 years": {"Australia": "1,523,551", "Australia_%": "6.5", "New South Wales_%": "6.5", "Condobolin": "229", "Condobolin_%": "6.6", "New South Wales": "485,546"}, "80-84 years": {"Australia": "460,549", "Australia_%": "2.0", "New South Wales_%": "2.1", "Condobolin": "102", "Condobolin_%": "2.9", "New South Wales": "155,806"}, "40-44 years": {"Australia": "1,583,257", "Australia_%": "6.8", "New South Wales_%": "6.7", "Condobolin": "179", "Condobolin_%": "5.1", "New South Wales": "503,169"}, "70-74 years": {"Australia": "887,716", "Australia_%": "3.8", "New South Wales_%": "3.9", "Condobolin": "153", "Condobolin_%": "4.4", "New South Wales": "292,556"}, "15-19 years": {"Australia": "1,421,595", "Australia_%": "6.1", "New South Wales_%": "6.0", "Condobolin": "178", "Condobolin_%": "5.1", "New South Wales": "448,425"}, "65-69 years": {"Australia": "1,188,999", "Australia_%": "5.1", "New South Wales_%": "5.1", "Condobolin": "180", "Condobolin_%": "5.2", "New South Wales": "384,470"}, "20-24 years": {"Australia": "1,566,793", "Australia_%": "6.7", "New South Wales_%": "6.5", "Condobolin": "226", "Condobolin_%": "6.5", "New South Wales": "489,673"}, "55-59 years": {"Australia": "1,454,332", "Australia_%": "6.2", "New South Wales_%": "6.3", "Condobolin": "239", "Condobolin_%": "6.9", "New South Wales": "469,726"}, "75-79 years": {"Australia": "652,657", "Australia_%": "2.8", "New South Wales_%": "2.9", "Condobolin": "135", "Condobolin_%": "3.9", "New South Wales": "217,308"}, "45-49 years": {"Australia": "1,581,455", "Australia_%": "6.8", "New South Wales_%": "6.6", "Condobolin": "174", "Condobolin_%": "5.0", "New South Wales": "492,440"}, "85 years and over": {"Australia": "486,842", "Australia_%": "2.1", "New South Wales_%": "2.2", "Condobolin": "102", "Condobolin_%": "2.9", "New South Wales": "167,506"}}, "Single (or lone) parents": {"Male": {"Australia": "--", "Australia_%": "18.2", "New South Wales_%": "17.8", "Condobolin": "--", "Condobolin_%": "18.3", "New South Wales": "--"}, "Female": {"Australia": "--", "Australia_%": "81.8", "New South Wales_%": "82.2", "Condobolin": "--", "Condobolin_%": "81.7", "New South Wales": "--"}}, "Mortgage monthly repayments": {"Median mortgage repayments": {"Australia": "1,755", "Australia_%": "--", "New South Wales_%": "--", "Condobolin": "997", "Condobolin_%": "--", "New South Wales": "1,986"}, "Households where mortgage repayments are less than 30% of household income": {"Australia": "--", "Australia_%": "92.8", "New South Wales_%": "92.6", "Condobolin": "--", "Condobolin_%": "97.6", "New South Wales": "--"}, "Households with mortgage repayments greater than or equal to 30% of household income": {"Australia": "--", "Australia_%": "7.2", "New South Wales_%": "7.4", "Condobolin": "--", "Condobolin_%": "2.4", "New South Wales": "--"}}, "Mortgage and rent": {"Median monthly mortgage repayments": {"Australia": "1,660", "Australia_%": "--", "New South Wales_%": "--", "Condobolin": "867", "Condobolin_%": "--", "New South Wales": "1,733"}, "Median weekly rent": {"Australia": "250", "Australia_%": "--", "New South Wales_%": "--", "Condobolin": "162", "Condobolin_%": "--", "New South Wales": "270"}}, "Tenure": {"Rented": {"Australia": "2,561,302", "Australia_%": "30.9", "New South Wales_%": "31.8", "Condobolin": "414", "Condobolin_%": "33.1", "New South Wales": "826,922"}, "Owned outright": {"Australia": "2,565,695", "Australia_%": "31.0", "New South Wales_%": "32.2", "Condobolin": "458", "Condobolin_%": "36.6", "New South Wales": "839,665"}, "Owned with a mortgage": {"Australia": "2,855,222", "Australia_%": "34.5", "New South Wales_%": "32.3", "Condobolin": "311", "Condobolin_%": "24.9", "New South Wales": "840,004"}, "Tenure type not stated": {"Australia": "224,869", "Australia_%": "2.7", "New South Wales_%": "2.8", "Condobolin": "59", "Condobolin_%": "4.7", "New South Wales": "73,763"}, "Other tenure type": {"Australia": "78,994", "Australia_%": "1.0", "New South Wales_%": "0.9", "Condobolin": "8", "Condobolin_%": "0.6", "New South Wales": "23,968"}}, "Country of birth of father, stated responses": {"India": {"Australia": "616,939", "Australia_%": "2.6", "New South Wales_%": "2.6", "Condobolin": "17", "Condobolin_%": "0.5", "New South Wales": "195,217"}, "New Zealand": {"Australia": "617,331", "Australia_%": "2.6", "New South Wales_%": "1.9", "Condobolin": "23", "Condobolin_%": "0.7", "New South Wales": "143,450"}, "Australia": {"Australia": "12,231,150", "Australia_%": "52.3", "New South Wales_%": "50.1", "Condobolin": "2,899", "Condobolin_%": "83.7", "New South Wales": "3,745,787"}, "England": {"Australia": "1,403,096", "Australia_%": "6.0", "New South Wales_%": "4.8", "Condobolin": "47", "Condobolin_%": "1.4", "New South Wales": "359,370"}, "Philippines": {"Australia": "270,177", "Australia_%": "1.2", "New South Wales_%": "1.4", "Condobolin": "20", "Condobolin_%": "0.6", "New South Wales": "106,423"}}, "Country of birth of father and/or mother, stated responses": {"Father only born overseas": {"Australia": "1,488,092", "Australia_%": "6.4", "New South Wales_%": "6.1", "Condobolin": "76", "Condobolin_%": "2.2", "New South Wales": "458,394"}, "Mother only born overseas": {"Australia": "1,094,591", "Australia_%": "4.7", "New South Wales_%": "4.3", "Condobolin": "87", "Condobolin_%": "2.5", "New South Wales": "325,182"}, "Both parents born overseas": {"Australia": "8,051,196", "Australia_%": "34.4", "New South Wales_%": "37.0", "Condobolin": "162", "Condobolin_%": "4.6", "New South Wales": "2,764,170"}, "Both parents born in Australia": {"Australia": "11,070,538", "Australia_%": "47.3", "New South Wales_%": "45.4", "Condobolin": "2,783", "Condobolin_%": "79.8", "New South Wales": "3,399,725"}}, "Rent weekly payments": {"Households where rent payments are less than 30% of household income": {"Australia": "--", "Australia_%": "88.5", "New South Wales_%": "87.1", "Condobolin": "--", "Condobolin_%": "92.6", "New South Wales": "--"}, "Households with rent payments greater than or equal to 30% of household income": {"Australia": "--", "Australia_%": "11.5", "New South Wales_%": "12.9", "Condobolin": "--", "Condobolin_%": "7.4", "New South Wales": "--"}, "Median rent": {"Australia": "335", "Australia_%": "--", "New South Wales_%": "--", "Condobolin": "170", "Condobolin_%": "--", "New South Wales": "380"}}, "Registered marital status": {"Separated": {"Australia": "608,059", "Australia_%": "3.2", "New South Wales_%": "3.1", "Condobolin": "79", "Condobolin_%": "2.9", "New South Wales": "190,198"}, "Widowed": {"Australia": "985,204", "Australia_%": "5.2", "New South Wales_%": "5.4", "Condobolin": "223", "Condobolin_%": "8.3", "New South Wales": "331,653"}, "Married": {"Australia": "9,148,218", "Australia_%": "48.1", "New South Wales_%": "48.7", "Condobolin": "1,182", "Condobolin_%": "43.7", "New South Wales": "2,965,280"}, "Divorced": {"Australia": "1,626,890", "Australia_%": "8.5", "New South Wales_%": "8.4", "Condobolin": "211", "Condobolin_%": "7.8", "New South Wales": "512,298"}, "Never married": {"Australia": "6,668,910", "Australia_%": "35.0", "New South Wales_%": "34.4", "Condobolin": "1,008", "Condobolin_%": "37.3", "New South Wales": "2,094,460"}}, "summaryTable_qsPeople": {"Male": "49.4%", "Median age": "38", "Female": "50.6%", "People": "3,486"}, "Dwelling characteristics": {"Average number of people per household": {"Australia": "3.2", "Australia_%": "--", "New South Wales_%": "--", "Condobolin": "3", "Condobolin_%": "--", "New South Wales": "3.1"}, "Average number of persons per bedroom": {"Australia": "1", "Australia_%": "--", "New South Wales_%": "--", "Condobolin": "1", "Condobolin_%": "--", "New South Wales": "1"}, "Median weekly household income": {"Australia": "1,203", "Australia_%": "--", "New South Wales_%": "--", "Condobolin": "925", "Condobolin_%": "--", "New South Wales": "1,214"}}, "Unpaid work": {"Did unpaid domestic work (last week)": {"Australia": "13,143,914", "Australia_%": "69.0", "New South Wales_%": "67.7", "Condobolin": "1,657", "Condobolin_%": "61.2", "New South Wales": "4,127,723"}, "Provided unpaid assistance to a person with a disability (last two weeks)": {"Australia": "2,145,203", "Australia_%": "11.3", "New South Wales_%": "11.6", "Condobolin": "300", "Condobolin_%": "11.1", "New South Wales": "709,415"}, "Did voluntary work through an organisation or group (last 12 months)": {"Australia": "3,620,726", "Australia_%": "19.0", "New South Wales_%": "18.1", "Condobolin": "651", "Condobolin_%": "24.0", "New South Wales": "1,103,790"}, "Cared for child/children (last two weeks)": {"Australia": "5,259,400", "Australia_%": "27.6", "New South Wales_%": "27.2", "Condobolin": "725", "Condobolin_%": "26.7", "New South Wales": "1,659,250"}}, "Unpaid domestic work, number of hours": {"5 to 14 hours per week": {"Australia": "4,944,578", "Australia_%": "26.0", "New South Wales_%": "25.1", "Condobolin": "591", "Condobolin_%": "21.9", "New South Wales": "1,531,206"}, "30 hours or more per week": {"Australia": "1,710,970", "Australia_%": "9.0", "New South Wales_%": "9.0", "Condobolin": "302", "Condobolin_%": "11.2", "New South Wales": "545,925"}, "Less than 5 hours per week": {"Australia": "4,298,593", "Australia_%": "22.6", "New South Wales_%": "22.3", "Condobolin": "479", "Condobolin_%": "17.7", "New South Wales": "1,359,656"}, "15 to 29 hours per week": {"Australia": "2,189,776", "Australia_%": "11.5", "New South Wales_%": "11.3", "Condobolin": "283", "Condobolin_%": "10.5", "New South Wales": "690,934"}}, "Industry of employment, top responses": {"Primary Education": {"Australia": "231,198", "Australia_%": "2.2", "New South Wales_%": "1.9", "Condobolin": "59", "Condobolin_%": "4.4", "New South Wales": "65,204"}, "Sheep Farming (Specialised)": {"Australia": "18,197", "Australia_%": "0.2", "New South Wales_%": "0.2", "Condobolin": "50", "Condobolin_%": "3.8", "New South Wales": "6,728"}, "Grain-Sheep or Grain-Beef Cattle Farming": {"Australia": "15,056", "Australia_%": "0.1", "New South Wales_%": "0.1", "Condobolin": "56", "Condobolin_%": "4.2", "New South Wales": "4,557"}, "Aged Care Residential Services": {"Australia": "211,621", "Australia_%": "2.0", "New South Wales_%": "2.0", "Condobolin": "48", "Condobolin_%": "3.6", "New South Wales": "67,209"}, "Local Government Administration": {"Australia": "142,724", "Australia_%": "1.3", "New South Wales_%": "1.3", "Condobolin": "81", "Condobolin_%": "6.1", "New South Wales": "43,378"}}, "GeoInfo": {"city": "Condobolin"}, "Education": {"University or tertiary institution": {"Australia": "1,160,626", "Australia_%": "16.1", "New South Wales_%": "16.2", "Condobolin": "48", "Condobolin_%": "4.5", "New South Wales": "376,133"}, "Secondary - Catholic": {"Australia": "338,384", "Australia_%": "4.7", "New South Wales_%": "5.1", "Condobolin": "3", "Condobolin_%": "0.3", "New South Wales": "117,689"}, "Secondary - other non Government": {"Australia": "280,618", "Australia_%": "3.9", "New South Wales_%": "3.4", "Condobolin": "26", "Condobolin_%": "2.4", "New South Wales": "79,915"}, "Primary - Catholic": {"Australia": "380,604", "Australia_%": "5.3", "New South Wales_%": "5.3", "Condobolin": "96", "Condobolin_%": "9.0", "New South Wales": "122,099"}, "Primary - Government": {"Australia": "1,314,787", "Australia_%": "18.2", "New South Wales_%": "18.0", "Condobolin": "206", "Condobolin_%": "19.3", "New South Wales": "417,465"}, "Other": {"Australia": "198,383", "Australia_%": "2.8", "New South Wales_%": "2.7", "Condobolin": "12", "Condobolin_%": "1.1", "New South Wales": "63,673"}, "Technical or further education institution": {"Australia": "424,869", "Australia_%": "5.9", "New South Wales_%": "6.2", "Condobolin": "40", "Condobolin_%": "3.8", "New South Wales": "144,103"}, "Secondary - Government": {"Australia": "827,505", "Australia_%": "11.5", "New South Wales_%": "11.6", "Condobolin": "161", "Condobolin_%": "15.1", "New South Wales": "269,249"}, "Primary - other non Government": {"Australia": "231,490", "Australia_%": "3.2", "New South Wales_%": "2.9", "Condobolin": "12", "Condobolin_%": "1.1", "New South Wales": "67,611"}, "Not stated": {"Australia": "1,707,023", "Australia_%": "23.7", "New South Wales_%": "23.0", "Condobolin": "387", "Condobolin_%": "36.3", "New South Wales": "535,266"}, "Preschool": {"Australia": "347,621", "Australia_%": "4.8", "New South Wales_%": "5.7", "Condobolin": "75", "Condobolin_%": "7.0", "New South Wales": "132,047"}}, "Employment": {"Unemployed": {"Australia": "787,452", "Australia_%": "6.9", "New South Wales_%": "6.3", "Condobolin": "122", "Condobolin_%": "8.1", "New South Wales": "225,546"}, "Worked part-time": {"Australia": "3,491,503", "Australia_%": "30.4", "New South Wales_%": "29.7", "Condobolin": "408", "Condobolin_%": "27.2", "New South Wales": "1,071,151"}, "Away from work": {"Australia": "569,276", "Australia_%": "5.0", "New South Wales_%": "4.8", "Condobolin": "112", "Condobolin_%": "7.5", "New South Wales": "174,654"}, "Worked full-time": {"Australia": "6,623,065", "Australia_%": "57.7", "New South Wales_%": "59.2", "Condobolin": "858", "Condobolin_%": "57.2", "New South Wales": "2,134,521"}}, "Travel to work, top responses": {"Walked only": {"Australia": "370,427", "Australia_%": "3.5", "New South Wales_%": "3.9", "Condobolin": "113", "Condobolin_%": "8.2", "New South Wales": "130,957"}, "Worked at home": {"Australia": "503,582", "Australia_%": "4.7", "New South Wales_%": "4.8", "Condobolin": "103", "Condobolin_%": "7.5", "New South Wales": "163,026"}, "People who travelled to work by car as driver or passenger": {"Australia": "7,305,271", "Australia_%": "68.4", "New South Wales_%": "64.6", "Condobolin": "963", "Condobolin_%": "70.0", "New South Wales": "2,182,854"}, "null": {"Australia": "None", "Australia_%": "None", "New South Wales_%": "None", "Condobolin": null, "Condobolin_%": null, "New South Wales": "None"}, "People who travelled to work by public transport": {"Australia": "1,225,668", "Australia_%": "11.5", "New South Wales_%": "16.0", "Condobolin": "20", "Condobolin_%": "1.5", "New South Wales": "540,215"}, "Car, as driver": {"Australia": "6,574,571", "Australia_%": "61.5", "New South Wales_%": "57.8", "Condobolin": "885", "Condobolin_%": "64.3", "New South Wales": "1,953,399"}, "Truck": {"Australia": "85,892", "Australia_%": "0.8", "New South Wales_%": "1.0", "Condobolin": "31", "Condobolin_%": "2.3", "New South Wales": "32,908"}, "Car, as passenger": {"Australia": "489,922", "Australia_%": "4.6", "New South Wales_%": "4.3", "Condobolin": "69", "Condobolin_%": "5.0", "New South Wales": "144,820"}}, "Occupation": {"Professionals": {"Australia": "2,370,966", "Australia_%": "22.2", "New South Wales_%": "23.6", "Condobolin": "178", "Condobolin_%": "12.9", "New South Wales": "798,126"}, "Technicians and Trades Workers": {"Australia": "1,447,414", "Australia_%": "13.5", "New South Wales_%": "12.7", "Condobolin": "184", "Condobolin_%": "13.3", "New South Wales": "429,239"}, "Labourers": {"Australia": "1,011,520", "Australia_%": "9.5", "New South Wales_%": "8.8", "Condobolin": "155", "Condobolin_%": "11.2", "New South Wales": "297,887"}, "Clerical and Administrative Workers": {"Australia": "1,449,681", "Australia_%": "13.6", "New South Wales_%": "13.8", "Condobolin": "132", "Condobolin_%": "9.6", "New South Wales": "467,977"}, "Machinery Operators and Drivers": {"Australia": "670,106", "Australia_%": "6.3", "New South Wales_%": "6.1", "Condobolin": "144", "Condobolin_%": "10.4", "New South Wales": "206,839"}, "Community and Personal Service Workers": {"Australia": "1,157,003", "Australia_%": "10.8", "New South Wales_%": "10.4", "Condobolin": "168", "Condobolin_%": "12.2", "New South Wales": "350,261"}, "Sales Workers": {"Australia": "1,000,955", "Australia_%": "9.4", "New South Wales_%": "9.2", "Condobolin": "107", "Condobolin_%": "7.8", "New South Wales": "311,414"}, "Managers": {"Australia": "1,390,047", "Australia_%": "13.0", "New South Wales_%": "13.5", "Condobolin": "283", "Condobolin_%": "20.5", "New South Wales": "456,084"}}}