{"Employment - hours worked": {"40 hours or more per week": {"Cooks Gap": "74", "Australia": "4,591,801", "Australia_%": "43.0", "New South Wales_%": "44.1", "Cooks Gap_%": "37.9", "New South Wales": "1,489,099"}, "25-34 hours per week": {"Cooks Gap": "23", "Australia": "1,193,445", "Australia_%": "11.2", "New South Wales_%": "10.5", "Cooks Gap_%": "11.8", "New South Wales": "353,702"}, "16-24 hours per week": {"Cooks Gap": "20", "Australia": "1,079,236", "Australia_%": "10.1", "New South Wales_%": "10.4", "Cooks Gap_%": "10.3", "New South Wales": "352,817"}, "35-39 hours per week": {"Cooks Gap": "44", "Australia": "2,031,263", "Australia_%": "19.0", "New South Wales_%": "19.1", "Cooks Gap_%": "22.6", "New South Wales": "645,428"}, "1-15 hours per week": {"Cooks Gap": "19", "Australia": "1,218,823", "Australia_%": "11.4", "New South Wales_%": "10.8", "Cooks Gap_%": "9.7", "New South Wales": "364,637"}}, "Number of registered motor vehicles": {"2 motor vehicles": {"Cooks Gap": "71", "Australia": "2,999,184", "Australia_%": "36.2", "New South Wales_%": "34.1", "Cooks Gap_%": "37.8", "New South Wales": "887,849"}, "None": {"Cooks Gap": "3", "Australia": "623,829", "Australia_%": "7.5", "New South Wales_%": "9.2", "Cooks Gap_%": "1.6", "New South Wales": "239,625"}, "Number of motor vehicles not stated": {"Cooks Gap": "14", "Australia": "285,197", "Australia_%": "3.4", "New South Wales_%": "3.7", "Cooks Gap_%": "7.4", "New South Wales": "95,623"}, "1 motor vehicle": {"Cooks Gap": "54", "Australia": "2,881,485", "Australia_%": "34.8", "New South Wales_%": "36.3", "Cooks Gap_%": "28.7", "New South Wales": "946,159"}, "3 or more vehicles": {"Cooks Gap": "46", "Australia": "1,496,382", "Australia_%": "18.1", "New South Wales_%": "16.7", "Cooks Gap_%": "24.5", "New South Wales": "435,053"}}, "Employment status of parents in couple families": {"Labour force status not stated (by one or both parents in a couple family)": {"Cooks Gap": "8", "Australia": "311,381", "Australia_%": "6.2", "New South Wales_%": "5.7", "Cooks Gap_%": "7.3", "New South Wales": "90,630"}, "One employed full-time, one part-time": {"Cooks Gap": "22", "Australia": "1,086,460", "Australia_%": "21.7", "New South Wales_%": "20.6", "Cooks Gap_%": "20.2", "New South Wales": "329,567"}, "One employed part-time, other not working": {"Cooks Gap": "13", "Australia": "302,037", "Australia_%": "6.0", "New South Wales_%": "6.1", "Cooks Gap_%": "11.9", "New South Wales": "96,933"}, "Other (includes away from work)": {"Cooks Gap": "7", "Australia": "264,145", "Australia_%": "5.3", "New South Wales_%": "5.1", "Cooks Gap_%": "6.4", "New South Wales": "80,905"}, "Both employed, worked full-time": {"Cooks Gap": "17", "Australia": "1,084,006", "Australia_%": "21.6", "New South Wales_%": "22.6", "Cooks Gap_%": "15.6", "New South Wales": "360,916"}, "One employed full-time, other not working": {"Cooks Gap": "15", "Australia": "749,886", "Australia_%": "15.0", "New South Wales_%": "15.0", "Cooks Gap_%": "13.8", "New South Wales": "240,084"}, "Both employed, worked part-time": {"Cooks Gap": "3", "Australia": "203,596", "Australia_%": "4.1", "New South Wales_%": "4.0", "Cooks Gap_%": "2.8", "New South Wales": "63,106"}, "Both not working": {"Cooks Gap": "24", "Australia": "1,006,697", "Australia_%": "20.1", "New South Wales_%": "21.0", "Cooks Gap_%": "22.0", "New South Wales": "334,742"}}, "Country of birth of mother, stated responses": {"Germany": {"Cooks Gap": "7", "Australia": "169,618", "Australia_%": "0.7", "New South Wales_%": "0.6", "Cooks Gap_%": "1.3", "New South Wales": "47,489"}, "Netherlands": {"Cooks Gap": "13", "Australia": "152,088", "Australia_%": "0.6", "New South Wales_%": "0.5", "Cooks Gap_%": "2.5", "New South Wales": "34,775"}, "Australia": {"Cooks Gap": "391", "Australia": "12,643,365", "Australia_%": "54.0", "New South Wales_%": "51.9", "Cooks Gap_%": "74.8", "New South Wales": "3,884,762"}, "England": {"Cooks Gap": "25", "Australia": "1,302,147", "Australia_%": "5.6", "New South Wales_%": "4.3", "Cooks Gap_%": "4.8", "New South Wales": "322,472"}, "New Zealand": {"Cooks Gap": "8", "Australia": "608,329", "Australia_%": "2.6", "New South Wales_%": "1.9", "Cooks Gap_%": "1.5", "New South Wales": "139,899"}}, "Dwelling structure": {"Other dwelling": {"Cooks Gap": "0", "Australia": "64,425", "Australia_%": "0.8", "New South Wales_%": "0.9", "Cooks Gap_%": "0.0", "New South Wales": "23,580"}, "Semi-detached, row or terrace house, townhouse etc": {"Cooks Gap": "0", "Australia": "1,055,016", "Australia_%": "12.7", "New South Wales_%": "12.2", "Cooks Gap_%": "0.0", "New South Wales": "317,453"}, "Separate house": {"Cooks Gap": "183", "Australia": "6,041,788", "Australia_%": "72.9", "New South Wales_%": "66.4", "Cooks Gap_%": "100.0", "New South Wales": "1,729,820"}, "Flat or apartment": {"Cooks Gap": "0", "Australia": "1,087,434", "Australia_%": "13.1", "New South Wales_%": "19.9", "Cooks Gap_%": "0.0", "New South Wales": "519,390"}}, "Number of bedrooms": {"1 bedroom": {"Cooks Gap": "6", "Australia": "411,252", "Australia_%": "5.0", "New South Wales_%": "6.0", "Cooks Gap_%": "3.2", "New South Wales": "157,194"}, "3 bedrooms": {"Cooks Gap": "75", "Australia": "3,403,190", "Australia_%": "41.1", "New South Wales_%": "37.2", "Cooks Gap_%": "40.3", "New South Wales": "970,001"}, "Average number of people per household": {"Cooks Gap": "2.7", "Australia": "2.6", "Australia_%": "--", "New South Wales_%": "--", "Cooks Gap_%": "--", "New South Wales": "2.6"}, "2 bedrooms": {"Cooks Gap": "38", "Australia": "1,562,759", "Australia_%": "18.9", "New South Wales_%": "22.2", "Cooks Gap_%": "20.4", "New South Wales": "577,675"}, "4 or more bedrooms": {"Cooks Gap": "60", "Australia": "2,670,758", "Australia_%": "32.2", "New South Wales_%": "31.3", "Cooks Gap_%": "32.3", "New South Wales": "816,405"}, "None (includes bedsitters)": {"Cooks Gap": "0", "Australia": "39,769", "Australia_%": "0.5", "New South Wales_%": "0.7", "Cooks Gap_%": "0.0", "New South Wales": "17,157"}, "Number of bedrooms not stated": {"Cooks Gap": "7", "Australia": "198,351", "Australia_%": "2.4", "New South Wales_%": "2.5", "Cooks Gap_%": "3.8", "New South Wales": "65,888"}, "Average number of bedrooms per dwelling": {"Cooks Gap": "3.1", "Australia": "3.1", "Australia_%": "--", "New South Wales_%": "--", "Cooks Gap_%": "--", "New South Wales": "3"}}, "summaryTable_qsFamilies": {"for all families": "0.8", "for families with children": "1.8", "Families": "136", "Average children per family": "None"}, "People characteristics": {"Male": {"Cooks Gap": "26", "Australia": "322,171", "Australia_%": "49.6", "New South Wales_%": "49.7", "Cooks Gap_%": "50.0", "New South Wales": "107,368"}, "Median age": {"Cooks Gap": "21", "Australia": "23", "Australia_%": "--", "New South Wales_%": "--", "Cooks Gap_%": "--", "New South Wales": "22"}, "Female": {"Cooks Gap": "26", "Australia": "326,996", "Australia_%": "50.4", "New South Wales_%": "50.3", "Cooks Gap_%": "50.0", "New South Wales": "108,809"}}, "Dwelling count": {"Unoccupied private dwellings": {"Cooks Gap": "45", "Australia": "1,039,874", "Australia_%": "11.2", "New South Wales_%": "9.9", "Cooks Gap_%": "19.7", "New South Wales": "284,741"}, "Occupied private dwellings": {"Cooks Gap": "183", "Australia": "8,286,073", "Australia_%": "88.8", "New South Wales_%": "90.1", "Cooks Gap_%": "80.3", "New South Wales": "2,604,320"}}, "Level of highest educational attainment": {"Certificate level III": {"Cooks Gap": "93", "Australia": "2,442,203", "Australia_%": "12.8", "New South Wales_%": "12.0", "Cooks Gap_%": "21.5", "New South Wales": "730,498"}, "Certificate level II": {"Cooks Gap": "0", "Australia": "13,454", "Australia_%": "0.1", "New South Wales_%": "0.1", "Cooks Gap_%": "0.0", "New South Wales": "4,849"}, "No educational attainment": {"Cooks Gap": "3", "Australia": "145,844", "Australia_%": "0.8", "New South Wales_%": "0.9", "Cooks Gap_%": "0.7", "New South Wales": "54,870"}, "Bachelor Degree level and above": {"Cooks Gap": "28", "Australia": "4,181,406", "Australia_%": "22.0", "New South Wales_%": "23.4", "Cooks Gap_%": "6.5", "New South Wales": "1,424,716"}, "Certificate level I": {"Cooks Gap": "0", "Australia": "2,176", "Australia_%": "0.0", "New South Wales_%": "0.0", "Cooks Gap_%": "0.0", "New South Wales": "625"}, "Year 11": {"Cooks Gap": "15", "Australia": "941,531", "Australia_%": "4.9", "New South Wales_%": "3.3", "Cooks Gap_%": "3.5", "New South Wales": "203,574"}, "Not stated": {"Cooks Gap": "79", "Australia": "1,974,794", "Australia_%": "10.4", "New South Wales_%": "10.3", "Cooks Gap_%": "18.2", "New South Wales": "627,465"}, "Year 9 or below": {"Cooks Gap": "55", "Australia": "1,529,897", "Australia_%": "8.0", "New South Wales_%": "8.4", "Cooks Gap_%": "12.7", "New South Wales": "513,209"}, "Certificate level IV": {"Cooks Gap": "13", "Australia": "551,767", "Australia_%": "2.9", "New South Wales_%": "2.8", "Cooks Gap_%": "3.0", "New South Wales": "167,947"}, "Year 10": {"Cooks Gap": "73", "Australia": "2,054,331", "Australia_%": "10.8", "New South Wales_%": "11.5", "Cooks Gap_%": "16.9", "New South Wales": "702,178"}, "Year 12": {"Cooks Gap": "47", "Australia": "2,994,097", "Australia_%": "15.7", "New South Wales_%": "15.3", "Cooks Gap_%": "10.9", "New South Wales": "930,654"}, "Advanced Diploma and Diploma level": {"Cooks Gap": "22", "Australia": "1,687,893", "Australia_%": "8.9", "New South Wales_%": "8.9", "Cooks Gap_%": "5.1", "New South Wales": "543,142"}}, "Median weekly incomes": {"Personal": {"Cooks Gap": "491", "Australia": "662", "Australia_%": "--", "New South Wales_%": "--", "Cooks Gap_%": "--", "New South Wales": "664"}, "Household": {"Cooks Gap": "1,096", "Australia": "1,438", "Australia_%": "--", "New South Wales_%": "--", "Cooks Gap_%": "--", "New South Wales": "1,486"}, "Family": {"Cooks Gap": "1,333", "Australia": "1,734", "Australia_%": "--", "New South Wales_%": "--", "Cooks Gap_%": "--", "New South Wales": "1,780"}}, "Family composition": {"Other family": {"Cooks Gap": "0", "Australia": "102,559", "Australia_%": "1.7", "New South Wales_%": "1.7", "Cooks Gap_%": "0.0", "New South Wales": "32,438"}, "Couple family with children": {"Cooks Gap": "51", "Australia": "2,716,224", "Australia_%": "44.7", "New South Wales_%": "45.7", "Cooks Gap_%": "38.6", "New South Wales": "887,358"}, "Couple family without children": {"Cooks Gap": "54", "Australia": "2,291,987", "Australia_%": "37.8", "New South Wales_%": "36.6", "Cooks Gap_%": "40.9", "New South Wales": "709,524"}, "One parent family": {"Cooks Gap": "27", "Australia": "959,543", "Australia_%": "15.8", "New South Wales_%": "16.0", "Cooks Gap_%": "20.5", "New South Wales": "310,906"}}, "Dwelling internet connection": {"Not stated": {"Cooks Gap": "5", "Australia": "221,494", "Australia_%": "2.7", "New South Wales_%": "2.8", "Cooks Gap_%": "2.7", "New South Wales": "73,565"}, "Internet not accessed from dwelling": {"Cooks Gap": "42", "Australia": "1,172,415", "Australia_%": "14.1", "New South Wales_%": "14.7", "Cooks Gap_%": "23.0", "New South Wales": "381,709"}, "Internet accessed from dwelling": {"Cooks Gap": "136", "Australia": "6,892,165", "Australia_%": "83.2", "New South Wales_%": "82.5", "Cooks Gap_%": "74.3", "New South Wales": "2,149,040"}}, "Social marital status": {"Not married": {"Cooks Gap": "153", "Australia": "7,024,973", "Australia_%": "41.9", "New South Wales_%": "42.3", "Cooks Gap_%": "42.9", "New South Wales": "2,290,887"}, "De facto marriage": {"Cooks Gap": "41", "Australia": "1,751,731", "Australia_%": "10.4", "New South Wales_%": "9.4", "Cooks Gap_%": "11.5", "New South Wales": "506,133"}, "Registered marriage": {"Cooks Gap": "163", "Australia": "8,001,141", "Australia_%": "47.7", "New South Wales_%": "48.3", "Cooks Gap_%": "45.7", "New South Wales": "2,612,630"}}, "Household composition": {"Family households": {"Cooks Gap": "134", "Australia": "5,907,625", "Australia_%": "71.3", "New South Wales_%": "72.0", "Cooks Gap_%": "73.2", "New South Wales": "1,874,524"}, "Group households": {"Cooks Gap": "8", "Australia": "354,917", "Australia_%": "4.3", "New South Wales_%": "4.2", "Cooks Gap_%": "4.4", "New South Wales": "109,004"}, "Single (or lone) person households": {"Cooks Gap": "41", "Australia": "2,023,542", "Australia_%": "24.4", "New South Wales_%": "23.8", "Cooks Gap_%": "22.4", "New South Wales": "620,778"}}, "People": {"Male": {"Cooks Gap": "264", "Australia": "11,546,638", "Australia_%": "49.3", "New South Wales_%": "49.3", "Cooks Gap_%": "49.5", "New South Wales": "3,686,014"}, "Aboriginal and/or Torres Strait Islander people": {"Cooks Gap": "46", "Australia": "649,171", "Australia_%": "2.8", "New South Wales_%": "2.9", "Cooks Gap_%": "8.5", "New South Wales": "216,176"}, "Female": {"Cooks Gap": "269", "Australia": "11,855,248", "Australia_%": "50.7", "New South Wales_%": "50.7", "Cooks Gap_%": "50.5", "New South Wales": "3,794,217"}}, "Language, top responses (other than English)": {"Estonian": {"Cooks Gap": "3", "Australia": "1,844", "Australia_%": "0.0", "New South Wales_%": "0.0", "Cooks Gap_%": "0.6", "New South Wales": "608"}, "German": {"Cooks Gap": "3", "Australia": "79,353", "Australia_%": "0.3", "New South Wales_%": "0.3", "Cooks Gap_%": "0.6", "New South Wales": "23,033"}, "null": {"Cooks Gap": null, "Australia": "None", "Australia_%": "None", "New South Wales_%": "None", "Cooks Gap_%": null, "New South Wales": "None"}, "English only spoken at home": {"Cooks Gap": "462", "Australia": "17,020,417", "Australia_%": "72.7", "New South Wales_%": "68.5", "Cooks Gap_%": "86.4", "New South Wales": "5,126,633"}, "Maori (New Zealand)": {"Cooks Gap": "3", "Australia": "11,747", "Australia_%": "0.1", "New South Wales_%": "0.0", "Cooks Gap_%": "0.6", "New South Wales": "2,429"}, "Dutch": {"Cooks Gap": "3", "Australia": "33,835", "Australia_%": "0.1", "New South Wales_%": "0.1", "Cooks Gap_%": "0.6", "New South Wales": "8,686"}, "Households where a non English language is spoken": {"Cooks Gap": "11", "Australia": "1,971,011", "Australia_%": "22.2", "New South Wales_%": "26.5", "Cooks Gap_%": "5.3", "New South Wales": "735,563"}}, "summaryTable_qsDwelling": {"Median monthly mortgage repayments": "$1,600", "All private dwellings": "258", "Average people per household": "2.7", "Median weekly household income": "$1,096", "Median weekly rent": "$240", "Average motor vehicles per dwelling": "2"}, "Household income": {"Less than $650 gross weekly income": {"Cooks Gap": "--", "Australia": "--", "Australia_%": "20.0", "New South Wales_%": "19.7", "Cooks Gap_%": "26.5", "New South Wales": "--"}, "More than $3000 gross weekly income": {"Cooks Gap": "--", "Australia": "--", "Australia_%": "16.4", "New South Wales_%": "18.7", "Cooks Gap_%": "11.1", "New South Wales": "--"}}, "Country of birth": {"Other top responses": {"Cooks Gap": "None", "Cooks Gap_%": "None"}, "Australia": {"Cooks Gap": "421", "Australia": "15,614,835", "Australia_%": "66.7", "New South Wales_%": "65.5", "Cooks Gap_%": "80.5", "New South Wales": "4,899,090"}, "England": {"Cooks Gap": "16", "Australia": "907,570", "Australia_%": "3.9", "New South Wales_%": "3.0", "Cooks Gap_%": "3.1", "New South Wales": "226,564"}, "Philippines": {"Cooks Gap": "3", "Australia": "232,386", "Australia_%": "1.0", "New South Wales_%": "1.2", "Cooks Gap_%": "0.6", "New South Wales": "86,749"}, "Netherlands": {"Cooks Gap": "4", "Australia": "70,172", "Australia_%": "0.3", "New South Wales_%": "0.2", "Cooks Gap_%": "0.8", "New South Wales": "16,900"}, "Ireland": {"Cooks Gap": "3", "Australia": "74,888", "Australia_%": "0.3", "New South Wales_%": "0.3", "Cooks Gap_%": "0.6", "New South Wales": "24,038"}, "New Zealand": {"Cooks Gap": "6", "Australia": "518,466", "Australia_%": "2.2", "New South Wales_%": "1.6", "Cooks Gap_%": "1.1", "New South Wales": "117,136"}}, "Religious affiliation, top responses": {"No Religion, so described": {"Cooks Gap": "128", "Australia": "6,933,708", "Australia_%": "29.6", "New South Wales_%": "25.1", "Cooks Gap_%": "24.0", "New South Wales": "1,879,562"}, "Anglican": {"Cooks Gap": "152", "Australia": "3,101,185", "Australia_%": "13.3", "New South Wales_%": "15.5", "Cooks Gap_%": "28.5", "New South Wales": "1,161,810"}, "Not stated": {"Cooks Gap": "76", "Australia": "2,238,735", "Australia_%": "9.6", "New South Wales_%": "9.2", "Cooks Gap_%": "14.2", "New South Wales": "684,969"}, "Uniting Church": {"Cooks Gap": "17", "Australia": "870,183", "Australia_%": "3.7", "New South Wales_%": "2.9", "Cooks Gap_%": "3.2", "New South Wales": "217,258"}, "Catholic": {"Cooks Gap": "122", "Australia": "5,291,834", "Australia_%": "22.6", "New South Wales_%": "24.7", "Cooks Gap_%": "22.8", "New South Wales": "1,846,443"}}, "Ancestry, top responses": {"German": {"Cooks Gap": "21", "Australia": "982,226", "Australia_%": "3.1", "New South Wales_%": "2.4", "Cooks Gap_%": "3.0", "New South Wales": "236,146"}, "Australian": {"Cooks Gap": "275", "Australia": "7,298,243", "Australia_%": "23.3", "New South Wales_%": "22.9", "Cooks Gap_%": "39.0", "New South Wales": "2,261,062"}, "Scottish": {"Cooks Gap": "38", "Australia": "2,023,470", "Australia_%": "6.4", "New South Wales_%": "5.9", "Cooks Gap_%": "5.4", "New South Wales": "587,052"}, "Irish": {"Cooks Gap": "47", "Australia": "2,388,058", "Australia_%": "7.6", "New South Wales_%": "7.5", "Cooks Gap_%": "6.7", "New South Wales": "741,671"}, "English": {"Cooks Gap": "213", "Australia": "7,852,224", "Australia_%": "25.0", "New South Wales_%": "23.3", "Cooks Gap_%": "30.2", "New South Wales": "2,302,481"}}, "Age": {"35-39 years": {"Cooks Gap": "27", "Australia": "1,561,679", "Australia_%": "6.7", "New South Wales_%": "6.7", "Cooks Gap_%": "5.1", "New South Wales": "499,724"}, "60-64 years": {"Cooks Gap": "23", "Australia": "1,299,397", "Australia_%": "5.6", "New South Wales_%": "5.6", "Cooks Gap_%": "4.4", "New South Wales": "420,044"}, "30-34 years": {"Cooks Gap": "32", "Australia": "1,703,847", "Australia_%": "7.3", "New South Wales_%": "7.2", "Cooks Gap_%": "6.1", "New South Wales": "540,360"}, "0-4 years": {"Cooks Gap": "38", "Australia": "1,464,779", "Australia_%": "6.3", "New South Wales_%": "6.2", "Cooks Gap_%": "7.2", "New South Wales": "465,135"}, "25-29 years": {"Cooks Gap": "24", "Australia": "1,664,602", "Australia_%": "7.1", "New South Wales_%": "7.0", "Cooks Gap_%": "4.6", "New South Wales": "527,161"}, "10-14 years": {"Cooks Gap": "33", "Australia": "1,397,183", "Australia_%": "6.0", "New South Wales_%": "5.9", "Cooks Gap_%": "6.3", "New South Wales": "443,009"}, "5-9 years": {"Cooks Gap": "37", "Australia": "1,502,646", "Australia_%": "6.4", "New South Wales_%": "6.4", "Cooks Gap_%": "7.0", "New South Wales": "478,184"}, "Median age": {"Cooks Gap": "43", "Australia": "38", "Australia_%": "--", "New South Wales_%": "--", "Cooks Gap_%": "--", "New South Wales": "38"}, "50-54 years": {"Cooks Gap": "52", "Australia": "1,523,551", "Australia_%": "6.5", "New South Wales_%": "6.5", "Cooks Gap_%": "9.9", "New South Wales": "485,546"}, "80-84 years": {"Cooks Gap": "13", "Australia": "460,549", "Australia_%": "2.0", "New South Wales_%": "2.1", "Cooks Gap_%": "2.5", "New South Wales": "155,806"}, "40-44 years": {"Cooks Gap": "35", "Australia": "1,583,257", "Australia_%": "6.8", "New South Wales_%": "6.7", "Cooks Gap_%": "6.7", "New South Wales": "503,169"}, "70-74 years": {"Cooks Gap": "14", "Australia": "887,716", "Australia_%": "3.8", "New South Wales_%": "3.9", "Cooks Gap_%": "2.7", "New South Wales": "292,556"}, "15-19 years": {"Cooks Gap": "33", "Australia": "1,421,595", "Australia_%": "6.1", "New South Wales_%": "6.0", "Cooks Gap_%": "6.3", "New South Wales": "448,425"}, "65-69 years": {"Cooks Gap": "45", "Australia": "1,188,999", "Australia_%": "5.1", "New South Wales_%": "5.1", "Cooks Gap_%": "8.6", "New South Wales": "384,470"}, "20-24 years": {"Cooks Gap": "29", "Australia": "1,566,793", "Australia_%": "6.7", "New South Wales_%": "6.5", "Cooks Gap_%": "5.5", "New South Wales": "489,673"}, "55-59 years": {"Cooks Gap": "35", "Australia": "1,454,332", "Australia_%": "6.2", "New South Wales_%": "6.3", "Cooks Gap_%": "6.7", "New South Wales": "469,726"}, "75-79 years": {"Cooks Gap": "7", "Australia": "652,657", "Australia_%": "2.8", "New South Wales_%": "2.9", "Cooks Gap_%": "1.3", "New South Wales": "217,308"}, "45-49 years": {"Cooks Gap": "39", "Australia": "1,581,455", "Australia_%": "6.8", "New South Wales_%": "6.6", "Cooks Gap_%": "7.4", "New South Wales": "492,440"}, "85 years and over": {"Cooks Gap": "10", "Australia": "486,842", "Australia_%": "2.1", "New South Wales_%": "2.2", "Cooks Gap_%": "1.9", "New South Wales": "167,506"}}, "Single (or lone) parents": {"Male": {"Cooks Gap": "--", "Australia": "--", "Australia_%": "18.2", "New South Wales_%": "17.8", "Cooks Gap_%": "12.5", "New South Wales": "--"}, "Female": {"Cooks Gap": "--", "Australia": "--", "Australia_%": "81.8", "New South Wales_%": "82.2", "Cooks Gap_%": "87.5", "New South Wales": "--"}}, "Mortgage monthly repayments": {"Median mortgage repayments": {"Cooks Gap": "1,600", "Australia": "1,755", "Australia_%": "--", "New South Wales_%": "--", "Cooks Gap_%": "--", "New South Wales": "1,986"}, "Households where mortgage repayments are less than 30% of household income": {"Cooks Gap": "--", "Australia": "--", "Australia_%": "92.8", "New South Wales_%": "92.6", "Cooks Gap_%": "90.0", "New South Wales": "--"}, "Households with mortgage repayments greater than or equal to 30% of household income": {"Cooks Gap": "--", "Australia": "--", "Australia_%": "7.2", "New South Wales_%": "7.4", "Cooks Gap_%": "10.0", "New South Wales": "--"}}, "Mortgage and rent": {"Median monthly mortgage repayments": {"Cooks Gap": "1,044", "Australia": "1,660", "Australia_%": "--", "New South Wales_%": "--", "Cooks Gap_%": "--", "New South Wales": "1,733"}, "Median weekly rent": {"Cooks Gap": "235", "Australia": "250", "Australia_%": "--", "New South Wales_%": "--", "Cooks Gap_%": "--", "New South Wales": "270"}}, "Tenure": {"Rented": {"Cooks Gap": "28", "Australia": "2,561,302", "Australia_%": "30.9", "New South Wales_%": "31.8", "Cooks Gap_%": "14.7", "New South Wales": "826,922"}, "Owned outright": {"Cooks Gap": "74", "Australia": "2,565,695", "Australia_%": "31.0", "New South Wales_%": "32.2", "Cooks Gap_%": "38.9", "New South Wales": "839,665"}, "Owned with a mortgage": {"Cooks Gap": "79", "Australia": "2,855,222", "Australia_%": "34.5", "New South Wales_%": "32.3", "Cooks Gap_%": "41.6", "New South Wales": "840,004"}, "Tenure type not stated": {"Cooks Gap": "9", "Australia": "224,869", "Australia_%": "2.7", "New South Wales_%": "2.8", "Cooks Gap_%": "4.7", "New South Wales": "73,763"}, "Other tenure type": {"Cooks Gap": "0", "Australia": "78,994", "Australia_%": "1.0", "New South Wales_%": "0.9", "Cooks Gap_%": "0.0", "New South Wales": "23,968"}}, "Country of birth of father, stated responses": {"Germany": {"Cooks Gap": "5", "Australia": "170,571", "Australia_%": "0.7", "New South Wales_%": "0.6", "Cooks Gap_%": "0.9", "New South Wales": "47,543"}, "Netherlands": {"Cooks Gap": "13", "Australia": "175,354", "Australia_%": "0.7", "New South Wales_%": "0.5", "Cooks Gap_%": "2.5", "New South Wales": "40,444"}, "Australia": {"Cooks Gap": "392", "Australia": "12,231,150", "Australia_%": "52.3", "New South Wales_%": "50.1", "Cooks Gap_%": "74.0", "New South Wales": "3,745,787"}, "England": {"Cooks Gap": "27", "Australia": "1,403,096", "Australia_%": "6.0", "New South Wales_%": "4.8", "Cooks Gap_%": "5.1", "New South Wales": "359,370"}, "New Zealand": {"Cooks Gap": "4", "Australia": "617,331", "Australia_%": "2.6", "New South Wales_%": "1.9", "Cooks Gap_%": "0.8", "New South Wales": "143,450"}}, "Country of birth of father and/or mother, stated responses": {"Father only born overseas": {"Cooks Gap": "15", "Australia": "1,488,092", "Australia_%": "6.4", "New South Wales_%": "6.1", "Cooks Gap_%": "2.8", "New South Wales": "458,394"}, "Mother only born overseas": {"Cooks Gap": "23", "Australia": "1,094,591", "Australia_%": "4.7", "New South Wales_%": "4.3", "Cooks Gap_%": "4.3", "New South Wales": "325,182"}, "Both parents born overseas": {"Cooks Gap": "65", "Australia": "8,051,196", "Australia_%": "34.4", "New South Wales_%": "37.0", "Cooks Gap_%": "12.1", "New South Wales": "2,764,170"}, "Both parents born in Australia": {"Cooks Gap": "365", "Australia": "11,070,538", "Australia_%": "47.3", "New South Wales_%": "45.4", "Cooks Gap_%": "68.1", "New South Wales": "3,399,725"}}, "Rent weekly payments": {"Households where rent payments are less than 30% of household income": {"Cooks Gap": "--", "Australia": "--", "Australia_%": "88.5", "New South Wales_%": "87.1", "Cooks Gap_%": "96.0", "New South Wales": "--"}, "Households with rent payments greater than or equal to 30% of household income": {"Cooks Gap": "--", "Australia": "--", "Australia_%": "11.5", "New South Wales_%": "12.9", "Cooks Gap_%": "4.0", "New South Wales": "--"}, "Median rent": {"Cooks Gap": "240", "Australia": "335", "Australia_%": "--", "New South Wales_%": "--", "Cooks Gap_%": "--", "New South Wales": "380"}}, "Registered marital status": {"Separated": {"Cooks Gap": "19", "Australia": "608,059", "Australia_%": "3.2", "New South Wales_%": "3.1", "Cooks Gap_%": "4.4", "New South Wales": "190,198"}, "Widowed": {"Cooks Gap": "24", "Australia": "985,204", "Australia_%": "5.2", "New South Wales_%": "5.4", "Cooks Gap_%": "5.5", "New South Wales": "331,653"}, "Married": {"Cooks Gap": "212", "Australia": "9,148,218", "Australia_%": "48.1", "New South Wales_%": "48.7", "Cooks Gap_%": "48.6", "New South Wales": "2,965,280"}, "Divorced": {"Cooks Gap": "53", "Australia": "1,626,890", "Australia_%": "8.5", "New South Wales_%": "8.4", "Cooks Gap_%": "12.2", "New South Wales": "512,298"}, "Never married": {"Cooks Gap": "128", "Australia": "6,668,910", "Australia_%": "35.0", "New South Wales_%": "34.4", "Cooks Gap_%": "29.4", "New South Wales": "2,094,460"}}, "summaryTable_qsPeople": {"Male": "49.5%", "Median age": "43", "Female": "50.5%", "People": "540"}, "Dwelling characteristics": {"Average number of people per household": {"Cooks Gap": "3.1", "Australia": "3.2", "Australia_%": "--", "New South Wales_%": "--", "Cooks Gap_%": "--", "New South Wales": "3.1"}, "Average number of persons per bedroom": {"Cooks Gap": "1", "Australia": "1", "Australia_%": "--", "New South Wales_%": "--", "Cooks Gap_%": "--", "New South Wales": "1"}, "Median weekly household income": {"Cooks Gap": "1,437", "Australia": "1,203", "Australia_%": "--", "New South Wales_%": "--", "Cooks Gap_%": "--", "New South Wales": "1,214"}}, "Unpaid work": {"Did unpaid domestic work (last week)": {"Cooks Gap": "272", "Australia": "13,143,914", "Australia_%": "69.0", "New South Wales_%": "67.7", "Cooks Gap_%": "63.3", "New South Wales": "4,127,723"}, "Provided unpaid assistance to a person with a disability (last two weeks)": {"Cooks Gap": "48", "Australia": "2,145,203", "Australia_%": "11.3", "New South Wales_%": "11.6", "Cooks Gap_%": "11.1", "New South Wales": "709,415"}, "Did voluntary work through an organisation or group (last 12 months)": {"Cooks Gap": "69", "Australia": "3,620,726", "Australia_%": "19.0", "New South Wales_%": "18.1", "Cooks Gap_%": "16.0", "New South Wales": "1,103,790"}, "Cared for child/children (last two weeks)": {"Cooks Gap": "102", "Australia": "5,259,400", "Australia_%": "27.6", "New South Wales_%": "27.2", "Cooks Gap_%": "23.4", "New South Wales": "1,659,250"}}, "Unpaid domestic work, number of hours": {"5 to 14 hours per week": {"Cooks Gap": "100", "Australia": "4,944,578", "Australia_%": "26.0", "New South Wales_%": "25.1", "Cooks Gap_%": "23.5", "New South Wales": "1,531,206"}, "30 hours or more per week": {"Cooks Gap": "50", "Australia": "1,710,970", "Australia_%": "9.0", "New South Wales_%": "9.0", "Cooks Gap_%": "11.8", "New South Wales": "545,925"}, "Less than 5 hours per week": {"Cooks Gap": "62", "Australia": "4,298,593", "Australia_%": "22.6", "New South Wales_%": "22.3", "Cooks Gap_%": "14.6", "New South Wales": "1,359,656"}, "15 to 29 hours per week": {"Cooks Gap": "55", "Australia": "2,189,776", "Australia_%": "11.5", "New South Wales_%": "11.3", "Cooks Gap_%": "12.9", "New South Wales": "690,934"}}, "Industry of employment, top responses": {"Coal Mining": {"Cooks Gap": "35", "Australia": "46,491", "Australia_%": "0.4", "New South Wales_%": "0.6", "Cooks Gap_%": "23.2", "New South Wales": "19,153"}, "Child Care Services": {"Cooks Gap": "9", "Australia": "118,234", "Australia_%": "1.1", "New South Wales_%": "1.2", "Cooks Gap_%": "6.0", "New South Wales": "39,224"}, "Department Stores": {"Cooks Gap": "7", "Australia": "75,513", "Australia_%": "0.7", "New South Wales_%": "0.7", "Cooks Gap_%": "4.6", "New South Wales": "23,099"}, "Cafes and Restaurants": {"Cooks Gap": "6", "Australia": "253,385", "Australia_%": "2.4", "New South Wales_%": "2.4", "Cooks Gap_%": "4.0", "New South Wales": "80,552"}, "Other Social Assistance Services": {"Cooks Gap": "8", "Australia": "158,230", "Australia_%": "1.5", "New South Wales_%": "1.6", "Cooks Gap_%": "5.3", "New South Wales": "54,259"}}, "GeoInfo": {"city": "Cooks Gap"}, "Education": {"University or tertiary institution": {"Cooks Gap": "3", "Australia": "1,160,626", "Australia_%": "16.1", "New South Wales_%": "16.2", "Cooks Gap_%": "1.8", "New South Wales": "376,133"}, "Secondary - Catholic": {"Cooks Gap": "5", "Australia": "338,384", "Australia_%": "4.7", "New South Wales_%": "5.1", "Cooks Gap_%": "3.0", "New South Wales": "117,689"}, "Secondary - other non Government": {"Cooks Gap": "0", "Australia": "280,618", "Australia_%": "3.9", "New South Wales_%": "3.4", "Cooks Gap_%": "0.0", "New South Wales": "79,915"}, "Primary - Catholic": {"Cooks Gap": "9", "Australia": "380,604", "Australia_%": "5.3", "New South Wales_%": "5.3", "Cooks Gap_%": "5.4", "New South Wales": "122,099"}, "Primary - Government": {"Cooks Gap": "37", "Australia": "1,314,787", "Australia_%": "18.2", "New South Wales_%": "18.0", "Cooks Gap_%": "22.2", "New South Wales": "417,465"}, "Other": {"Cooks Gap": "3", "Australia": "198,383", "Australia_%": "2.8", "New South Wales_%": "2.7", "Cooks Gap_%": "1.8", "New South Wales": "63,673"}, "Technical or further education institution": {"Cooks Gap": "14", "Australia": "424,869", "Australia_%": "5.9", "New South Wales_%": "6.2", "Cooks Gap_%": "8.4", "New South Wales": "144,103"}, "Secondary - Government": {"Cooks Gap": "22", "Australia": "827,505", "Australia_%": "11.5", "New South Wales_%": "11.6", "Cooks Gap_%": "13.2", "New South Wales": "269,249"}, "Primary - other non Government": {"Cooks Gap": "0", "Australia": "231,490", "Australia_%": "3.2", "New South Wales_%": "2.9", "Cooks Gap_%": "0.0", "New South Wales": "67,611"}, "Not stated": {"Cooks Gap": "66", "Australia": "1,707,023", "Australia_%": "23.7", "New South Wales_%": "23.0", "Cooks Gap_%": "39.5", "New South Wales": "535,266"}, "Preschool": {"Cooks Gap": "8", "Australia": "347,621", "Australia_%": "4.8", "New South Wales_%": "5.7", "Cooks Gap_%": "4.8", "New South Wales": "132,047"}}, "Employment": {"Unemployed": {"Cooks Gap": "9", "Australia": "787,452", "Australia_%": "6.9", "New South Wales_%": "6.3", "Cooks Gap_%": "4.3", "New South Wales": "225,546"}, "Worked part-time": {"Cooks Gap": "67", "Australia": "3,491,503", "Australia_%": "30.4", "New South Wales_%": "29.7", "Cooks Gap_%": "31.8", "New South Wales": "1,071,151"}, "Away from work": {"Cooks Gap": "15", "Australia": "569,276", "Australia_%": "5.0", "New South Wales_%": "4.8", "Cooks Gap_%": "7.1", "New South Wales": "174,654"}, "Worked full-time": {"Cooks Gap": "120", "Australia": "6,623,065", "Australia_%": "57.7", "New South Wales_%": "59.2", "Cooks Gap_%": "56.9", "New South Wales": "2,134,521"}}, "Travel to work, top responses": {"Walked only": {"Cooks Gap": "4", "Australia": "370,427", "Australia_%": "3.5", "New South Wales_%": "3.9", "Cooks Gap_%": "2.0", "New South Wales": "130,957"}, "Worked at home": {"Cooks Gap": "7", "Australia": "503,582", "Australia_%": "4.7", "New South Wales_%": "4.8", "Cooks Gap_%": "3.5", "New South Wales": "163,026"}, "People who travelled to work by car as driver or passenger": {"Cooks Gap": "154", "Australia": "7,305,271", "Australia_%": "68.4", "New South Wales_%": "64.6", "Cooks Gap_%": "77.4", "New South Wales": "2,182,854"}, "null": {"Cooks Gap": null, "Australia": "None", "Australia_%": "None", "New South Wales_%": "None", "Cooks Gap_%": null, "New South Wales": "None"}, "People who travelled to work by public transport": {"Cooks Gap": "3", "Australia": "1,225,668", "Australia_%": "11.5", "New South Wales_%": "16.0", "Cooks Gap_%": "1.5", "New South Wales": "540,215"}, "Car, as driver": {"Cooks Gap": "148", "Australia": "6,574,571", "Australia_%": "61.5", "New South Wales_%": "57.8", "Cooks Gap_%": "74.7", "New South Wales": "1,953,399"}, "Truck": {"Cooks Gap": "8", "Australia": "85,892", "Australia_%": "0.8", "New South Wales_%": "1.0", "Cooks Gap_%": "4.0", "New South Wales": "32,908"}, "Car, as passenger": {"Cooks Gap": "3", "Australia": "489,922", "Australia_%": "4.6", "New South Wales_%": "4.3", "Cooks Gap_%": "1.5", "New South Wales": "144,820"}}, "Occupation": {"Professionals": {"Cooks Gap": "16", "Australia": "2,370,966", "Australia_%": "22.2", "New South Wales_%": "23.6", "Cooks Gap_%": "8.1", "New South Wales": "798,126"}, "Managers": {"Cooks Gap": "18", "Australia": "1,390,047", "Australia_%": "13.0", "New South Wales_%": "13.5", "Cooks Gap_%": "9.1", "New South Wales": "456,084"}, "Community and Personal Service Workers": {"Cooks Gap": "27", "Australia": "1,157,003", "Australia_%": "10.8", "New South Wales_%": "10.4", "Cooks Gap_%": "13.6", "New South Wales": "350,261"}, "Clerical and Administrative Workers": {"Cooks Gap": "13", "Australia": "1,449,681", "Australia_%": "13.6", "New South Wales_%": "13.8", "Cooks Gap_%": "6.6", "New South Wales": "467,977"}, "Machinery Operators and Drivers": {"Cooks Gap": "32", "Australia": "670,106", "Australia_%": "6.3", "New South Wales_%": "6.1", "Cooks Gap_%": "16.2", "New South Wales": "206,839"}, "Labourers": {"Cooks Gap": "29", "Australia": "1,011,520", "Australia_%": "9.5", "New South Wales_%": "8.8", "Cooks Gap_%": "14.6", "New South Wales": "297,887"}, "Sales Workers": {"Cooks Gap": "24", "Australia": "1,000,955", "Australia_%": "9.4", "New South Wales_%": "9.2", "Cooks Gap_%": "12.1", "New South Wales": "311,414"}, "Technicians and Trades Workers": {"Cooks Gap": "39", "Australia": "1,447,414", "Australia_%": "13.5", "New South Wales_%": "12.7", "Cooks Gap_%": "19.7", "New South Wales": "429,239"}}}