{"GeoInfo": {"city": "Diggers Camp"}, "summaryTable_qsDwelling": {"Median monthly mortgage repayments": "$0", "All private dwellings": "45", "Average people per household": "1.5", "Median weekly household income": "$899", "Median weekly rent": "$0", "Average motor vehicles per dwelling": "1.4"}, "summaryTable_qsPeople": {"Male": "55.6%", "Median age": "61", "Female": "44.4%", "People": "18"}, "summaryTable_qsFamilies": {"for all families": "0", "for families with children": "0", "Families": "3", "Average children per family": "None"}}