{"GeoInfo": {"city": "Dumaresq Valley"}, "summaryTable_qsDwelling": {"Median monthly mortgage repayments": "$0", "All private dwellings": "14", "Average people per household": "2.1", "Median weekly household income": "$483", "Median weekly rent": "$0", "Average motor vehicles per dwelling": "1.7"}, "summaryTable_qsPeople": {"Male": "46.3%", "Median age": "43", "Female": "53.7%", "People": "41"}, "summaryTable_qsFamilies": {"for all families": "1", "for families with children": "2.3", "Families": "13", "Average children per family": "None"}}