{"Employment - hours worked": {"40 hours or more per week": {"Australia": "4,591,801", "Falls Creek (NSW)_%": "40.9", "Australia_%": "43.0", "New South Wales_%": "44.1", "Falls Creek (NSW)": "169", "New South Wales": "1,489,099"}, "25-34 hours per week": {"Australia": "1,193,445", "Falls Creek (NSW)_%": "13.6", "Australia_%": "11.2", "New South Wales_%": "10.5", "Falls Creek (NSW)": "56", "New South Wales": "353,702"}, "16-24 hours per week": {"Australia": "1,079,236", "Falls Creek (NSW)_%": "11.1", "Australia_%": "10.1", "New South Wales_%": "10.4", "Falls Creek (NSW)": "46", "New South Wales": "352,817"}, "35-39 hours per week": {"Australia": "2,031,263", "Falls Creek (NSW)_%": "17.9", "Australia_%": "19.0", "New South Wales_%": "19.1", "Falls Creek (NSW)": "74", "New South Wales": "645,428"}, "1-15 hours per week": {"Australia": "1,218,823", "Falls Creek (NSW)_%": "9.9", "Australia_%": "11.4", "New South Wales_%": "10.8", "Falls Creek (NSW)": "41", "New South Wales": "364,637"}}, "Number of registered motor vehicles": {"2 motor vehicles": {"Australia": "2,999,184", "Falls Creek (NSW)_%": "41.3", "Australia_%": "36.2", "New South Wales_%": "34.1", "Falls Creek (NSW)": "128", "New South Wales": "887,849"}, "None": {"Australia": "623,829", "Falls Creek (NSW)_%": "0.0", "Australia_%": "7.5", "New South Wales_%": "9.2", "Falls Creek (NSW)": "0", "New South Wales": "239,625"}, "Number of motor vehicles not stated": {"Australia": "285,197", "Falls Creek (NSW)_%": "3.2", "Australia_%": "3.4", "New South Wales_%": "3.7", "Falls Creek (NSW)": "10", "New South Wales": "95,623"}, "1 motor vehicle": {"Australia": "2,881,485", "Falls Creek (NSW)_%": "16.1", "Australia_%": "34.8", "New South Wales_%": "36.3", "Falls Creek (NSW)": "50", "New South Wales": "946,159"}, "3 or more vehicles": {"Australia": "1,496,382", "Falls Creek (NSW)_%": "39.4", "Australia_%": "18.1", "New South Wales_%": "16.7", "Falls Creek (NSW)": "122", "New South Wales": "435,053"}}, "Employment status of parents in couple families": {"Labour force status not stated (by one or both parents in a couple family)": {"Australia": "311,381", "Falls Creek (NSW)_%": "7.7", "Australia_%": "6.2", "New South Wales_%": "5.7", "Falls Creek (NSW)": "18", "New South Wales": "90,630"}, "One employed full-time, one part-time": {"Australia": "1,086,460", "Falls Creek (NSW)_%": "24.4", "Australia_%": "21.7", "New South Wales_%": "20.6", "Falls Creek (NSW)": "57", "New South Wales": "329,567"}, "One employed part-time, other not working": {"Australia": "302,037", "Falls Creek (NSW)_%": "6.0", "Australia_%": "6.0", "New South Wales_%": "6.1", "Falls Creek (NSW)": "14", "New South Wales": "96,933"}, "Other (includes away from work)": {"Australia": "264,145", "Falls Creek (NSW)_%": "5.1", "Australia_%": "5.3", "New South Wales_%": "5.1", "Falls Creek (NSW)": "12", "New South Wales": "80,905"}, "Both employed, worked full-time": {"Australia": "1,084,006", "Falls Creek (NSW)_%": "20.1", "Australia_%": "21.6", "New South Wales_%": "22.6", "Falls Creek (NSW)": "47", "New South Wales": "360,916"}, "One employed full-time, other not working": {"Australia": "749,886", "Falls Creek (NSW)_%": "7.3", "Australia_%": "15.0", "New South Wales_%": "15.0", "Falls Creek (NSW)": "17", "New South Wales": "240,084"}, "Both employed, worked part-time": {"Australia": "203,596", "Falls Creek (NSW)_%": "3.0", "Australia_%": "4.1", "New South Wales_%": "4.0", "Falls Creek (NSW)": "7", "New South Wales": "63,106"}, "Both not working": {"Australia": "1,006,697", "Falls Creek (NSW)_%": "26.5", "Australia_%": "20.1", "New South Wales_%": "21.0", "Falls Creek (NSW)": "62", "New South Wales": "334,742"}}, "Country of birth of mother, stated responses": {"Germany": {"Australia": "169,618", "Falls Creek (NSW)_%": "2.3", "Australia_%": "0.7", "New South Wales_%": "0.6", "Falls Creek (NSW)": "21", "New South Wales": "47,489"}, "Italy": {"Australia": "395,775", "Falls Creek (NSW)_%": "1.4", "Australia_%": "1.7", "New South Wales_%": "1.4", "Falls Creek (NSW)": "13", "New South Wales": "107,243"}, "Australia": {"Australia": "12,643,365", "Falls Creek (NSW)_%": "72.6", "Australia_%": "54.0", "New South Wales_%": "51.9", "Falls Creek (NSW)": "664", "New South Wales": "3,884,762"}, "England": {"Australia": "1,302,147", "Falls Creek (NSW)_%": "8.0", "Australia_%": "5.6", "New South Wales_%": "4.3", "Falls Creek (NSW)": "73", "New South Wales": "322,472"}, "Malta": {"Australia": "91,404", "Falls Creek (NSW)_%": "1.5", "Australia_%": "0.4", "New South Wales_%": "0.5", "Falls Creek (NSW)": "14", "New South Wales": "35,687"}}, "Dwelling structure": {"Other dwelling": {"Australia": "64,425", "Falls Creek (NSW)_%": "0.0", "Australia_%": "0.8", "New South Wales_%": "0.9", "Falls Creek (NSW)": "0", "New South Wales": "23,580"}, "Semi-detached, row or terrace house, townhouse etc": {"Australia": "1,055,016", "Falls Creek (NSW)_%": "0.0", "Australia_%": "12.7", "New South Wales_%": "12.2", "Falls Creek (NSW)": "0", "New South Wales": "317,453"}, "Separate house": {"Australia": "6,041,788", "Falls Creek (NSW)_%": "100.0", "Australia_%": "72.9", "New South Wales_%": "66.4", "Falls Creek (NSW)": "299", "New South Wales": "1,729,820"}, "Flat or apartment": {"Australia": "1,087,434", "Falls Creek (NSW)_%": "0.0", "Australia_%": "13.1", "New South Wales_%": "19.9", "Falls Creek (NSW)": "0", "New South Wales": "519,390"}}, "Number of bedrooms": {"1 bedroom": {"Australia": "411,252", "Falls Creek (NSW)_%": "1.7", "Australia_%": "5.0", "New South Wales_%": "6.0", "Falls Creek (NSW)": "5", "New South Wales": "157,194"}, "3 bedrooms": {"Australia": "3,403,190", "Falls Creek (NSW)_%": "30.4", "Australia_%": "41.1", "New South Wales_%": "37.2", "Falls Creek (NSW)": "91", "New South Wales": "970,001"}, "Average number of people per household": {"Australia": "2.6", "Falls Creek (NSW)_%": "--", "Australia_%": "--", "New South Wales_%": "--", "Falls Creek (NSW)": "2.8", "New South Wales": "2.6"}, "2 bedrooms": {"Australia": "1,562,759", "Falls Creek (NSW)_%": "7.7", "Australia_%": "18.9", "New South Wales_%": "22.2", "Falls Creek (NSW)": "23", "New South Wales": "577,675"}, "4 or more bedrooms": {"Australia": "2,670,758", "Falls Creek (NSW)_%": "58.5", "Australia_%": "32.2", "New South Wales_%": "31.3", "Falls Creek (NSW)": "175", "New South Wales": "816,405"}, "None (includes bedsitters)": {"Australia": "39,769", "Falls Creek (NSW)_%": "0.0", "Australia_%": "0.5", "New South Wales_%": "0.7", "Falls Creek (NSW)": "0", "New South Wales": "17,157"}, "Number of bedrooms not stated": {"Australia": "198,351", "Falls Creek (NSW)_%": "1.7", "Australia_%": "2.4", "New South Wales_%": "2.5", "Falls Creek (NSW)": "5", "New South Wales": "65,888"}, "Average number of bedrooms per dwelling": {"Australia": "3.1", "Falls Creek (NSW)_%": "--", "Australia_%": "--", "New South Wales_%": "--", "Falls Creek (NSW)": "3.7", "New South Wales": "3"}}, "summaryTable_qsFamilies": {"for all families": "0.7", "for families with children": "1.8", "Families": "274", "Average children per family": "None"}, "People characteristics": {"Male": {"Australia": "322,171", "Falls Creek (NSW)_%": "59.5", "Australia_%": "49.6", "New South Wales_%": "49.7", "Falls Creek (NSW)": "25", "New South Wales": "107,368"}, "Median age": {"Australia": "23", "Falls Creek (NSW)_%": "--", "Australia_%": "--", "New South Wales_%": "--", "Falls Creek (NSW)": "21", "New South Wales": "22"}, "Female": {"Australia": "326,996", "Falls Creek (NSW)_%": "40.5", "Australia_%": "50.4", "New South Wales_%": "50.3", "Falls Creek (NSW)": "17", "New South Wales": "108,809"}}, "Dwelling count": {"Unoccupied private dwellings": {"Australia": "1,039,874", "Falls Creek (NSW)_%": "10.2", "Australia_%": "11.2", "New South Wales_%": "9.9", "Falls Creek (NSW)": "34", "New South Wales": "284,741"}, "Occupied private dwellings": {"Australia": "8,286,073", "Falls Creek (NSW)_%": "89.8", "Australia_%": "88.8", "New South Wales_%": "90.1", "Falls Creek (NSW)": "299", "New South Wales": "2,604,320"}}, "Level of highest educational attainment": {"Certificate level III": {"Australia": "2,442,203", "Falls Creek (NSW)_%": "22.7", "Australia_%": "12.8", "New South Wales_%": "12.0", "Falls Creek (NSW)": "182", "New South Wales": "730,498"}, "Certificate level II": {"Australia": "13,454", "Falls Creek (NSW)_%": "0.0", "Australia_%": "0.1", "New South Wales_%": "0.1", "Falls Creek (NSW)": "0", "New South Wales": "4,849"}, "No educational attainment": {"Australia": "145,844", "Falls Creek (NSW)_%": "0.0", "Australia_%": "0.8", "New South Wales_%": "0.9", "Falls Creek (NSW)": "0", "New South Wales": "54,870"}, "Bachelor Degree level and above": {"Australia": "4,181,406", "Falls Creek (NSW)_%": "9.8", "Australia_%": "22.0", "New South Wales_%": "23.4", "Falls Creek (NSW)": "79", "New South Wales": "1,424,716"}, "Certificate level I": {"Australia": "2,176", "Falls Creek (NSW)_%": "0.0", "Australia_%": "0.0", "New South Wales_%": "0.0", "Falls Creek (NSW)": "0", "New South Wales": "625"}, "Year 11": {"Australia": "941,531", "Falls Creek (NSW)_%": "4.2", "Australia_%": "4.9", "New South Wales_%": "3.3", "Falls Creek (NSW)": "34", "New South Wales": "203,574"}, "Not stated": {"Australia": "1,974,794", "Falls Creek (NSW)_%": "12.5", "Australia_%": "10.4", "New South Wales_%": "10.3", "Falls Creek (NSW)": "100", "New South Wales": "627,465"}, "Year 9 or below": {"Australia": "1,529,897", "Falls Creek (NSW)_%": "9.7", "Australia_%": "8.0", "New South Wales_%": "8.4", "Falls Creek (NSW)": "78", "New South Wales": "513,209"}, "Certificate level IV": {"Australia": "551,767", "Falls Creek (NSW)_%": "3.1", "Australia_%": "2.9", "New South Wales_%": "2.8", "Falls Creek (NSW)": "25", "New South Wales": "167,947"}, "Year 10": {"Australia": "2,054,331", "Falls Creek (NSW)_%": "16.4", "Australia_%": "10.8", "New South Wales_%": "11.5", "Falls Creek (NSW)": "132", "New South Wales": "702,178"}, "Year 12": {"Australia": "2,994,097", "Falls Creek (NSW)_%": "10.1", "Australia_%": "15.7", "New South Wales_%": "15.3", "Falls Creek (NSW)": "81", "New South Wales": "930,654"}, "Advanced Diploma and Diploma level": {"Australia": "1,687,893", "Falls Creek (NSW)_%": "7.6", "Australia_%": "8.9", "New South Wales_%": "8.9", "Falls Creek (NSW)": "61", "New South Wales": "543,142"}}, "Median weekly incomes": {"Personal": {"Australia": "662", "Falls Creek (NSW)_%": "--", "Australia_%": "--", "New South Wales_%": "--", "Falls Creek (NSW)": "552", "New South Wales": "664"}, "Household": {"Australia": "1,438", "Falls Creek (NSW)_%": "--", "Australia_%": "--", "New South Wales_%": "--", "Falls Creek (NSW)": "1,478", "New South Wales": "1,486"}, "Family": {"Australia": "1,734", "Falls Creek (NSW)_%": "--", "Australia_%": "--", "New South Wales_%": "--", "Falls Creek (NSW)": "1,411", "New South Wales": "1,780"}}, "Family composition": {"Other family": {"Australia": "102,559", "Falls Creek (NSW)_%": "0.0", "Australia_%": "1.7", "New South Wales_%": "1.7", "Falls Creek (NSW)": "0", "New South Wales": "32,438"}, "Couple family with children": {"Australia": "2,716,224", "Falls Creek (NSW)_%": "37.0", "Australia_%": "44.7", "New South Wales_%": "45.7", "Falls Creek (NSW)": "100", "New South Wales": "887,358"}, "Couple family without children": {"Australia": "2,291,987", "Falls Creek (NSW)_%": "51.1", "Australia_%": "37.8", "New South Wales_%": "36.6", "Falls Creek (NSW)": "138", "New South Wales": "709,524"}, "One parent family": {"Australia": "959,543", "Falls Creek (NSW)_%": "11.9", "Australia_%": "15.8", "New South Wales_%": "16.0", "Falls Creek (NSW)": "32", "New South Wales": "310,906"}}, "Dwelling internet connection": {"Not stated": {"Australia": "221,494", "Falls Creek (NSW)_%": "1.3", "Australia_%": "2.7", "New South Wales_%": "2.8", "Falls Creek (NSW)": "4", "New South Wales": "73,565"}, "Internet not accessed from dwelling": {"Australia": "1,172,415", "Falls Creek (NSW)_%": "10.9", "Australia_%": "14.1", "New South Wales_%": "14.7", "Falls Creek (NSW)": "33", "New South Wales": "381,709"}, "Internet accessed from dwelling": {"Australia": "6,892,165", "Falls Creek (NSW)_%": "87.8", "Australia_%": "83.2", "New South Wales_%": "82.5", "Falls Creek (NSW)": "266", "New South Wales": "2,149,040"}}, "Social marital status": {"Not married": {"Australia": "7,024,973", "Falls Creek (NSW)_%": "34.0", "Australia_%": "41.9", "New South Wales_%": "42.3", "Falls Creek (NSW)": "236", "New South Wales": "2,290,887"}, "De facto marriage": {"Australia": "1,751,731", "Falls Creek (NSW)_%": "13.3", "Australia_%": "10.4", "New South Wales_%": "9.4", "Falls Creek (NSW)": "92", "New South Wales": "506,133"}, "Registered marriage": {"Australia": "8,001,141", "Falls Creek (NSW)_%": "52.7", "Australia_%": "47.7", "New South Wales_%": "48.3", "Falls Creek (NSW)": "366", "New South Wales": "2,612,630"}}, "Household composition": {"Family households": {"Australia": "5,907,625", "Falls Creek (NSW)_%": "85.2", "Australia_%": "71.3", "New South Wales_%": "72.0", "Falls Creek (NSW)": "260", "New South Wales": "1,874,524"}, "Group households": {"Australia": "354,917", "Falls Creek (NSW)_%": "3.0", "Australia_%": "4.3", "New South Wales_%": "4.2", "Falls Creek (NSW)": "9", "New South Wales": "109,004"}, "Single (or lone) person households": {"Australia": "2,023,542", "Falls Creek (NSW)_%": "11.8", "Australia_%": "24.4", "New South Wales_%": "23.8", "Falls Creek (NSW)": "36", "New South Wales": "620,778"}}, "People": {"Male": {"Australia": "11,546,638", "Falls Creek (NSW)_%": "53.3", "Australia_%": "49.3", "New South Wales_%": "49.3", "Falls Creek (NSW)": "497", "New South Wales": "3,686,014"}, "Aboriginal and/or Torres Strait Islander people": {"Australia": "649,171", "Falls Creek (NSW)_%": "4.7", "Australia_%": "2.8", "New South Wales_%": "2.9", "Falls Creek (NSW)": "44", "New South Wales": "216,176"}, "Female": {"Australia": "11,855,248", "Falls Creek (NSW)_%": "46.7", "Australia_%": "50.7", "New South Wales_%": "50.7", "Falls Creek (NSW)": "436", "New South Wales": "3,794,217"}}, "Language, top responses (other than English)": {"German": {"Australia": "79,353", "Falls Creek (NSW)_%": "0.3", "Australia_%": "0.3", "New South Wales_%": "0.3", "Falls Creek (NSW)": "3", "New South Wales": "23,033"}, "null": {"Australia": "None", "Falls Creek (NSW)_%": null, "Australia_%": "None", "New South Wales_%": "None", "Falls Creek (NSW)": null, "New South Wales": "None"}, "English only spoken at home": {"Australia": "17,020,417", "Falls Creek (NSW)_%": "89.7", "Australia_%": "72.7", "New South Wales_%": "68.5", "Falls Creek (NSW)": "837", "New South Wales": "5,126,633"}, "Households where a non English language is spoken": {"Australia": "1,971,011", "Falls Creek (NSW)_%": "5.2", "Australia_%": "22.2", "New South Wales_%": "26.5", "Falls Creek (NSW)": "17", "New South Wales": "735,563"}, "Spanish": {"Australia": "140,817", "Falls Creek (NSW)_%": "0.3", "Australia_%": "0.6", "New South Wales_%": "0.8", "Falls Creek (NSW)": "3", "New South Wales": "63,527"}, "Mandarin": {"Australia": "596,711", "Falls Creek (NSW)_%": "0.5", "Australia_%": "2.5", "New South Wales_%": "3.2", "Falls Creek (NSW)": "5", "New South Wales": "239,945"}, "Italian": {"Australia": "271,597", "Falls Creek (NSW)_%": "1.0", "Australia_%": "1.2", "New South Wales_%": "1.0", "Falls Creek (NSW)": "9", "New South Wales": "75,694"}, "Croatian": {"Australia": "56,885", "Falls Creek (NSW)_%": "0.4", "Australia_%": "0.2", "New South Wales_%": "0.3", "Falls Creek (NSW)": "4", "New South Wales": "21,156"}}, "summaryTable_qsDwelling": {"Median monthly mortgage repayments": "$1,975", "All private dwellings": "369", "Average people per household": "2.8", "Median weekly household income": "$1,478", "Median weekly rent": "$300", "Average motor vehicles per dwelling": "2.4"}, "Household income": {"Less than $650 gross weekly income": {"Australia": "--", "Falls Creek (NSW)_%": "15.8", "Australia_%": "20.0", "New South Wales_%": "19.7", "Falls Creek (NSW)": "--", "New South Wales": "--"}, "More than $3000 gross weekly income": {"Australia": "--", "Falls Creek (NSW)_%": "11.6", "Australia_%": "16.4", "New South Wales_%": "18.7", "Falls Creek (NSW)": "--", "New South Wales": "--"}}, "Country of birth": {"Other top responses": {"Falls Creek (NSW)_%": "None", "Falls Creek (NSW)": "None"}, "Australia": {"Australia": "15,614,835", "Falls Creek (NSW)_%": "76.3", "Australia_%": "66.7", "New South Wales_%": "65.5", "Falls Creek (NSW)": "708", "New South Wales": "4,899,090"}, "England": {"Australia": "907,570", "Falls Creek (NSW)_%": "6.7", "Australia_%": "3.9", "New South Wales_%": "3.0", "Falls Creek (NSW)": "62", "New South Wales": "226,564"}, "Scotland": {"Australia": "119,417", "Falls Creek (NSW)_%": "1.0", "Australia_%": "0.5", "New South Wales_%": "0.4", "Falls Creek (NSW)": "9", "New South Wales": "28,579"}, "Germany": {"Australia": "102,595", "Falls Creek (NSW)_%": "1.1", "Australia_%": "0.4", "New South Wales_%": "0.4", "Falls Creek (NSW)": "10", "New South Wales": "29,541"}, "Italy": {"Australia": "174,042", "Falls Creek (NSW)_%": "0.6", "Australia_%": "0.7", "New South Wales_%": "0.7", "Falls Creek (NSW)": "6", "New South Wales": "49,476"}, "New Zealand": {"Australia": "518,466", "Falls Creek (NSW)_%": "0.9", "Australia_%": "2.2", "New South Wales_%": "1.6", "Falls Creek (NSW)": "8", "New South Wales": "117,136"}}, "Religious affiliation, top responses": {"No Religion, so described": {"Australia": "6,933,708", "Falls Creek (NSW)_%": "31.1", "Australia_%": "29.6", "New South Wales_%": "25.1", "Falls Creek (NSW)": "286", "New South Wales": "1,879,562"}, "Anglican": {"Australia": "3,101,185", "Falls Creek (NSW)_%": "24.5", "Australia_%": "13.3", "New South Wales_%": "15.5", "Falls Creek (NSW)": "225", "New South Wales": "1,161,810"}, "Not stated": {"Australia": "2,238,735", "Falls Creek (NSW)_%": "9.8", "Australia_%": "9.6", "New South Wales_%": "9.2", "Falls Creek (NSW)": "90", "New South Wales": "684,969"}, "Presbyterian and Reformed": {"Australia": "526,689", "Falls Creek (NSW)_%": "3.6", "Australia_%": "2.3", "New South Wales_%": "2.5", "Falls Creek (NSW)": "33", "New South Wales": "188,330"}, "Catholic": {"Australia": "5,291,834", "Falls Creek (NSW)_%": "21.2", "Australia_%": "22.6", "New South Wales_%": "24.7", "Falls Creek (NSW)": "195", "New South Wales": "1,846,443"}}, "Ancestry, top responses": {"German": {"Australia": "982,226", "Falls Creek (NSW)_%": "4.3", "Australia_%": "3.1", "New South Wales_%": "2.4", "Falls Creek (NSW)": "53", "New South Wales": "236,146"}, "Australian": {"Australia": "7,298,243", "Falls Creek (NSW)_%": "34.4", "Australia_%": "23.3", "New South Wales_%": "22.9", "Falls Creek (NSW)": "425", "New South Wales": "2,261,062"}, "Scottish": {"Australia": "2,023,470", "Falls Creek (NSW)_%": "5.8", "Australia_%": "6.4", "New South Wales_%": "5.9", "Falls Creek (NSW)": "71", "New South Wales": "587,052"}, "Irish": {"Australia": "2,388,058", "Falls Creek (NSW)_%": "6.1", "Australia_%": "7.6", "New South Wales_%": "7.5", "Falls Creek (NSW)": "75", "New South Wales": "741,671"}, "English": {"Australia": "7,852,224", "Falls Creek (NSW)_%": "32.7", "Australia_%": "25.0", "New South Wales_%": "23.3", "Falls Creek (NSW)": "403", "New South Wales": "2,302,481"}}, "Age": {"35-39 years": {"Australia": "1,561,679", "Falls Creek (NSW)_%": "5.0", "Australia_%": "6.7", "New South Wales_%": "6.7", "Falls Creek (NSW)": "47", "New South Wales": "499,724"}, "60-64 years": {"Australia": "1,299,397", "Falls Creek (NSW)_%": "8.3", "Australia_%": "5.6", "New South Wales_%": "5.6", "Falls Creek (NSW)": "79", "New South Wales": "420,044"}, "30-34 years": {"Australia": "1,703,847", "Falls Creek (NSW)_%": "3.2", "Australia_%": "7.3", "New South Wales_%": "7.2", "Falls Creek (NSW)": "30", "New South Wales": "540,360"}, "0-4 years": {"Australia": "1,464,779", "Falls Creek (NSW)_%": "5.5", "Australia_%": "6.3", "New South Wales_%": "6.2", "Falls Creek (NSW)": "52", "New South Wales": "465,135"}, "25-29 years": {"Australia": "1,664,602", "Falls Creek (NSW)_%": "4.5", "Australia_%": "7.1", "New South Wales_%": "7.0", "Falls Creek (NSW)": "43", "New South Wales": "527,161"}, "10-14 years": {"Australia": "1,397,183", "Falls Creek (NSW)_%": "4.6", "Australia_%": "6.0", "New South Wales_%": "5.9", "Falls Creek (NSW)": "44", "New South Wales": "443,009"}, "5-9 years": {"Australia": "1,502,646", "Falls Creek (NSW)_%": "4.4", "Australia_%": "6.4", "New South Wales_%": "6.4", "Falls Creek (NSW)": "42", "New South Wales": "478,184"}, "Median age": {"Australia": "38", "Falls Creek (NSW)_%": "--", "Australia_%": "--", "New South Wales_%": "--", "Falls Creek (NSW)": "47", "New South Wales": "38"}, "50-54 years": {"Australia": "1,523,551", "Falls Creek (NSW)_%": "8.2", "Australia_%": "6.5", "New South Wales_%": "6.5", "Falls Creek (NSW)": "78", "New South Wales": "485,546"}, "80-84 years": {"Australia": "460,549", "Falls Creek (NSW)_%": "2.1", "Australia_%": "2.0", "New South Wales_%": "2.1", "Falls Creek (NSW)": "20", "New South Wales": "155,806"}, "40-44 years": {"Australia": "1,583,257", "Falls Creek (NSW)_%": "6.0", "Australia_%": "6.8", "New South Wales_%": "6.7", "Falls Creek (NSW)": "57", "New South Wales": "503,169"}, "70-74 years": {"Australia": "887,716", "Falls Creek (NSW)_%": "6.3", "Australia_%": "3.8", "New South Wales_%": "3.9", "Falls Creek (NSW)": "60", "New South Wales": "292,556"}, "15-19 years": {"Australia": "1,421,595", "Falls Creek (NSW)_%": "6.5", "Australia_%": "6.1", "New South Wales_%": "6.0", "Falls Creek (NSW)": "62", "New South Wales": "448,425"}, "65-69 years": {"Australia": "1,188,999", "Falls Creek (NSW)_%": "8.4", "Australia_%": "5.1", "New South Wales_%": "5.1", "Falls Creek (NSW)": "80", "New South Wales": "384,470"}, "20-24 years": {"Australia": "1,566,793", "Falls Creek (NSW)_%": "5.9", "Australia_%": "6.7", "New South Wales_%": "6.5", "Falls Creek (NSW)": "56", "New South Wales": "489,673"}, "55-59 years": {"Australia": "1,454,332", "Falls Creek (NSW)_%": "9.3", "Australia_%": "6.2", "New South Wales_%": "6.3", "Falls Creek (NSW)": "88", "New South Wales": "469,726"}, "75-79 years": {"Australia": "652,657", "Falls Creek (NSW)_%": "3.1", "Australia_%": "2.8", "New South Wales_%": "2.9", "Falls Creek (NSW)": "29", "New South Wales": "217,308"}, "45-49 years": {"Australia": "1,581,455", "Falls Creek (NSW)_%": "7.7", "Australia_%": "6.8", "New South Wales_%": "6.6", "Falls Creek (NSW)": "73", "New South Wales": "492,440"}, "85 years and over": {"Australia": "486,842", "Falls Creek (NSW)_%": "0.7", "Australia_%": "2.1", "New South Wales_%": "2.2", "Falls Creek (NSW)": "7", "New South Wales": "167,506"}}, "Single (or lone) parents": {"Male": {"Australia": "--", "Falls Creek (NSW)_%": "18.2", "Australia_%": "18.2", "New South Wales_%": "17.8", "Falls Creek (NSW)": "--", "New South Wales": "--"}, "Female": {"Australia": "--", "Falls Creek (NSW)_%": "81.8", "Australia_%": "81.8", "New South Wales_%": "82.2", "Falls Creek (NSW)": "--", "New South Wales": "--"}}, "Mortgage monthly repayments": {"Median mortgage repayments": {"Australia": "1,755", "Falls Creek (NSW)_%": "--", "Australia_%": "--", "New South Wales_%": "--", "Falls Creek (NSW)": "1,975", "New South Wales": "1,986"}, "Households where mortgage repayments are less than 30% of household income": {"Australia": "--", "Falls Creek (NSW)_%": "87.5", "Australia_%": "92.8", "New South Wales_%": "92.6", "Falls Creek (NSW)": "--", "New South Wales": "--"}, "Households with mortgage repayments greater than or equal to 30% of household income": {"Australia": "--", "Falls Creek (NSW)_%": "12.5", "Australia_%": "7.2", "New South Wales_%": "7.4", "Falls Creek (NSW)": "--", "New South Wales": "--"}}, "Mortgage and rent": {"Median monthly mortgage repayments": {"Australia": "1,660", "Falls Creek (NSW)_%": "--", "Australia_%": "--", "New South Wales_%": "--", "Falls Creek (NSW)": "2,058", "New South Wales": "1,733"}, "Median weekly rent": {"Australia": "250", "Falls Creek (NSW)_%": "--", "Australia_%": "--", "New South Wales_%": "--", "Falls Creek (NSW)": "0", "New South Wales": "270"}}, "Tenure": {"Rented": {"Australia": "2,561,302", "Falls Creek (NSW)_%": "7.4", "Australia_%": "30.9", "New South Wales_%": "31.8", "Falls Creek (NSW)": "22", "New South Wales": "826,922"}, "Owned outright": {"Australia": "2,565,695", "Falls Creek (NSW)_%": "46.2", "Australia_%": "31.0", "New South Wales_%": "32.2", "Falls Creek (NSW)": "138", "New South Wales": "839,665"}, "Owned with a mortgage": {"Australia": "2,855,222", "Falls Creek (NSW)_%": "42.1", "Australia_%": "34.5", "New South Wales_%": "32.3", "Falls Creek (NSW)": "126", "New South Wales": "840,004"}, "Tenure type not stated": {"Australia": "224,869", "Falls Creek (NSW)_%": "2.7", "Australia_%": "2.7", "New South Wales_%": "2.8", "Falls Creek (NSW)": "8", "New South Wales": "73,763"}, "Other tenure type": {"Australia": "78,994", "Falls Creek (NSW)_%": "1.7", "Australia_%": "1.0", "New South Wales_%": "0.9", "Falls Creek (NSW)": "5", "New South Wales": "23,968"}}, "Country of birth of father, stated responses": {"Italy": {"Australia": "470,138", "Falls Creek (NSW)_%": "1.6", "Australia_%": "2.0", "New South Wales_%": "1.7", "Falls Creek (NSW)": "15", "New South Wales": "128,148"}, "Germany": {"Australia": "170,571", "Falls Creek (NSW)_%": "1.9", "Australia_%": "0.7", "New South Wales_%": "0.6", "Falls Creek (NSW)": "18", "New South Wales": "47,543"}, "New Zealand": {"Australia": "617,331", "Falls Creek (NSW)_%": "1.7", "Australia_%": "2.6", "New South Wales_%": "1.9", "Falls Creek (NSW)": "16", "New South Wales": "143,450"}, "Australia": {"Australia": "12,231,150", "Falls Creek (NSW)_%": "68.8", "Australia_%": "52.3", "New South Wales_%": "50.1", "Falls Creek (NSW)": "640", "New South Wales": "3,745,787"}, "England": {"Australia": "1,403,096", "Falls Creek (NSW)_%": "9.5", "Australia_%": "6.0", "New South Wales_%": "4.8", "Falls Creek (NSW)": "88", "New South Wales": "359,370"}}, "Country of birth of father and/or mother, stated responses": {"Father only born overseas": {"Australia": "1,488,092", "Falls Creek (NSW)_%": "6.1", "Australia_%": "6.4", "New South Wales_%": "6.1", "Falls Creek (NSW)": "57", "New South Wales": "458,394"}, "Mother only born overseas": {"Australia": "1,094,591", "Falls Creek (NSW)_%": "3.8", "Australia_%": "4.7", "New South Wales_%": "4.3", "Falls Creek (NSW)": "35", "New South Wales": "325,182"}, "Both parents born overseas": {"Australia": "8,051,196", "Falls Creek (NSW)_%": "17.2", "Australia_%": "34.4", "New South Wales_%": "37.0", "Falls Creek (NSW)": "160", "New South Wales": "2,764,170"}, "Both parents born in Australia": {"Australia": "11,070,538", "Falls Creek (NSW)_%": "64.3", "Australia_%": "47.3", "New South Wales_%": "45.4", "Falls Creek (NSW)": "598", "New South Wales": "3,399,725"}}, "Rent weekly payments": {"Households where rent payments are less than 30% of household income": {"Australia": "--", "Falls Creek (NSW)_%": "95.9", "Australia_%": "88.5", "New South Wales_%": "87.1", "Falls Creek (NSW)": "--", "New South Wales": "--"}, "Households with rent payments greater than or equal to 30% of household income": {"Australia": "--", "Falls Creek (NSW)_%": "4.1", "Australia_%": "11.5", "New South Wales_%": "12.9", "Falls Creek (NSW)": "--", "New South Wales": "--"}, "Median rent": {"Australia": "335", "Falls Creek (NSW)_%": "--", "Australia_%": "--", "New South Wales_%": "--", "Falls Creek (NSW)": "300", "New South Wales": "380"}}, "Registered marital status": {"Separated": {"Australia": "608,059", "Falls Creek (NSW)_%": "2.9", "Australia_%": "3.2", "New South Wales_%": "3.1", "Falls Creek (NSW)": "23", "New South Wales": "190,198"}, "Widowed": {"Australia": "985,204", "Falls Creek (NSW)_%": "4.1", "Australia_%": "5.2", "New South Wales_%": "5.4", "Falls Creek (NSW)": "33", "New South Wales": "331,653"}, "Married": {"Australia": "9,148,218", "Falls Creek (NSW)_%": "54.8", "Australia_%": "48.1", "New South Wales_%": "48.7", "Falls Creek (NSW)": "437", "New South Wales": "2,965,280"}, "Divorced": {"Australia": "1,626,890", "Falls Creek (NSW)_%": "9.9", "Australia_%": "8.5", "New South Wales_%": "8.4", "Falls Creek (NSW)": "79", "New South Wales": "512,298"}, "Never married": {"Australia": "6,668,910", "Falls Creek (NSW)_%": "28.2", "Australia_%": "35.0", "New South Wales_%": "34.4", "Falls Creek (NSW)": "225", "New South Wales": "2,094,460"}}, "summaryTable_qsPeople": {"Male": "53.3%", "Median age": "47", "Female": "46.7%", "People": "935"}, "Dwelling characteristics": {"Average number of people per household": {"Australia": "3.2", "Falls Creek (NSW)_%": "--", "Australia_%": "--", "New South Wales_%": "--", "Falls Creek (NSW)": "3.5", "New South Wales": "3.1"}, "Average number of persons per bedroom": {"Australia": "1", "Falls Creek (NSW)_%": "--", "Australia_%": "--", "New South Wales_%": "--", "Falls Creek (NSW)": "0.9", "New South Wales": "1"}, "Median weekly household income": {"Australia": "1,203", "Falls Creek (NSW)_%": "--", "Australia_%": "--", "New South Wales_%": "--", "Falls Creek (NSW)": "1,083", "New South Wales": "1,214"}}, "Unpaid work": {"Did unpaid domestic work (last week)": {"Australia": "13,143,914", "Falls Creek (NSW)_%": "71.5", "Australia_%": "69.0", "New South Wales_%": "67.7", "Falls Creek (NSW)": "569", "New South Wales": "4,127,723"}, "Provided unpaid assistance to a person with a disability (last two weeks)": {"Australia": "2,145,203", "Falls Creek (NSW)_%": "10.9", "Australia_%": "11.3", "New South Wales_%": "11.6", "Falls Creek (NSW)": "87", "New South Wales": "709,415"}, "Did voluntary work through an organisation or group (last 12 months)": {"Australia": "3,620,726", "Falls Creek (NSW)_%": "14.1", "Australia_%": "19.0", "New South Wales_%": "18.1", "Falls Creek (NSW)": "112", "New South Wales": "1,103,790"}, "Cared for child/children (last two weeks)": {"Australia": "5,259,400", "Falls Creek (NSW)_%": "24.7", "Australia_%": "27.6", "New South Wales_%": "27.2", "Falls Creek (NSW)": "197", "New South Wales": "1,659,250"}}, "Unpaid domestic work, number of hours": {"5 to 14 hours per week": {"Australia": "4,944,578", "Falls Creek (NSW)_%": "26.0", "Australia_%": "26.0", "New South Wales_%": "25.1", "Falls Creek (NSW)": "208", "New South Wales": "1,531,206"}, "30 hours or more per week": {"Australia": "1,710,970", "Falls Creek (NSW)_%": "10.2", "Australia_%": "9.0", "New South Wales_%": "9.0", "Falls Creek (NSW)": "82", "New South Wales": "545,925"}, "Less than 5 hours per week": {"Australia": "4,298,593", "Falls Creek (NSW)_%": "18.9", "Australia_%": "22.6", "New South Wales_%": "22.3", "Falls Creek (NSW)": "151", "New South Wales": "1,359,656"}, "15 to 29 hours per week": {"Australia": "2,189,776", "Falls Creek (NSW)_%": "16.5", "Australia_%": "11.5", "New South Wales_%": "11.3", "Falls Creek (NSW)": "132", "New South Wales": "690,934"}}, "Industry of employment, top responses": {"Primary Education": {"Australia": "231,198", "Falls Creek (NSW)_%": "3.9", "Australia_%": "2.2", "New South Wales_%": "1.9", "Falls Creek (NSW)": "13", "New South Wales": "65,204"}, "Hospitals (except Psychiatric Hospitals)": {"Australia": "411,808", "Falls Creek (NSW)_%": "6.6", "Australia_%": "3.9", "New South Wales_%": "3.5", "Falls Creek (NSW)": "22", "New South Wales": "119,350"}, "Building and Other Industrial Cleaning Services": {"Australia": "131,908", "Falls Creek (NSW)_%": "4.5", "Australia_%": "1.2", "New South Wales_%": "1.2", "Falls Creek (NSW)": "15", "New South Wales": "41,390"}, "Aged Care Residential Services": {"Australia": "211,621", "Falls Creek (NSW)_%": "4.8", "Australia_%": "2.0", "New South Wales_%": "2.0", "Falls Creek (NSW)": "16", "New South Wales": "67,209"}, "Local Government Administration": {"Australia": "142,724", "Falls Creek (NSW)_%": "3.6", "Australia_%": "1.3", "New South Wales_%": "1.3", "Falls Creek (NSW)": "12", "New South Wales": "43,378"}}, "GeoInfo": {"city": "Falls Creek (NSW)"}, "Education": {"University or tertiary institution": {"Australia": "1,160,626", "Falls Creek (NSW)_%": "7.5", "Australia_%": "16.1", "New South Wales_%": "16.2", "Falls Creek (NSW)": "20", "New South Wales": "376,133"}, "Secondary - Catholic": {"Australia": "338,384", "Falls Creek (NSW)_%": "3.7", "Australia_%": "4.7", "New South Wales_%": "5.1", "Falls Creek (NSW)": "10", "New South Wales": "117,689"}, "Secondary - other non Government": {"Australia": "280,618", "Falls Creek (NSW)_%": "2.6", "Australia_%": "3.9", "New South Wales_%": "3.4", "Falls Creek (NSW)": "7", "New South Wales": "79,915"}, "Primary - Catholic": {"Australia": "380,604", "Falls Creek (NSW)_%": "2.2", "Australia_%": "5.3", "New South Wales_%": "5.3", "Falls Creek (NSW)": "6", "New South Wales": "122,099"}, "Primary - Government": {"Australia": "1,314,787", "Falls Creek (NSW)_%": "15.7", "Australia_%": "18.2", "New South Wales_%": "18.0", "Falls Creek (NSW)": "42", "New South Wales": "417,465"}, "Other": {"Australia": "198,383", "Falls Creek (NSW)_%": "1.1", "Australia_%": "2.8", "New South Wales_%": "2.7", "Falls Creek (NSW)": "3", "New South Wales": "63,673"}, "Technical or further education institution": {"Australia": "424,869", "Falls Creek (NSW)_%": "8.2", "Australia_%": "5.9", "New South Wales_%": "6.2", "Falls Creek (NSW)": "22", "New South Wales": "144,103"}, "Secondary - Government": {"Australia": "827,505", "Falls Creek (NSW)_%": "16.1", "Australia_%": "11.5", "New South Wales_%": "11.6", "Falls Creek (NSW)": "43", "New South Wales": "269,249"}, "Primary - other non Government": {"Australia": "231,490", "Falls Creek (NSW)_%": "2.6", "Australia_%": "3.2", "New South Wales_%": "2.9", "Falls Creek (NSW)": "7", "New South Wales": "67,611"}, "Not stated": {"Australia": "1,707,023", "Falls Creek (NSW)_%": "31.8", "Australia_%": "23.7", "New South Wales_%": "23.0", "Falls Creek (NSW)": "85", "New South Wales": "535,266"}, "Preschool": {"Australia": "347,621", "Falls Creek (NSW)_%": "8.2", "Australia_%": "4.8", "New South Wales_%": "5.7", "Falls Creek (NSW)": "22", "New South Wales": "132,047"}}, "Employment": {"Unemployed": {"Australia": "787,452", "Falls Creek (NSW)_%": "3.9", "Australia_%": "6.9", "New South Wales_%": "6.3", "Falls Creek (NSW)": "17", "New South Wales": "225,546"}, "Worked part-time": {"Australia": "3,491,503", "Falls Creek (NSW)_%": "34.3", "Australia_%": "30.4", "New South Wales_%": "29.7", "Falls Creek (NSW)": "148", "New South Wales": "1,071,151"}, "Away from work": {"Australia": "569,276", "Falls Creek (NSW)_%": "7.0", "Australia_%": "5.0", "New South Wales_%": "4.8", "Falls Creek (NSW)": "30", "New South Wales": "174,654"}, "Worked full-time": {"Australia": "6,623,065", "Falls Creek (NSW)_%": "54.8", "Australia_%": "57.7", "New South Wales_%": "59.2", "Falls Creek (NSW)": "236", "New South Wales": "2,134,521"}}, "Travel to work, top responses": {"Walked only": {"Australia": "370,427", "Falls Creek (NSW)_%": "2.0", "Australia_%": "3.5", "New South Wales_%": "3.9", "Falls Creek (NSW)": "8", "New South Wales": "130,957"}, "Worked at home": {"Australia": "503,582", "Falls Creek (NSW)_%": "2.8", "Australia_%": "4.7", "New South Wales_%": "4.8", "Falls Creek (NSW)": "11", "New South Wales": "163,026"}, "People who travelled to work by car as driver or passenger": {"Australia": "7,305,271", "Falls Creek (NSW)_%": "75.4", "Australia_%": "68.4", "New South Wales_%": "64.6", "Falls Creek (NSW)": "307", "New South Wales": "2,182,854"}, "null": {"Australia": "None", "Falls Creek (NSW)_%": null, "Australia_%": "None", "New South Wales_%": "None", "Falls Creek (NSW)": null, "New South Wales": "None"}, "Car, as driver": {"Australia": "6,574,571", "Falls Creek (NSW)_%": "71.4", "Australia_%": "61.5", "New South Wales_%": "57.8", "Falls Creek (NSW)": "284", "New South Wales": "1,953,399"}, "Truck": {"Australia": "85,892", "Falls Creek (NSW)_%": "3.8", "Australia_%": "0.8", "New South Wales_%": "1.0", "Falls Creek (NSW)": "15", "New South Wales": "32,908"}, "Car, as passenger": {"Australia": "489,922", "Falls Creek (NSW)_%": "5.0", "Australia_%": "4.6", "New South Wales_%": "4.3", "Falls Creek (NSW)": "20", "New South Wales": "144,820"}}, "Occupation": {"Professionals": {"Australia": "2,370,966", "Falls Creek (NSW)_%": "13.7", "Australia_%": "22.2", "New South Wales_%": "23.6", "Falls Creek (NSW)": "56", "New South Wales": "798,126"}, "Technicians and Trades Workers": {"Australia": "1,447,414", "Falls Creek (NSW)_%": "21.5", "Australia_%": "13.5", "New South Wales_%": "12.7", "Falls Creek (NSW)": "88", "New South Wales": "429,239"}, "Labourers": {"Australia": "1,011,520", "Falls Creek (NSW)_%": "12.7", "Australia_%": "9.5", "New South Wales_%": "8.8", "Falls Creek (NSW)": "52", "New South Wales": "297,887"}, "Clerical and Administrative Workers": {"Australia": "1,449,681", "Falls Creek (NSW)_%": "13.2", "Australia_%": "13.6", "New South Wales_%": "13.8", "Falls Creek (NSW)": "54", "New South Wales": "467,977"}, "Machinery Operators and Drivers": {"Australia": "670,106", "Falls Creek (NSW)_%": "6.8", "Australia_%": "6.3", "New South Wales_%": "6.1", "Falls Creek (NSW)": "28", "New South Wales": "206,839"}, "Community and Personal Service Workers": {"Australia": "1,157,003", "Falls Creek (NSW)_%": "12.7", "Australia_%": "10.8", "New South Wales_%": "10.4", "Falls Creek (NSW)": "52", "New South Wales": "350,261"}, "Sales Workers": {"Australia": "1,000,955", "Falls Creek (NSW)_%": "9.8", "Australia_%": "9.4", "New South Wales_%": "9.2", "Falls Creek (NSW)": "40", "New South Wales": "311,414"}, "Managers": {"Australia": "1,390,047", "Falls Creek (NSW)_%": "9.0", "Australia_%": "13.0", "New South Wales_%": "13.5", "Falls Creek (NSW)": "37", "New South Wales": "456,084"}}}