{"Employment - hours worked": {"40 hours or more per week": {"Firefly": "42", "Australia": "4,591,801", "Australia_%": "43.0", "New South Wales_%": "44.1", "Firefly_%": "44.7", "New South Wales": "1,489,099"}, "25-34 hours per week": {"Firefly": "12", "Australia": "1,193,445", "Australia_%": "11.2", "New South Wales_%": "10.5", "Firefly_%": "12.8", "New South Wales": "353,702"}, "16-24 hours per week": {"Firefly": "11", "Australia": "1,079,236", "Australia_%": "10.1", "New South Wales_%": "10.4", "Firefly_%": "11.7", "New South Wales": "352,817"}, "35-39 hours per week": {"Firefly": "13", "Australia": "2,031,263", "Australia_%": "19.0", "New South Wales_%": "19.1", "Firefly_%": "13.8", "New South Wales": "645,428"}, "1-15 hours per week": {"Firefly": "10", "Australia": "1,218,823", "Australia_%": "11.4", "New South Wales_%": "10.8", "Firefly_%": "10.6", "New South Wales": "364,637"}}, "Number of registered motor vehicles": {"2 motor vehicles": {"Firefly": "44", "Australia": "2,999,184", "Australia_%": "36.2", "New South Wales_%": "34.1", "Firefly_%": "40.7", "New South Wales": "887,849"}, "None": {"Firefly": "0", "Australia": "623,829", "Australia_%": "7.5", "New South Wales_%": "9.2", "Firefly_%": "0.0", "New South Wales": "239,625"}, "Number of motor vehicles not stated": {"Firefly": "6", "Australia": "285,197", "Australia_%": "3.4", "New South Wales_%": "3.7", "Firefly_%": "5.6", "New South Wales": "95,623"}, "1 motor vehicle": {"Firefly": "28", "Australia": "2,881,485", "Australia_%": "34.8", "New South Wales_%": "36.3", "Firefly_%": "25.9", "New South Wales": "946,159"}, "3 or more vehicles": {"Firefly": "30", "Australia": "1,496,382", "Australia_%": "18.1", "New South Wales_%": "16.7", "Firefly_%": "27.8", "New South Wales": "435,053"}}, "Employment status of parents in couple families": {"Labour force status not stated (by one or both parents in a couple family)": {"Firefly": "4", "Australia": "311,381", "Australia_%": "6.2", "New South Wales_%": "5.7", "Firefly_%": "5.9", "New South Wales": "90,630"}, "One employed full-time, one part-time": {"Firefly": "14", "Australia": "1,086,460", "Australia_%": "21.7", "New South Wales_%": "20.6", "Firefly_%": "20.6", "New South Wales": "329,567"}, "One employed part-time, other not working": {"Firefly": "3", "Australia": "302,037", "Australia_%": "6.0", "New South Wales_%": "6.1", "Firefly_%": "4.4", "New South Wales": "96,933"}, "Other (includes away from work)": {"Firefly": "6", "Australia": "264,145", "Australia_%": "5.3", "New South Wales_%": "5.1", "Firefly_%": "8.8", "New South Wales": "80,905"}, "Both employed, worked full-time": {"Firefly": "11", "Australia": "1,084,006", "Australia_%": "21.6", "New South Wales_%": "22.6", "Firefly_%": "16.2", "New South Wales": "360,916"}, "One employed full-time, other not working": {"Firefly": "7", "Australia": "749,886", "Australia_%": "15.0", "New South Wales_%": "15.0", "Firefly_%": "10.3", "New South Wales": "240,084"}, "Both employed, worked part-time": {"Firefly": "0", "Australia": "203,596", "Australia_%": "4.1", "New South Wales_%": "4.0", "Firefly_%": "0.0", "New South Wales": "63,106"}, "Both not working": {"Firefly": "23", "Australia": "1,006,697", "Australia_%": "20.1", "New South Wales_%": "21.0", "Firefly_%": "33.8", "New South Wales": "334,742"}}, "Country of birth of mother, stated responses": {"Austria": {"Firefly": "4", "Australia": "27,927", "Australia_%": "0.1", "New South Wales_%": "0.1", "Firefly_%": "1.5", "New South Wales": "9,195"}, "New Zealand": {"Firefly": "7", "Australia": "608,329", "Australia_%": "2.6", "New South Wales_%": "1.9", "Firefly_%": "2.7", "New South Wales": "139,899"}, "Australia": {"Firefly": "210", "Australia": "12,643,365", "Australia_%": "54.0", "New South Wales_%": "51.9", "Firefly_%": "79.8", "New South Wales": "3,884,762"}, "England": {"Firefly": "14", "Australia": "1,302,147", "Australia_%": "5.6", "New South Wales_%": "4.3", "Firefly_%": "5.3", "New South Wales": "322,472"}, "United Kingdom, Channel Islands and Isle of Man, nfd": {"Firefly": "4", "Australia": "155,231", "Australia_%": "0.7", "New South Wales_%": "0.5", "Firefly_%": "1.5", "New South Wales": "38,504"}}, "Dwelling structure": {"Other dwelling": {"Firefly": "0", "Australia": "64,425", "Australia_%": "0.8", "New South Wales_%": "0.9", "Firefly_%": "0.0", "New South Wales": "23,580"}, "Semi-detached, row or terrace house, townhouse etc": {"Firefly": "0", "Australia": "1,055,016", "Australia_%": "12.7", "New South Wales_%": "12.2", "Firefly_%": "0.0", "New South Wales": "317,453"}, "Separate house": {"Firefly": "103", "Australia": "6,041,788", "Australia_%": "72.9", "New South Wales_%": "66.4", "Firefly_%": "97.2", "New South Wales": "1,729,820"}, "Flat or apartment": {"Firefly": "0", "Australia": "1,087,434", "Australia_%": "13.1", "New South Wales_%": "19.9", "Firefly_%": "0.0", "New South Wales": "519,390"}}, "Number of bedrooms": {"1 bedroom": {"Firefly": "3", "Australia": "411,252", "Australia_%": "5.0", "New South Wales_%": "6.0", "Firefly_%": "2.9", "New South Wales": "157,194"}, "3 bedrooms": {"Firefly": "57", "Australia": "3,403,190", "Australia_%": "41.1", "New South Wales_%": "37.2", "Firefly_%": "54.3", "New South Wales": "970,001"}, "Average number of people per household": {"Firefly": "2.4", "Australia": "2.6", "Australia_%": "--", "New South Wales_%": "--", "Firefly_%": "--", "New South Wales": "2.6"}, "2 bedrooms": {"Firefly": "5", "Australia": "1,562,759", "Australia_%": "18.9", "New South Wales_%": "22.2", "Firefly_%": "4.8", "New South Wales": "577,675"}, "4 or more bedrooms": {"Firefly": "36", "Australia": "2,670,758", "Australia_%": "32.2", "New South Wales_%": "31.3", "Firefly_%": "34.3", "New South Wales": "816,405"}, "None (includes bedsitters)": {"Firefly": "0", "Australia": "39,769", "Australia_%": "0.5", "New South Wales_%": "0.7", "Firefly_%": "0.0", "New South Wales": "17,157"}, "Number of bedrooms not stated": {"Firefly": "4", "Australia": "198,351", "Australia_%": "2.4", "New South Wales_%": "2.5", "Firefly_%": "3.8", "New South Wales": "65,888"}, "Average number of bedrooms per dwelling": {"Firefly": "3.4", "Australia": "3.1", "Australia_%": "--", "New South Wales_%": "--", "Firefly_%": "--", "New South Wales": "3"}}, "summaryTable_qsFamilies": {"for all families": "0.6", "for families with children": "2", "Families": "80", "Average children per family": "None"}, "People characteristics": {"Male": {"Firefly": "9", "Australia": "322,171", "Australia_%": "49.6", "New South Wales_%": "49.7", "Firefly_%": "100.0", "New South Wales": "107,368"}, "Median age": {"Firefly": "35", "Australia": "23", "Australia_%": "--", "New South Wales_%": "--", "Firefly_%": "--", "New South Wales": "22"}, "Female": {"Firefly": "0", "Australia": "326,996", "Australia_%": "50.4", "New South Wales_%": "50.3", "Firefly_%": "0.0", "New South Wales": "108,809"}}, "Dwelling count": {"Unoccupied private dwellings": {"Firefly": "9", "Australia": "1,039,874", "Australia_%": "11.2", "New South Wales_%": "9.9", "Firefly_%": "7.8", "New South Wales": "284,741"}, "Occupied private dwellings": {"Firefly": "106", "Australia": "8,286,073", "Australia_%": "88.8", "New South Wales_%": "90.1", "Firefly_%": "92.2", "New South Wales": "2,604,320"}}, "Level of highest educational attainment": {"Certificate level III": {"Firefly": "42", "Australia": "2,442,203", "Australia_%": "12.8", "New South Wales_%": "12.0", "Firefly_%": "19.2", "New South Wales": "730,498"}, "Certificate level II": {"Firefly": "0", "Australia": "13,454", "Australia_%": "0.1", "New South Wales_%": "0.1", "Firefly_%": "0.0", "New South Wales": "4,849"}, "No educational attainment": {"Firefly": "4", "Australia": "145,844", "Australia_%": "0.8", "New South Wales_%": "0.9", "Firefly_%": "1.8", "New South Wales": "54,870"}, "Bachelor Degree level and above": {"Firefly": "24", "Australia": "4,181,406", "Australia_%": "22.0", "New South Wales_%": "23.4", "Firefly_%": "11.0", "New South Wales": "1,424,716"}, "Certificate level I": {"Firefly": "0", "Australia": "2,176", "Australia_%": "0.0", "New South Wales_%": "0.0", "Firefly_%": "0.0", "New South Wales": "625"}, "Year 11": {"Firefly": "5", "Australia": "941,531", "Australia_%": "4.9", "New South Wales_%": "3.3", "Firefly_%": "2.3", "New South Wales": "203,574"}, "Not stated": {"Firefly": "24", "Australia": "1,974,794", "Australia_%": "10.4", "New South Wales_%": "10.3", "Firefly_%": "11.0", "New South Wales": "627,465"}, "Year 9 or below": {"Firefly": "29", "Australia": "1,529,897", "Australia_%": "8.0", "New South Wales_%": "8.4", "Firefly_%": "13.2", "New South Wales": "513,209"}, "Certificate level IV": {"Firefly": "8", "Australia": "551,767", "Australia_%": "2.9", "New South Wales_%": "2.8", "Firefly_%": "3.7", "New South Wales": "167,947"}, "Year 10": {"Firefly": "43", "Australia": "2,054,331", "Australia_%": "10.8", "New South Wales_%": "11.5", "Firefly_%": "19.6", "New South Wales": "702,178"}, "Year 12": {"Firefly": "15", "Australia": "2,994,097", "Australia_%": "15.7", "New South Wales_%": "15.3", "Firefly_%": "6.8", "New South Wales": "930,654"}, "Advanced Diploma and Diploma level": {"Firefly": "17", "Australia": "1,687,893", "Australia_%": "8.9", "New South Wales_%": "8.9", "Firefly_%": "7.8", "New South Wales": "543,142"}}, "Median weekly incomes": {"Personal": {"Firefly": "476", "Australia": "662", "Australia_%": "--", "New South Wales_%": "--", "Firefly_%": "--", "New South Wales": "664"}, "Household": {"Firefly": "1,052", "Australia": "1,438", "Australia_%": "--", "New South Wales_%": "--", "Firefly_%": "--", "New South Wales": "1,486"}, "Family": {"Firefly": "1,260", "Australia": "1,734", "Australia_%": "--", "New South Wales_%": "--", "Firefly_%": "--", "New South Wales": "1,780"}}, "Family composition": {"Other family": {"Firefly": "3", "Australia": "102,559", "Australia_%": "1.7", "New South Wales_%": "1.7", "Firefly_%": "3.6", "New South Wales": "32,438"}, "Couple family with children": {"Firefly": "27", "Australia": "2,716,224", "Australia_%": "44.7", "New South Wales_%": "45.7", "Firefly_%": "32.1", "New South Wales": "887,358"}, "Couple family without children": {"Firefly": "45", "Australia": "2,291,987", "Australia_%": "37.8", "New South Wales_%": "36.6", "Firefly_%": "53.6", "New South Wales": "709,524"}, "One parent family": {"Firefly": "9", "Australia": "959,543", "Australia_%": "15.8", "New South Wales_%": "16.0", "Firefly_%": "10.7", "New South Wales": "310,906"}}, "Dwelling internet connection": {"Not stated": {"Firefly": "5", "Australia": "221,494", "Australia_%": "2.7", "New South Wales_%": "2.8", "Firefly_%": "4.6", "New South Wales": "73,565"}, "Internet not accessed from dwelling": {"Firefly": "20", "Australia": "1,172,415", "Australia_%": "14.1", "New South Wales_%": "14.7", "Firefly_%": "18.3", "New South Wales": "381,709"}, "Internet accessed from dwelling": {"Firefly": "84", "Australia": "6,892,165", "Australia_%": "83.2", "New South Wales_%": "82.5", "Firefly_%": "77.1", "New South Wales": "2,149,040"}}, "Social marital status": {"Not married": {"Firefly": "78", "Australia": "7,024,973", "Australia_%": "41.9", "New South Wales_%": "42.3", "Firefly_%": "35.9", "New South Wales": "2,290,887"}, "De facto marriage": {"Firefly": "34", "Australia": "1,751,731", "Australia_%": "10.4", "New South Wales_%": "9.4", "Firefly_%": "15.7", "New South Wales": "506,133"}, "Registered marriage": {"Firefly": "105", "Australia": "8,001,141", "Australia_%": "47.7", "New South Wales_%": "48.3", "Firefly_%": "48.4", "New South Wales": "2,612,630"}}, "Household composition": {"Family households": {"Firefly": "82", "Australia": "5,907,625", "Australia_%": "71.3", "New South Wales_%": "72.0", "Firefly_%": "72.6", "New South Wales": "1,874,524"}, "Group households": {"Firefly": "3", "Australia": "354,917", "Australia_%": "4.3", "New South Wales_%": "4.2", "Firefly_%": "2.7", "New South Wales": "109,004"}, "Single (or lone) person households": {"Firefly": "28", "Australia": "2,023,542", "Australia_%": "24.4", "New South Wales_%": "23.8", "Firefly_%": "24.8", "New South Wales": "620,778"}}, "People": {"Male": {"Firefly": "132", "Australia": "11,546,638", "Australia_%": "49.3", "New South Wales_%": "49.3", "Firefly_%": "48.5", "New South Wales": "3,686,014"}, "Aboriginal and/or Torres Strait Islander people": {"Firefly": "6", "Australia": "649,171", "Australia_%": "2.8", "New South Wales_%": "2.9", "Firefly_%": "2.2", "New South Wales": "216,176"}, "Female": {"Firefly": "140", "Australia": "11,855,248", "Australia_%": "50.7", "New South Wales_%": "50.7", "Firefly_%": "51.5", "New South Wales": "3,794,217"}}, "Language, top responses (other than English)": {"null": {"Firefly": null, "Australia": "None", "Australia_%": "None", "New South Wales_%": "None", "Firefly_%": null, "New South Wales": "None"}, "English only spoken at home": {"Firefly": "260", "Australia": "17,020,417", "Australia_%": "72.7", "New South Wales_%": "68.5", "Firefly_%": "95.6", "New South Wales": "5,126,633"}}, "summaryTable_qsDwelling": {"Median monthly mortgage repayments": "$1,300", "All private dwellings": "124", "Average people per household": "2.4", "Median weekly household income": "$1,052", "Median weekly rent": "$270", "Average motor vehicles per dwelling": "2.2"}, "Household income": {"Less than $650 gross weekly income": {"Firefly": "--", "Australia": "--", "Australia_%": "20.0", "New South Wales_%": "19.7", "Firefly_%": "25.3", "New South Wales": "--"}, "More than $3000 gross weekly income": {"Firefly": "--", "Australia": "--", "Australia_%": "16.4", "New South Wales_%": "18.7", "Firefly_%": "10.1", "New South Wales": "--"}}, "Country of birth": {"Other top responses": {"Firefly": "None", "Firefly_%": "None"}, "New Zealand": {"Firefly": "3", "Australia": "518,466", "Australia_%": "2.2", "New South Wales_%": "1.6", "Firefly_%": "1.1", "New South Wales": "117,136"}, "Australia": {"Firefly": "228", "Australia": "15,614,835", "Australia_%": "66.7", "New South Wales_%": "65.5", "Firefly_%": "84.8", "New South Wales": "4,899,090"}, "England": {"Firefly": "12", "Australia": "907,570", "Australia_%": "3.9", "New South Wales_%": "3.0", "Firefly_%": "4.5", "New South Wales": "226,564"}, "Austria": {"Firefly": "3", "Australia": "15,384", "Australia_%": "0.1", "New South Wales_%": "0.1", "Firefly_%": "1.1", "New South Wales": "5,172"}}, "Religious affiliation, top responses": {"No Religion, so described": {"Firefly": "88", "Australia": "6,933,708", "Australia_%": "29.6", "New South Wales_%": "25.1", "Firefly_%": "32.7", "New South Wales": "1,879,562"}, "Anglican": {"Firefly": "70", "Australia": "3,101,185", "Australia_%": "13.3", "New South Wales_%": "15.5", "Firefly_%": "26.0", "New South Wales": "1,161,810"}, "Not stated": {"Firefly": "25", "Australia": "2,238,735", "Australia_%": "9.6", "New South Wales_%": "9.2", "Firefly_%": "9.3", "New South Wales": "684,969"}, "Uniting Church": {"Firefly": "10", "Australia": "870,183", "Australia_%": "3.7", "New South Wales_%": "2.9", "Firefly_%": "3.7", "New South Wales": "217,258"}, "Catholic": {"Firefly": "57", "Australia": "5,291,834", "Australia_%": "22.6", "New South Wales_%": "24.7", "Firefly_%": "21.2", "New South Wales": "1,846,443"}}, "Ancestry, top responses": {"German": {"Firefly": "20", "Australia": "982,226", "Australia_%": "3.1", "New South Wales_%": "2.4", "Firefly_%": "5.6", "New South Wales": "236,146"}, "Australian": {"Firefly": "134", "Australia": "7,298,243", "Australia_%": "23.3", "New South Wales_%": "22.9", "Firefly_%": "37.6", "New South Wales": "2,261,062"}, "Scottish": {"Firefly": "22", "Australia": "2,023,470", "Australia_%": "6.4", "New South Wales_%": "5.9", "Firefly_%": "6.2", "New South Wales": "587,052"}, "Irish": {"Firefly": "18", "Australia": "2,388,058", "Australia_%": "7.6", "New South Wales_%": "7.5", "Firefly_%": "5.1", "New South Wales": "741,671"}, "English": {"Firefly": "134", "Australia": "7,852,224", "Australia_%": "25.0", "New South Wales_%": "23.3", "Firefly_%": "37.6", "New South Wales": "2,302,481"}}, "Age": {"35-39 years": {"Firefly": "8", "Australia": "1,561,679", "Australia_%": "6.7", "New South Wales_%": "6.7", "Firefly_%": "2.9", "New South Wales": "499,724"}, "60-64 years": {"Firefly": "25", "Australia": "1,299,397", "Australia_%": "5.6", "New South Wales_%": "5.6", "Firefly_%": "9.1", "New South Wales": "420,044"}, "30-34 years": {"Firefly": "6", "Australia": "1,703,847", "Australia_%": "7.3", "New South Wales_%": "7.2", "Firefly_%": "2.2", "New South Wales": "540,360"}, "0-4 years": {"Firefly": "6", "Australia": "1,464,779", "Australia_%": "6.3", "New South Wales_%": "6.2", "Firefly_%": "2.2", "New South Wales": "465,135"}, "25-29 years": {"Firefly": "8", "Australia": "1,664,602", "Australia_%": "7.1", "New South Wales_%": "7.0", "Firefly_%": "2.9", "New South Wales": "527,161"}, "10-14 years": {"Firefly": "19", "Australia": "1,397,183", "Australia_%": "6.0", "New South Wales_%": "5.9", "Firefly_%": "6.9", "New South Wales": "443,009"}, "5-9 years": {"Firefly": "16", "Australia": "1,502,646", "Australia_%": "6.4", "New South Wales_%": "6.4", "Firefly_%": "5.8", "New South Wales": "478,184"}, "Median age": {"Firefly": "52", "Australia": "38", "Australia_%": "--", "New South Wales_%": "--", "Firefly_%": "--", "New South Wales": "38"}, "50-54 years": {"Firefly": "20", "Australia": "1,523,551", "Australia_%": "6.5", "New South Wales_%": "6.5", "Firefly_%": "7.3", "New South Wales": "485,546"}, "80-84 years": {"Firefly": "3", "Australia": "460,549", "Australia_%": "2.0", "New South Wales_%": "2.1", "Firefly_%": "1.1", "New South Wales": "155,806"}, "40-44 years": {"Firefly": "21", "Australia": "1,583,257", "Australia_%": "6.8", "New South Wales_%": "6.7", "Firefly_%": "7.7", "New South Wales": "503,169"}, "70-74 years": {"Firefly": "29", "Australia": "887,716", "Australia_%": "3.8", "New South Wales_%": "3.9", "Firefly_%": "10.6", "New South Wales": "292,556"}, "15-19 years": {"Firefly": "12", "Australia": "1,421,595", "Australia_%": "6.1", "New South Wales_%": "6.0", "Firefly_%": "4.4", "New South Wales": "448,425"}, "65-69 years": {"Firefly": "34", "Australia": "1,188,999", "Australia_%": "5.1", "New South Wales_%": "5.1", "Firefly_%": "12.4", "New South Wales": "384,470"}, "20-24 years": {"Firefly": "3", "Australia": "1,566,793", "Australia_%": "6.7", "New South Wales_%": "6.5", "Firefly_%": "1.1", "New South Wales": "489,673"}, "55-59 years": {"Firefly": "21", "Australia": "1,454,332", "Australia_%": "6.2", "New South Wales_%": "6.3", "Firefly_%": "7.7", "New South Wales": "469,726"}, "75-79 years": {"Firefly": "15", "Australia": "652,657", "Australia_%": "2.8", "New South Wales_%": "2.9", "Firefly_%": "5.5", "New South Wales": "217,308"}, "45-49 years": {"Firefly": "22", "Australia": "1,581,455", "Australia_%": "6.8", "New South Wales_%": "6.6", "Firefly_%": "8.0", "New South Wales": "492,440"}, "85 years and over": {"Firefly": "6", "Australia": "486,842", "Australia_%": "2.1", "New South Wales_%": "2.2", "Firefly_%": "2.2", "New South Wales": "167,506"}}, "Single (or lone) parents": {"Male": {"Firefly": "--", "Australia": "--", "Australia_%": "18.2", "New South Wales_%": "17.8", "Firefly_%": "42.9", "New South Wales": "--"}, "Female": {"Firefly": "--", "Australia": "--", "Australia_%": "81.8", "New South Wales_%": "82.2", "Firefly_%": "57.1", "New South Wales": "--"}}, "Mortgage monthly repayments": {"Median mortgage repayments": {"Firefly": "1,300", "Australia": "1,755", "Australia_%": "--", "New South Wales_%": "--", "Firefly_%": "--", "New South Wales": "1,986"}, "Households where mortgage repayments are less than 30% of household income": {"Firefly": "--", "Australia": "--", "Australia_%": "92.8", "New South Wales_%": "92.6", "Firefly_%": "95.1", "New South Wales": "--"}, "Households with mortgage repayments greater than or equal to 30% of household income": {"Firefly": "--", "Australia": "--", "Australia_%": "7.2", "New South Wales_%": "7.4", "Firefly_%": "4.9", "New South Wales": "--"}}, "Mortgage and rent": {"Median monthly mortgage repayments": {"Firefly": "0", "Australia": "1,660", "Australia_%": "--", "New South Wales_%": "--", "Firefly_%": "--", "New South Wales": "1,733"}, "Median weekly rent": {"Firefly": "0", "Australia": "250", "Australia_%": "--", "New South Wales_%": "--", "Firefly_%": "--", "New South Wales": "270"}}, "Tenure": {"Rented": {"Firefly": "16", "Australia": "2,561,302", "Australia_%": "30.9", "New South Wales_%": "31.8", "Firefly_%": "16.0", "New South Wales": "826,922"}, "Owned outright": {"Firefly": "53", "Australia": "2,565,695", "Australia_%": "31.0", "New South Wales_%": "32.2", "Firefly_%": "53.0", "New South Wales": "839,665"}, "Owned with a mortgage": {"Firefly": "31", "Australia": "2,855,222", "Australia_%": "34.5", "New South Wales_%": "32.3", "Firefly_%": "31.0", "New South Wales": "840,004"}, "Tenure type not stated": {"Firefly": "0", "Australia": "224,869", "Australia_%": "2.7", "New South Wales_%": "2.8", "Firefly_%": "0.0", "New South Wales": "73,763"}, "Other tenure type": {"Firefly": "0", "Australia": "78,994", "Australia_%": "1.0", "New South Wales_%": "0.9", "Firefly_%": "0.0", "New South Wales": "23,968"}}, "Country of birth of father, stated responses": {"Scotland": {"Firefly": "6", "Australia": "276,038", "Australia_%": "1.2", "New South Wales_%": "1.0", "Firefly_%": "2.2", "New South Wales": "72,321"}, "Netherlands": {"Firefly": "6", "Australia": "175,354", "Australia_%": "0.7", "New South Wales_%": "0.5", "Firefly_%": "2.2", "New South Wales": "40,444"}, "Australia": {"Firefly": "207", "Australia": "12,231,150", "Australia_%": "52.3", "New South Wales_%": "50.1", "Firefly_%": "77.0", "New South Wales": "3,745,787"}, "England": {"Firefly": "24", "Australia": "1,403,096", "Australia_%": "6.0", "New South Wales_%": "4.8", "Firefly_%": "8.9", "New South Wales": "359,370"}, "United Kingdom, Channel Islands and Isle of Man, nfd": {"Firefly": "4", "Australia": "177,536", "Australia_%": "0.8", "New South Wales_%": "0.6", "Firefly_%": "1.5", "New South Wales": "45,238"}}, "Country of birth of father and/or mother, stated responses": {"Father only born overseas": {"Firefly": "21", "Australia": "1,488,092", "Australia_%": "6.4", "New South Wales_%": "6.1", "Firefly_%": "7.7", "New South Wales": "458,394"}, "Mother only born overseas": {"Firefly": "16", "Australia": "1,094,591", "Australia_%": "4.7", "New South Wales_%": "4.3", "Firefly_%": "5.9", "New South Wales": "325,182"}, "Both parents born overseas": {"Firefly": "31", "Australia": "8,051,196", "Australia_%": "34.4", "New South Wales_%": "37.0", "Firefly_%": "11.4", "New South Wales": "2,764,170"}, "Both parents born in Australia": {"Firefly": "188", "Australia": "11,070,538", "Australia_%": "47.3", "New South Wales_%": "45.4", "Firefly_%": "69.1", "New South Wales": "3,399,725"}}, "Rent weekly payments": {"Households where rent payments are less than 30% of household income": {"Firefly": "--", "Australia": "--", "Australia_%": "88.5", "New South Wales_%": "87.1", "Firefly_%": "92.2", "New South Wales": "--"}, "Households with rent payments greater than or equal to 30% of household income": {"Firefly": "--", "Australia": "--", "Australia_%": "11.5", "New South Wales_%": "12.9", "Firefly_%": "7.8", "New South Wales": "--"}, "Median rent": {"Firefly": "270", "Australia": "335", "Australia_%": "--", "New South Wales_%": "--", "Firefly_%": "--", "New South Wales": "380"}}, "Registered marital status": {"Separated": {"Firefly": "0", "Australia": "608,059", "Australia_%": "3.2", "New South Wales_%": "3.1", "Firefly_%": "0.0", "New South Wales": "190,198"}, "Widowed": {"Firefly": "27", "Australia": "985,204", "Australia_%": "5.2", "New South Wales_%": "5.4", "Firefly_%": "11.6", "New South Wales": "331,653"}, "Married": {"Firefly": "109", "Australia": "9,148,218", "Australia_%": "48.1", "New South Wales_%": "48.7", "Firefly_%": "47.0", "New South Wales": "2,965,280"}, "Divorced": {"Firefly": "29", "Australia": "1,626,890", "Australia_%": "8.5", "New South Wales_%": "8.4", "Firefly_%": "12.5", "New South Wales": "512,298"}, "Never married": {"Firefly": "67", "Australia": "6,668,910", "Australia_%": "35.0", "New South Wales_%": "34.4", "Firefly_%": "28.9", "New South Wales": "2,094,460"}}, "summaryTable_qsPeople": {"Male": "48.5%", "Median age": "52", "Female": "51.5%", "People": "272"}, "Dwelling characteristics": {"Average number of people per household": {"Firefly": "3.5", "Australia": "3.2", "Australia_%": "--", "New South Wales_%": "--", "Firefly_%": "--", "New South Wales": "3.1"}, "Average number of persons per bedroom": {"Firefly": "1", "Australia": "1", "Australia_%": "--", "New South Wales_%": "--", "Firefly_%": "--", "New South Wales": "1"}, "Median weekly household income": {"Firefly": "1,187", "Australia": "1,203", "Australia_%": "--", "New South Wales_%": "--", "Firefly_%": "--", "New South Wales": "1,214"}}, "Unpaid work": {"Did unpaid domestic work (last week)": {"Firefly": "168", "Australia": "13,143,914", "Australia_%": "69.0", "New South Wales_%": "67.7", "Firefly_%": "72.1", "New South Wales": "4,127,723"}, "Provided unpaid assistance to a person with a disability (last two weeks)": {"Firefly": "30", "Australia": "2,145,203", "Australia_%": "11.3", "New South Wales_%": "11.6", "Firefly_%": "12.8", "New South Wales": "709,415"}, "Did voluntary work through an organisation or group (last 12 months)": {"Firefly": "49", "Australia": "3,620,726", "Australia_%": "19.0", "New South Wales_%": "18.1", "Firefly_%": "21.4", "New South Wales": "1,103,790"}, "Cared for child/children (last two weeks)": {"Firefly": "49", "Australia": "5,259,400", "Australia_%": "27.6", "New South Wales_%": "27.2", "Firefly_%": "20.9", "New South Wales": "1,659,250"}}, "Unpaid domestic work, number of hours": {"5 to 14 hours per week": {"Firefly": "57", "Australia": "4,944,578", "Australia_%": "26.0", "New South Wales_%": "25.1", "Firefly_%": "24.9", "New South Wales": "1,531,206"}, "30 hours or more per week": {"Firefly": "28", "Australia": "1,710,970", "Australia_%": "9.0", "New South Wales_%": "9.0", "Firefly_%": "12.2", "New South Wales": "545,925"}, "Less than 5 hours per week": {"Firefly": "36", "Australia": "4,298,593", "Australia_%": "22.6", "New South Wales_%": "22.3", "Firefly_%": "15.7", "New South Wales": "1,359,656"}, "15 to 29 hours per week": {"Firefly": "43", "Australia": "2,189,776", "Australia_%": "11.5", "New South Wales_%": "11.3", "Firefly_%": "18.8", "New South Wales": "690,934"}}, "Industry of employment, top responses": {"Dairy Cattle Farming": {"Firefly": "5", "Australia": "20,326", "Australia_%": "0.2", "New South Wales_%": "0.1", "Firefly_%": "7.6", "New South Wales": "3,271"}, "Horse Farming": {"Firefly": "3", "Australia": "3,491", "Australia_%": "0.0", "New South Wales_%": "0.0", "Firefly_%": "4.5", "New South Wales": "1,514"}, "Beef Cattle Farming (Specialised)": {"Firefly": "8", "Australia": "44,309", "Australia_%": "0.4", "New South Wales_%": "0.4", "Firefly_%": "12.1", "New South Wales": "13,478"}, "Aged Care Residential Services": {"Firefly": "13", "Australia": "211,621", "Australia_%": "2.0", "New South Wales_%": "2.0", "Firefly_%": "19.7", "New South Wales": "67,209"}, "Landscape Construction Services": {"Firefly": "7", "Australia": "39,602", "Australia_%": "0.4", "New South Wales_%": "0.4", "Firefly_%": "10.6", "New South Wales": "12,104"}}, "GeoInfo": {"city": "Firefly"}, "Education": {"University or tertiary institution": {"Firefly": "0", "Australia": "1,160,626", "Australia_%": "16.1", "New South Wales_%": "16.2", "Firefly_%": "0.0", "New South Wales": "376,133"}, "Secondary - Catholic": {"Firefly": "4", "Australia": "338,384", "Australia_%": "4.7", "New South Wales_%": "5.1", "Firefly_%": "7.1", "New South Wales": "117,689"}, "Secondary - other non Government": {"Firefly": "0", "Australia": "280,618", "Australia_%": "3.9", "New South Wales_%": "3.4", "Firefly_%": "0.0", "New South Wales": "79,915"}, "Primary - Catholic": {"Firefly": "0", "Australia": "380,604", "Australia_%": "5.3", "New South Wales_%": "5.3", "Firefly_%": "0.0", "New South Wales": "122,099"}, "Primary - Government": {"Firefly": "24", "Australia": "1,314,787", "Australia_%": "18.2", "New South Wales_%": "18.0", "Firefly_%": "42.9", "New South Wales": "417,465"}, "Other": {"Firefly": "0", "Australia": "198,383", "Australia_%": "2.8", "New South Wales_%": "2.7", "Firefly_%": "0.0", "New South Wales": "63,673"}, "Technical or further education institution": {"Firefly": "0", "Australia": "424,869", "Australia_%": "5.9", "New South Wales_%": "6.2", "Firefly_%": "0.0", "New South Wales": "144,103"}, "Secondary - Government": {"Firefly": "10", "Australia": "827,505", "Australia_%": "11.5", "New South Wales_%": "11.6", "Firefly_%": "17.9", "New South Wales": "269,249"}, "Primary - other non Government": {"Firefly": "0", "Australia": "231,490", "Australia_%": "3.2", "New South Wales_%": "2.9", "Firefly_%": "0.0", "New South Wales": "67,611"}, "Not stated": {"Firefly": "18", "Australia": "1,707,023", "Australia_%": "23.7", "New South Wales_%": "23.0", "Firefly_%": "32.1", "New South Wales": "535,266"}, "Preschool": {"Firefly": "0", "Australia": "347,621", "Australia_%": "4.8", "New South Wales_%": "5.7", "Firefly_%": "0.0", "New South Wales": "132,047"}}, "Employment": {"Unemployed": {"Firefly": "8", "Australia": "787,452", "Australia_%": "6.9", "New South Wales_%": "6.3", "Firefly_%": "7.1", "New South Wales": "225,546"}, "Worked part-time": {"Firefly": "43", "Australia": "3,491,503", "Australia_%": "30.4", "New South Wales_%": "29.7", "Firefly_%": "38.1", "New South Wales": "1,071,151"}, "Away from work": {"Firefly": "6", "Australia": "569,276", "Australia_%": "5.0", "New South Wales_%": "4.8", "Firefly_%": "5.3", "New South Wales": "174,654"}, "Worked full-time": {"Firefly": "56", "Australia": "6,623,065", "Australia_%": "57.7", "New South Wales_%": "59.2", "Firefly_%": "49.6", "New South Wales": "2,134,521"}}, "Travel to work, top responses": {"Worked at home": {"Firefly": "19", "Australia": "503,582", "Australia_%": "4.7", "New South Wales_%": "4.8", "Firefly_%": "20.9", "New South Wales": "163,026"}, "People who travelled to work by car as driver or passenger": {"Firefly": "56", "Australia": "7,305,271", "Australia_%": "68.4", "New South Wales_%": "64.6", "Firefly_%": "56.6", "New South Wales": "2,182,854"}, "null": {"Firefly": null, "Australia": "None", "Australia_%": "None", "New South Wales_%": "None", "Firefly_%": null, "New South Wales": "None"}, "Car, as driver": {"Firefly": "49", "Australia": "6,574,571", "Australia_%": "61.5", "New South Wales_%": "57.8", "Firefly_%": "53.8", "New South Wales": "1,953,399"}, "Truck": {"Firefly": "3", "Australia": "85,892", "Australia_%": "0.8", "New South Wales_%": "1.0", "Firefly_%": "3.3", "New South Wales": "32,908"}, "Car, as passenger": {"Firefly": "4", "Australia": "489,922", "Australia_%": "4.6", "New South Wales_%": "4.3", "Firefly_%": "4.4", "New South Wales": "144,820"}}, "Occupation": {"Professionals": {"Firefly": "12", "Australia": "2,370,966", "Australia_%": "22.2", "New South Wales_%": "23.6", "Firefly_%": "12.0", "New South Wales": "798,126"}, "Technicians and Trades Workers": {"Firefly": "19", "Australia": "1,447,414", "Australia_%": "13.5", "New South Wales_%": "12.7", "Firefly_%": "19.0", "New South Wales": "429,239"}, "Community and Personal Service Workers": {"Firefly": "14", "Australia": "1,157,003", "Australia_%": "10.8", "New South Wales_%": "10.4", "Firefly_%": "14.0", "New South Wales": "350,261"}, "Clerical and Administrative Workers": {"Firefly": "14", "Australia": "1,449,681", "Australia_%": "13.6", "New South Wales_%": "13.8", "Firefly_%": "14.0", "New South Wales": "467,977"}, "Machinery Operators and Drivers": {"Firefly": "4", "Australia": "670,106", "Australia_%": "6.3", "New South Wales_%": "6.1", "Firefly_%": "4.0", "New South Wales": "206,839"}, "Labourers": {"Firefly": "4", "Australia": "1,011,520", "Australia_%": "9.5", "New South Wales_%": "8.8", "Firefly_%": "4.0", "New South Wales": "297,887"}, "Sales Workers": {"Firefly": "10", "Australia": "1,000,955", "Australia_%": "9.4", "New South Wales_%": "9.2", "Firefly_%": "10.0", "New South Wales": "311,414"}, "Managers": {"Firefly": "23", "Australia": "1,390,047", "Australia_%": "13.0", "New South Wales_%": "13.5", "Firefly_%": "23.0", "New South Wales": "456,084"}}}