{"GeoInfo": {"city": "Forbes Creek"}, "summaryTable_qsDwelling": {"Median monthly mortgage repayments": "$1,993", "All private dwellings": "31", "Average people per household": "1.7", "Median weekly household income": "$2,083", "Median weekly rent": "$150", "Average motor vehicles per dwelling": "2"}, "summaryTable_qsPeople": {"Male": "52.3%", "Median age": "49", "Female": "47.7%", "People": "68"}, "summaryTable_qsFamilies": {"for all families": "0.2", "for families with children": "1", "Families": "12", "Average children per family": "None"}}