{"GeoInfo": {"city": "Fords Bridge"}, "summaryTable_qsDwelling": {"Median monthly mortgage repayments": "$0", "All private dwellings": "30", "Average people per household": "1.4", "Median weekly household income": "$725", "Median weekly rent": "$0", "Average motor vehicles per dwelling": "1.9"}, "summaryTable_qsPeople": {"Male": "48.2%", "Median age": "49", "Female": "51.8%", "People": "54"}, "summaryTable_qsFamilies": {"for all families": "0.5", "for families with children": "1.6", "Families": "11", "Average children per family": "None"}}