{"GeoInfo": {"city": "Four Mile Creek (NSW)"}, "summaryTable_qsDwelling": {"Median monthly mortgage repayments": "$0", "All private dwellings": "7", "Average people per household": "0", "Median weekly household income": "$0", "Median weekly rent": "$0", "Average motor vehicles per dwelling": "0"}, "summaryTable_qsPeople": {"Male": "57.1%", "Median age": "30", "Female": "42.9%", "People": "12"}, "summaryTable_qsFamilies": {"for all families": "0", "for families with children": "0", "Families": "3", "Average children per family": "None"}}