{"GeoInfo": {"city": "Furracabad"}, "summaryTable_qsDwelling": {"Median monthly mortgage repayments": "$0", "All private dwellings": "28", "Average people per household": "1.6", "Median weekly household income": "$1,625", "Median weekly rent": "$200", "Average motor vehicles per dwelling": "2"}, "summaryTable_qsPeople": {"Male": "63.4%", "Median age": "36", "Female": "36.6%", "People": "42"}, "summaryTable_qsFamilies": {"for all families": "0", "for families with children": "0", "Families": "7", "Average children per family": "None"}}