{"GeoInfo": {"city": "Giants Creek"}, "summaryTable_qsDwelling": {"Median monthly mortgage repayments": "$1,956", "All private dwellings": "57", "Average people per household": "2.9", "Median weekly household income": "$1,687", "Median weekly rent": "$0", "Average motor vehicles per dwelling": "2"}, "summaryTable_qsPeople": {"Male": "51.1%", "Median age": "44", "Female": "48.9%", "People": "92"}, "summaryTable_qsFamilies": {"for all families": "1.1", "for families with children": "2.5", "Families": "28", "Average children per family": "None"}}