{"Employment - hours worked": {"40 hours or more per week": {"Glenfield Park_%": "41.9", "Australia": "4,591,801", "Glenfield Park": "1,080", "Australia_%": "43.0", "New South Wales_%": "44.1", "New South Wales": "1,489,099"}, "25-34 hours per week": {"Glenfield Park_%": "11.6", "Australia": "1,193,445", "Glenfield Park": "299", "Australia_%": "11.2", "New South Wales_%": "10.5", "New South Wales": "353,702"}, "16-24 hours per week": {"Glenfield Park_%": "7.9", "Australia": "1,079,236", "Glenfield Park": "205", "Australia_%": "10.1", "New South Wales_%": "10.4", "New South Wales": "352,817"}, "35-39 hours per week": {"Glenfield Park_%": "24.8", "Australia": "2,031,263", "Glenfield Park": "639", "Australia_%": "19.0", "New South Wales_%": "19.1", "New South Wales": "645,428"}, "1-15 hours per week": {"Glenfield Park_%": "8.8", "Australia": "1,218,823", "Glenfield Park": "227", "Australia_%": "11.4", "New South Wales_%": "10.8", "New South Wales": "364,637"}}, "Number of registered motor vehicles": {"2 motor vehicles": {"Glenfield Park_%": "42.3", "Australia": "2,999,184", "Glenfield Park": "822", "Australia_%": "36.2", "New South Wales_%": "34.1", "New South Wales": "887,849"}, "None": {"Glenfield Park_%": "3.1", "Australia": "623,829", "Glenfield Park": "60", "Australia_%": "7.5", "New South Wales_%": "9.2", "New South Wales": "239,625"}, "Number of motor vehicles not stated": {"Glenfield Park_%": "3.0", "Australia": "285,197", "Glenfield Park": "58", "Australia_%": "3.4", "New South Wales_%": "3.7", "New South Wales": "95,623"}, "1 motor vehicle": {"Glenfield Park_%": "36.7", "Australia": "2,881,485", "Glenfield Park": "714", "Australia_%": "34.8", "New South Wales_%": "36.3", "New South Wales": "946,159"}, "3 or more vehicles": {"Glenfield Park_%": "14.9", "Australia": "1,496,382", "Glenfield Park": "290", "Australia_%": "18.1", "New South Wales_%": "16.7", "New South Wales": "435,053"}}, "Employment status of parents in couple families": {"Labour force status not stated (by one or both parents in a couple family)": {"Glenfield Park_%": "7.2", "Australia": "311,381", "Glenfield Park": "81", "Australia_%": "6.2", "New South Wales_%": "5.7", "New South Wales": "90,630"}, "One employed full-time, one part-time": {"Glenfield Park_%": "26.0", "Australia": "1,086,460", "Glenfield Park": "292", "Australia_%": "21.7", "New South Wales_%": "20.6", "New South Wales": "329,567"}, "One employed part-time, other not working": {"Glenfield Park_%": "3.7", "Australia": "302,037", "Glenfield Park": "42", "Australia_%": "6.0", "New South Wales_%": "6.1", "New South Wales": "96,933"}, "Other (includes away from work)": {"Glenfield Park_%": "5.8", "Australia": "264,145", "Glenfield Park": "65", "Australia_%": "5.3", "New South Wales_%": "5.1", "New South Wales": "80,905"}, "Both employed, worked full-time": {"Glenfield Park_%": "25.5", "Australia": "1,084,006", "Glenfield Park": "286", "Australia_%": "21.6", "New South Wales_%": "22.6", "New South Wales": "360,916"}, "One employed full-time, other not working": {"Glenfield Park_%": "13.9", "Australia": "749,886", "Glenfield Park": "156", "Australia_%": "15.0", "New South Wales_%": "15.0", "New South Wales": "240,084"}, "Both employed, worked part-time": {"Glenfield Park_%": "2.8", "Australia": "203,596", "Glenfield Park": "31", "Australia_%": "4.1", "New South Wales_%": "4.0", "New South Wales": "63,106"}, "Both not working": {"Glenfield Park_%": "15.1", "Australia": "1,006,697", "Glenfield Park": "169", "Australia_%": "20.1", "New South Wales_%": "21.0", "New South Wales": "334,742"}}, "Country of birth of mother, stated responses": {"England": {"Glenfield Park_%": "2.1", "Australia": "1,302,147", "Glenfield Park": "107", "Australia_%": "5.6", "New South Wales_%": "4.3", "New South Wales": "322,472"}, "Philippines": {"Glenfield Park_%": "0.8", "Australia": "325,049", "Glenfield Park": "40", "Australia_%": "1.4", "New South Wales_%": "1.7", "New South Wales": "124,029"}, "Australia": {"Glenfield Park_%": "81.5", "Australia": "12,643,365", "Glenfield Park": "4,250", "Australia_%": "54.0", "New South Wales_%": "51.9", "New South Wales": "3,884,762"}, "India": {"Glenfield Park_%": "2.6", "Australia": "605,777", "Glenfield Park": "134", "Australia_%": "2.6", "New South Wales_%": "2.6", "New South Wales": "191,594"}, "China (excludes SARs and Taiwan)": {"Glenfield Park_%": "0.6", "Australia": "699,074", "Glenfield Park": "31", "Australia_%": "3.0", "New South Wales_%": "4.4", "New South Wales": "329,967"}}, "Dwelling structure": {"Other dwelling": {"Glenfield Park_%": "3.9", "Australia": "64,425", "Glenfield Park": "75", "Australia_%": "0.8", "New South Wales_%": "0.9", "New South Wales": "23,580"}, "Semi-detached, row or terrace house, townhouse etc": {"Glenfield Park_%": "4.3", "Australia": "1,055,016", "Glenfield Park": "83", "Australia_%": "12.7", "New South Wales_%": "12.2", "New South Wales": "317,453"}, "Separate house": {"Glenfield Park_%": "89.1", "Australia": "6,041,788", "Glenfield Park": "1,726", "Australia_%": "72.9", "New South Wales_%": "66.4", "New South Wales": "1,729,820"}, "Flat or apartment": {"Glenfield Park_%": "2.8", "Australia": "1,087,434", "Glenfield Park": "54", "Australia_%": "13.1", "New South Wales_%": "19.9", "New South Wales": "519,390"}}, "Number of bedrooms": {"1 bedroom": {"Glenfield Park_%": "0.7", "Australia": "411,252", "Glenfield Park": "14", "Australia_%": "5.0", "New South Wales_%": "6.0", "New South Wales": "157,194"}, "3 bedrooms": {"Glenfield Park_%": "50.8", "Australia": "3,403,190", "Glenfield Park": "988", "Australia_%": "41.1", "New South Wales_%": "37.2", "New South Wales": "970,001"}, "Average number of people per household": {"Glenfield Park_%": "--", "Australia": "2.6", "Glenfield Park": "2.5", "Australia_%": "--", "New South Wales_%": "--", "New South Wales": "2.6"}, "2 bedrooms": {"Glenfield Park_%": "15.2", "Australia": "1,562,759", "Glenfield Park": "296", "Australia_%": "18.9", "New South Wales_%": "22.2", "New South Wales": "577,675"}, "4 or more bedrooms": {"Glenfield Park_%": "30.5", "Australia": "2,670,758", "Glenfield Park": "592", "Australia_%": "32.2", "New South Wales_%": "31.3", "New South Wales": "816,405"}, "None (includes bedsitters)": {"Glenfield Park_%": "0.2", "Australia": "39,769", "Glenfield Park": "3", "Australia_%": "0.5", "New South Wales_%": "0.7", "New South Wales": "17,157"}, "Number of bedrooms not stated": {"Glenfield Park_%": "2.6", "Australia": "198,351", "Glenfield Park": "51", "Australia_%": "2.4", "New South Wales_%": "2.5", "New South Wales": "65,888"}, "Average number of bedrooms per dwelling": {"Glenfield Park_%": "--", "Australia": "3.1", "Glenfield Park": "3.2", "Australia_%": "--", "New South Wales_%": "--", "New South Wales": "3"}}, "summaryTable_qsFamilies": {"for all families": "0.8", "for families with children": "1.9", "Families": "1,428", "Average children per family": "None"}, "People characteristics": {"Male": {"Glenfield Park_%": "47.7", "Australia": "322,171", "Glenfield Park": "183", "Australia_%": "49.6", "New South Wales_%": "49.7", "New South Wales": "107,368"}, "Median age": {"Glenfield Park_%": "--", "Australia": "23", "Glenfield Park": "22", "Australia_%": "--", "New South Wales_%": "--", "New South Wales": "22"}, "Female": {"Glenfield Park_%": "52.3", "Australia": "326,996", "Glenfield Park": "201", "Australia_%": "50.4", "New South Wales_%": "50.3", "New South Wales": "108,809"}}, "Dwelling count": {"Unoccupied private dwellings": {"Glenfield Park_%": "7.0", "Australia": "1,039,874", "Glenfield Park": "145", "Australia_%": "11.2", "New South Wales_%": "9.9", "New South Wales": "284,741"}, "Occupied private dwellings": {"Glenfield Park_%": "93.0", "Australia": "8,286,073", "Glenfield Park": "1,938", "Australia_%": "88.8", "New South Wales_%": "90.1", "New South Wales": "2,604,320"}}, "Level of highest educational attainment": {"Certificate level III": {"Glenfield Park_%": "18.4", "Australia": "2,442,203", "Glenfield Park": "745", "Australia_%": "12.8", "New South Wales_%": "12.0", "New South Wales": "730,498"}, "Certificate level II": {"Glenfield Park_%": "0.1", "Australia": "13,454", "Glenfield Park": "3", "Australia_%": "0.1", "New South Wales_%": "0.1", "New South Wales": "4,849"}, "No educational attainment": {"Glenfield Park_%": "0.4", "Australia": "145,844", "Glenfield Park": "17", "Australia_%": "0.8", "New South Wales_%": "0.9", "New South Wales": "54,870"}, "Bachelor Degree level and above": {"Glenfield Park_%": "11.7", "Australia": "4,181,406", "Glenfield Park": "473", "Australia_%": "22.0", "New South Wales_%": "23.4", "New South Wales": "1,424,716"}, "Certificate level I": {"Glenfield Park_%": "0.0", "Australia": "2,176", "Glenfield Park": "0", "Australia_%": "0.0", "New South Wales_%": "0.0", "New South Wales": "625"}, "Year 11": {"Glenfield Park_%": "4.0", "Australia": "941,531", "Glenfield Park": "161", "Australia_%": "4.9", "New South Wales_%": "3.3", "New South Wales": "203,574"}, "Not stated": {"Glenfield Park_%": "9.5", "Australia": "1,974,794", "Glenfield Park": "385", "Australia_%": "10.4", "New South Wales_%": "10.3", "New South Wales": "627,465"}, "Year 9 or below": {"Glenfield Park_%": "9.0", "Australia": "1,529,897", "Glenfield Park": "364", "Australia_%": "8.0", "New South Wales_%": "8.4", "New South Wales": "513,209"}, "Certificate level IV": {"Glenfield Park_%": "5.4", "Australia": "551,767", "Glenfield Park": "219", "Australia_%": "2.9", "New South Wales_%": "2.8", "New South Wales": "167,947"}, "Year 10": {"Glenfield Park_%": "17.0", "Australia": "2,054,331", "Glenfield Park": "690", "Australia_%": "10.8", "New South Wales_%": "11.5", "New South Wales": "702,178"}, "Year 12": {"Glenfield Park_%": "14.4", "Australia": "2,994,097", "Glenfield Park": "584", "Australia_%": "15.7", "New South Wales_%": "15.3", "New South Wales": "930,654"}, "Advanced Diploma and Diploma level": {"Glenfield Park_%": "7.4", "Australia": "1,687,893", "Glenfield Park": "300", "Australia_%": "8.9", "New South Wales_%": "8.9", "New South Wales": "543,142"}}, "Median weekly incomes": {"Personal": {"Glenfield Park_%": "--", "Australia": "662", "Glenfield Park": "718", "Australia_%": "--", "New South Wales_%": "--", "New South Wales": "664"}, "Household": {"Glenfield Park_%": "--", "Australia": "1,438", "Glenfield Park": "1,395", "Australia_%": "--", "New South Wales_%": "--", "New South Wales": "1,486"}, "Family": {"Glenfield Park_%": "--", "Australia": "1,734", "Glenfield Park": "1,643", "Australia_%": "--", "New South Wales_%": "--", "New South Wales": "1,780"}}, "Family composition": {"Other family": {"Glenfield Park_%": "1.8", "Australia": "102,559", "Glenfield Park": "25", "Australia_%": "1.7", "New South Wales_%": "1.7", "New South Wales": "32,438"}, "Couple family with children": {"Glenfield Park_%": "42.6", "Australia": "2,716,224", "Glenfield Park": "606", "Australia_%": "44.7", "New South Wales_%": "45.7", "New South Wales": "887,358"}, "Couple family without children": {"Glenfield Park_%": "36.2", "Australia": "2,291,987", "Glenfield Park": "514", "Australia_%": "37.8", "New South Wales_%": "36.6", "New South Wales": "709,524"}, "One parent family": {"Glenfield Park_%": "19.4", "Australia": "959,543", "Glenfield Park": "276", "Australia_%": "15.8", "New South Wales_%": "16.0", "New South Wales": "310,906"}}, "Dwelling internet connection": {"Not stated": {"Glenfield Park_%": "3.0", "Australia": "221,494", "Glenfield Park": "58", "Australia_%": "2.7", "New South Wales_%": "2.8", "New South Wales": "73,565"}, "Internet not accessed from dwelling": {"Glenfield Park_%": "17.1", "Australia": "1,172,415", "Glenfield Park": "331", "Australia_%": "14.1", "New South Wales_%": "14.7", "New South Wales": "381,709"}, "Internet accessed from dwelling": {"Glenfield Park_%": "80.0", "Australia": "6,892,165", "Glenfield Park": "1,552", "Australia_%": "83.2", "New South Wales_%": "82.5", "New South Wales": "2,149,040"}}, "Social marital status": {"Not married": {"Glenfield Park_%": "41.2", "Australia": "7,024,973", "Glenfield Park": "1,522", "Australia_%": "41.9", "New South Wales_%": "42.3", "New South Wales": "2,290,887"}, "De facto marriage": {"Glenfield Park_%": "12.6", "Australia": "1,751,731", "Glenfield Park": "465", "Australia_%": "10.4", "New South Wales_%": "9.4", "New South Wales": "506,133"}, "Registered marriage": {"Glenfield Park_%": "46.2", "Australia": "8,001,141", "Glenfield Park": "1,706", "Australia_%": "47.7", "New South Wales_%": "48.3", "New South Wales": "2,612,630"}}, "Household composition": {"Family households": {"Glenfield Park_%": "72.4", "Australia": "5,907,625", "Glenfield Park": "1,407", "Australia_%": "71.3", "New South Wales_%": "72.0", "New South Wales": "1,874,524"}, "Group households": {"Glenfield Park_%": "3.1", "Australia": "354,917", "Glenfield Park": "61", "Australia_%": "4.3", "New South Wales_%": "4.2", "New South Wales": "109,004"}, "Single (or lone) person households": {"Glenfield Park_%": "24.5", "Australia": "2,023,542", "Glenfield Park": "476", "Australia_%": "24.4", "New South Wales_%": "23.8", "New South Wales": "620,778"}}, "People": {"Male": {"Glenfield Park_%": "47.8", "Australia": "11,546,638", "Glenfield Park": "2,503", "Australia_%": "49.3", "New South Wales_%": "49.3", "New South Wales": "3,686,014"}, "Aboriginal and/or Torres Strait Islander people": {"Glenfield Park_%": "7.5", "Australia": "649,171", "Glenfield Park": "392", "Australia_%": "2.8", "New South Wales_%": "2.9", "New South Wales": "216,176"}, "Female": {"Glenfield Park_%": "52.2", "Australia": "11,855,248", "Glenfield Park": "2,730", "Australia_%": "50.7", "New South Wales_%": "50.7", "New South Wales": "3,794,217"}}, "Language, top responses (other than English)": {"Mandarin": {"Glenfield Park_%": "0.4", "Australia": "596,711", "Glenfield Park": "23", "Australia_%": "2.5", "New South Wales_%": "3.2", "New South Wales": "239,945"}, "null": {"Glenfield Park_%": null, "Australia": "None", "Glenfield Park": null, "Australia_%": "None", "New South Wales_%": "None", "New South Wales": "None"}, "English only spoken at home": {"Glenfield Park_%": "88.7", "Australia": "17,020,417", "Glenfield Park": "4,628", "Australia_%": "72.7", "New South Wales_%": "68.5", "New South Wales": "5,126,633"}, "Gujarati": {"Glenfield Park_%": "0.5", "Australia": "52,888", "Glenfield Park": "26", "Australia_%": "0.2", "New South Wales_%": "0.3", "New South Wales": "18,873"}, "Households where a non English language is spoken": {"Glenfield Park_%": "7.3", "Australia": "1,971,011", "Glenfield Park": "147", "Australia_%": "22.2", "New South Wales_%": "26.5", "New South Wales": "735,563"}, "Malayalam": {"Glenfield Park_%": "1.3", "Australia": "53,206", "Glenfield Park": "68", "Australia_%": "0.2", "New South Wales_%": "0.2", "New South Wales": "13,881"}, "Arabic": {"Glenfield Park_%": "0.4", "Australia": "321,728", "Glenfield Park": "21", "Australia_%": "1.4", "New South Wales_%": "2.7", "New South Wales": "200,825"}, "Krio": {"Glenfield Park_%": "0.4", "Australia": "2,530", "Glenfield Park": "19", "Australia_%": "0.0", "New South Wales_%": "0.0", "New South Wales": "1,315"}}, "summaryTable_qsDwelling": {"Median monthly mortgage repayments": "$1,500", "All private dwellings": "2,157", "Average people per household": "2.5", "Median weekly household income": "$1,395", "Median weekly rent": "$300", "Average motor vehicles per dwelling": "1.8"}, "Household income": {"Less than $650 gross weekly income": {"Glenfield Park_%": "16.3", "Australia": "--", "Glenfield Park": "--", "Australia_%": "20.0", "New South Wales_%": "19.7", "New South Wales": "--"}, "More than $3000 gross weekly income": {"Glenfield Park_%": "7.1", "Australia": "--", "Glenfield Park": "--", "Australia_%": "16.4", "New South Wales_%": "18.7", "New South Wales": "--"}}, "Country of birth": {"Other top responses": {"Glenfield Park_%": "None", "Glenfield Park": "None"}, "Australia": {"Glenfield Park_%": "86.1", "Australia": "15,614,835", "Glenfield Park": "4,472", "Australia_%": "66.7", "New South Wales_%": "65.5", "New South Wales": "4,899,090"}, "England": {"Glenfield Park_%": "1.2", "Australia": "907,570", "Glenfield Park": "63", "Australia_%": "3.9", "New South Wales_%": "3.0", "New South Wales": "226,564"}, "Philippines": {"Glenfield Park_%": "0.4", "Australia": "232,386", "Glenfield Park": "22", "Australia_%": "1.0", "New South Wales_%": "1.2", "New South Wales": "86,749"}, "India": {"Glenfield Park_%": "1.8", "Australia": "455,389", "Glenfield Park": "95", "Australia_%": "1.9", "New South Wales_%": "1.9", "New South Wales": "143,459"}, "China (excludes SARs and Taiwan)": {"Glenfield Park_%": "0.4", "Australia": "509,555", "Glenfield Park": "22", "Australia_%": "2.2", "New South Wales_%": "3.1", "New South Wales": "234,508"}, "New Zealand": {"Glenfield Park_%": "0.4", "Australia": "518,466", "Glenfield Park": "21", "Australia_%": "2.2", "New South Wales_%": "1.6", "New South Wales": "117,136"}}, "Religious affiliation, top responses": {"No Religion, so described": {"Glenfield Park_%": "21.0", "Australia": "6,933,708", "Glenfield Park": "1,093", "Australia_%": "29.6", "New South Wales_%": "25.1", "New South Wales": "1,879,562"}, "Catholic": {"Glenfield Park_%": "33.3", "Australia": "5,291,834", "Glenfield Park": "1,734", "Australia_%": "22.6", "New South Wales_%": "24.7", "New South Wales": "1,846,443"}, "Not stated": {"Glenfield Park_%": "6.4", "Australia": "2,238,735", "Glenfield Park": "331", "Australia_%": "9.6", "New South Wales_%": "9.2", "New South Wales": "684,969"}, "Uniting Church": {"Glenfield Park_%": "4.8", "Australia": "870,183", "Glenfield Park": "250", "Australia_%": "3.7", "New South Wales_%": "2.9", "New South Wales": "217,258"}, "Anglican": {"Glenfield Park_%": "21.1", "Australia": "3,101,185", "Glenfield Park": "1,102", "Australia_%": "13.3", "New South Wales_%": "15.5", "New South Wales": "1,161,810"}}, "Ancestry, top responses": {"German": {"Glenfield Park_%": "4.4", "Australia": "982,226", "Glenfield Park": "308", "Australia_%": "3.1", "New South Wales_%": "2.4", "New South Wales": "236,146"}, "Australian": {"Glenfield Park_%": "33.1", "Australia": "7,298,243", "Glenfield Park": "2,335", "Australia_%": "23.3", "New South Wales_%": "22.9", "New South Wales": "2,261,062"}, "Scottish": {"Glenfield Park_%": "7.0", "Australia": "2,023,470", "Glenfield Park": "496", "Australia_%": "6.4", "New South Wales_%": "5.9", "New South Wales": "587,052"}, "Irish": {"Glenfield Park_%": "9.5", "Australia": "2,388,058", "Glenfield Park": "670", "Australia_%": "7.6", "New South Wales_%": "7.5", "New South Wales": "741,671"}, "English": {"Glenfield Park_%": "30.1", "Australia": "7,852,224", "Glenfield Park": "2,125", "Australia_%": "25.0", "New South Wales_%": "23.3", "New South Wales": "2,302,481"}}, "Age": {"35-39 years": {"Glenfield Park_%": "7.1", "Australia": "1,561,679", "Glenfield Park": "369", "Australia_%": "6.7", "New South Wales_%": "6.7", "New South Wales": "499,724"}, "60-64 years": {"Glenfield Park_%": "4.3", "Australia": "1,299,397", "Glenfield Park": "222", "Australia_%": "5.6", "New South Wales_%": "5.6", "New South Wales": "420,044"}, "30-34 years": {"Glenfield Park_%": "7.7", "Australia": "1,703,847", "Glenfield Park": "402", "Australia_%": "7.3", "New South Wales_%": "7.2", "New South Wales": "540,360"}, "0-4 years": {"Glenfield Park_%": "8.4", "Australia": "1,464,779", "Glenfield Park": "441", "Australia_%": "6.3", "New South Wales_%": "6.2", "New South Wales": "465,135"}, "25-29 years": {"Glenfield Park_%": "7.8", "Australia": "1,664,602", "Glenfield Park": "407", "Australia_%": "7.1", "New South Wales_%": "7.0", "New South Wales": "527,161"}, "10-14 years": {"Glenfield Park_%": "6.0", "Australia": "1,397,183", "Glenfield Park": "313", "Australia_%": "6.0", "New South Wales_%": "5.9", "New South Wales": "443,009"}, "5-9 years": {"Glenfield Park_%": "7.9", "Australia": "1,502,646", "Glenfield Park": "413", "Australia_%": "6.4", "New South Wales_%": "6.4", "New South Wales": "478,184"}, "Median age": {"Glenfield Park_%": "--", "Australia": "38", "Glenfield Park": "33", "Australia_%": "--", "New South Wales_%": "--", "New South Wales": "38"}, "50-54 years": {"Glenfield Park_%": "5.4", "Australia": "1,523,551", "Glenfield Park": "282", "Australia_%": "6.5", "New South Wales_%": "6.5", "New South Wales": "485,546"}, "80-84 years": {"Glenfield Park_%": "2.1", "Australia": "460,549", "Glenfield Park": "107", "Australia_%": "2.0", "New South Wales_%": "2.1", "New South Wales": "155,806"}, "40-44 years": {"Glenfield Park_%": "6.1", "Australia": "1,583,257", "Glenfield Park": "318", "Australia_%": "6.8", "New South Wales_%": "6.7", "New South Wales": "503,169"}, "70-74 years": {"Glenfield Park_%": "3.0", "Australia": "887,716", "Glenfield Park": "158", "Australia_%": "3.8", "New South Wales_%": "3.9", "New South Wales": "292,556"}, "15-19 years": {"Glenfield Park_%": "6.6", "Australia": "1,421,595", "Glenfield Park": "345", "Australia_%": "6.1", "New South Wales_%": "6.0", "New South Wales": "448,425"}, "65-69 years": {"Glenfield Park_%": "3.4", "Australia": "1,188,999", "Glenfield Park": "179", "Australia_%": "5.1", "New South Wales_%": "5.1", "New South Wales": "384,470"}, "20-24 years": {"Glenfield Park_%": "8.1", "Australia": "1,566,793", "Glenfield Park": "422", "Australia_%": "6.7", "New South Wales_%": "6.5", "New South Wales": "489,673"}, "55-59 years": {"Glenfield Park_%": "5.2", "Australia": "1,454,332", "Glenfield Park": "270", "Australia_%": "6.2", "New South Wales_%": "6.3", "New South Wales": "469,726"}, "75-79 years": {"Glenfield Park_%": "2.8", "Australia": "652,657", "Glenfield Park": "145", "Australia_%": "2.8", "New South Wales_%": "2.9", "New South Wales": "217,308"}, "45-49 years": {"Glenfield Park_%": "5.8", "Australia": "1,581,455", "Glenfield Park": "305", "Australia_%": "6.8", "New South Wales_%": "6.6", "New South Wales": "492,440"}, "85 years and over": {"Glenfield Park_%": "2.3", "Australia": "486,842", "Glenfield Park": "121", "Australia_%": "2.1", "New South Wales_%": "2.2", "New South Wales": "167,506"}}, "Single (or lone) parents": {"Male": {"Glenfield Park_%": "17.0", "Australia": "--", "Glenfield Park": "--", "Australia_%": "18.2", "New South Wales_%": "17.8", "New South Wales": "--"}, "Female": {"Glenfield Park_%": "83.0", "Australia": "--", "Glenfield Park": "--", "Australia_%": "81.8", "New South Wales_%": "82.2", "New South Wales": "--"}}, "Mortgage monthly repayments": {"Median mortgage repayments": {"Glenfield Park_%": "--", "Australia": "1,755", "Glenfield Park": "1,500", "Australia_%": "--", "New South Wales_%": "--", "New South Wales": "1,986"}, "Households where mortgage repayments are less than 30% of household income": {"Glenfield Park_%": "94.5", "Australia": "--", "Glenfield Park": "--", "Australia_%": "92.8", "New South Wales_%": "92.6", "New South Wales": "--"}, "Households with mortgage repayments greater than or equal to 30% of household income": {"Glenfield Park_%": "5.5", "Australia": "--", "Glenfield Park": "--", "Australia_%": "7.2", "New South Wales_%": "7.4", "New South Wales": "--"}}, "Mortgage and rent": {"Median monthly mortgage repayments": {"Glenfield Park_%": "--", "Australia": "1,660", "Glenfield Park": "1,517", "Australia_%": "--", "New South Wales_%": "--", "New South Wales": "1,733"}, "Median weekly rent": {"Glenfield Park_%": "--", "Australia": "250", "Glenfield Park": "300", "Australia_%": "--", "New South Wales_%": "--", "New South Wales": "270"}}, "Tenure": {"Rented": {"Glenfield Park_%": "36.3", "Australia": "2,561,302", "Glenfield Park": "701", "Australia_%": "30.9", "New South Wales_%": "31.8", "New South Wales": "826,922"}, "Owned outright": {"Glenfield Park_%": "24.3", "Australia": "2,565,695", "Glenfield Park": "470", "Australia_%": "31.0", "New South Wales_%": "32.2", "New South Wales": "839,665"}, "Owned with a mortgage": {"Glenfield Park_%": "35.3", "Australia": "2,855,222", "Glenfield Park": "683", "Australia_%": "34.5", "New South Wales_%": "32.3", "New South Wales": "840,004"}, "Tenure type not stated": {"Glenfield Park_%": "3.3", "Australia": "224,869", "Glenfield Park": "63", "Australia_%": "2.7", "New South Wales_%": "2.8", "New South Wales": "73,763"}, "Other tenure type": {"Glenfield Park_%": "0.8", "Australia": "78,994", "Glenfield Park": "16", "Australia_%": "1.0", "New South Wales_%": "0.9", "New South Wales": "23,968"}}, "Country of birth of father, stated responses": {"India": {"Glenfield Park_%": "2.5", "Australia": "616,939", "Glenfield Park": "130", "Australia_%": "2.6", "New South Wales_%": "2.6", "New South Wales": "195,217"}, "New Zealand": {"Glenfield Park_%": "0.8", "Australia": "617,331", "Glenfield Park": "41", "Australia_%": "2.6", "New South Wales_%": "1.9", "New South Wales": "143,450"}, "Australia": {"Glenfield Park_%": "79.6", "Australia": "12,231,150", "Glenfield Park": "4,131", "Australia_%": "52.3", "New South Wales_%": "50.1", "New South Wales": "3,745,787"}, "England": {"Glenfield Park_%": "2.9", "Australia": "1,403,096", "Glenfield Park": "153", "Australia_%": "6.0", "New South Wales_%": "4.8", "New South Wales": "359,370"}, "Scotland": {"Glenfield Park_%": "0.7", "Australia": "276,038", "Glenfield Park": "36", "Australia_%": "1.2", "New South Wales_%": "1.0", "New South Wales": "72,321"}}, "Country of birth of father and/or mother, stated responses": {"Father only born overseas": {"Glenfield Park_%": "4.6", "Australia": "1,488,092", "Glenfield Park": "241", "Australia_%": "6.4", "New South Wales_%": "6.1", "New South Wales": "458,394"}, "Mother only born overseas": {"Glenfield Park_%": "2.6", "Australia": "1,094,591", "Glenfield Park": "135", "Australia_%": "4.7", "New South Wales_%": "4.3", "New South Wales": "325,182"}, "Both parents born overseas": {"Glenfield Park_%": "11.4", "Australia": "8,051,196", "Glenfield Park": "594", "Australia_%": "34.4", "New South Wales_%": "37.0", "New South Wales": "2,764,170"}, "Both parents born in Australia": {"Glenfield Park_%": "76.2", "Australia": "11,070,538", "Glenfield Park": "3,978", "Australia_%": "47.3", "New South Wales_%": "45.4", "New South Wales": "3,399,725"}}, "Rent weekly payments": {"Households where rent payments are less than 30% of household income": {"Glenfield Park_%": "90.6", "Australia": "--", "Glenfield Park": "--", "Australia_%": "88.5", "New South Wales_%": "87.1", "New South Wales": "--"}, "Households with rent payments greater than or equal to 30% of household income": {"Glenfield Park_%": "9.4", "Australia": "--", "Glenfield Park": "--", "Australia_%": "11.5", "New South Wales_%": "12.9", "New South Wales": "--"}, "Median rent": {"Glenfield Park_%": "--", "Australia": "335", "Glenfield Park": "300", "Australia_%": "--", "New South Wales_%": "--", "New South Wales": "380"}}, "Registered marital status": {"Separated": {"Glenfield Park_%": "3.4", "Australia": "608,059", "Glenfield Park": "137", "Australia_%": "3.2", "New South Wales_%": "3.1", "New South Wales": "190,198"}, "Widowed": {"Glenfield Park_%": "6.1", "Australia": "985,204", "Glenfield Park": "246", "Australia_%": "5.2", "New South Wales_%": "5.4", "New South Wales": "331,653"}, "Married": {"Glenfield Park_%": "46.3", "Australia": "9,148,218", "Glenfield Park": "1,873", "Australia_%": "48.1", "New South Wales_%": "48.7", "New South Wales": "2,965,280"}, "Divorced": {"Glenfield Park_%": "8.2", "Australia": "1,626,890", "Glenfield Park": "331", "Australia_%": "8.5", "New South Wales_%": "8.4", "New South Wales": "512,298"}, "Never married": {"Glenfield Park_%": "36.1", "Australia": "6,668,910", "Glenfield Park": "1,459", "Australia_%": "35.0", "New South Wales_%": "34.4", "New South Wales": "2,094,460"}}, "summaryTable_qsPeople": {"Male": "47.8%", "Median age": "33", "Female": "52.2%", "People": "5,232"}, "Dwelling characteristics": {"Average number of people per household": {"Glenfield Park_%": "--", "Australia": "3.2", "Glenfield Park": "3", "Australia_%": "--", "New South Wales_%": "--", "New South Wales": "3.1"}, "Average number of persons per bedroom": {"Glenfield Park_%": "--", "Australia": "1", "Glenfield Park": "1", "Australia_%": "--", "New South Wales_%": "--", "New South Wales": "1"}, "Median weekly household income": {"Glenfield Park_%": "--", "Australia": "1,203", "Glenfield Park": "1,456", "Australia_%": "--", "New South Wales_%": "--", "New South Wales": "1,214"}}, "Unpaid work": {"Did unpaid domestic work (last week)": {"Glenfield Park_%": "71.3", "Australia": "13,143,914", "Glenfield Park": "2,896", "Australia_%": "69.0", "New South Wales_%": "67.7", "New South Wales": "4,127,723"}, "Provided unpaid assistance to a person with a disability (last two weeks)": {"Glenfield Park_%": "10.8", "Australia": "2,145,203", "Glenfield Park": "438", "Australia_%": "11.3", "New South Wales_%": "11.6", "New South Wales": "709,415"}, "Did voluntary work through an organisation or group (last 12 months)": {"Glenfield Park_%": "17.7", "Australia": "3,620,726", "Glenfield Park": "718", "Australia_%": "19.0", "New South Wales_%": "18.1", "New South Wales": "1,103,790"}, "Cared for child/children (last two weeks)": {"Glenfield Park_%": "32.8", "Australia": "5,259,400", "Glenfield Park": "1,331", "Australia_%": "27.6", "New South Wales_%": "27.2", "New South Wales": "1,659,250"}}, "Unpaid domestic work, number of hours": {"5 to 14 hours per week": {"Glenfield Park_%": "27.7", "Australia": "4,944,578", "Glenfield Park": "1,125", "Australia_%": "26.0", "New South Wales_%": "25.1", "New South Wales": "1,531,206"}, "30 hours or more per week": {"Glenfield Park_%": "9.4", "Australia": "1,710,970", "Glenfield Park": "382", "Australia_%": "9.0", "New South Wales_%": "9.0", "New South Wales": "545,925"}, "Less than 5 hours per week": {"Glenfield Park_%": "22.5", "Australia": "4,298,593", "Glenfield Park": "915", "Australia_%": "22.6", "New South Wales_%": "22.3", "New South Wales": "1,359,656"}, "15 to 29 hours per week": {"Glenfield Park_%": "11.6", "Australia": "2,189,776", "Glenfield Park": "471", "Australia_%": "11.5", "New South Wales_%": "11.3", "New South Wales": "690,934"}}, "Industry of employment, top responses": {"Supermarket and Grocery Stores": {"Glenfield Park_%": "3.5", "Australia": "254,275", "Glenfield Park": "86", "Australia_%": "2.4", "New South Wales_%": "2.2", "New South Wales": "74,487"}, "Hospitals (except Psychiatric Hospitals)": {"Glenfield Park_%": "5.0", "Australia": "411,808", "Glenfield Park": "124", "Australia_%": "3.9", "New South Wales_%": "3.5", "New South Wales": "119,350"}, "Defence": {"Glenfield Park_%": "5.1", "Australia": "75,462", "Glenfield Park": "128", "Australia_%": "0.7", "New South Wales_%": "0.6", "New South Wales": "21,848"}, "Aged Care Residential Services": {"Glenfield Park_%": "3.0", "Australia": "211,621", "Glenfield Park": "75", "Australia_%": "2.0", "New South Wales_%": "2.0", "New South Wales": "67,209"}, "Other Social Assistance Services": {"Glenfield Park_%": "3.4", "Australia": "158,230", "Glenfield Park": "84", "Australia_%": "1.5", "New South Wales_%": "1.6", "New South Wales": "54,259"}}, "GeoInfo": {"city": "Glenfield Park"}, "Education": {"University or tertiary institution": {"Glenfield Park_%": "11.3", "Australia": "1,160,626", "Glenfield Park": "179", "Australia_%": "16.1", "New South Wales_%": "16.2", "New South Wales": "376,133"}, "Secondary - Catholic": {"Glenfield Park_%": "7.2", "Australia": "338,384", "Glenfield Park": "114", "Australia_%": "4.7", "New South Wales_%": "5.1", "New South Wales": "117,689"}, "Secondary - other non Government": {"Glenfield Park_%": "2.7", "Australia": "280,618", "Glenfield Park": "43", "Australia_%": "3.9", "New South Wales_%": "3.4", "New South Wales": "79,915"}, "Primary - Catholic": {"Glenfield Park_%": "12.1", "Australia": "380,604", "Glenfield Park": "191", "Australia_%": "5.3", "New South Wales_%": "5.3", "New South Wales": "122,099"}, "Primary - Government": {"Glenfield Park_%": "16.9", "Australia": "1,314,787", "Glenfield Park": "267", "Australia_%": "18.2", "New South Wales_%": "18.0", "New South Wales": "417,465"}, "Other": {"Glenfield Park_%": "1.7", "Australia": "198,383", "Glenfield Park": "27", "Australia_%": "2.8", "New South Wales_%": "2.7", "New South Wales": "63,673"}, "Technical or further education institution": {"Glenfield Park_%": "9.5", "Australia": "424,869", "Glenfield Park": "150", "Australia_%": "5.9", "New South Wales_%": "6.2", "New South Wales": "144,103"}, "Secondary - Government": {"Glenfield Park_%": "11.6", "Australia": "827,505", "Glenfield Park": "184", "Australia_%": "11.5", "New South Wales_%": "11.6", "New South Wales": "269,249"}, "Primary - other non Government": {"Glenfield Park_%": "2.0", "Australia": "231,490", "Glenfield Park": "32", "Australia_%": "3.2", "New South Wales_%": "2.9", "New South Wales": "67,611"}, "Not stated": {"Glenfield Park_%": "17.8", "Australia": "1,707,023", "Glenfield Park": "282", "Australia_%": "23.7", "New South Wales_%": "23.0", "New South Wales": "535,266"}, "Preschool": {"Glenfield Park_%": "7.1", "Australia": "347,621", "Glenfield Park": "113", "Australia_%": "4.8", "New South Wales_%": "5.7", "New South Wales": "132,047"}}, "Employment": {"Unemployed": {"Glenfield Park_%": "5.1", "Australia": "787,452", "Glenfield Park": "139", "Australia_%": "6.9", "New South Wales_%": "6.3", "New South Wales": "225,546"}, "Worked part-time": {"Glenfield Park_%": "26.9", "Australia": "3,491,503", "Glenfield Park": "731", "Australia_%": "30.4", "New South Wales_%": "29.7", "New South Wales": "1,071,151"}, "Away from work": {"Glenfield Park_%": "4.7", "Australia": "569,276", "Glenfield Park": "127", "Australia_%": "5.0", "New South Wales_%": "4.8", "New South Wales": "174,654"}, "Worked full-time": {"Glenfield Park_%": "63.3", "Australia": "6,623,065", "Glenfield Park": "1,720", "Australia_%": "57.7", "New South Wales_%": "59.2", "New South Wales": "2,134,521"}}, "Travel to work, top responses": {"Walked only": {"Glenfield Park_%": "1.2", "Australia": "370,427", "Glenfield Park": "32", "Australia_%": "3.5", "New South Wales_%": "3.9", "New South Wales": "130,957"}, "Worked at home": {"Glenfield Park_%": "1.5", "Australia": "503,582", "Glenfield Park": "39", "Australia_%": "4.7", "New South Wales_%": "4.8", "New South Wales": "163,026"}, "People who travelled to work by car as driver or passenger": {"Glenfield Park_%": "85.7", "Australia": "7,305,271", "Glenfield Park": "2,204", "Australia_%": "68.4", "New South Wales_%": "64.6", "New South Wales": "2,182,854"}, "null": {"Glenfield Park_%": null, "Australia": "None", "Glenfield Park": null, "Australia_%": "None", "New South Wales_%": "None", "New South Wales": "None"}, "People who travelled to work by public transport": {"Glenfield Park_%": "0.6", "Australia": "1,225,668", "Glenfield Park": "15", "Australia_%": "11.5", "New South Wales_%": "16.0", "New South Wales": "540,215"}, "Car, as driver": {"Glenfield Park_%": "79.2", "Australia": "6,574,571", "Glenfield Park": "2,037", "Australia_%": "61.5", "New South Wales_%": "57.8", "New South Wales": "1,953,399"}, "Truck": {"Glenfield Park_%": "0.9", "Australia": "85,892", "Glenfield Park": "23", "Australia_%": "0.8", "New South Wales_%": "1.0", "New South Wales": "32,908"}, "Car, as passenger": {"Glenfield Park_%": "6.1", "Australia": "489,922", "Glenfield Park": "158", "Australia_%": "4.6", "New South Wales_%": "4.3", "New South Wales": "144,820"}}, "Occupation": {"Professionals": {"Glenfield Park_%": "16.4", "Australia": "2,370,966", "Glenfield Park": "422", "Australia_%": "22.2", "New South Wales_%": "23.6", "New South Wales": "798,126"}, "Technicians and Trades Workers": {"Glenfield Park_%": "16.2", "Australia": "1,447,414", "Glenfield Park": "419", "Australia_%": "13.5", "New South Wales_%": "12.7", "New South Wales": "429,239"}, "Labourers": {"Glenfield Park_%": "11.3", "Australia": "1,011,520", "Glenfield Park": "292", "Australia_%": "9.5", "New South Wales_%": "8.8", "New South Wales": "297,887"}, "Clerical and Administrative Workers": {"Glenfield Park_%": "12.8", "Australia": "1,449,681", "Glenfield Park": "330", "Australia_%": "13.6", "New South Wales_%": "13.8", "New South Wales": "467,977"}, "Machinery Operators and Drivers": {"Glenfield Park_%": "7.9", "Australia": "670,106", "Glenfield Park": "205", "Australia_%": "6.3", "New South Wales_%": "6.1", "New South Wales": "206,839"}, "Community and Personal Service Workers": {"Glenfield Park_%": "13.8", "Australia": "1,157,003", "Glenfield Park": "357", "Australia_%": "10.8", "New South Wales_%": "10.4", "New South Wales": "350,261"}, "Sales Workers": {"Glenfield Park_%": "11.3", "Australia": "1,000,955", "Glenfield Park": "291", "Australia_%": "9.4", "New South Wales_%": "9.2", "New South Wales": "311,414"}, "Managers": {"Glenfield Park_%": "9.0", "Australia": "1,390,047", "Glenfield Park": "231", "Australia_%": "13.0", "New South Wales_%": "13.5", "New South Wales": "456,084"}}}