{"GeoInfo": {"city": "Goorangoola"}, "summaryTable_qsDwelling": {"Median monthly mortgage repayments": "$2,167", "All private dwellings": "22", "Average people per household": "2.1", "Median weekly household income": "$1,792", "Median weekly rent": "$0", "Average motor vehicles per dwelling": "3.1"}, "summaryTable_qsPeople": {"Male": "53.7%", "Median age": "49", "Female": "46.3%", "People": "53"}, "summaryTable_qsFamilies": {"for all families": "0.7", "for families with children": "1.5", "Families": "21", "Average children per family": "None"}}