{"GeoInfo": {"city": "Gumbalie"}, "summaryTable_qsDwelling": {"Median monthly mortgage repayments": "$0", "All private dwellings": "3", "Average people per household": "2", "Median weekly household income": "$0", "Median weekly rent": "$0", "Average motor vehicles per dwelling": "2"}, "summaryTable_qsPeople": {"Male": "100%", "Median age": "60", "Female": "0%", "People": "9"}, "summaryTable_qsFamilies": {"for all families": "0", "for families with children": "0", "Families": "0", "Average children per family": "None"}}