{"GeoInfo": {"city": "Hartys Plains"}, "summaryTable_qsDwelling": {"Median monthly mortgage repayments": "$0", "All private dwellings": "8", "Average people per household": "2", "Median weekly household income": "$2,499", "Median weekly rent": "$0", "Average motor vehicles per dwelling": "2.1"}, "summaryTable_qsPeople": {"Male": "50%", "Median age": "54", "Female": "50%", "People": "31"}, "summaryTable_qsFamilies": {"for all families": "0.5", "for families with children": "1", "Families": "10", "Average children per family": "None"}}