{"Employment - hours worked": {"40 hours or more per week": {"Invergowrie": "121", "Australia": "4,591,801", "Australia_%": "43.0", "New South Wales_%": "44.1", "Invergowrie_%": "34.8", "New South Wales": "1,489,099"}, "25-34 hours per week": {"Invergowrie": "43", "Australia": "1,193,445", "Australia_%": "11.2", "New South Wales_%": "10.5", "Invergowrie_%": "12.4", "New South Wales": "353,702"}, "16-24 hours per week": {"Invergowrie": "42", "Australia": "1,079,236", "Australia_%": "10.1", "New South Wales_%": "10.4", "Invergowrie_%": "12.1", "New South Wales": "352,817"}, "35-39 hours per week": {"Invergowrie": "77", "Australia": "2,031,263", "Australia_%": "19.0", "New South Wales_%": "19.1", "Invergowrie_%": "22.1", "New South Wales": "645,428"}, "1-15 hours per week": {"Invergowrie": "41", "Australia": "1,218,823", "Australia_%": "11.4", "New South Wales_%": "10.8", "Invergowrie_%": "11.8", "New South Wales": "364,637"}}, "Number of registered motor vehicles": {"2 motor vehicles": {"Invergowrie": "123", "Australia": "2,999,184", "Australia_%": "36.2", "New South Wales_%": "34.1", "Invergowrie_%": "46.4", "New South Wales": "887,849"}, "None": {"Invergowrie": "0", "Australia": "623,829", "Australia_%": "7.5", "New South Wales_%": "9.2", "Invergowrie_%": "0.0", "New South Wales": "239,625"}, "Number of motor vehicles not stated": {"Invergowrie": "9", "Australia": "285,197", "Australia_%": "3.4", "New South Wales_%": "3.7", "Invergowrie_%": "3.4", "New South Wales": "95,623"}, "1 motor vehicle": {"Invergowrie": "61", "Australia": "2,881,485", "Australia_%": "34.8", "New South Wales_%": "36.3", "Invergowrie_%": "23.0", "New South Wales": "946,159"}, "3 or more vehicles": {"Invergowrie": "72", "Australia": "1,496,382", "Australia_%": "18.1", "New South Wales_%": "16.7", "Invergowrie_%": "27.2", "New South Wales": "435,053"}}, "Employment status of parents in couple families": {"Labour force status not stated (by one or both parents in a couple family)": {"Invergowrie": "19", "Australia": "311,381", "Australia_%": "6.2", "New South Wales_%": "5.7", "Invergowrie_%": "9.5", "New South Wales": "90,630"}, "One employed full-time, one part-time": {"Invergowrie": "54", "Australia": "1,086,460", "Australia_%": "21.7", "New South Wales_%": "20.6", "Invergowrie_%": "27.0", "New South Wales": "329,567"}, "One employed part-time, other not working": {"Invergowrie": "12", "Australia": "302,037", "Australia_%": "6.0", "New South Wales_%": "6.1", "Invergowrie_%": "6.0", "New South Wales": "96,933"}, "Other (includes away from work)": {"Invergowrie": "16", "Australia": "264,145", "Australia_%": "5.3", "New South Wales_%": "5.1", "Invergowrie_%": "8.0", "New South Wales": "80,905"}, "Both employed, worked full-time": {"Invergowrie": "32", "Australia": "1,084,006", "Australia_%": "21.6", "New South Wales_%": "22.6", "Invergowrie_%": "16.0", "New South Wales": "360,916"}, "One employed full-time, other not working": {"Invergowrie": "20", "Australia": "749,886", "Australia_%": "15.0", "New South Wales_%": "15.0", "Invergowrie_%": "10.0", "New South Wales": "240,084"}, "Both employed, worked part-time": {"Invergowrie": "10", "Australia": "203,596", "Australia_%": "4.1", "New South Wales_%": "4.0", "Invergowrie_%": "5.0", "New South Wales": "63,106"}, "Both not working": {"Invergowrie": "37", "Australia": "1,006,697", "Australia_%": "20.1", "New South Wales_%": "21.0", "Invergowrie_%": "18.5", "New South Wales": "334,742"}}, "Country of birth of mother, stated responses": {"Germany": {"Invergowrie": "5", "Australia": "169,618", "Australia_%": "0.7", "New South Wales_%": "0.6", "Invergowrie_%": "0.7", "New South Wales": "47,489"}, "New Zealand": {"Invergowrie": "12", "Australia": "608,329", "Australia_%": "2.6", "New South Wales_%": "1.9", "Invergowrie_%": "1.6", "New South Wales": "139,899"}, "Australia": {"Invergowrie": "586", "Australia": "12,643,365", "Australia_%": "54.0", "New South Wales_%": "51.9", "Invergowrie_%": "77.5", "New South Wales": "3,884,762"}, "England": {"Invergowrie": "50", "Australia": "1,302,147", "Australia_%": "5.6", "New South Wales_%": "4.3", "Invergowrie_%": "6.6", "New South Wales": "322,472"}, "United Kingdom, Channel Islands and Isle of Man, nfd": {"Invergowrie": "8", "Australia": "155,231", "Australia_%": "0.7", "New South Wales_%": "0.5", "Invergowrie_%": "1.1", "New South Wales": "38,504"}}, "Dwelling structure": {"Other dwelling": {"Invergowrie": "0", "Australia": "64,425", "Australia_%": "0.8", "New South Wales_%": "0.9", "Invergowrie_%": "0.0", "New South Wales": "23,580"}, "Semi-detached, row or terrace house, townhouse etc": {"Invergowrie": "0", "Australia": "1,055,016", "Australia_%": "12.7", "New South Wales_%": "12.2", "Invergowrie_%": "0.0", "New South Wales": "317,453"}, "Separate house": {"Invergowrie": "265", "Australia": "6,041,788", "Australia_%": "72.9", "New South Wales_%": "66.4", "Invergowrie_%": "98.5", "New South Wales": "1,729,820"}, "Flat or apartment": {"Invergowrie": "0", "Australia": "1,087,434", "Australia_%": "13.1", "New South Wales_%": "19.9", "Invergowrie_%": "0.0", "New South Wales": "519,390"}}, "Number of bedrooms": {"1 bedroom": {"Invergowrie": "13", "Australia": "411,252", "Australia_%": "5.0", "New South Wales_%": "6.0", "Invergowrie_%": "4.7", "New South Wales": "157,194"}, "3 bedrooms": {"Invergowrie": "109", "Australia": "3,403,190", "Australia_%": "41.1", "New South Wales_%": "37.2", "Invergowrie_%": "39.8", "New South Wales": "970,001"}, "Average number of people per household": {"Invergowrie": "2.6", "Australia": "2.6", "Australia_%": "--", "New South Wales_%": "--", "Invergowrie_%": "--", "New South Wales": "2.6"}, "2 bedrooms": {"Invergowrie": "27", "Australia": "1,562,759", "Australia_%": "18.9", "New South Wales_%": "22.2", "Invergowrie_%": "9.9", "New South Wales": "577,675"}, "4 or more bedrooms": {"Invergowrie": "122", "Australia": "2,670,758", "Australia_%": "32.2", "New South Wales_%": "31.3", "Invergowrie_%": "44.5", "New South Wales": "816,405"}, "None (includes bedsitters)": {"Invergowrie": "0", "Australia": "39,769", "Australia_%": "0.5", "New South Wales_%": "0.7", "Invergowrie_%": "0.0", "New South Wales": "17,157"}, "Number of bedrooms not stated": {"Invergowrie": "3", "Australia": "198,351", "Australia_%": "2.4", "New South Wales_%": "2.5", "Invergowrie_%": "1.1", "New South Wales": "65,888"}, "Average number of bedrooms per dwelling": {"Invergowrie": "3.3", "Australia": "3.1", "Australia_%": "--", "New South Wales_%": "--", "Invergowrie_%": "--", "New South Wales": "3"}}, "summaryTable_qsFamilies": {"for all families": "0.8", "for families with children": "2", "Families": "220", "Average children per family": "None"}, "People characteristics": {"Male": {"Invergowrie": "15", "Australia": "322,171", "Australia_%": "49.6", "New South Wales_%": "49.7", "Invergowrie_%": "55.6", "New South Wales": "107,368"}, "Median age": {"Invergowrie": "15", "Australia": "23", "Australia_%": "--", "New South Wales_%": "--", "Invergowrie_%": "--", "New South Wales": "22"}, "Female": {"Invergowrie": "12", "Australia": "326,996", "Australia_%": "50.4", "New South Wales_%": "50.3", "Invergowrie_%": "44.4", "New South Wales": "108,809"}}, "Dwelling count": {"Unoccupied private dwellings": {"Invergowrie": "21", "Australia": "1,039,874", "Australia_%": "11.2", "New South Wales_%": "9.9", "Invergowrie_%": "7.2", "New South Wales": "284,741"}, "Occupied private dwellings": {"Invergowrie": "269", "Australia": "8,286,073", "Australia_%": "88.8", "New South Wales_%": "90.1", "Invergowrie_%": "92.8", "New South Wales": "2,604,320"}}, "Level of highest educational attainment": {"Certificate level III": {"Invergowrie": "74", "Australia": "2,442,203", "Australia_%": "12.8", "New South Wales_%": "12.0", "Invergowrie_%": "12.6", "New South Wales": "730,498"}, "Certificate level II": {"Invergowrie": "0", "Australia": "13,454", "Australia_%": "0.1", "New South Wales_%": "0.1", "Invergowrie_%": "0.0", "New South Wales": "4,849"}, "No educational attainment": {"Invergowrie": "0", "Australia": "145,844", "Australia_%": "0.8", "New South Wales_%": "0.9", "Invergowrie_%": "0.0", "New South Wales": "54,870"}, "Bachelor Degree level and above": {"Invergowrie": "173", "Australia": "4,181,406", "Australia_%": "22.0", "New South Wales_%": "23.4", "Invergowrie_%": "29.5", "New South Wales": "1,424,716"}, "Certificate level I": {"Invergowrie": "3", "Australia": "2,176", "Australia_%": "0.0", "New South Wales_%": "0.0", "Invergowrie_%": "0.5", "New South Wales": "625"}, "Year 11": {"Invergowrie": "16", "Australia": "941,531", "Australia_%": "4.9", "New South Wales_%": "3.3", "Invergowrie_%": "2.7", "New South Wales": "203,574"}, "Not stated": {"Invergowrie": "63", "Australia": "1,974,794", "Australia_%": "10.4", "New South Wales_%": "10.3", "Invergowrie_%": "10.8", "New South Wales": "627,465"}, "Year 9 or below": {"Invergowrie": "26", "Australia": "1,529,897", "Australia_%": "8.0", "New South Wales_%": "8.4", "Invergowrie_%": "4.4", "New South Wales": "513,209"}, "Certificate level IV": {"Invergowrie": "23", "Australia": "551,767", "Australia_%": "2.9", "New South Wales_%": "2.8", "Invergowrie_%": "3.9", "New South Wales": "167,947"}, "Year 10": {"Invergowrie": "68", "Australia": "2,054,331", "Australia_%": "10.8", "New South Wales_%": "11.5", "Invergowrie_%": "11.6", "New South Wales": "702,178"}, "Year 12": {"Invergowrie": "65", "Australia": "2,994,097", "Australia_%": "15.7", "New South Wales_%": "15.3", "Invergowrie_%": "11.1", "New South Wales": "930,654"}, "Advanced Diploma and Diploma level": {"Invergowrie": "65", "Australia": "1,687,893", "Australia_%": "8.9", "New South Wales_%": "8.9", "Invergowrie_%": "11.1", "New South Wales": "543,142"}}, "Median weekly incomes": {"Personal": {"Invergowrie": "665", "Australia": "662", "Australia_%": "--", "New South Wales_%": "--", "Invergowrie_%": "--", "New South Wales": "664"}, "Household": {"Invergowrie": "1,536", "Australia": "1,438", "Australia_%": "--", "New South Wales_%": "--", "Invergowrie_%": "--", "New South Wales": "1,486"}, "Family": {"Invergowrie": "1,712", "Australia": "1,734", "Australia_%": "--", "New South Wales_%": "--", "Invergowrie_%": "--", "New South Wales": "1,780"}}, "Family composition": {"Other family": {"Invergowrie": "0", "Australia": "102,559", "Australia_%": "1.7", "New South Wales_%": "1.7", "Invergowrie_%": "0.0", "New South Wales": "32,438"}, "Couple family with children": {"Invergowrie": "93", "Australia": "2,716,224", "Australia_%": "44.7", "New South Wales_%": "45.7", "Invergowrie_%": "43.7", "New South Wales": "887,358"}, "Couple family without children": {"Invergowrie": "94", "Australia": "2,291,987", "Australia_%": "37.8", "New South Wales_%": "36.6", "Invergowrie_%": "44.1", "New South Wales": "709,524"}, "One parent family": {"Invergowrie": "26", "Australia": "959,543", "Australia_%": "15.8", "New South Wales_%": "16.0", "Invergowrie_%": "12.2", "New South Wales": "310,906"}}, "Dwelling internet connection": {"Not stated": {"Invergowrie": "5", "Australia": "221,494", "Australia_%": "2.7", "New South Wales_%": "2.8", "Invergowrie_%": "1.8", "New South Wales": "73,565"}, "Internet not accessed from dwelling": {"Invergowrie": "24", "Australia": "1,172,415", "Australia_%": "14.1", "New South Wales_%": "14.7", "Invergowrie_%": "8.8", "New South Wales": "381,709"}, "Internet accessed from dwelling": {"Invergowrie": "243", "Australia": "6,892,165", "Australia_%": "83.2", "New South Wales_%": "82.5", "Invergowrie_%": "89.3", "New South Wales": "2,149,040"}}, "Social marital status": {"Not married": {"Invergowrie": "154", "Australia": "7,024,973", "Australia_%": "41.9", "New South Wales_%": "42.3", "Invergowrie_%": "29.7", "New South Wales": "2,290,887"}, "De facto marriage": {"Invergowrie": "70", "Australia": "1,751,731", "Australia_%": "10.4", "New South Wales_%": "9.4", "Invergowrie_%": "13.5", "New South Wales": "506,133"}, "Registered marriage": {"Invergowrie": "295", "Australia": "8,001,141", "Australia_%": "47.7", "New South Wales_%": "48.3", "Invergowrie_%": "56.8", "New South Wales": "2,612,630"}}, "Household composition": {"Family households": {"Invergowrie": "210", "Australia": "5,907,625", "Australia_%": "71.3", "New South Wales_%": "72.0", "Invergowrie_%": "78.7", "New South Wales": "1,874,524"}, "Group households": {"Invergowrie": "5", "Australia": "354,917", "Australia_%": "4.3", "New South Wales_%": "4.2", "Invergowrie_%": "1.9", "New South Wales": "109,004"}, "Single (or lone) person households": {"Invergowrie": "52", "Australia": "2,023,542", "Australia_%": "24.4", "New South Wales_%": "23.8", "Invergowrie_%": "19.5", "New South Wales": "620,778"}}, "People": {"Male": {"Invergowrie": "388", "Australia": "11,546,638", "Australia_%": "49.3", "New South Wales_%": "49.3", "Invergowrie_%": "50.4", "New South Wales": "3,686,014"}, "Aboriginal and/or Torres Strait Islander people": {"Invergowrie": "26", "Australia": "649,171", "Australia_%": "2.8", "New South Wales_%": "2.9", "Invergowrie_%": "3.4", "New South Wales": "216,176"}, "Female": {"Invergowrie": "382", "Australia": "11,855,248", "Australia_%": "50.7", "New South Wales_%": "50.7", "Invergowrie_%": "49.6", "New South Wales": "3,794,217"}}, "Language, top responses (other than English)": {"Indonesian": {"Invergowrie": "3", "Australia": "67,891", "Australia_%": "0.3", "New South Wales_%": "0.4", "Invergowrie_%": "0.4", "New South Wales": "30,032"}, "German": {"Invergowrie": "3", "Australia": "79,353", "Australia_%": "0.3", "New South Wales_%": "0.3", "Invergowrie_%": "0.4", "New South Wales": "23,033"}, "null": {"Invergowrie": null, "Australia": "None", "Australia_%": "None", "New South Wales_%": "None", "Invergowrie_%": null, "New South Wales": "None"}, "French": {"Invergowrie": "3", "Australia": "70,873", "Australia_%": "0.3", "New South Wales_%": "0.3", "Invergowrie_%": "0.4", "New South Wales": "23,743"}, "English only spoken at home": {"Invergowrie": "697", "Australia": "17,020,417", "Australia_%": "72.7", "New South Wales_%": "68.5", "Invergowrie_%": "89.9", "New South Wales": "5,126,633"}, "Households where a non English language is spoken": {"Invergowrie": "13", "Australia": "1,971,011", "Australia_%": "22.2", "New South Wales_%": "26.5", "Invergowrie_%": "4.6", "New South Wales": "735,563"}, "Afrikaans": {"Invergowrie": "4", "Australia": "43,741", "Australia_%": "0.2", "New South Wales_%": "0.1", "Invergowrie_%": "0.5", "New South Wales": "7,735"}, "Italian": {"Invergowrie": "3", "Australia": "271,597", "Australia_%": "1.2", "New South Wales_%": "1.0", "Invergowrie_%": "0.4", "New South Wales": "75,694"}}, "summaryTable_qsDwelling": {"Median monthly mortgage repayments": "$1,647", "All private dwellings": "305", "Average people per household": "2.6", "Median weekly household income": "$1,536", "Median weekly rent": "$300", "Average motor vehicles per dwelling": "2.2"}, "Household income": {"Less than $650 gross weekly income": {"Invergowrie": "--", "Australia": "--", "Australia_%": "20.0", "New South Wales_%": "19.7", "Invergowrie_%": "15.0", "New South Wales": "--"}, "More than $3000 gross weekly income": {"Invergowrie": "--", "Australia": "--", "Australia_%": "16.4", "New South Wales_%": "18.7", "Invergowrie_%": "9.9", "New South Wales": "--"}}, "Country of birth": {"Other top responses": {"Invergowrie": "None", "Invergowrie_%": "None"}, "Australia": {"Invergowrie": "612", "Australia": "15,614,835", "Australia_%": "66.7", "New South Wales_%": "65.5", "Invergowrie_%": "80.6", "New South Wales": "4,899,090"}, "England": {"Invergowrie": "32", "Australia": "907,570", "Australia_%": "3.9", "New South Wales_%": "3.0", "Invergowrie_%": "4.2", "New South Wales": "226,564"}, "South Africa": {"Invergowrie": "5", "Australia": "162,449", "Australia_%": "0.7", "New South Wales_%": "0.6", "Invergowrie_%": "0.7", "New South Wales": "43,058"}, "Scotland": {"Invergowrie": "4", "Australia": "119,417", "Australia_%": "0.5", "New South Wales_%": "0.4", "Invergowrie_%": "0.5", "New South Wales": "28,579"}, "Germany": {"Invergowrie": "6", "Australia": "102,595", "Australia_%": "0.4", "New South Wales_%": "0.4", "Invergowrie_%": "0.8", "New South Wales": "29,541"}, "New Zealand": {"Invergowrie": "10", "Australia": "518,466", "Australia_%": "2.2", "New South Wales_%": "1.6", "Invergowrie_%": "1.3", "New South Wales": "117,136"}}, "Religious affiliation, top responses": {"No Religion, so described": {"Invergowrie": "256", "Australia": "6,933,708", "Australia_%": "29.6", "New South Wales_%": "25.1", "Invergowrie_%": "33.4", "New South Wales": "1,879,562"}, "Anglican": {"Invergowrie": "225", "Australia": "3,101,185", "Australia_%": "13.3", "New South Wales_%": "15.5", "Invergowrie_%": "29.4", "New South Wales": "1,161,810"}, "Not stated": {"Invergowrie": "69", "Australia": "2,238,735", "Australia_%": "9.6", "New South Wales_%": "9.2", "Invergowrie_%": "9.0", "New South Wales": "684,969"}, "Presbyterian and Reformed": {"Invergowrie": "25", "Australia": "526,689", "Australia_%": "2.3", "New South Wales_%": "2.5", "Invergowrie_%": "3.3", "New South Wales": "188,330"}, "Catholic": {"Invergowrie": "123", "Australia": "5,291,834", "Australia_%": "22.6", "New South Wales_%": "24.7", "Invergowrie_%": "16.1", "New South Wales": "1,846,443"}}, "Ancestry, top responses": {"German": {"Invergowrie": "48", "Australia": "982,226", "Australia_%": "3.1", "New South Wales_%": "2.4", "Invergowrie_%": "4.5", "New South Wales": "236,146"}, "Australian": {"Invergowrie": "338", "Australia": "7,298,243", "Australia_%": "23.3", "New South Wales_%": "22.9", "Invergowrie_%": "31.5", "New South Wales": "2,261,062"}, "Scottish": {"Invergowrie": "88", "Australia": "2,023,470", "Australia_%": "6.4", "New South Wales_%": "5.9", "Invergowrie_%": "8.2", "New South Wales": "587,052"}, "Irish": {"Invergowrie": "95", "Australia": "2,388,058", "Australia_%": "7.6", "New South Wales_%": "7.5", "Invergowrie_%": "8.9", "New South Wales": "741,671"}, "English": {"Invergowrie": "353", "Australia": "7,852,224", "Australia_%": "25.0", "New South Wales_%": "23.3", "Invergowrie_%": "32.9", "New South Wales": "2,302,481"}}, "Age": {"35-39 years": {"Invergowrie": "35", "Australia": "1,561,679", "Australia_%": "6.7", "New South Wales_%": "6.7", "Invergowrie_%": "4.6", "New South Wales": "499,724"}, "60-64 years": {"Invergowrie": "63", "Australia": "1,299,397", "Australia_%": "5.6", "New South Wales_%": "5.6", "Invergowrie_%": "8.2", "New South Wales": "420,044"}, "30-34 years": {"Invergowrie": "34", "Australia": "1,703,847", "Australia_%": "7.3", "New South Wales_%": "7.2", "Invergowrie_%": "4.5", "New South Wales": "540,360"}, "0-4 years": {"Invergowrie": "34", "Australia": "1,464,779", "Australia_%": "6.3", "New South Wales_%": "6.2", "Invergowrie_%": "4.5", "New South Wales": "465,135"}, "25-29 years": {"Invergowrie": "7", "Australia": "1,664,602", "Australia_%": "7.1", "New South Wales_%": "7.0", "Invergowrie_%": "0.9", "New South Wales": "527,161"}, "10-14 years": {"Invergowrie": "85", "Australia": "1,397,183", "Australia_%": "6.0", "New South Wales_%": "5.9", "Invergowrie_%": "11.1", "New South Wales": "443,009"}, "5-9 years": {"Invergowrie": "61", "Australia": "1,502,646", "Australia_%": "6.4", "New South Wales_%": "6.4", "Invergowrie_%": "8.0", "New South Wales": "478,184"}, "Median age": {"Invergowrie": "45", "Australia": "38", "Australia_%": "--", "New South Wales_%": "--", "Invergowrie_%": "--", "New South Wales": "38"}, "50-54 years": {"Invergowrie": "60", "Australia": "1,523,551", "Australia_%": "6.5", "New South Wales_%": "6.5", "Invergowrie_%": "7.9", "New South Wales": "485,546"}, "80-84 years": {"Invergowrie": "11", "Australia": "460,549", "Australia_%": "2.0", "New South Wales_%": "2.1", "Invergowrie_%": "1.4", "New South Wales": "155,806"}, "40-44 years": {"Invergowrie": "54", "Australia": "1,583,257", "Australia_%": "6.8", "New South Wales_%": "6.7", "Invergowrie_%": "7.1", "New South Wales": "503,169"}, "70-74 years": {"Invergowrie": "38", "Australia": "887,716", "Australia_%": "3.8", "New South Wales_%": "3.9", "Invergowrie_%": "5.0", "New South Wales": "292,556"}, "15-19 years": {"Invergowrie": "46", "Australia": "1,421,595", "Australia_%": "6.1", "New South Wales_%": "6.0", "Invergowrie_%": "6.0", "New South Wales": "448,425"}, "65-69 years": {"Invergowrie": "37", "Australia": "1,188,999", "Australia_%": "5.1", "New South Wales_%": "5.1", "Invergowrie_%": "4.8", "New South Wales": "384,470"}, "20-24 years": {"Invergowrie": "18", "Australia": "1,566,793", "Australia_%": "6.7", "New South Wales_%": "6.5", "Invergowrie_%": "2.4", "New South Wales": "489,673"}, "55-59 years": {"Invergowrie": "61", "Australia": "1,454,332", "Australia_%": "6.2", "New South Wales_%": "6.3", "Invergowrie_%": "8.0", "New South Wales": "469,726"}, "75-79 years": {"Invergowrie": "20", "Australia": "652,657", "Australia_%": "2.8", "New South Wales_%": "2.9", "Invergowrie_%": "2.6", "New South Wales": "217,308"}, "45-49 years": {"Invergowrie": "96", "Australia": "1,581,455", "Australia_%": "6.8", "New South Wales_%": "6.6", "Invergowrie_%": "12.6", "New South Wales": "492,440"}, "85 years and over": {"Invergowrie": "4", "Australia": "486,842", "Australia_%": "2.1", "New South Wales_%": "2.2", "Invergowrie_%": "0.5", "New South Wales": "167,506"}}, "Single (or lone) parents": {"Male": {"Invergowrie": "--", "Australia": "--", "Australia_%": "18.2", "New South Wales_%": "17.8", "Invergowrie_%": "28.0", "New South Wales": "--"}, "Female": {"Invergowrie": "--", "Australia": "--", "Australia_%": "81.8", "New South Wales_%": "82.2", "Invergowrie_%": "72.0", "New South Wales": "--"}}, "Mortgage monthly repayments": {"Median mortgage repayments": {"Invergowrie": "1,647", "Australia": "1,755", "Australia_%": "--", "New South Wales_%": "--", "Invergowrie_%": "--", "New South Wales": "1,986"}, "Households where mortgage repayments are less than 30% of household income": {"Invergowrie": "--", "Australia": "--", "Australia_%": "92.8", "New South Wales_%": "92.6", "Invergowrie_%": "91.5", "New South Wales": "--"}, "Households with mortgage repayments greater than or equal to 30% of household income": {"Invergowrie": "--", "Australia": "--", "Australia_%": "7.2", "New South Wales_%": "7.4", "Invergowrie_%": "8.5", "New South Wales": "--"}}, "Mortgage and rent": {"Median monthly mortgage repayments": {"Invergowrie": "1,631", "Australia": "1,660", "Australia_%": "--", "New South Wales_%": "--", "Invergowrie_%": "--", "New South Wales": "1,733"}, "Median weekly rent": {"Invergowrie": "0", "Australia": "250", "Australia_%": "--", "New South Wales_%": "--", "Invergowrie_%": "--", "New South Wales": "270"}}, "Tenure": {"Rented": {"Invergowrie": "20", "Australia": "2,561,302", "Australia_%": "30.9", "New South Wales_%": "31.8", "Invergowrie_%": "7.3", "New South Wales": "826,922"}, "Owned outright": {"Invergowrie": "116", "Australia": "2,565,695", "Australia_%": "31.0", "New South Wales_%": "32.2", "Invergowrie_%": "42.5", "New South Wales": "839,665"}, "Owned with a mortgage": {"Invergowrie": "134", "Australia": "2,855,222", "Australia_%": "34.5", "New South Wales_%": "32.3", "Invergowrie_%": "49.1", "New South Wales": "840,004"}, "Tenure type not stated": {"Invergowrie": "3", "Australia": "224,869", "Australia_%": "2.7", "New South Wales_%": "2.8", "Invergowrie_%": "1.1", "New South Wales": "73,763"}, "Other tenure type": {"Invergowrie": "0", "Australia": "78,994", "Australia_%": "1.0", "New South Wales_%": "0.9", "Invergowrie_%": "0.0", "New South Wales": "23,968"}}, "Country of birth of father, stated responses": {"Scotland": {"Invergowrie": "10", "Australia": "276,038", "Australia_%": "1.2", "New South Wales_%": "1.0", "Invergowrie_%": "1.3", "New South Wales": "72,321"}, "New Zealand": {"Invergowrie": "18", "Australia": "617,331", "Australia_%": "2.6", "New South Wales_%": "1.9", "Invergowrie_%": "2.4", "New South Wales": "143,450"}, "Australia": {"Invergowrie": "561", "Australia": "12,231,150", "Australia_%": "52.3", "New South Wales_%": "50.1", "Invergowrie_%": "73.9", "New South Wales": "3,745,787"}, "England": {"Invergowrie": "56", "Australia": "1,403,096", "Australia_%": "6.0", "New South Wales_%": "4.8", "Invergowrie_%": "7.4", "New South Wales": "359,370"}, "Netherlands": {"Invergowrie": "8", "Australia": "175,354", "Australia_%": "0.7", "New South Wales_%": "0.5", "Invergowrie_%": "1.1", "New South Wales": "40,444"}}, "Country of birth of father and/or mother, stated responses": {"Father only born overseas": {"Invergowrie": "54", "Australia": "1,488,092", "Australia_%": "6.4", "New South Wales_%": "6.1", "Invergowrie_%": "7.0", "New South Wales": "458,394"}, "Mother only born overseas": {"Invergowrie": "28", "Australia": "1,094,591", "Australia_%": "4.7", "New South Wales_%": "4.3", "Invergowrie_%": "3.6", "New South Wales": "325,182"}, "Both parents born overseas": {"Invergowrie": "98", "Australia": "8,051,196", "Australia_%": "34.4", "New South Wales_%": "37.0", "Invergowrie_%": "12.7", "New South Wales": "2,764,170"}, "Both parents born in Australia": {"Invergowrie": "532", "Australia": "11,070,538", "Australia_%": "47.3", "New South Wales_%": "45.4", "Invergowrie_%": "68.9", "New South Wales": "3,399,725"}}, "Rent weekly payments": {"Households where rent payments are less than 30% of household income": {"Invergowrie": "--", "Australia": "--", "Australia_%": "88.5", "New South Wales_%": "87.1", "Invergowrie_%": "96.6", "New South Wales": "--"}, "Households with rent payments greater than or equal to 30% of household income": {"Invergowrie": "--", "Australia": "--", "Australia_%": "11.5", "New South Wales_%": "12.9", "Invergowrie_%": "3.4", "New South Wales": "--"}, "Median rent": {"Invergowrie": "300", "Australia": "335", "Australia_%": "--", "New South Wales_%": "--", "Invergowrie_%": "--", "New South Wales": "380"}}, "Registered marital status": {"Separated": {"Invergowrie": "16", "Australia": "608,059", "Australia_%": "3.2", "New South Wales_%": "3.1", "Invergowrie_%": "2.7", "New South Wales": "190,198"}, "Widowed": {"Invergowrie": "23", "Australia": "985,204", "Australia_%": "5.2", "New South Wales_%": "5.4", "Invergowrie_%": "3.9", "New South Wales": "331,653"}, "Married": {"Invergowrie": "339", "Australia": "9,148,218", "Australia_%": "48.1", "New South Wales_%": "48.7", "Invergowrie_%": "58.1", "New South Wales": "2,965,280"}, "Divorced": {"Invergowrie": "47", "Australia": "1,626,890", "Australia_%": "8.5", "New South Wales_%": "8.4", "Invergowrie_%": "8.1", "New South Wales": "512,298"}, "Never married": {"Invergowrie": "158", "Australia": "6,668,910", "Australia_%": "35.0", "New South Wales_%": "34.4", "Invergowrie_%": "27.1", "New South Wales": "2,094,460"}}, "summaryTable_qsPeople": {"Male": "50.4%", "Median age": "45", "Female": "49.6%", "People": "775"}, "Dwelling characteristics": {"Average number of people per household": {"Invergowrie": "2.7", "Australia": "3.2", "Australia_%": "--", "New South Wales_%": "--", "Invergowrie_%": "--", "New South Wales": "3.1"}, "Average number of persons per bedroom": {"Invergowrie": "0.6", "Australia": "1", "Australia_%": "--", "New South Wales_%": "--", "Invergowrie_%": "--", "New South Wales": "1"}, "Median weekly household income": {"Invergowrie": "1,062", "Australia": "1,203", "Australia_%": "--", "New South Wales_%": "--", "Invergowrie_%": "--", "New South Wales": "1,214"}}, "Unpaid work": {"Did unpaid domestic work (last week)": {"Invergowrie": "464", "Australia": "13,143,914", "Australia_%": "69.0", "New South Wales_%": "67.7", "Invergowrie_%": "79.7", "New South Wales": "4,127,723"}, "Provided unpaid assistance to a person with a disability (last two weeks)": {"Invergowrie": "85", "Australia": "2,145,203", "Australia_%": "11.3", "New South Wales_%": "11.6", "Invergowrie_%": "14.5", "New South Wales": "709,415"}, "Did voluntary work through an organisation or group (last 12 months)": {"Invergowrie": "187", "Australia": "3,620,726", "Australia_%": "19.0", "New South Wales_%": "18.1", "Invergowrie_%": "31.5", "New South Wales": "1,103,790"}, "Cared for child/children (last two weeks)": {"Invergowrie": "191", "Australia": "5,259,400", "Australia_%": "27.6", "New South Wales_%": "27.2", "Invergowrie_%": "32.4", "New South Wales": "1,659,250"}}, "Unpaid domestic work, number of hours": {"5 to 14 hours per week": {"Invergowrie": "187", "Australia": "4,944,578", "Australia_%": "26.0", "New South Wales_%": "25.1", "Invergowrie_%": "31.6", "New South Wales": "1,531,206"}, "30 hours or more per week": {"Invergowrie": "61", "Australia": "1,710,970", "Australia_%": "9.0", "New South Wales_%": "9.0", "Invergowrie_%": "10.3", "New South Wales": "545,925"}, "Less than 5 hours per week": {"Invergowrie": "127", "Australia": "4,298,593", "Australia_%": "22.6", "New South Wales_%": "22.3", "Invergowrie_%": "21.5", "New South Wales": "1,359,656"}, "15 to 29 hours per week": {"Invergowrie": "99", "Australia": "2,189,776", "Australia_%": "11.5", "New South Wales_%": "11.3", "Invergowrie_%": "16.7", "New South Wales": "690,934"}}, "Industry of employment, top responses": {"Hospitals (except Psychiatric Hospitals)": {"Invergowrie": "14", "Australia": "411,808", "Australia_%": "3.9", "New South Wales_%": "3.5", "Invergowrie_%": "5.0", "New South Wales": "119,350"}, "Higher Education": {"Invergowrie": "36", "Australia": "155,985", "Australia_%": "1.5", "New South Wales_%": "1.4", "Invergowrie_%": "12.8", "New South Wales": "46,246"}, "Accommodation": {"Invergowrie": "9", "Australia": "113,377", "Australia_%": "1.1", "New South Wales_%": "1.0", "Invergowrie_%": "3.2", "New South Wales": "34,450"}, "Aged Care Residential Services": {"Invergowrie": "11", "Australia": "211,621", "Australia_%": "2.0", "New South Wales_%": "2.0", "Invergowrie_%": "3.9", "New South Wales": "67,209"}, "Other Social Assistance Services": {"Invergowrie": "10", "Australia": "158,230", "Australia_%": "1.5", "New South Wales_%": "1.6", "Invergowrie_%": "3.6", "New South Wales": "54,259"}}, "GeoInfo": {"city": "Invergowrie"}, "Education": {"University or tertiary institution": {"Invergowrie": "25", "Australia": "1,160,626", "Australia_%": "16.1", "New South Wales_%": "16.2", "Invergowrie_%": "8.9", "New South Wales": "376,133"}, "Secondary - Catholic": {"Invergowrie": "11", "Australia": "338,384", "Australia_%": "4.7", "New South Wales_%": "5.1", "Invergowrie_%": "3.9", "New South Wales": "117,689"}, "Secondary - other non Government": {"Invergowrie": "13", "Australia": "280,618", "Australia_%": "3.9", "New South Wales_%": "3.4", "Invergowrie_%": "4.6", "New South Wales": "79,915"}, "Primary - Catholic": {"Invergowrie": "14", "Australia": "380,604", "Australia_%": "5.3", "New South Wales_%": "5.3", "Invergowrie_%": "5.0", "New South Wales": "122,099"}, "Primary - Government": {"Invergowrie": "64", "Australia": "1,314,787", "Australia_%": "18.2", "New South Wales_%": "18.0", "Invergowrie_%": "22.9", "New South Wales": "417,465"}, "Other": {"Invergowrie": "6", "Australia": "198,383", "Australia_%": "2.8", "New South Wales_%": "2.7", "Invergowrie_%": "2.1", "New South Wales": "63,673"}, "Technical or further education institution": {"Invergowrie": "14", "Australia": "424,869", "Australia_%": "5.9", "New South Wales_%": "6.2", "Invergowrie_%": "5.0", "New South Wales": "144,103"}, "Secondary - Government": {"Invergowrie": "31", "Australia": "827,505", "Australia_%": "11.5", "New South Wales_%": "11.6", "Invergowrie_%": "11.1", "New South Wales": "269,249"}, "Primary - other non Government": {"Invergowrie": "22", "Australia": "231,490", "Australia_%": "3.2", "New South Wales_%": "2.9", "Invergowrie_%": "7.9", "New South Wales": "67,611"}, "Not stated": {"Invergowrie": "67", "Australia": "1,707,023", "Australia_%": "23.7", "New South Wales_%": "23.0", "Invergowrie_%": "23.9", "New South Wales": "535,266"}, "Preschool": {"Invergowrie": "13", "Australia": "347,621", "Australia_%": "4.8", "New South Wales_%": "5.7", "Invergowrie_%": "4.6", "New South Wales": "132,047"}}, "Employment": {"Unemployed": {"Invergowrie": "17", "Australia": "787,452", "Australia_%": "6.9", "New South Wales_%": "6.3", "Invergowrie_%": "4.6", "New South Wales": "225,546"}, "Worked part-time": {"Invergowrie": "126", "Australia": "3,491,503", "Australia_%": "30.4", "New South Wales_%": "29.7", "Invergowrie_%": "34.0", "New South Wales": "1,071,151"}, "Away from work": {"Invergowrie": "25", "Australia": "569,276", "Australia_%": "5.0", "New South Wales_%": "4.8", "Invergowrie_%": "6.7", "New South Wales": "174,654"}, "Worked full-time": {"Invergowrie": "203", "Australia": "6,623,065", "Australia_%": "57.7", "New South Wales_%": "59.2", "Invergowrie_%": "54.7", "New South Wales": "2,134,521"}}, "Travel to work, top responses": {"Walked only": {"Invergowrie": "3", "Australia": "370,427", "Australia_%": "3.5", "New South Wales_%": "3.9", "Invergowrie_%": "0.9", "New South Wales": "130,957"}, "Worked at home": {"Invergowrie": "28", "Australia": "503,582", "Australia_%": "4.7", "New South Wales_%": "4.8", "Invergowrie_%": "8.1", "New South Wales": "163,026"}, "People who travelled to work by car as driver or passenger": {"Invergowrie": "278", "Australia": "7,305,271", "Australia_%": "68.4", "New South Wales_%": "64.6", "Invergowrie_%": "79.7", "New South Wales": "2,182,854"}, "null": {"Invergowrie": null, "Australia": "None", "Australia_%": "None", "New South Wales_%": "None", "Invergowrie_%": null, "New South Wales": "None"}, "Car, as driver": {"Invergowrie": "265", "Australia": "6,574,571", "Australia_%": "61.5", "New South Wales_%": "57.8", "Invergowrie_%": "76.4", "New South Wales": "1,953,399"}, "Motorbike/scooter": {"Invergowrie": "3", "Australia": "64,580", "Australia_%": "0.6", "New South Wales_%": "0.6", "Invergowrie_%": "0.9", "New South Wales": "21,159"}, "Car, as passenger": {"Invergowrie": "13", "Australia": "489,922", "Australia_%": "4.6", "New South Wales_%": "4.3", "Invergowrie_%": "3.7", "New South Wales": "144,820"}}, "Occupation": {"Professionals": {"Invergowrie": "92", "Australia": "2,370,966", "Australia_%": "22.2", "New South Wales_%": "23.6", "Invergowrie_%": "26.4", "New South Wales": "798,126"}, "Technicians and Trades Workers": {"Invergowrie": "47", "Australia": "1,447,414", "Australia_%": "13.5", "New South Wales_%": "12.7", "Invergowrie_%": "13.5", "New South Wales": "429,239"}, "Labourers": {"Invergowrie": "32", "Australia": "1,011,520", "Australia_%": "9.5", "New South Wales_%": "8.8", "Invergowrie_%": "9.2", "New South Wales": "297,887"}, "Clerical and Administrative Workers": {"Invergowrie": "37", "Australia": "1,449,681", "Australia_%": "13.6", "New South Wales_%": "13.8", "Invergowrie_%": "10.6", "New South Wales": "467,977"}, "Machinery Operators and Drivers": {"Invergowrie": "13", "Australia": "670,106", "Australia_%": "6.3", "New South Wales_%": "6.1", "Invergowrie_%": "3.7", "New South Wales": "206,839"}, "Community and Personal Service Workers": {"Invergowrie": "47", "Australia": "1,157,003", "Australia_%": "10.8", "New South Wales_%": "10.4", "Invergowrie_%": "13.5", "New South Wales": "350,261"}, "Sales Workers": {"Invergowrie": "25", "Australia": "1,000,955", "Australia_%": "9.4", "New South Wales_%": "9.2", "Invergowrie_%": "7.2", "New South Wales": "311,414"}, "Managers": {"Invergowrie": "53", "Australia": "1,390,047", "Australia_%": "13.0", "New South Wales_%": "13.5", "Invergowrie_%": "15.2", "New South Wales": "456,084"}}}