{"GeoInfo": {"city": "Kiar"}, "summaryTable_qsDwelling": {"Median monthly mortgage repayments": "$1,734", "All private dwellings": "18", "Average people per household": "2", "Median weekly household income": "$1,624", "Median weekly rent": "$200", "Average motor vehicles per dwelling": "2.1"}, "summaryTable_qsPeople": {"Male": "45.2%", "Median age": "52", "Female": "54.8%", "People": "33"}, "summaryTable_qsFamilies": {"for all families": "0.5", "for families with children": "1.5", "Families": "15", "Average children per family": "None"}}