{"Employment - hours worked": {"40 hours or more per week": {"Australia": "4,591,801", "Macquarie Links_%": "48.2", "Australia_%": "43.0", "New South Wales_%": "44.1", "Macquarie Links": "358", "New South Wales": "1,489,099"}, "25-34 hours per week": {"Australia": "1,193,445", "Macquarie Links_%": "8.4", "Australia_%": "11.2", "New South Wales_%": "10.5", "Macquarie Links": "62", "New South Wales": "353,702"}, "16-24 hours per week": {"Australia": "1,079,236", "Macquarie Links_%": "7.7", "Australia_%": "10.1", "New South Wales_%": "10.4", "Macquarie Links": "57", "New South Wales": "352,817"}, "35-39 hours per week": {"Australia": "2,031,263", "Macquarie Links_%": "21.6", "Australia_%": "19.0", "New South Wales_%": "19.1", "Macquarie Links": "160", "New South Wales": "645,428"}, "1-15 hours per week": {"Australia": "1,218,823", "Macquarie Links_%": "9.8", "Australia_%": "11.4", "New South Wales_%": "10.8", "Macquarie Links": "73", "New South Wales": "364,637"}}, "Number of registered motor vehicles": {"2 motor vehicles": {"Australia": "2,999,184", "Macquarie Links_%": "41.5", "Australia_%": "36.2", "New South Wales_%": "34.1", "Macquarie Links": "160", "New South Wales": "887,849"}, "None": {"Australia": "623,829", "Macquarie Links_%": "3.6", "Australia_%": "7.5", "New South Wales_%": "9.2", "Macquarie Links": "14", "New South Wales": "239,625"}, "Number of motor vehicles not stated": {"Australia": "285,197", "Macquarie Links_%": "2.6", "Australia_%": "3.4", "New South Wales_%": "3.7", "Macquarie Links": "10", "New South Wales": "95,623"}, "1 motor vehicle": {"Australia": "2,881,485", "Macquarie Links_%": "14.8", "Australia_%": "34.8", "New South Wales_%": "36.3", "Macquarie Links": "57", "New South Wales": "946,159"}, "3 or more vehicles": {"Australia": "1,496,382", "Macquarie Links_%": "37.6", "Australia_%": "18.1", "New South Wales_%": "16.7", "Macquarie Links": "145", "New South Wales": "435,053"}}, "Employment status of parents in couple families": {"Labour force status not stated (by one or both parents in a couple family)": {"Australia": "311,381", "Macquarie Links_%": "6.0", "Australia_%": "6.2", "New South Wales_%": "5.7", "Macquarie Links": "20", "New South Wales": "90,630"}, "One employed full-time, one part-time": {"Australia": "1,086,460", "Macquarie Links_%": "20.3", "Australia_%": "21.7", "New South Wales_%": "20.6", "Macquarie Links": "68", "New South Wales": "329,567"}, "One employed part-time, other not working": {"Australia": "302,037", "Macquarie Links_%": "5.4", "Australia_%": "6.0", "New South Wales_%": "6.1", "Macquarie Links": "18", "New South Wales": "96,933"}, "Other (includes away from work)": {"Australia": "264,145", "Macquarie Links_%": "3.9", "Australia_%": "5.3", "New South Wales_%": "5.1", "Macquarie Links": "13", "New South Wales": "80,905"}, "Both employed, worked full-time": {"Australia": "1,084,006", "Macquarie Links_%": "36.7", "Australia_%": "21.6", "New South Wales_%": "22.6", "Macquarie Links": "123", "New South Wales": "360,916"}, "One employed full-time, other not working": {"Australia": "749,886", "Macquarie Links_%": "15.2", "Australia_%": "15.0", "New South Wales_%": "15.0", "Macquarie Links": "51", "New South Wales": "240,084"}, "Both employed, worked part-time": {"Australia": "203,596", "Macquarie Links_%": "2.7", "Australia_%": "4.1", "New South Wales_%": "4.0", "Macquarie Links": "9", "New South Wales": "63,106"}, "Both not working": {"Australia": "1,006,697", "Macquarie Links_%": "9.9", "Australia_%": "20.1", "New South Wales_%": "21.0", "Macquarie Links": "33", "New South Wales": "334,742"}}, "Country of birth of mother, stated responses": {"Lebanon": {"Australia": "176,241", "Macquarie Links_%": "3.6", "Australia_%": "0.8", "New South Wales_%": "1.7", "Macquarie Links": "48", "New South Wales": "129,707"}, "Philippines": {"Australia": "325,049", "Macquarie Links_%": "9.5", "Australia_%": "1.4", "New South Wales_%": "1.7", "Macquarie Links": "126", "New South Wales": "124,029"}, "Australia": {"Australia": "12,643,365", "Macquarie Links_%": "32.5", "Australia_%": "54.0", "New South Wales_%": "51.9", "Macquarie Links": "432", "New South Wales": "3,884,762"}, "India": {"Australia": "605,777", "Macquarie Links_%": "5.3", "Australia_%": "2.6", "New South Wales_%": "2.6", "Macquarie Links": "70", "New South Wales": "191,594"}, "Bangladesh": {"Australia": "54,903", "Macquarie Links_%": "9.2", "Australia_%": "0.2", "New South Wales_%": "0.4", "Macquarie Links": "122", "New South Wales": "32,750"}}, "Dwelling structure": {"Other dwelling": {"Australia": "64,425", "Macquarie Links_%": "0.0", "Australia_%": "0.8", "New South Wales_%": "0.9", "Macquarie Links": "0", "New South Wales": "23,580"}, "Semi-detached, row or terrace house, townhouse etc": {"Australia": "1,055,016", "Macquarie Links_%": "4.2", "Australia_%": "12.7", "New South Wales_%": "12.2", "Macquarie Links": "16", "New South Wales": "317,453"}, "Separate house": {"Australia": "6,041,788", "Macquarie Links_%": "92.4", "Australia_%": "72.9", "New South Wales_%": "66.4", "Macquarie Links": "352", "New South Wales": "1,729,820"}, "Flat or apartment": {"Australia": "1,087,434", "Macquarie Links_%": "3.4", "Australia_%": "13.1", "New South Wales_%": "19.9", "Macquarie Links": "13", "New South Wales": "519,390"}}, "Number of bedrooms": {"1 bedroom": {"Australia": "411,252", "Macquarie Links_%": "0.0", "Australia_%": "5.0", "New South Wales_%": "6.0", "Macquarie Links": "0", "New South Wales": "157,194"}, "3 bedrooms": {"Australia": "3,403,190", "Macquarie Links_%": "13.8", "Australia_%": "41.1", "New South Wales_%": "37.2", "Macquarie Links": "52", "New South Wales": "970,001"}, "Average number of people per household": {"Australia": "2.6", "Macquarie Links_%": "--", "Australia_%": "--", "New South Wales_%": "--", "Macquarie Links": "3.5", "New South Wales": "2.6"}, "2 bedrooms": {"Australia": "1,562,759", "Macquarie Links_%": "0.0", "Australia_%": "18.9", "New South Wales_%": "22.2", "Macquarie Links": "0", "New South Wales": "577,675"}, "4 or more bedrooms": {"Australia": "2,670,758", "Macquarie Links_%": "84.3", "Australia_%": "32.2", "New South Wales_%": "31.3", "Macquarie Links": "317", "New South Wales": "816,405"}, "None (includes bedsitters)": {"Australia": "39,769", "Macquarie Links_%": "0.0", "Australia_%": "0.5", "New South Wales_%": "0.7", "Macquarie Links": "0", "New South Wales": "17,157"}, "Number of bedrooms not stated": {"Australia": "198,351", "Macquarie Links_%": "1.9", "Australia_%": "2.4", "New South Wales_%": "2.5", "Macquarie Links": "7", "New South Wales": "65,888"}, "Average number of bedrooms per dwelling": {"Australia": "3.1", "Macquarie Links_%": "--", "Australia_%": "--", "New South Wales_%": "--", "Macquarie Links": "4.2", "New South Wales": "3"}}, "summaryTable_qsFamilies": {"for all families": "1.3", "for families with children": "2", "Families": "364", "Average children per family": "None"}, "People characteristics": {"Male": {"Australia": "322,171", "Macquarie Links_%": "56.2", "Australia_%": "49.6", "New South Wales_%": "49.7", "Macquarie Links": "9", "New South Wales": "107,368"}, "Median age": {"Australia": "23", "Macquarie Links_%": "--", "Australia_%": "--", "New South Wales_%": "--", "Macquarie Links": "18", "New South Wales": "22"}, "Female": {"Australia": "326,996", "Macquarie Links_%": "43.8", "Australia_%": "50.4", "New South Wales_%": "50.3", "Macquarie Links": "7", "New South Wales": "108,809"}}, "Dwelling count": {"Unoccupied private dwellings": {"Australia": "1,039,874", "Macquarie Links_%": "5.0", "Australia_%": "11.2", "New South Wales_%": "9.9", "Macquarie Links": "20", "New South Wales": "284,741"}, "Occupied private dwellings": {"Australia": "8,286,073", "Macquarie Links_%": "95.0", "Australia_%": "88.8", "New South Wales_%": "90.1", "Macquarie Links": "381", "New South Wales": "2,604,320"}}, "Level of highest educational attainment": {"Certificate level III": {"Australia": "2,442,203", "Macquarie Links_%": "9.3", "Australia_%": "12.8", "New South Wales_%": "12.0", "Macquarie Links": "99", "New South Wales": "730,498"}, "Certificate level II": {"Australia": "13,454", "Macquarie Links_%": "0.0", "Australia_%": "0.1", "New South Wales_%": "0.1", "Macquarie Links": "0", "New South Wales": "4,849"}, "No educational attainment": {"Australia": "145,844", "Macquarie Links_%": "0.7", "Australia_%": "0.8", "New South Wales_%": "0.9", "Macquarie Links": "7", "New South Wales": "54,870"}, "Bachelor Degree level and above": {"Australia": "4,181,406", "Macquarie Links_%": "31.4", "Australia_%": "22.0", "New South Wales_%": "23.4", "Macquarie Links": "335", "New South Wales": "1,424,716"}, "Certificate level I": {"Australia": "2,176", "Macquarie Links_%": "0.0", "Australia_%": "0.0", "New South Wales_%": "0.0", "Macquarie Links": "0", "New South Wales": "625"}, "Year 11": {"Australia": "941,531", "Macquarie Links_%": "3.9", "Australia_%": "4.9", "New South Wales_%": "3.3", "Macquarie Links": "42", "New South Wales": "203,574"}, "Not stated": {"Australia": "1,974,794", "Macquarie Links_%": "6.3", "Australia_%": "10.4", "New South Wales_%": "10.3", "Macquarie Links": "67", "New South Wales": "627,465"}, "Year 9 or below": {"Australia": "1,529,897", "Macquarie Links_%": "3.0", "Australia_%": "8.0", "New South Wales_%": "8.4", "Macquarie Links": "32", "New South Wales": "513,209"}, "Certificate level IV": {"Australia": "551,767", "Macquarie Links_%": "1.4", "Australia_%": "2.9", "New South Wales_%": "2.8", "Macquarie Links": "15", "New South Wales": "167,947"}, "Year 10": {"Australia": "2,054,331", "Macquarie Links_%": "10.0", "Australia_%": "10.8", "New South Wales_%": "11.5", "Macquarie Links": "107", "New South Wales": "702,178"}, "Year 12": {"Australia": "2,994,097", "Macquarie Links_%": "21.2", "Australia_%": "15.7", "New South Wales_%": "15.3", "Macquarie Links": "226", "New South Wales": "930,654"}, "Advanced Diploma and Diploma level": {"Australia": "1,687,893", "Macquarie Links_%": "9.8", "Australia_%": "8.9", "New South Wales_%": "8.9", "Macquarie Links": "105", "New South Wales": "543,142"}}, "Median weekly incomes": {"Personal": {"Australia": "662", "Macquarie Links_%": "--", "Australia_%": "--", "New South Wales_%": "--", "Macquarie Links": "911", "New South Wales": "664"}, "Household": {"Australia": "1,438", "Macquarie Links_%": "--", "Australia_%": "--", "New South Wales_%": "--", "Macquarie Links": "2,635", "New South Wales": "1,486"}, "Family": {"Australia": "1,734", "Macquarie Links_%": "--", "Australia_%": "--", "New South Wales_%": "--", "Macquarie Links": "2,639", "New South Wales": "1,780"}}, "Family composition": {"Other family": {"Australia": "102,559", "Macquarie Links_%": "0.8", "Australia_%": "1.7", "New South Wales_%": "1.7", "Macquarie Links": "3", "New South Wales": "32,438"}, "Couple family with children": {"Australia": "2,716,224", "Macquarie Links_%": "67.5", "Australia_%": "44.7", "New South Wales_%": "45.7", "Macquarie Links": "245", "New South Wales": "887,358"}, "Couple family without children": {"Australia": "2,291,987", "Macquarie Links_%": "23.4", "Australia_%": "37.8", "New South Wales_%": "36.6", "Macquarie Links": "85", "New South Wales": "709,524"}, "One parent family": {"Australia": "959,543", "Macquarie Links_%": "8.3", "Australia_%": "15.8", "New South Wales_%": "16.0", "Macquarie Links": "30", "New South Wales": "310,906"}}, "Dwelling internet connection": {"Not stated": {"Australia": "221,494", "Macquarie Links_%": "1.8", "Australia_%": "2.7", "New South Wales_%": "2.8", "Macquarie Links": "7", "New South Wales": "73,565"}, "Internet not accessed from dwelling": {"Australia": "1,172,415", "Macquarie Links_%": "4.7", "Australia_%": "14.1", "New South Wales_%": "14.7", "Macquarie Links": "18", "New South Wales": "381,709"}, "Internet accessed from dwelling": {"Australia": "6,892,165", "Macquarie Links_%": "93.4", "Australia_%": "83.2", "New South Wales_%": "82.5", "Macquarie Links": "355", "New South Wales": "2,149,040"}}, "Social marital status": {"Not married": {"Australia": "7,024,973", "Macquarie Links_%": "36.2", "Australia_%": "41.9", "New South Wales_%": "42.3", "Macquarie Links": "365", "New South Wales": "2,290,887"}, "De facto marriage": {"Australia": "1,751,731", "Macquarie Links_%": "5.0", "Australia_%": "10.4", "New South Wales_%": "9.4", "Macquarie Links": "50", "New South Wales": "506,133"}, "Registered marriage": {"Australia": "8,001,141", "Macquarie Links_%": "58.8", "Australia_%": "47.7", "New South Wales_%": "48.3", "Macquarie Links": "592", "New South Wales": "2,612,630"}}, "Household composition": {"Family households": {"Australia": "5,907,625", "Macquarie Links_%": "90.0", "Australia_%": "71.3", "New South Wales_%": "72.0", "Macquarie Links": "343", "New South Wales": "1,874,524"}, "Group households": {"Australia": "354,917", "Macquarie Links_%": "0.8", "Australia_%": "4.3", "New South Wales_%": "4.2", "Macquarie Links": "3", "New South Wales": "109,004"}, "Single (or lone) person households": {"Australia": "2,023,542", "Macquarie Links_%": "9.2", "Australia_%": "24.4", "New South Wales_%": "23.8", "Macquarie Links": "35", "New South Wales": "620,778"}}, "People": {"Male": {"Australia": "11,546,638", "Macquarie Links_%": "50.4", "Australia_%": "49.3", "New South Wales_%": "49.3", "Macquarie Links": "687", "New South Wales": "3,686,014"}, "Aboriginal and/or Torres Strait Islander people": {"Australia": "649,171", "Macquarie Links_%": "1.0", "Australia_%": "2.8", "New South Wales_%": "2.9", "Macquarie Links": "14", "New South Wales": "216,176"}, "Female": {"Australia": "11,855,248", "Macquarie Links_%": "49.6", "Australia_%": "50.7", "New South Wales_%": "50.7", "Macquarie Links": "675", "New South Wales": "3,794,217"}}, "Language, top responses (other than English)": {"null": {"Australia": "None", "Macquarie Links_%": null, "Australia_%": "None", "New South Wales_%": "None", "Macquarie Links": null, "New South Wales": "None"}, "English only spoken at home": {"Australia": "17,020,417", "Macquarie Links_%": "51.9", "Australia_%": "72.7", "New South Wales_%": "68.5", "Macquarie Links": "707", "New South Wales": "5,126,633"}, "Greek": {"Australia": "237,588", "Macquarie Links_%": "2.1", "Australia_%": "1.0", "New South Wales_%": "1.1", "Macquarie Links": "28", "New South Wales": "81,683"}, "Bengali": {"Australia": "54,566", "Macquarie Links_%": "8.9", "Australia_%": "0.2", "New South Wales_%": "0.4", "Macquarie Links": "121", "New South Wales": "31,687"}, "Tagalog": {"Australia": "111,273", "Macquarie Links_%": "4.0", "Australia_%": "0.5", "New South Wales_%": "0.6", "Macquarie Links": "54", "New South Wales": "45,130"}, "Households where a non English language is spoken": {"Australia": "1,971,011", "Macquarie Links_%": "51.8", "Australia_%": "22.2", "New South Wales_%": "26.5", "Macquarie Links": "205", "New South Wales": "735,563"}, "Arabic": {"Australia": "321,728", "Macquarie Links_%": "3.8", "Australia_%": "1.4", "New South Wales_%": "2.7", "Macquarie Links": "52", "New South Wales": "200,825"}, "Hindi": {"Australia": "159,652", "Macquarie Links_%": "4.0", "Australia_%": "0.7", "New South Wales_%": "0.9", "Macquarie Links": "54", "New South Wales": "67,034"}}, "summaryTable_qsDwelling": {"Median monthly mortgage repayments": "$2,659", "All private dwellings": "417", "Average people per household": "3.5", "Median weekly household income": "$2,635", "Median weekly rent": "$560", "Average motor vehicles per dwelling": "2.3"}, "Household income": {"Less than $650 gross weekly income": {"Australia": "--", "Macquarie Links_%": "7.9", "Australia_%": "20.0", "New South Wales_%": "19.7", "Macquarie Links": "--", "New South Wales": "--"}, "More than $3000 gross weekly income": {"Australia": "--", "Macquarie Links_%": "41.8", "Australia_%": "16.4", "New South Wales_%": "18.7", "Macquarie Links": "--", "New South Wales": "--"}}, "Country of birth": {"Other top responses": {"Macquarie Links": "None", "Macquarie Links_%": "None"}, "Australia": {"Australia": "15,614,835", "Macquarie Links_%": "59.0", "Australia_%": "66.7", "New South Wales_%": "65.5", "Macquarie Links": "793", "New South Wales": "4,899,090"}, "England": {"Australia": "907,570", "Macquarie Links_%": "2.1", "Australia_%": "3.9", "New South Wales_%": "3.0", "Macquarie Links": "28", "New South Wales": "226,564"}, "Bangladesh": {"Australia": "41,237", "Macquarie Links_%": "6.8", "Australia_%": "0.2", "New South Wales_%": "0.3", "Macquarie Links": "91", "New South Wales": "24,217"}, "Philippines": {"Australia": "232,386", "Macquarie Links_%": "5.9", "Australia_%": "1.0", "New South Wales_%": "1.2", "Macquarie Links": "79", "New South Wales": "86,749"}, "India": {"Australia": "455,389", "Macquarie Links_%": "3.4", "Australia_%": "1.9", "New South Wales_%": "1.9", "Macquarie Links": "45", "New South Wales": "143,459"}, "China (excludes SARs and Taiwan)": {"Australia": "509,555", "Macquarie Links_%": "2.2", "Australia_%": "2.2", "New South Wales_%": "3.1", "Macquarie Links": "30", "New South Wales": "234,508"}}, "Religious affiliation, top responses": {"No Religion, so described": {"Australia": "6,933,708", "Macquarie Links_%": "11.9", "Australia_%": "29.6", "New South Wales_%": "25.1", "Macquarie Links": "161", "New South Wales": "1,879,562"}, "Catholic": {"Australia": "5,291,834", "Macquarie Links_%": "35.2", "Australia_%": "22.6", "New South Wales_%": "24.7", "Macquarie Links": "477", "New South Wales": "1,846,443"}, "Not stated": {"Australia": "2,238,735", "Macquarie Links_%": "6.9", "Australia_%": "9.6", "New South Wales_%": "9.2", "Macquarie Links": "93", "New South Wales": "684,969"}, "Anglican": {"Australia": "3,101,185", "Macquarie Links_%": "9.3", "Australia_%": "13.3", "New South Wales_%": "15.5", "Macquarie Links": "126", "New South Wales": "1,161,810"}, "Islam": {"Australia": "604,240", "Macquarie Links_%": "15.5", "Australia_%": "2.6", "New South Wales_%": "3.6", "Macquarie Links": "210", "New South Wales": "267,659"}}, "Ancestry, top responses": {"Australian": {"Australia": "7,298,243", "Macquarie Links_%": "15.5", "Australia_%": "23.3", "New South Wales_%": "22.9", "Macquarie Links": "274", "New South Wales": "2,261,062"}, "Bangladeshi": {"Australia": "39,566", "Macquarie Links_%": "5.2", "Australia_%": "0.1", "New South Wales_%": "0.2", "Macquarie Links": "92", "New South Wales": "23,509"}, "Irish": {"Australia": "2,388,058", "Macquarie Links_%": "6.0", "Australia_%": "7.6", "New South Wales_%": "7.5", "Macquarie Links": "106", "New South Wales": "741,671"}, "Filipino": {"Australia": "304,015", "Macquarie Links_%": "6.0", "Australia_%": "1.0", "New South Wales_%": "1.2", "Macquarie Links": "106", "New South Wales": "117,356"}, "English": {"Australia": "7,852,224", "Macquarie Links_%": "13.9", "Australia_%": "25.0", "New South Wales_%": "23.3", "Macquarie Links": "246", "New South Wales": "2,302,481"}}, "Age": {"35-39 years": {"Australia": "1,561,679", "Macquarie Links_%": "5.2", "Australia_%": "6.7", "New South Wales_%": "6.7", "Macquarie Links": "72", "New South Wales": "499,724"}, "60-64 years": {"Australia": "1,299,397", "Macquarie Links_%": "4.4", "Australia_%": "5.6", "New South Wales_%": "5.6", "Macquarie Links": "61", "New South Wales": "420,044"}, "30-34 years": {"Australia": "1,703,847", "Macquarie Links_%": "6.1", "Australia_%": "7.3", "New South Wales_%": "7.2", "Macquarie Links": "84", "New South Wales": "540,360"}, "0-4 years": {"Australia": "1,464,779", "Macquarie Links_%": "6.1", "Australia_%": "6.3", "New South Wales_%": "6.2", "Macquarie Links": "84", "New South Wales": "465,135"}, "25-29 years": {"Australia": "1,664,602", "Macquarie Links_%": "5.2", "Australia_%": "7.1", "New South Wales_%": "7.0", "Macquarie Links": "72", "New South Wales": "527,161"}, "10-14 years": {"Australia": "1,397,183", "Macquarie Links_%": "8.8", "Australia_%": "6.0", "New South Wales_%": "5.9", "Macquarie Links": "121", "New South Wales": "443,009"}, "5-9 years": {"Australia": "1,502,646", "Macquarie Links_%": "6.8", "Australia_%": "6.4", "New South Wales_%": "6.4", "Macquarie Links": "93", "New South Wales": "478,184"}, "Median age": {"Australia": "38", "Macquarie Links_%": "--", "Australia_%": "--", "New South Wales_%": "--", "Macquarie Links": "35", "New South Wales": "38"}, "50-54 years": {"Australia": "1,523,551", "Macquarie Links_%": "9.4", "Australia_%": "6.5", "New South Wales_%": "6.5", "Macquarie Links": "129", "New South Wales": "485,546"}, "80-84 years": {"Australia": "460,549", "Macquarie Links_%": "0.7", "Australia_%": "2.0", "New South Wales_%": "2.1", "Macquarie Links": "9", "New South Wales": "155,806"}, "40-44 years": {"Australia": "1,583,257", "Macquarie Links_%": "8.2", "Australia_%": "6.8", "New South Wales_%": "6.7", "Macquarie Links": "112", "New South Wales": "503,169"}, "70-74 years": {"Australia": "887,716", "Macquarie Links_%": "2.0", "Australia_%": "3.8", "New South Wales_%": "3.9", "Macquarie Links": "28", "New South Wales": "292,556"}, "15-19 years": {"Australia": "1,421,595", "Macquarie Links_%": "8.4", "Australia_%": "6.1", "New South Wales_%": "6.0", "Macquarie Links": "115", "New South Wales": "448,425"}, "65-69 years": {"Australia": "1,188,999", "Macquarie Links_%": "3.4", "Australia_%": "5.1", "New South Wales_%": "5.1", "Macquarie Links": "46", "New South Wales": "384,470"}, "20-24 years": {"Australia": "1,566,793", "Macquarie Links_%": "8.4", "Australia_%": "6.7", "New South Wales_%": "6.5", "Macquarie Links": "115", "New South Wales": "489,673"}, "55-59 years": {"Australia": "1,454,332", "Macquarie Links_%": "8.9", "Australia_%": "6.2", "New South Wales_%": "6.3", "Macquarie Links": "122", "New South Wales": "469,726"}, "75-79 years": {"Australia": "652,657", "Macquarie Links_%": "0.6", "Australia_%": "2.8", "New South Wales_%": "2.9", "Macquarie Links": "8", "New South Wales": "217,308"}, "45-49 years": {"Australia": "1,581,455", "Macquarie Links_%": "7.1", "Australia_%": "6.8", "New South Wales_%": "6.6", "Macquarie Links": "98", "New South Wales": "492,440"}, "85 years and over": {"Australia": "486,842", "Macquarie Links_%": "0.3", "Australia_%": "2.1", "New South Wales_%": "2.2", "Macquarie Links": "4", "New South Wales": "167,506"}}, "Single (or lone) parents": {"Male": {"Australia": "--", "Macquarie Links_%": "31.2", "Australia_%": "18.2", "New South Wales_%": "17.8", "Macquarie Links": "--", "New South Wales": "--"}, "Female": {"Australia": "--", "Macquarie Links_%": "68.8", "Australia_%": "81.8", "New South Wales_%": "82.2", "Macquarie Links": "--", "New South Wales": "--"}}, "Mortgage monthly repayments": {"Median mortgage repayments": {"Australia": "1,755", "Macquarie Links_%": "--", "Australia_%": "--", "New South Wales_%": "--", "Macquarie Links": "2,659", "New South Wales": "1,986"}, "Households where mortgage repayments are less than 30% of household income": {"Australia": "--", "Macquarie Links_%": "85.6", "Australia_%": "92.8", "New South Wales_%": "92.6", "Macquarie Links": "--", "New South Wales": "--"}, "Households with mortgage repayments greater than or equal to 30% of household income": {"Australia": "--", "Macquarie Links_%": "14.4", "Australia_%": "7.2", "New South Wales_%": "7.4", "Macquarie Links": "--", "New South Wales": "--"}}, "Mortgage and rent": {"Median monthly mortgage repayments": {"Australia": "1,660", "Macquarie Links_%": "--", "Australia_%": "--", "New South Wales_%": "--", "Macquarie Links": "2,600", "New South Wales": "1,733"}, "Median weekly rent": {"Australia": "250", "Macquarie Links_%": "--", "Australia_%": "--", "New South Wales_%": "--", "Macquarie Links": "0", "New South Wales": "270"}}, "Tenure": {"Rented": {"Australia": "2,561,302", "Macquarie Links_%": "9.8", "Australia_%": "30.9", "New South Wales_%": "31.8", "Macquarie Links": "38", "New South Wales": "826,922"}, "Owned outright": {"Australia": "2,565,695", "Macquarie Links_%": "27.2", "Australia_%": "31.0", "New South Wales_%": "32.2", "Macquarie Links": "105", "New South Wales": "839,665"}, "Owned with a mortgage": {"Australia": "2,855,222", "Macquarie Links_%": "59.8", "Australia_%": "34.5", "New South Wales_%": "32.3", "Macquarie Links": "231", "New South Wales": "840,004"}, "Tenure type not stated": {"Australia": "224,869", "Macquarie Links_%": "2.1", "Australia_%": "2.7", "New South Wales_%": "2.8", "Macquarie Links": "8", "New South Wales": "73,763"}, "Other tenure type": {"Australia": "78,994", "Macquarie Links_%": "1.0", "Australia_%": "1.0", "New South Wales_%": "0.9", "Macquarie Links": "4", "New South Wales": "23,968"}}, "Country of birth of father, stated responses": {"Philippines": {"Australia": "270,177", "Macquarie Links_%": "8.0", "Australia_%": "1.2", "New South Wales_%": "1.4", "Macquarie Links": "109", "New South Wales": "106,423"}, "Australia": {"Australia": "12,231,150", "Macquarie Links_%": "31.4", "Australia_%": "52.3", "New South Wales_%": "50.1", "Macquarie Links": "429", "New South Wales": "3,745,787"}, "India": {"Australia": "616,939", "Macquarie Links_%": "5.0", "Australia_%": "2.6", "New South Wales_%": "2.6", "Macquarie Links": "68", "New South Wales": "195,217"}, "Bangladesh": {"Australia": "55,701", "Macquarie Links_%": "9.5", "Australia_%": "0.2", "New South Wales_%": "0.4", "Macquarie Links": "130", "New South Wales": "33,230"}, "China (excludes SARs and Taiwan)": {"Australia": "704,658", "Macquarie Links_%": "3.8", "Australia_%": "3.0", "New South Wales_%": "4.4", "Macquarie Links": "52", "New South Wales": "332,465"}}, "Country of birth of father and/or mother, stated responses": {"Father only born overseas": {"Australia": "1,488,092", "Macquarie Links_%": "5.8", "Australia_%": "6.4", "New South Wales_%": "6.1", "Macquarie Links": "79", "New South Wales": "458,394"}, "Mother only born overseas": {"Australia": "1,094,591", "Macquarie Links_%": "5.3", "Australia_%": "4.7", "New South Wales_%": "4.3", "Macquarie Links": "72", "New South Wales": "325,182"}, "Both parents born overseas": {"Australia": "8,051,196", "Macquarie Links_%": "58.5", "Australia_%": "34.4", "New South Wales_%": "37.0", "Macquarie Links": "797", "New South Wales": "2,764,170"}, "Both parents born in Australia": {"Australia": "11,070,538", "Macquarie Links_%": "26.1", "Australia_%": "47.3", "New South Wales_%": "45.4", "Macquarie Links": "355", "New South Wales": "3,399,725"}}, "Rent weekly payments": {"Households where rent payments are less than 30% of household income": {"Australia": "--", "Macquarie Links_%": "95.4", "Australia_%": "88.5", "New South Wales_%": "87.1", "Macquarie Links": "--", "New South Wales": "--"}, "Households with rent payments greater than or equal to 30% of household income": {"Australia": "--", "Macquarie Links_%": "4.6", "Australia_%": "11.5", "New South Wales_%": "12.9", "Macquarie Links": "--", "New South Wales": "--"}, "Median rent": {"Australia": "335", "Macquarie Links_%": "--", "Australia_%": "--", "New South Wales_%": "--", "Macquarie Links": "560", "New South Wales": "380"}}, "Registered marital status": {"Separated": {"Australia": "608,059", "Macquarie Links_%": "1.7", "Australia_%": "3.2", "New South Wales_%": "3.1", "Macquarie Links": "18", "New South Wales": "190,198"}, "Widowed": {"Australia": "985,204", "Macquarie Links_%": "2.6", "Australia_%": "5.2", "New South Wales_%": "5.4", "Macquarie Links": "28", "New South Wales": "331,653"}, "Married": {"Australia": "9,148,218", "Macquarie Links_%": "59.5", "Australia_%": "48.1", "New South Wales_%": "48.7", "Macquarie Links": "635", "New South Wales": "2,965,280"}, "Divorced": {"Australia": "1,626,890", "Macquarie Links_%": "4.6", "Australia_%": "8.5", "New South Wales_%": "8.4", "Macquarie Links": "49", "New South Wales": "512,298"}, "Never married": {"Australia": "6,668,910", "Macquarie Links_%": "31.6", "Australia_%": "35.0", "New South Wales_%": "34.4", "Macquarie Links": "337", "New South Wales": "2,094,460"}}, "summaryTable_qsPeople": {"Male": "50.4%", "Median age": "35", "Female": "49.6%", "People": "1,360"}, "Dwelling characteristics": {"Average number of people per household": {"Australia": "3.2", "Macquarie Links_%": "--", "Australia_%": "--", "New South Wales_%": "--", "Macquarie Links": "2", "New South Wales": "3.1"}, "Average number of persons per bedroom": {"Australia": "1", "Macquarie Links_%": "--", "Australia_%": "--", "New South Wales_%": "--", "Macquarie Links": "0.6", "New South Wales": "1"}, "Median weekly household income": {"Australia": "1,203", "Macquarie Links_%": "--", "Australia_%": "--", "New South Wales_%": "--", "Macquarie Links": "2,374", "New South Wales": "1,214"}}, "Unpaid work": {"Did unpaid domestic work (last week)": {"Australia": "13,143,914", "Macquarie Links_%": "74.7", "Australia_%": "69.0", "New South Wales_%": "67.7", "Macquarie Links": "798", "New South Wales": "4,127,723"}, "Provided unpaid assistance to a person with a disability (last two weeks)": {"Australia": "2,145,203", "Macquarie Links_%": "13.2", "Australia_%": "11.3", "New South Wales_%": "11.6", "Macquarie Links": "141", "New South Wales": "709,415"}, "Did voluntary work through an organisation or group (last 12 months)": {"Australia": "3,620,726", "Macquarie Links_%": "15.5", "Australia_%": "19.0", "New South Wales_%": "18.1", "Macquarie Links": "166", "New South Wales": "1,103,790"}, "Cared for child/children (last two weeks)": {"Australia": "5,259,400", "Macquarie Links_%": "32.0", "Australia_%": "27.6", "New South Wales_%": "27.2", "Macquarie Links": "342", "New South Wales": "1,659,250"}}, "Unpaid domestic work, number of hours": {"5 to 14 hours per week": {"Australia": "4,944,578", "Macquarie Links_%": "26.8", "Australia_%": "26.0", "New South Wales_%": "25.1", "Macquarie Links": "287", "New South Wales": "1,531,206"}, "30 hours or more per week": {"Australia": "1,710,970", "Macquarie Links_%": "8.4", "Australia_%": "9.0", "New South Wales_%": "9.0", "Macquarie Links": "90", "New South Wales": "545,925"}, "Less than 5 hours per week": {"Australia": "4,298,593", "Macquarie Links_%": "27.8", "Australia_%": "22.6", "New South Wales_%": "22.3", "Macquarie Links": "298", "New South Wales": "1,359,656"}, "15 to 29 hours per week": {"Australia": "2,189,776", "Macquarie Links_%": "11.8", "Australia_%": "11.5", "New South Wales_%": "11.3", "Macquarie Links": "127", "New South Wales": "690,934"}}, "Industry of employment, top responses": {"Cafes and Restaurants": {"Australia": "253,385", "Macquarie Links_%": "3.4", "Australia_%": "2.4", "New South Wales_%": "2.4", "Macquarie Links": "22", "New South Wales": "80,552"}, "Banking": {"Australia": "144,232", "Macquarie Links_%": "2.9", "Australia_%": "1.3", "New South Wales_%": "1.9", "Macquarie Links": "19", "New South Wales": "63,678"}, "Hospitals (except Psychiatric Hospitals)": {"Australia": "411,808", "Macquarie Links_%": "3.8", "Australia_%": "3.9", "New South Wales_%": "3.5", "Macquarie Links": "25", "New South Wales": "119,350"}, "State Government Administration": {"Australia": "158,980", "Macquarie Links_%": "2.8", "Australia_%": "1.5", "New South Wales_%": "1.3", "Macquarie Links": "18", "New South Wales": "45,546"}, "Accounting Services": {"Australia": "127,263", "Macquarie Links_%": "3.4", "Australia_%": "1.2", "New South Wales_%": "1.3", "Macquarie Links": "22", "New South Wales": "44,014"}}, "GeoInfo": {"city": "Macquarie Links"}, "Education": {"University or tertiary institution": {"Australia": "1,160,626", "Macquarie Links_%": "18.5", "Australia_%": "16.1", "New South Wales_%": "16.2", "Macquarie Links": "86", "New South Wales": "376,133"}, "Secondary - Catholic": {"Australia": "338,384", "Macquarie Links_%": "11.4", "Australia_%": "4.7", "New South Wales_%": "5.1", "Macquarie Links": "53", "New South Wales": "117,689"}, "Secondary - other non Government": {"Australia": "280,618", "Macquarie Links_%": "8.4", "Australia_%": "3.9", "New South Wales_%": "3.4", "Macquarie Links": "39", "New South Wales": "79,915"}, "Primary - Catholic": {"Australia": "380,604", "Macquarie Links_%": "7.5", "Australia_%": "5.3", "New South Wales_%": "5.3", "Macquarie Links": "35", "New South Wales": "122,099"}, "Primary - Government": {"Australia": "1,314,787", "Macquarie Links_%": "11.0", "Australia_%": "18.2", "New South Wales_%": "18.0", "Macquarie Links": "51", "New South Wales": "417,465"}, "Other": {"Australia": "198,383", "Macquarie Links_%": "2.4", "Australia_%": "2.8", "New South Wales_%": "2.7", "Macquarie Links": "11", "New South Wales": "63,673"}, "Technical or further education institution": {"Australia": "424,869", "Macquarie Links_%": "3.9", "Australia_%": "5.9", "New South Wales_%": "6.2", "Macquarie Links": "18", "New South Wales": "144,103"}, "Secondary - Government": {"Australia": "827,505", "Macquarie Links_%": "10.3", "Australia_%": "11.5", "New South Wales_%": "11.6", "Macquarie Links": "48", "New South Wales": "269,249"}, "Primary - other non Government": {"Australia": "231,490", "Macquarie Links_%": "8.6", "Australia_%": "3.2", "New South Wales_%": "2.9", "Macquarie Links": "40", "New South Wales": "67,611"}, "Not stated": {"Australia": "1,707,023", "Macquarie Links_%": "13.6", "Australia_%": "23.7", "New South Wales_%": "23.0", "Macquarie Links": "63", "New South Wales": "535,266"}, "Preschool": {"Australia": "347,621", "Macquarie Links_%": "4.3", "Australia_%": "4.8", "New South Wales_%": "5.7", "Macquarie Links": "20", "New South Wales": "132,047"}}, "Employment": {"Unemployed": {"Australia": "787,452", "Macquarie Links_%": "4.0", "Australia_%": "6.9", "New South Wales_%": "6.3", "Macquarie Links": "31", "New South Wales": "225,546"}, "Worked part-time": {"Australia": "3,491,503", "Macquarie Links_%": "25.3", "Australia_%": "30.4", "New South Wales_%": "29.7", "Macquarie Links": "194", "New South Wales": "1,071,151"}, "Away from work": {"Australia": "569,276", "Macquarie Links_%": "3.6", "Australia_%": "5.0", "New South Wales_%": "4.8", "Macquarie Links": "28", "New South Wales": "174,654"}, "Worked full-time": {"Australia": "6,623,065", "Macquarie Links_%": "67.1", "Australia_%": "57.7", "New South Wales_%": "59.2", "Macquarie Links": "515", "New South Wales": "2,134,521"}}, "Travel to work, top responses": {"Worked at home": {"Australia": "503,582", "Macquarie Links_%": "4.7", "Australia_%": "4.7", "New South Wales_%": "4.8", "Macquarie Links": "34", "New South Wales": "163,026"}, "People who travelled to work by car as driver or passenger": {"Australia": "7,305,271", "Macquarie Links_%": "70.6", "Australia_%": "68.4", "New South Wales_%": "64.6", "Macquarie Links": "526", "New South Wales": "2,182,854"}, "null": {"Australia": "None", "Macquarie Links_%": null, "Australia_%": "None", "New South Wales_%": "None", "Macquarie Links": null, "New South Wales": "None"}, "People who travelled to work by public transport": {"Australia": "1,225,668", "Macquarie Links_%": "18.8", "Australia_%": "11.5", "New South Wales_%": "16.0", "Macquarie Links": "139", "New South Wales": "540,215"}, "Car, as driver": {"Australia": "6,574,571", "Macquarie Links_%": "64.8", "Australia_%": "61.5", "New South Wales_%": "57.8", "Macquarie Links": "468", "New South Wales": "1,953,399"}, "Train": {"Australia": "488,012", "Macquarie Links_%": "14.8", "Australia_%": "4.6", "New South Wales_%": "7.5", "Macquarie Links": "107", "New South Wales": "252,786"}, "Train, bus": {"Australia": "104,122", "Macquarie Links_%": "1.4", "Australia_%": "1.0", "New South Wales_%": "1.8", "Macquarie Links": "10", "New South Wales": "60,155"}, "Car, as passenger": {"Australia": "489,922", "Macquarie Links_%": "4.0", "Australia_%": "4.6", "New South Wales_%": "4.3", "Macquarie Links": "29", "New South Wales": "144,820"}}, "Occupation": {"Professionals": {"Australia": "2,370,966", "Macquarie Links_%": "23.6", "Australia_%": "22.2", "New South Wales_%": "23.6", "Macquarie Links": "175", "New South Wales": "798,126"}, "Technicians and Trades Workers": {"Australia": "1,447,414", "Macquarie Links_%": "9.2", "Australia_%": "13.5", "New South Wales_%": "12.7", "Macquarie Links": "68", "New South Wales": "429,239"}, "Community and Personal Service Workers": {"Australia": "1,157,003", "Macquarie Links_%": "8.1", "Australia_%": "10.8", "New South Wales_%": "10.4", "Macquarie Links": "60", "New South Wales": "350,261"}, "Clerical and Administrative Workers": {"Australia": "1,449,681", "Macquarie Links_%": "17.7", "Australia_%": "13.6", "New South Wales_%": "13.8", "Macquarie Links": "131", "New South Wales": "467,977"}, "Machinery Operators and Drivers": {"Australia": "670,106", "Macquarie Links_%": "4.7", "Australia_%": "6.3", "New South Wales_%": "6.1", "Macquarie Links": "35", "New South Wales": "206,839"}, "Labourers": {"Australia": "1,011,520", "Macquarie Links_%": "3.8", "Australia_%": "9.5", "New South Wales_%": "8.8", "Macquarie Links": "28", "New South Wales": "297,887"}, "Sales Workers": {"Australia": "1,000,955", "Macquarie Links_%": "10.9", "Australia_%": "9.4", "New South Wales_%": "9.2", "Macquarie Links": "81", "New South Wales": "311,414"}, "Managers": {"Australia": "1,390,047", "Macquarie Links_%": "19.3", "Australia_%": "13.0", "New South Wales_%": "13.5", "Macquarie Links": "143", "New South Wales": "456,084"}}}