{"GeoInfo": {"city": "Methul"}, "summaryTable_qsDwelling": {"Median monthly mortgage repayments": "$0", "All private dwellings": "19", "Average people per household": "3.6", "Median weekly household income": "$1,374", "Median weekly rent": "$0", "Average motor vehicles per dwelling": "2.2"}, "summaryTable_qsPeople": {"Male": "54.5%", "Median age": "39", "Female": "45.5%", "People": "52"}, "summaryTable_qsFamilies": {"for all families": "1.7", "for families with children": "3.6", "Families": "10", "Average children per family": "None"}}