{"GeoInfo": {"city": "Mogood"}, "summaryTable_qsDwelling": {"Median monthly mortgage repayments": "$1,506", "All private dwellings": "11", "Average people per household": "2", "Median weekly household income": "$1,062", "Median weekly rent": "$0", "Average motor vehicles per dwelling": "2"}, "summaryTable_qsPeople": {"Male": "41.7%", "Median age": "49", "Female": "58.3%", "People": "23"}, "summaryTable_qsFamilies": {"for all families": "0", "for families with children": "0", "Families": "6", "Average children per family": "None"}}