{"GeoInfo": {"city": "Mount Irvine"}, "summaryTable_qsDwelling": {"Median monthly mortgage repayments": "$0", "All private dwellings": "34", "Average people per household": "1.3", "Median weekly household income": "$537", "Median weekly rent": "$0", "Average motor vehicles per dwelling": "1.6"}, "summaryTable_qsPeople": {"Male": "40.6%", "Median age": "62", "Female": "59.4%", "People": "28"}, "summaryTable_qsFamilies": {"for all families": "0", "for families with children": "0", "Families": "3", "Average children per family": "None"}}