{"Employment - hours worked": {"40 hours or more per week": {"Australia": "4,591,801", "Mount Riverview": "697", "Australia_%": "43.0", "New South Wales_%": "44.1", "Mount Riverview_%": "46.7", "New South Wales": "1,489,099"}, "25-34 hours per week": {"Australia": "1,193,445", "Mount Riverview": "138", "Australia_%": "11.2", "New South Wales_%": "10.5", "Mount Riverview_%": "9.2", "New South Wales": "353,702"}, "16-24 hours per week": {"Australia": "1,079,236", "Mount Riverview": "157", "Australia_%": "10.1", "New South Wales_%": "10.4", "Mount Riverview_%": "10.5", "New South Wales": "352,817"}, "35-39 hours per week": {"Australia": "2,031,263", "Mount Riverview": "262", "Australia_%": "19.0", "New South Wales_%": "19.1", "Mount Riverview_%": "17.6", "New South Wales": "645,428"}, "1-15 hours per week": {"Australia": "1,218,823", "Mount Riverview": "173", "Australia_%": "11.4", "New South Wales_%": "10.8", "Mount Riverview_%": "11.6", "New South Wales": "364,637"}}, "Number of registered motor vehicles": {"2 motor vehicles": {"Australia": "2,999,184", "Mount Riverview": "479", "Australia_%": "36.2", "New South Wales_%": "34.1", "Mount Riverview_%": "46.1", "New South Wales": "887,849"}, "None": {"Australia": "623,829", "Mount Riverview": "17", "Australia_%": "7.5", "New South Wales_%": "9.2", "Mount Riverview_%": "1.6", "New South Wales": "239,625"}, "Number of motor vehicles not stated": {"Australia": "285,197", "Mount Riverview": "14", "Australia_%": "3.4", "New South Wales_%": "3.7", "Mount Riverview_%": "1.3", "New South Wales": "95,623"}, "1 motor vehicle": {"Australia": "2,881,485", "Mount Riverview": "265", "Australia_%": "34.8", "New South Wales_%": "36.3", "Mount Riverview_%": "25.5", "New South Wales": "946,159"}, "3 or more vehicles": {"Australia": "1,496,382", "Mount Riverview": "263", "Australia_%": "18.1", "New South Wales_%": "16.7", "Mount Riverview_%": "25.3", "New South Wales": "435,053"}}, "Employment status of parents in couple families": {"Labour force status not stated (by one or both parents in a couple family)": {"Australia": "311,381", "Mount Riverview": "39", "Australia_%": "6.2", "New South Wales_%": "5.7", "Mount Riverview_%": "5.0", "New South Wales": "90,630"}, "One employed full-time, one part-time": {"Australia": "1,086,460", "Mount Riverview": "174", "Australia_%": "21.7", "New South Wales_%": "20.6", "Mount Riverview_%": "22.4", "New South Wales": "329,567"}, "One employed part-time, other not working": {"Australia": "302,037", "Mount Riverview": "53", "Australia_%": "6.0", "New South Wales_%": "6.1", "Mount Riverview_%": "6.8", "New South Wales": "96,933"}, "Other (includes away from work)": {"Australia": "264,145", "Mount Riverview": "38", "Australia_%": "5.3", "New South Wales_%": "5.1", "Mount Riverview_%": "4.9", "New South Wales": "80,905"}, "Both employed, worked full-time": {"Australia": "1,084,006", "Mount Riverview": "184", "Australia_%": "21.6", "New South Wales_%": "22.6", "Mount Riverview_%": "23.7", "New South Wales": "360,916"}, "One employed full-time, other not working": {"Australia": "749,886", "Mount Riverview": "113", "Australia_%": "15.0", "New South Wales_%": "15.0", "Mount Riverview_%": "14.5", "New South Wales": "240,084"}, "Both employed, worked part-time": {"Australia": "203,596", "Mount Riverview": "23", "Australia_%": "4.1", "New South Wales_%": "4.0", "Mount Riverview_%": "3.0", "New South Wales": "63,106"}, "Both not working": {"Australia": "1,006,697", "Mount Riverview": "154", "Australia_%": "20.1", "New South Wales_%": "21.0", "Mount Riverview_%": "19.8", "New South Wales": "334,742"}}, "Country of birth of mother, stated responses": {"Germany": {"Australia": "169,618", "Mount Riverview": "38", "Australia_%": "0.7", "New South Wales_%": "0.6", "Mount Riverview_%": "1.3", "New South Wales": "47,489"}, "New Zealand": {"Australia": "608,329", "Mount Riverview": "41", "Australia_%": "2.6", "New South Wales_%": "1.9", "Mount Riverview_%": "1.4", "New South Wales": "139,899"}, "Australia": {"Australia": "12,643,365", "Mount Riverview": "2,142", "Australia_%": "54.0", "New South Wales_%": "51.9", "Mount Riverview_%": "71.1", "New South Wales": "3,884,762"}, "England": {"Australia": "1,302,147", "Mount Riverview": "252", "Australia_%": "5.6", "New South Wales_%": "4.3", "Mount Riverview_%": "8.4", "New South Wales": "322,472"}, "Scotland": {"Australia": "245,915", "Mount Riverview": "37", "Australia_%": "1.1", "New South Wales_%": "0.8", "Mount Riverview_%": "1.2", "New South Wales": "63,302"}}, "Dwelling structure": {"Other dwelling": {"Australia": "64,425", "Mount Riverview": "0", "Australia_%": "0.8", "New South Wales_%": "0.9", "Mount Riverview_%": "0.0", "New South Wales": "23,580"}, "Semi-detached, row or terrace house, townhouse etc": {"Australia": "1,055,016", "Mount Riverview": "3", "Australia_%": "12.7", "New South Wales_%": "12.2", "Mount Riverview_%": "0.3", "New South Wales": "317,453"}, "Separate house": {"Australia": "6,041,788", "Mount Riverview": "1,029", "Australia_%": "72.9", "New South Wales_%": "66.4", "Mount Riverview_%": "99.7", "New South Wales": "1,729,820"}, "Flat or apartment": {"Australia": "1,087,434", "Mount Riverview": "0", "Australia_%": "13.1", "New South Wales_%": "19.9", "Mount Riverview_%": "0.0", "New South Wales": "519,390"}}, "Number of bedrooms": {"1 bedroom": {"Australia": "411,252", "Mount Riverview": "3", "Australia_%": "5.0", "New South Wales_%": "6.0", "Mount Riverview_%": "0.3", "New South Wales": "157,194"}, "3 bedrooms": {"Australia": "3,403,190", "Mount Riverview": "452", "Australia_%": "41.1", "New South Wales_%": "37.2", "Mount Riverview_%": "43.3", "New South Wales": "970,001"}, "Average number of people per household": {"Australia": "2.6", "Mount Riverview": "2.8", "Australia_%": "--", "New South Wales_%": "--", "Mount Riverview_%": "--", "New South Wales": "2.6"}, "2 bedrooms": {"Australia": "1,562,759", "Mount Riverview": "32", "Australia_%": "18.9", "New South Wales_%": "22.2", "Mount Riverview_%": "3.1", "New South Wales": "577,675"}, "4 or more bedrooms": {"Australia": "2,670,758", "Mount Riverview": "543", "Australia_%": "32.2", "New South Wales_%": "31.3", "Mount Riverview_%": "52.1", "New South Wales": "816,405"}, "None (includes bedsitters)": {"Australia": "39,769", "Mount Riverview": "0", "Australia_%": "0.5", "New South Wales_%": "0.7", "Mount Riverview_%": "0.0", "New South Wales": "17,157"}, "Number of bedrooms not stated": {"Australia": "198,351", "Mount Riverview": "13", "Australia_%": "2.4", "New South Wales_%": "2.5", "Mount Riverview_%": "1.2", "New South Wales": "65,888"}, "Average number of bedrooms per dwelling": {"Australia": "3.1", "Mount Riverview": "3.6", "Australia_%": "--", "New South Wales_%": "--", "Mount Riverview_%": "--", "New South Wales": "3"}}, "summaryTable_qsFamilies": {"for all families": "0.9", "for families with children": "1.9", "Families": "907", "Average children per family": "None"}, "People characteristics": {"Male": {"Australia": "322,171", "Mount Riverview": "33", "Australia_%": "49.6", "New South Wales_%": "49.7", "Mount Riverview_%": "53.2", "New South Wales": "107,368"}, "Median age": {"Australia": "23", "Mount Riverview": "16", "Australia_%": "--", "New South Wales_%": "--", "Mount Riverview_%": "--", "New South Wales": "22"}, "Female": {"Australia": "326,996", "Mount Riverview": "29", "Australia_%": "50.4", "New South Wales_%": "50.3", "Mount Riverview_%": "46.8", "New South Wales": "108,809"}}, "Dwelling count": {"Unoccupied private dwellings": {"Australia": "1,039,874", "Mount Riverview": "57", "Australia_%": "11.2", "New South Wales_%": "9.9", "Mount Riverview_%": "5.2", "New South Wales": "284,741"}, "Occupied private dwellings": {"Australia": "8,286,073", "Mount Riverview": "1,032", "Australia_%": "88.8", "New South Wales_%": "90.1", "Mount Riverview_%": "94.8", "New South Wales": "2,604,320"}}, "Level of highest educational attainment": {"Certificate level III": {"Australia": "2,442,203", "Mount Riverview": "332", "Australia_%": "12.8", "New South Wales_%": "12.0", "Mount Riverview_%": "14.0", "New South Wales": "730,498"}, "Certificate level II": {"Australia": "13,454", "Mount Riverview": "0", "Australia_%": "0.1", "New South Wales_%": "0.1", "Mount Riverview_%": "0.0", "New South Wales": "4,849"}, "No educational attainment": {"Australia": "145,844", "Mount Riverview": "3", "Australia_%": "0.8", "New South Wales_%": "0.9", "Mount Riverview_%": "0.1", "New South Wales": "54,870"}, "Bachelor Degree level and above": {"Australia": "4,181,406", "Mount Riverview": "633", "Australia_%": "22.0", "New South Wales_%": "23.4", "Mount Riverview_%": "26.8", "New South Wales": "1,424,716"}, "Certificate level I": {"Australia": "2,176", "Mount Riverview": "0", "Australia_%": "0.0", "New South Wales_%": "0.0", "Mount Riverview_%": "0.0", "New South Wales": "625"}, "Year 11": {"Australia": "941,531", "Mount Riverview": "60", "Australia_%": "4.9", "New South Wales_%": "3.3", "Mount Riverview_%": "2.5", "New South Wales": "203,574"}, "Not stated": {"Australia": "1,974,794", "Mount Riverview": "114", "Australia_%": "10.4", "New South Wales_%": "10.3", "Mount Riverview_%": "4.8", "New South Wales": "627,465"}, "Year 9 or below": {"Australia": "1,529,897", "Mount Riverview": "123", "Australia_%": "8.0", "New South Wales_%": "8.4", "Mount Riverview_%": "5.2", "New South Wales": "513,209"}, "Certificate level IV": {"Australia": "551,767", "Mount Riverview": "128", "Australia_%": "2.9", "New South Wales_%": "2.8", "Mount Riverview_%": "5.4", "New South Wales": "167,947"}, "Year 10": {"Australia": "2,054,331", "Mount Riverview": "284", "Australia_%": "10.8", "New South Wales_%": "11.5", "Mount Riverview_%": "12.0", "New South Wales": "702,178"}, "Year 12": {"Australia": "2,994,097", "Mount Riverview": "301", "Australia_%": "15.7", "New South Wales_%": "15.3", "Mount Riverview_%": "12.7", "New South Wales": "930,654"}, "Advanced Diploma and Diploma level": {"Australia": "1,687,893", "Mount Riverview": "304", "Australia_%": "8.9", "New South Wales_%": "8.9", "Mount Riverview_%": "12.8", "New South Wales": "543,142"}}, "Median weekly incomes": {"Personal": {"Australia": "662", "Mount Riverview": "802", "Australia_%": "--", "New South Wales_%": "--", "Mount Riverview_%": "--", "New South Wales": "664"}, "Household": {"Australia": "1,438", "Mount Riverview": "1,987", "Australia_%": "--", "New South Wales_%": "--", "Mount Riverview_%": "--", "New South Wales": "1,486"}, "Family": {"Australia": "1,734", "Mount Riverview": "2,134", "Australia_%": "--", "New South Wales_%": "--", "Mount Riverview_%": "--", "New South Wales": "1,780"}}, "Family composition": {"Other family": {"Australia": "102,559", "Mount Riverview": "9", "Australia_%": "1.7", "New South Wales_%": "1.7", "Mount Riverview_%": "1.0", "New South Wales": "32,438"}, "Couple family with children": {"Australia": "2,716,224", "Mount Riverview": "439", "Australia_%": "44.7", "New South Wales_%": "45.7", "Mount Riverview_%": "48.8", "New South Wales": "887,358"}, "Couple family without children": {"Australia": "2,291,987", "Mount Riverview": "345", "Australia_%": "37.8", "New South Wales_%": "36.6", "Mount Riverview_%": "38.3", "New South Wales": "709,524"}, "One parent family": {"Australia": "959,543", "Mount Riverview": "107", "Australia_%": "15.8", "New South Wales_%": "16.0", "Mount Riverview_%": "11.9", "New South Wales": "310,906"}}, "Dwelling internet connection": {"Not stated": {"Australia": "221,494", "Mount Riverview": "16", "Australia_%": "2.7", "New South Wales_%": "2.8", "Mount Riverview_%": "1.6", "New South Wales": "73,565"}, "Internet not accessed from dwelling": {"Australia": "1,172,415", "Mount Riverview": "65", "Australia_%": "14.1", "New South Wales_%": "14.7", "Mount Riverview_%": "6.3", "New South Wales": "381,709"}, "Internet accessed from dwelling": {"Australia": "6,892,165", "Mount Riverview": "951", "Australia_%": "83.2", "New South Wales_%": "82.5", "Mount Riverview_%": "92.2", "New South Wales": "2,149,040"}}, "Social marital status": {"Not married": {"Australia": "7,024,973", "Mount Riverview": "738", "Australia_%": "41.9", "New South Wales_%": "42.3", "Mount Riverview_%": "32.5", "New South Wales": "2,290,887"}, "De facto marriage": {"Australia": "1,751,731", "Mount Riverview": "199", "Australia_%": "10.4", "New South Wales_%": "9.4", "Mount Riverview_%": "8.8", "New South Wales": "506,133"}, "Registered marriage": {"Australia": "8,001,141", "Mount Riverview": "1,332", "Australia_%": "47.7", "New South Wales_%": "48.3", "Mount Riverview_%": "58.7", "New South Wales": "2,612,630"}}, "Household composition": {"Family households": {"Australia": "5,907,625", "Mount Riverview": "891", "Australia_%": "71.3", "New South Wales_%": "72.0", "Mount Riverview_%": "85.4", "New South Wales": "1,874,524"}, "Group households": {"Australia": "354,917", "Mount Riverview": "17", "Australia_%": "4.3", "New South Wales_%": "4.2", "Mount Riverview_%": "1.6", "New South Wales": "109,004"}, "Single (or lone) person households": {"Australia": "2,023,542", "Mount Riverview": "135", "Australia_%": "24.4", "New South Wales_%": "23.8", "Mount Riverview_%": "12.9", "New South Wales": "620,778"}}, "People": {"Male": {"Australia": "11,546,638", "Mount Riverview": "1,488", "Australia_%": "49.3", "New South Wales_%": "49.3", "Mount Riverview_%": "49.2", "New South Wales": "3,686,014"}, "Aboriginal and/or Torres Strait Islander people": {"Australia": "649,171", "Mount Riverview": "60", "Australia_%": "2.8", "New South Wales_%": "2.9", "Mount Riverview_%": "2.0", "New South Wales": "216,176"}, "Female": {"Australia": "11,855,248", "Mount Riverview": "1,539", "Australia_%": "50.7", "New South Wales_%": "50.7", "Mount Riverview_%": "50.8", "New South Wales": "3,794,217"}}, "Language, top responses (other than English)": {"Czech": {"Australia": "7,938", "Mount Riverview": "12", "Australia_%": "0.0", "New South Wales_%": "0.0", "Mount Riverview_%": "0.4", "New South Wales": "3,392"}, "null": {"Australia": "None", "Mount Riverview": null, "Australia_%": "None", "New South Wales_%": "None", "Mount Riverview_%": null, "New South Wales": "None"}, "Japanese": {"Australia": "55,966", "Mount Riverview": "16", "Australia_%": "0.2", "New South Wales_%": "0.2", "Mount Riverview_%": "0.5", "New South Wales": "17,319"}, "English only spoken at home": {"Australia": "17,020,417", "Mount Riverview": "2,790", "Australia_%": "72.7", "New South Wales_%": "68.5", "Mount Riverview_%": "91.9", "New South Wales": "5,126,633"}, "Spanish": {"Australia": "140,817", "Mount Riverview": "24", "Australia_%": "0.6", "New South Wales_%": "0.8", "Mount Riverview_%": "0.8", "New South Wales": "63,527"}, "Households where a non English language is spoken": {"Australia": "1,971,011", "Mount Riverview": "96", "Australia_%": "22.2", "New South Wales_%": "26.5", "Mount Riverview_%": "9.1", "New South Wales": "735,563"}, "Polish": {"Australia": "48,083", "Mount Riverview": "12", "Australia_%": "0.2", "New South Wales_%": "0.2", "Mount Riverview_%": "0.4", "New South Wales": "14,124"}, "Thai": {"Australia": "55,444", "Mount Riverview": "19", "Australia_%": "0.2", "New South Wales_%": "0.3", "Mount Riverview_%": "0.6", "New South Wales": "24,839"}}, "summaryTable_qsDwelling": {"Median monthly mortgage repayments": "$2,100", "All private dwellings": "1,112", "Average people per household": "2.8", "Median weekly household income": "$1,987", "Median weekly rent": "$425", "Average motor vehicles per dwelling": "2.1"}, "Household income": {"Less than $650 gross weekly income": {"Australia": "--", "Mount Riverview": "--", "Australia_%": "20.0", "New South Wales_%": "19.7", "Mount Riverview_%": "9.2", "New South Wales": "--"}, "More than $3000 gross weekly income": {"Australia": "--", "Mount Riverview": "--", "Australia_%": "16.4", "New South Wales_%": "18.7", "Mount Riverview_%": "23.7", "New South Wales": "--"}}, "Country of birth": {"Other top responses": {"Mount Riverview": "None", "Mount Riverview_%": "None"}, "Australia": {"Australia": "15,614,835", "Mount Riverview": "2,490", "Australia_%": "66.7", "New South Wales_%": "65.5", "Mount Riverview_%": "82.6", "New South Wales": "4,899,090"}, "England": {"Australia": "907,570", "Mount Riverview": "161", "Australia_%": "3.9", "New South Wales_%": "3.0", "Mount Riverview_%": "5.3", "New South Wales": "226,564"}, "Scotland": {"Australia": "119,417", "Mount Riverview": "21", "Australia_%": "0.5", "New South Wales_%": "0.4", "Mount Riverview_%": "0.7", "New South Wales": "28,579"}, "Netherlands": {"Australia": "70,172", "Mount Riverview": "20", "Australia_%": "0.3", "New South Wales_%": "0.2", "Mount Riverview_%": "0.7", "New South Wales": "16,900"}, "Germany": {"Australia": "102,595", "Mount Riverview": "27", "Australia_%": "0.4", "New South Wales_%": "0.4", "Mount Riverview_%": "0.9", "New South Wales": "29,541"}, "New Zealand": {"Australia": "518,466", "Mount Riverview": "24", "Australia_%": "2.2", "New South Wales_%": "1.6", "Mount Riverview_%": "0.8", "New South Wales": "117,136"}}, "Religious affiliation, top responses": {"No Religion, so described": {"Australia": "6,933,708", "Mount Riverview": "932", "Australia_%": "29.6", "New South Wales_%": "25.1", "Mount Riverview_%": "31.0", "New South Wales": "1,879,562"}, "Catholic": {"Australia": "5,291,834", "Mount Riverview": "656", "Australia_%": "22.6", "New South Wales_%": "24.7", "Mount Riverview_%": "21.8", "New South Wales": "1,846,443"}, "Not stated": {"Australia": "2,238,735", "Mount Riverview": "130", "Australia_%": "9.6", "New South Wales_%": "9.2", "Mount Riverview_%": "4.3", "New South Wales": "684,969"}, "Pentecostal": {"Australia": "260,558", "Mount Riverview": "113", "Australia_%": "1.1", "New South Wales_%": "1.0", "Mount Riverview_%": "3.8", "New South Wales": "77,402"}, "Anglican": {"Australia": "3,101,185", "Mount Riverview": "645", "Australia_%": "13.3", "New South Wales_%": "15.5", "Mount Riverview_%": "21.4", "New South Wales": "1,161,810"}}, "Ancestry, top responses": {"German": {"Australia": "982,226", "Mount Riverview": "131", "Australia_%": "3.1", "New South Wales_%": "2.4", "Mount Riverview_%": "3.0", "New South Wales": "236,146"}, "Australian": {"Australia": "7,298,243", "Mount Riverview": "1,270", "Australia_%": "23.3", "New South Wales_%": "22.9", "Mount Riverview_%": "28.8", "New South Wales": "2,261,062"}, "Scottish": {"Australia": "2,023,470", "Mount Riverview": "335", "Australia_%": "6.4", "New South Wales_%": "5.9", "Mount Riverview_%": "7.6", "New South Wales": "587,052"}, "Irish": {"Australia": "2,388,058", "Mount Riverview": "471", "Australia_%": "7.6", "New South Wales_%": "7.5", "Mount Riverview_%": "10.7", "New South Wales": "741,671"}, "English": {"Australia": "7,852,224", "Mount Riverview": "1,424", "Australia_%": "25.0", "New South Wales_%": "23.3", "Mount Riverview_%": "32.3", "New South Wales": "2,302,481"}}, "Age": {"35-39 years": {"Australia": "1,561,679", "Mount Riverview": "204", "Australia_%": "6.7", "New South Wales_%": "6.7", "Mount Riverview_%": "6.7", "New South Wales": "499,724"}, "60-64 years": {"Australia": "1,299,397", "Mount Riverview": "217", "Australia_%": "5.6", "New South Wales_%": "5.6", "Mount Riverview_%": "7.2", "New South Wales": "420,044"}, "30-34 years": {"Australia": "1,703,847", "Mount Riverview": "198", "Australia_%": "7.3", "New South Wales_%": "7.2", "Mount Riverview_%": "6.5", "New South Wales": "540,360"}, "0-4 years": {"Australia": "1,464,779", "Mount Riverview": "179", "Australia_%": "6.3", "New South Wales_%": "6.2", "Mount Riverview_%": "5.9", "New South Wales": "465,135"}, "25-29 years": {"Australia": "1,664,602", "Mount Riverview": "138", "Australia_%": "7.1", "New South Wales_%": "7.0", "Mount Riverview_%": "4.6", "New South Wales": "527,161"}, "10-14 years": {"Australia": "1,397,183", "Mount Riverview": "237", "Australia_%": "6.0", "New South Wales_%": "5.9", "Mount Riverview_%": "7.8", "New South Wales": "443,009"}, "5-9 years": {"Australia": "1,502,646", "Mount Riverview": "235", "Australia_%": "6.4", "New South Wales_%": "6.4", "Mount Riverview_%": "7.8", "New South Wales": "478,184"}, "Median age": {"Australia": "38", "Mount Riverview": "40", "Australia_%": "--", "New South Wales_%": "--", "Mount Riverview_%": "--", "New South Wales": "38"}, "50-54 years": {"Australia": "1,523,551", "Mount Riverview": "193", "Australia_%": "6.5", "New South Wales_%": "6.5", "Mount Riverview_%": "6.4", "New South Wales": "485,546"}, "80-84 years": {"Australia": "460,549", "Mount Riverview": "27", "Australia_%": "2.0", "New South Wales_%": "2.1", "Mount Riverview_%": "0.9", "New South Wales": "155,806"}, "40-44 years": {"Australia": "1,583,257", "Mount Riverview": "203", "Australia_%": "6.8", "New South Wales_%": "6.7", "Mount Riverview_%": "6.7", "New South Wales": "503,169"}, "70-74 years": {"Australia": "887,716", "Mount Riverview": "176", "Australia_%": "3.8", "New South Wales_%": "3.9", "Mount Riverview_%": "5.8", "New South Wales": "292,556"}, "15-19 years": {"Australia": "1,421,595", "Mount Riverview": "177", "Australia_%": "6.1", "New South Wales_%": "6.0", "Mount Riverview_%": "5.8", "New South Wales": "448,425"}, "65-69 years": {"Australia": "1,188,999", "Mount Riverview": "187", "Australia_%": "5.1", "New South Wales_%": "5.1", "Mount Riverview_%": "6.2", "New South Wales": "384,470"}, "20-24 years": {"Australia": "1,566,793", "Mount Riverview": "142", "Australia_%": "6.7", "New South Wales_%": "6.5", "Mount Riverview_%": "4.7", "New South Wales": "489,673"}, "55-59 years": {"Australia": "1,454,332", "Mount Riverview": "204", "Australia_%": "6.2", "New South Wales_%": "6.3", "Mount Riverview_%": "6.7", "New South Wales": "469,726"}, "75-79 years": {"Australia": "652,657", "Mount Riverview": "91", "Australia_%": "2.8", "New South Wales_%": "2.9", "Mount Riverview_%": "3.0", "New South Wales": "217,308"}, "45-49 years": {"Australia": "1,581,455", "Mount Riverview": "193", "Australia_%": "6.8", "New South Wales_%": "6.6", "Mount Riverview_%": "6.4", "New South Wales": "492,440"}, "85 years and over": {"Australia": "486,842", "Mount Riverview": "26", "Australia_%": "2.1", "New South Wales_%": "2.2", "Mount Riverview_%": "0.9", "New South Wales": "167,506"}}, "Single (or lone) parents": {"Male": {"Australia": "--", "Mount Riverview": "--", "Australia_%": "18.2", "New South Wales_%": "17.8", "Mount Riverview_%": "13.0", "New South Wales": "--"}, "Female": {"Australia": "--", "Mount Riverview": "--", "Australia_%": "81.8", "New South Wales_%": "82.2", "Mount Riverview_%": "87.0", "New South Wales": "--"}}, "Mortgage monthly repayments": {"Median mortgage repayments": {"Australia": "1,755", "Mount Riverview": "2,100", "Australia_%": "--", "New South Wales_%": "--", "Mount Riverview_%": "--", "New South Wales": "1,986"}, "Households where mortgage repayments are less than 30% of household income": {"Australia": "--", "Mount Riverview": "--", "Australia_%": "92.8", "New South Wales_%": "92.6", "Mount Riverview_%": "92.9", "New South Wales": "--"}, "Households with mortgage repayments greater than or equal to 30% of household income": {"Australia": "--", "Mount Riverview": "--", "Australia_%": "7.2", "New South Wales_%": "7.4", "Mount Riverview_%": "7.1", "New South Wales": "--"}}, "Mortgage and rent": {"Median monthly mortgage repayments": {"Australia": "1,660", "Mount Riverview": "2,145", "Australia_%": "--", "New South Wales_%": "--", "Mount Riverview_%": "--", "New South Wales": "1,733"}, "Median weekly rent": {"Australia": "250", "Mount Riverview": "450", "Australia_%": "--", "New South Wales_%": "--", "Mount Riverview_%": "--", "New South Wales": "270"}}, "Tenure": {"Rented": {"Australia": "2,561,302", "Mount Riverview": "118", "Australia_%": "30.9", "New South Wales_%": "31.8", "Mount Riverview_%": "11.4", "New South Wales": "826,922"}, "Owned outright": {"Australia": "2,565,695", "Mount Riverview": "415", "Australia_%": "31.0", "New South Wales_%": "32.2", "Mount Riverview_%": "40.1", "New South Wales": "839,665"}, "Owned with a mortgage": {"Australia": "2,855,222", "Mount Riverview": "488", "Australia_%": "34.5", "New South Wales_%": "32.3", "Mount Riverview_%": "47.1", "New South Wales": "840,004"}, "Tenure type not stated": {"Australia": "224,869", "Mount Riverview": "11", "Australia_%": "2.7", "New South Wales_%": "2.8", "Mount Riverview_%": "1.1", "New South Wales": "73,763"}, "Other tenure type": {"Australia": "78,994", "Mount Riverview": "4", "Australia_%": "1.0", "New South Wales_%": "0.9", "Mount Riverview_%": "0.4", "New South Wales": "23,968"}}, "Country of birth of father, stated responses": {"Scotland": {"Australia": "276,038", "Mount Riverview": "65", "Australia_%": "1.2", "New South Wales_%": "1.0", "Mount Riverview_%": "2.2", "New South Wales": "72,321"}, "New Zealand": {"Australia": "617,331", "Mount Riverview": "60", "Australia_%": "2.6", "New South Wales_%": "1.9", "Mount Riverview_%": "2.0", "New South Wales": "143,450"}, "Australia": {"Australia": "12,231,150", "Mount Riverview": "2,044", "Australia_%": "52.3", "New South Wales_%": "50.1", "Mount Riverview_%": "67.7", "New South Wales": "3,745,787"}, "England": {"Australia": "1,403,096", "Mount Riverview": "277", "Australia_%": "6.0", "New South Wales_%": "4.8", "Mount Riverview_%": "9.2", "New South Wales": "359,370"}, "Netherlands": {"Australia": "175,354", "Mount Riverview": "50", "Australia_%": "0.7", "New South Wales_%": "0.5", "Mount Riverview_%": "1.7", "New South Wales": "40,444"}}, "Country of birth of father and/or mother, stated responses": {"Father only born overseas": {"Australia": "1,488,092", "Mount Riverview": "288", "Australia_%": "6.4", "New South Wales_%": "6.1", "Mount Riverview_%": "9.5", "New South Wales": "458,394"}, "Mother only born overseas": {"Australia": "1,094,591", "Mount Riverview": "199", "Australia_%": "4.7", "New South Wales_%": "4.3", "Mount Riverview_%": "6.6", "New South Wales": "325,182"}, "Both parents born overseas": {"Australia": "8,051,196", "Mount Riverview": "626", "Australia_%": "34.4", "New South Wales_%": "37.0", "Mount Riverview_%": "20.7", "New South Wales": "2,764,170"}, "Both parents born in Australia": {"Australia": "11,070,538", "Mount Riverview": "1,845", "Australia_%": "47.3", "New South Wales_%": "45.4", "Mount Riverview_%": "60.9", "New South Wales": "3,399,725"}}, "Rent weekly payments": {"Households where rent payments are less than 30% of household income": {"Australia": "--", "Mount Riverview": "--", "Australia_%": "88.5", "New South Wales_%": "87.1", "Mount Riverview_%": "96.5", "New South Wales": "--"}, "Households with rent payments greater than or equal to 30% of household income": {"Australia": "--", "Mount Riverview": "--", "Australia_%": "11.5", "New South Wales_%": "12.9", "Mount Riverview_%": "3.5", "New South Wales": "--"}, "Median rent": {"Australia": "335", "Mount Riverview": "425", "Australia_%": "--", "New South Wales_%": "--", "Mount Riverview_%": "--", "New South Wales": "380"}}, "Registered marital status": {"Separated": {"Australia": "608,059", "Mount Riverview": "63", "Australia_%": "3.2", "New South Wales_%": "3.1", "Mount Riverview_%": "2.6", "New South Wales": "190,198"}, "Widowed": {"Australia": "985,204", "Mount Riverview": "100", "Australia_%": "5.2", "New South Wales_%": "5.4", "Mount Riverview_%": "4.2", "New South Wales": "331,653"}, "Married": {"Australia": "9,148,218", "Mount Riverview": "1,403", "Australia_%": "48.1", "New South Wales_%": "48.7", "Mount Riverview_%": "58.7", "New South Wales": "2,965,280"}, "Divorced": {"Australia": "1,626,890", "Mount Riverview": "202", "Australia_%": "8.5", "New South Wales_%": "8.4", "Mount Riverview_%": "8.4", "New South Wales": "512,298"}, "Never married": {"Australia": "6,668,910", "Mount Riverview": "623", "Australia_%": "35.0", "New South Wales_%": "34.4", "Mount Riverview_%": "26.1", "New South Wales": "2,094,460"}}, "summaryTable_qsPeople": {"Male": "49.2%", "Median age": "40", "Female": "50.8%", "People": "3,034"}, "Dwelling characteristics": {"Average number of people per household": {"Australia": "3.2", "Mount Riverview": "3.9", "Australia_%": "--", "New South Wales_%": "--", "Mount Riverview_%": "--", "New South Wales": "3.1"}, "Average number of persons per bedroom": {"Australia": "1", "Mount Riverview": "0.7", "Australia_%": "--", "New South Wales_%": "--", "Mount Riverview_%": "--", "New South Wales": "1"}, "Median weekly household income": {"Australia": "1,203", "Mount Riverview": "2,542", "Australia_%": "--", "New South Wales_%": "--", "Mount Riverview_%": "--", "New South Wales": "1,214"}}, "Unpaid work": {"Did unpaid domestic work (last week)": {"Australia": "13,143,914", "Mount Riverview": "1,975", "Australia_%": "69.0", "New South Wales_%": "67.7", "Mount Riverview_%": "83.1", "New South Wales": "4,127,723"}, "Provided unpaid assistance to a person with a disability (last two weeks)": {"Australia": "2,145,203", "Mount Riverview": "364", "Australia_%": "11.3", "New South Wales_%": "11.6", "Mount Riverview_%": "15.3", "New South Wales": "709,415"}, "Did voluntary work through an organisation or group (last 12 months)": {"Australia": "3,620,726", "Mount Riverview": "656", "Australia_%": "19.0", "New South Wales_%": "18.1", "Mount Riverview_%": "27.5", "New South Wales": "1,103,790"}, "Cared for child/children (last two weeks)": {"Australia": "5,259,400", "Mount Riverview": "870", "Australia_%": "27.6", "New South Wales_%": "27.2", "Mount Riverview_%": "36.5", "New South Wales": "1,659,250"}}, "Unpaid domestic work, number of hours": {"5 to 14 hours per week": {"Australia": "4,944,578", "Mount Riverview": "776", "Australia_%": "26.0", "New South Wales_%": "25.1", "Mount Riverview_%": "32.6", "New South Wales": "1,531,206"}, "30 hours or more per week": {"Australia": "1,710,970", "Mount Riverview": "286", "Australia_%": "9.0", "New South Wales_%": "9.0", "Mount Riverview_%": "12.0", "New South Wales": "545,925"}, "Less than 5 hours per week": {"Australia": "4,298,593", "Mount Riverview": "546", "Australia_%": "22.6", "New South Wales_%": "22.3", "Mount Riverview_%": "22.9", "New South Wales": "1,359,656"}, "15 to 29 hours per week": {"Australia": "2,189,776", "Mount Riverview": "370", "Australia_%": "11.5", "New South Wales_%": "11.3", "Mount Riverview_%": "15.5", "New South Wales": "690,934"}}, "Industry of employment, top responses": {"Combined Primary and Secondary Education": {"Australia": "122,286", "Mount Riverview": "43", "Australia_%": "1.1", "New South Wales_%": "1.0", "Mount Riverview_%": "3.1", "New South Wales": "34,152"}, "Primary Education": {"Australia": "231,198", "Mount Riverview": "73", "Australia_%": "2.2", "New South Wales_%": "1.9", "Mount Riverview_%": "5.2", "New South Wales": "65,204"}, "Hospitals (except Psychiatric Hospitals)": {"Australia": "411,808", "Mount Riverview": "54", "Australia_%": "3.9", "New South Wales_%": "3.5", "Mount Riverview_%": "3.8", "New South Wales": "119,350"}, "Supermarket and Grocery Stores": {"Australia": "254,275", "Mount Riverview": "34", "Australia_%": "2.4", "New South Wales_%": "2.2", "Mount Riverview_%": "2.4", "New South Wales": "74,487"}, "Secondary Education": {"Australia": "177,487", "Mount Riverview": "44", "Australia_%": "1.7", "New South Wales_%": "1.7", "Mount Riverview_%": "3.1", "New South Wales": "58,072"}}, "GeoInfo": {"city": "Mount Riverview"}, "Education": {"University or tertiary institution": {"Australia": "1,160,626", "Mount Riverview": "121", "Australia_%": "16.1", "New South Wales_%": "16.2", "Mount Riverview_%": "13.8", "New South Wales": "376,133"}, "Secondary - Catholic": {"Australia": "338,384", "Mount Riverview": "35", "Australia_%": "4.7", "New South Wales_%": "5.1", "Mount Riverview_%": "4.0", "New South Wales": "117,689"}, "Secondary - other non Government": {"Australia": "280,618", "Mount Riverview": "37", "Australia_%": "3.9", "New South Wales_%": "3.4", "Mount Riverview_%": "4.2", "New South Wales": "79,915"}, "Primary - Catholic": {"Australia": "380,604", "Mount Riverview": "32", "Australia_%": "5.3", "New South Wales_%": "5.3", "Mount Riverview_%": "3.6", "New South Wales": "122,099"}, "Primary - Government": {"Australia": "1,314,787", "Mount Riverview": "259", "Australia_%": "18.2", "New South Wales_%": "18.0", "Mount Riverview_%": "29.5", "New South Wales": "417,465"}, "Other": {"Australia": "198,383", "Mount Riverview": "17", "Australia_%": "2.8", "New South Wales_%": "2.7", "Mount Riverview_%": "1.9", "New South Wales": "63,673"}, "Technical or further education institution": {"Australia": "424,869", "Mount Riverview": "70", "Australia_%": "5.9", "New South Wales_%": "6.2", "Mount Riverview_%": "8.0", "New South Wales": "144,103"}, "Secondary - Government": {"Australia": "827,505", "Mount Riverview": "148", "Australia_%": "11.5", "New South Wales_%": "11.6", "Mount Riverview_%": "16.9", "New South Wales": "269,249"}, "Primary - other non Government": {"Australia": "231,490", "Mount Riverview": "40", "Australia_%": "3.2", "New South Wales_%": "2.9", "Mount Riverview_%": "4.6", "New South Wales": "67,611"}, "Not stated": {"Australia": "1,707,023", "Mount Riverview": "60", "Australia_%": "23.7", "New South Wales_%": "23.0", "Mount Riverview_%": "6.8", "New South Wales": "535,266"}, "Preschool": {"Australia": "347,621", "Mount Riverview": "58", "Australia_%": "4.8", "New South Wales_%": "5.7", "Mount Riverview_%": "6.6", "New South Wales": "132,047"}}, "Employment": {"Unemployed": {"Australia": "787,452", "Mount Riverview": "73", "Australia_%": "6.9", "New South Wales_%": "6.3", "Mount Riverview_%": "4.7", "New South Wales": "225,546"}, "Worked part-time": {"Australia": "3,491,503", "Mount Riverview": "467", "Australia_%": "30.4", "New South Wales_%": "29.7", "Mount Riverview_%": "29.8", "New South Wales": "1,071,151"}, "Away from work": {"Australia": "569,276", "Mount Riverview": "60", "Australia_%": "5.0", "New South Wales_%": "4.8", "Mount Riverview_%": "3.8", "New South Wales": "174,654"}, "Worked full-time": {"Australia": "6,623,065", "Mount Riverview": "965", "Australia_%": "57.7", "New South Wales_%": "59.2", "Mount Riverview_%": "61.7", "New South Wales": "2,134,521"}}, "Travel to work, top responses": {"Worked at home": {"Australia": "503,582", "Mount Riverview": "62", "Australia_%": "4.7", "New South Wales_%": "4.8", "Mount Riverview_%": "4.2", "New South Wales": "163,026"}, "People who travelled to work by car as driver or passenger": {"Australia": "7,305,271", "Mount Riverview": "1,116", "Australia_%": "68.4", "New South Wales_%": "64.6", "Mount Riverview_%": "74.5", "New South Wales": "2,182,854"}, "null": {"Australia": "None", "Mount Riverview": null, "Australia_%": "None", "New South Wales_%": "None", "Mount Riverview_%": null, "New South Wales": "None"}, "People who travelled to work by public transport": {"Australia": "1,225,668", "Mount Riverview": "189", "Australia_%": "11.5", "New South Wales_%": "16.0", "Mount Riverview_%": "12.6", "New South Wales": "540,215"}, "Car, as driver": {"Australia": "6,574,571", "Mount Riverview": "995", "Australia_%": "61.5", "New South Wales_%": "57.8", "Mount Riverview_%": "67.2", "New South Wales": "1,953,399"}, "Train": {"Australia": "488,012", "Mount Riverview": "89", "Australia_%": "4.6", "New South Wales_%": "7.5", "Mount Riverview_%": "6.0", "New South Wales": "252,786"}, "Train, car as driver": {"Australia": "86,003", "Mount Riverview": "49", "Australia_%": "0.8", "New South Wales_%": "1.0", "Mount Riverview_%": "3.3", "New South Wales": "34,213"}, "Car, as passenger": {"Australia": "489,922", "Mount Riverview": "45", "Australia_%": "4.6", "New South Wales_%": "4.3", "Mount Riverview_%": "3.0", "New South Wales": "144,820"}}, "Occupation": {"Professionals": {"Australia": "2,370,966", "Mount Riverview": "442", "Australia_%": "22.2", "New South Wales_%": "23.6", "Mount Riverview_%": "29.7", "New South Wales": "798,126"}, "Managers": {"Australia": "1,390,047", "Mount Riverview": "188", "Australia_%": "13.0", "New South Wales_%": "13.5", "Mount Riverview_%": "12.6", "New South Wales": "456,084"}, "Community and Personal Service Workers": {"Australia": "1,157,003", "Mount Riverview": "138", "Australia_%": "10.8", "New South Wales_%": "10.4", "Mount Riverview_%": "9.3", "New South Wales": "350,261"}, "Clerical and Administrative Workers": {"Australia": "1,449,681", "Mount Riverview": "242", "Australia_%": "13.6", "New South Wales_%": "13.8", "Mount Riverview_%": "16.3", "New South Wales": "467,977"}, "Machinery Operators and Drivers": {"Australia": "670,106", "Mount Riverview": "54", "Australia_%": "6.3", "New South Wales_%": "6.1", "Mount Riverview_%": "3.6", "New South Wales": "206,839"}, "Labourers": {"Australia": "1,011,520", "Mount Riverview": "102", "Australia_%": "9.5", "New South Wales_%": "8.8", "Mount Riverview_%": "6.9", "New South Wales": "297,887"}, "Sales Workers": {"Australia": "1,000,955", "Mount Riverview": "105", "Australia_%": "9.4", "New South Wales_%": "9.2", "Mount Riverview_%": "7.1", "New South Wales": "311,414"}, "Technicians and Trades Workers": {"Australia": "1,447,414", "Mount Riverview": "199", "Australia_%": "13.5", "New South Wales_%": "12.7", "Mount Riverview_%": "13.4", "New South Wales": "429,239"}}}