{"GeoInfo": {"city": "Mulla Creek"}, "summaryTable_qsDwelling": {"Median monthly mortgage repayments": "$1,200", "All private dwellings": "33", "Average people per household": "2.4", "Median weekly household income": "$1,833", "Median weekly rent": "$70", "Average motor vehicles per dwelling": "2.4"}, "summaryTable_qsPeople": {"Male": "54.3%", "Median age": "50", "Female": "45.7%", "People": "90"}, "summaryTable_qsFamilies": {"for all families": "0.3", "for families with children": "1.5", "Families": "26", "Average children per family": "None"}}