{"Employment - hours worked": {"40 hours or more per week": {"Australia": "4,591,801", "North Strathfield": "1,209", "Australia_%": "43.0", "New South Wales_%": "44.1", "North Strathfield_%": "47.3", "New South Wales": "1,489,099"}, "25-34 hours per week": {"Australia": "1,193,445", "North Strathfield": "202", "Australia_%": "11.2", "New South Wales_%": "10.5", "North Strathfield_%": "7.9", "New South Wales": "353,702"}, "16-24 hours per week": {"Australia": "1,079,236", "North Strathfield": "266", "Australia_%": "10.1", "New South Wales_%": "10.4", "North Strathfield_%": "10.4", "New South Wales": "352,817"}, "35-39 hours per week": {"Australia": "2,031,263", "North Strathfield": "528", "Australia_%": "19.0", "New South Wales_%": "19.1", "North Strathfield_%": "20.7", "New South Wales": "645,428"}, "1-15 hours per week": {"Australia": "1,218,823", "North Strathfield": "230", "Australia_%": "11.4", "New South Wales_%": "10.8", "North Strathfield_%": "9.0", "New South Wales": "364,637"}}, "Number of registered motor vehicles": {"2 motor vehicles": {"Australia": "2,999,184", "North Strathfield": "456", "Australia_%": "36.2", "New South Wales_%": "34.1", "North Strathfield_%": "28.5", "New South Wales": "887,849"}, "None": {"Australia": "623,829", "North Strathfield": "187", "Australia_%": "7.5", "New South Wales_%": "9.2", "North Strathfield_%": "11.7", "New South Wales": "239,625"}, "Number of motor vehicles not stated": {"Australia": "285,197", "North Strathfield": "56", "Australia_%": "3.4", "New South Wales_%": "3.7", "North Strathfield_%": "3.5", "New South Wales": "95,623"}, "1 motor vehicle": {"Australia": "2,881,485", "North Strathfield": "735", "Australia_%": "34.8", "New South Wales_%": "36.3", "North Strathfield_%": "45.9", "New South Wales": "946,159"}, "3 or more vehicles": {"Australia": "1,496,382", "North Strathfield": "167", "Australia_%": "18.1", "New South Wales_%": "16.7", "North Strathfield_%": "10.4", "New South Wales": "435,053"}}, "Employment status of parents in couple families": {"Labour force status not stated (by one or both parents in a couple family)": {"Australia": "311,381", "North Strathfield": "60", "Australia_%": "6.2", "New South Wales_%": "5.7", "North Strathfield_%": "6.1", "New South Wales": "90,630"}, "One employed full-time, one part-time": {"Australia": "1,086,460", "North Strathfield": "171", "Australia_%": "21.7", "New South Wales_%": "20.6", "North Strathfield_%": "17.3", "New South Wales": "329,567"}, "One employed part-time, other not working": {"Australia": "302,037", "North Strathfield": "48", "Australia_%": "6.0", "New South Wales_%": "6.1", "North Strathfield_%": "4.9", "New South Wales": "96,933"}, "Other (includes away from work)": {"Australia": "264,145", "North Strathfield": "60", "Australia_%": "5.3", "New South Wales_%": "5.1", "North Strathfield_%": "6.1", "New South Wales": "80,905"}, "Both employed, worked full-time": {"Australia": "1,084,006", "North Strathfield": "302", "Australia_%": "21.6", "New South Wales_%": "22.6", "North Strathfield_%": "30.6", "New South Wales": "360,916"}, "One employed full-time, other not working": {"Australia": "749,886", "North Strathfield": "189", "Australia_%": "15.0", "New South Wales_%": "15.0", "North Strathfield_%": "19.1", "New South Wales": "240,084"}, "Both employed, worked part-time": {"Australia": "203,596", "North Strathfield": "47", "Australia_%": "4.1", "New South Wales_%": "4.0", "North Strathfield_%": "4.8", "New South Wales": "63,106"}, "Both not working": {"Australia": "1,006,697", "North Strathfield": "110", "Australia_%": "20.1", "New South Wales_%": "21.0", "North Strathfield_%": "11.1", "New South Wales": "334,742"}}, "Country of birth of mother, stated responses": {"Italy": {"Australia": "395,775", "North Strathfield": "190", "Australia_%": "1.7", "New South Wales_%": "1.4", "North Strathfield_%": "4.0", "New South Wales": "107,243"}, "Australia": {"Australia": "12,643,365", "North Strathfield": "1,130", "Australia_%": "54.0", "New South Wales_%": "51.9", "North Strathfield_%": "23.9", "New South Wales": "3,884,762"}, "India": {"Australia": "605,777", "North Strathfield": "355", "Australia_%": "2.6", "New South Wales_%": "2.6", "North Strathfield_%": "7.5", "New South Wales": "191,594"}, "China (excludes SARs and Taiwan)": {"Australia": "699,074", "North Strathfield": "761", "Australia_%": "3.0", "New South Wales_%": "4.4", "North Strathfield_%": "16.1", "New South Wales": "329,967"}, "Korea, Republic of (South)": {"Australia": "120,878", "North Strathfield": "451", "Australia_%": "0.5", "New South Wales_%": "0.9", "North Strathfield_%": "9.5", "New South Wales": "65,642"}}, "Dwelling structure": {"Other dwelling": {"Australia": "64,425", "North Strathfield": "31", "Australia_%": "0.8", "New South Wales_%": "0.9", "North Strathfield_%": "1.9", "New South Wales": "23,580"}, "Semi-detached, row or terrace house, townhouse etc": {"Australia": "1,055,016", "North Strathfield": "121", "Australia_%": "12.7", "New South Wales_%": "12.2", "North Strathfield_%": "7.5", "New South Wales": "317,453"}, "Separate house": {"Australia": "6,041,788", "North Strathfield": "540", "Australia_%": "72.9", "New South Wales_%": "66.4", "North Strathfield_%": "33.5", "New South Wales": "1,729,820"}, "Flat or apartment": {"Australia": "1,087,434", "North Strathfield": "911", "Australia_%": "13.1", "New South Wales_%": "19.9", "North Strathfield_%": "56.5", "New South Wales": "519,390"}}, "Number of bedrooms": {"1 bedroom": {"Australia": "411,252", "North Strathfield": "50", "Australia_%": "5.0", "New South Wales_%": "6.0", "North Strathfield_%": "3.1", "New South Wales": "157,194"}, "3 bedrooms": {"Australia": "3,403,190", "North Strathfield": "596", "Australia_%": "41.1", "New South Wales_%": "37.2", "North Strathfield_%": "37.2", "New South Wales": "970,001"}, "Average number of people per household": {"Australia": "2.6", "North Strathfield": "2.7", "Australia_%": "--", "New South Wales_%": "--", "North Strathfield_%": "--", "New South Wales": "2.6"}, "2 bedrooms": {"Australia": "1,562,759", "North Strathfield": "690", "Australia_%": "18.9", "New South Wales_%": "22.2", "North Strathfield_%": "43.1", "New South Wales": "577,675"}, "4 or more bedrooms": {"Australia": "2,670,758", "North Strathfield": "229", "Australia_%": "32.2", "New South Wales_%": "31.3", "North Strathfield_%": "14.3", "New South Wales": "816,405"}, "None (includes bedsitters)": {"Australia": "39,769", "North Strathfield": "0", "Australia_%": "0.5", "New South Wales_%": "0.7", "North Strathfield_%": "0.0", "New South Wales": "17,157"}, "Number of bedrooms not stated": {"Australia": "198,351", "North Strathfield": "36", "Australia_%": "2.4", "New South Wales_%": "2.5", "North Strathfield_%": "2.2", "New South Wales": "65,888"}, "Average number of bedrooms per dwelling": {"Australia": "3.1", "North Strathfield": "2.7", "Australia_%": "--", "New South Wales_%": "--", "North Strathfield_%": "--", "New South Wales": "3"}}, "summaryTable_qsFamilies": {"for all families": "0.6", "for families with children": "1.6", "Families": "1,165", "Average children per family": "None"}, "People characteristics": {"Male": {"Australia": "322,171", "North Strathfield": "19", "Australia_%": "49.6", "New South Wales_%": "49.7", "North Strathfield_%": "54.3", "New South Wales": "107,368"}, "Median age": {"Australia": "23", "North Strathfield": "31", "Australia_%": "--", "New South Wales_%": "--", "North Strathfield_%": "--", "New South Wales": "22"}, "Female": {"Australia": "326,996", "North Strathfield": "16", "Australia_%": "50.4", "New South Wales_%": "50.3", "North Strathfield_%": "45.7", "New South Wales": "108,809"}}, "Dwelling count": {"Unoccupied private dwellings": {"Australia": "1,039,874", "North Strathfield": "95", "Australia_%": "11.2", "New South Wales_%": "9.9", "North Strathfield_%": "5.6", "New South Wales": "284,741"}, "Occupied private dwellings": {"Australia": "8,286,073", "North Strathfield": "1,612", "Australia_%": "88.8", "New South Wales_%": "90.1", "North Strathfield_%": "94.4", "New South Wales": "2,604,320"}}, "Level of highest educational attainment": {"Certificate level III": {"Australia": "2,442,203", "North Strathfield": "241", "Australia_%": "12.8", "New South Wales_%": "12.0", "North Strathfield_%": "6.0", "New South Wales": "730,498"}, "Certificate level II": {"Australia": "13,454", "North Strathfield": "0", "Australia_%": "0.1", "New South Wales_%": "0.1", "North Strathfield_%": "0.0", "New South Wales": "4,849"}, "No educational attainment": {"Australia": "145,844", "North Strathfield": "37", "Australia_%": "0.8", "New South Wales_%": "0.9", "North Strathfield_%": "0.9", "New South Wales": "54,870"}, "Bachelor Degree level and above": {"Australia": "4,181,406", "North Strathfield": "1,559", "Australia_%": "22.0", "New South Wales_%": "23.4", "North Strathfield_%": "38.9", "New South Wales": "1,424,716"}, "Certificate level I": {"Australia": "2,176", "North Strathfield": "0", "Australia_%": "0.0", "New South Wales_%": "0.0", "North Strathfield_%": "0.0", "New South Wales": "625"}, "Year 11": {"Australia": "941,531", "North Strathfield": "88", "Australia_%": "4.9", "New South Wales_%": "3.3", "North Strathfield_%": "2.2", "New South Wales": "203,574"}, "Not stated": {"Australia": "1,974,794", "North Strathfield": "397", "Australia_%": "10.4", "New South Wales_%": "10.3", "North Strathfield_%": "9.9", "New South Wales": "627,465"}, "Year 9 or below": {"Australia": "1,529,897", "North Strathfield": "176", "Australia_%": "8.0", "New South Wales_%": "8.4", "North Strathfield_%": "4.4", "New South Wales": "513,209"}, "Certificate level IV": {"Australia": "551,767", "North Strathfield": "82", "Australia_%": "2.9", "New South Wales_%": "2.8", "North Strathfield_%": "2.0", "New South Wales": "167,947"}, "Year 10": {"Australia": "2,054,331", "North Strathfield": "205", "Australia_%": "10.8", "New South Wales_%": "11.5", "North Strathfield_%": "5.1", "New South Wales": "702,178"}, "Year 12": {"Australia": "2,994,097", "North Strathfield": "752", "Australia_%": "15.7", "New South Wales_%": "15.3", "North Strathfield_%": "18.8", "New South Wales": "930,654"}, "Advanced Diploma and Diploma level": {"Australia": "1,687,893", "North Strathfield": "362", "Australia_%": "8.9", "New South Wales_%": "8.9", "North Strathfield_%": "9.0", "New South Wales": "543,142"}}, "Median weekly incomes": {"Personal": {"Australia": "662", "North Strathfield": "826", "Australia_%": "--", "New South Wales_%": "--", "North Strathfield_%": "--", "New South Wales": "664"}, "Household": {"Australia": "1,438", "North Strathfield": "1,969", "Australia_%": "--", "New South Wales_%": "--", "North Strathfield_%": "--", "New South Wales": "1,486"}, "Family": {"Australia": "1,734", "North Strathfield": "2,126", "Australia_%": "--", "New South Wales_%": "--", "North Strathfield_%": "--", "New South Wales": "1,780"}}, "Family composition": {"Other family": {"Australia": "102,559", "North Strathfield": "34", "Australia_%": "1.7", "New South Wales_%": "1.7", "North Strathfield_%": "2.9", "New South Wales": "32,438"}, "Couple family with children": {"Australia": "2,716,224", "North Strathfield": "568", "Australia_%": "44.7", "New South Wales_%": "45.7", "North Strathfield_%": "48.8", "New South Wales": "887,358"}, "Couple family without children": {"Australia": "2,291,987", "North Strathfield": "419", "Australia_%": "37.8", "New South Wales_%": "36.6", "North Strathfield_%": "36.0", "New South Wales": "709,524"}, "One parent family": {"Australia": "959,543", "North Strathfield": "142", "Australia_%": "15.8", "New South Wales_%": "16.0", "North Strathfield_%": "12.2", "New South Wales": "310,906"}}, "Dwelling internet connection": {"Not stated": {"Australia": "221,494", "North Strathfield": "36", "Australia_%": "2.7", "New South Wales_%": "2.8", "North Strathfield_%": "2.2", "New South Wales": "73,565"}, "Internet not accessed from dwelling": {"Australia": "1,172,415", "North Strathfield": "168", "Australia_%": "14.1", "New South Wales_%": "14.7", "North Strathfield_%": "10.5", "New South Wales": "381,709"}, "Internet accessed from dwelling": {"Australia": "6,892,165", "North Strathfield": "1,403", "Australia_%": "83.2", "New South Wales_%": "82.5", "North Strathfield_%": "87.3", "New South Wales": "2,149,040"}}, "Social marital status": {"Not married": {"Australia": "7,024,973", "North Strathfield": "1,631", "Australia_%": "41.9", "New South Wales_%": "42.3", "North Strathfield_%": "45.8", "New South Wales": "2,290,887"}, "De facto marriage": {"Australia": "1,751,731", "North Strathfield": "325", "Australia_%": "10.4", "New South Wales_%": "9.4", "North Strathfield_%": "9.1", "New South Wales": "506,133"}, "Registered marriage": {"Australia": "8,001,141", "North Strathfield": "1,605", "Australia_%": "47.7", "New South Wales_%": "48.3", "North Strathfield_%": "45.1", "New South Wales": "2,612,630"}}, "Household composition": {"Family households": {"Australia": "5,907,625", "North Strathfield": "1,130", "Australia_%": "71.3", "New South Wales_%": "72.0", "North Strathfield_%": "70.4", "New South Wales": "1,874,524"}, "Group households": {"Australia": "354,917", "North Strathfield": "155", "Australia_%": "4.3", "New South Wales_%": "4.2", "North Strathfield_%": "9.7", "New South Wales": "109,004"}, "Single (or lone) person households": {"Australia": "2,023,542", "North Strathfield": "321", "Australia_%": "24.4", "New South Wales_%": "23.8", "North Strathfield_%": "20.0", "New South Wales": "620,778"}}, "People": {"Male": {"Australia": "11,546,638", "North Strathfield": "2,374", "Australia_%": "49.3", "New South Wales_%": "49.3", "North Strathfield_%": "49.8", "New South Wales": "3,686,014"}, "Aboriginal and/or Torres Strait Islander people": {"Australia": "649,171", "North Strathfield": "34", "Australia_%": "2.8", "New South Wales_%": "2.9", "North Strathfield_%": "0.7", "New South Wales": "216,176"}, "Female": {"Australia": "11,855,248", "North Strathfield": "2,392", "Australia_%": "50.7", "New South Wales_%": "50.7", "North Strathfield_%": "50.2", "New South Wales": "3,794,217"}}, "Language, top responses (other than English)": {"null": {"Australia": "None", "North Strathfield": null, "Australia_%": "None", "New South Wales_%": "None", "North Strathfield_%": null, "New South Wales": "None"}, "English only spoken at home": {"Australia": "17,020,417", "North Strathfield": "1,942", "Australia_%": "72.7", "New South Wales_%": "68.5", "North Strathfield_%": "40.9", "New South Wales": "5,126,633"}, "Households where a non English language is spoken": {"Australia": "1,971,011", "North Strathfield": "964", "Australia_%": "22.2", "New South Wales_%": "26.5", "North Strathfield_%": "55.7", "New South Wales": "735,563"}, "Hindi": {"Australia": "159,652", "North Strathfield": "113", "Australia_%": "0.7", "New South Wales_%": "0.9", "North Strathfield_%": "2.4", "New South Wales": "67,034"}, "Cantonese": {"Australia": "280,943", "North Strathfield": "272", "Australia_%": "1.2", "New South Wales_%": "1.9", "North Strathfield_%": "5.7", "New South Wales": "143,333"}, "Mandarin": {"Australia": "596,711", "North Strathfield": "555", "Australia_%": "2.5", "New South Wales_%": "3.2", "North Strathfield_%": "11.7", "New South Wales": "239,945"}, "Korean": {"Australia": "108,997", "North Strathfield": "422", "Australia_%": "0.5", "New South Wales_%": "0.8", "North Strathfield_%": "8.9", "New South Wales": "59,912"}, "Italian": {"Australia": "271,597", "North Strathfield": "167", "Australia_%": "1.2", "New South Wales_%": "1.0", "North Strathfield_%": "3.5", "New South Wales": "75,694"}}, "summaryTable_qsDwelling": {"Median monthly mortgage repayments": "$2,167", "All private dwellings": "1,825", "Average people per household": "2.7", "Median weekly household income": "$1,969", "Median weekly rent": "$520", "Average motor vehicles per dwelling": "1.4"}, "Household income": {"Less than $650 gross weekly income": {"Australia": "--", "North Strathfield": "--", "Australia_%": "20.0", "New South Wales_%": "19.7", "North Strathfield_%": "12.7", "New South Wales": "--"}, "More than $3000 gross weekly income": {"Australia": "--", "North Strathfield": "--", "Australia_%": "16.4", "New South Wales_%": "18.7", "North Strathfield_%": "26.6", "New South Wales": "--"}}, "Country of birth": {"Other top responses": {"North Strathfield_%": "None", "North Strathfield": "None"}, "Australia": {"Australia": "15,614,835", "North Strathfield": "1,975", "Australia_%": "66.7", "New South Wales_%": "65.5", "North Strathfield_%": "41.9", "New South Wales": "4,899,090"}, "Italy": {"Australia": "174,042", "North Strathfield": "94", "Australia_%": "0.7", "New South Wales_%": "0.7", "North Strathfield_%": "2.0", "New South Wales": "49,476"}, "Philippines": {"Australia": "232,386", "North Strathfield": "81", "Australia_%": "1.0", "New South Wales_%": "1.2", "North Strathfield_%": "1.7", "New South Wales": "86,749"}, "India": {"Australia": "455,389", "North Strathfield": "291", "Australia_%": "1.9", "New South Wales_%": "1.9", "North Strathfield_%": "6.2", "New South Wales": "143,459"}, "China (excludes SARs and Taiwan)": {"Australia": "509,555", "North Strathfield": "547", "Australia_%": "2.2", "New South Wales_%": "3.1", "North Strathfield_%": "11.6", "New South Wales": "234,508"}, "Korea, Republic of (South)": {"Australia": "98,776", "North Strathfield": "361", "Australia_%": "0.4", "New South Wales_%": "0.7", "North Strathfield_%": "7.7", "New South Wales": "51,816"}}, "Religious affiliation, top responses": {"No Religion, so described": {"Australia": "6,933,708", "North Strathfield": "1,376", "Australia_%": "29.6", "New South Wales_%": "25.1", "North Strathfield_%": "28.9", "New South Wales": "1,879,562"}, "Catholic": {"Australia": "5,291,834", "North Strathfield": "1,271", "Australia_%": "22.6", "New South Wales_%": "24.7", "North Strathfield_%": "26.7", "New South Wales": "1,846,443"}, "Not stated": {"Australia": "2,238,735", "North Strathfield": "495", "Australia_%": "9.6", "New South Wales_%": "9.2", "North Strathfield_%": "10.4", "New South Wales": "684,969"}, "Anglican": {"Australia": "3,101,185", "North Strathfield": "249", "Australia_%": "13.3", "New South Wales_%": "15.5", "North Strathfield_%": "5.2", "New South Wales": "1,161,810"}, "Hinduism": {"Australia": "440,300", "North Strathfield": "359", "Australia_%": "1.9", "New South Wales_%": "2.4", "North Strathfield_%": "7.5", "New South Wales": "181,402"}}, "Ancestry, top responses": {"Australian": {"Australia": "7,298,243", "North Strathfield": "593", "Australia_%": "23.3", "New South Wales_%": "22.9", "North Strathfield_%": "10.3", "New South Wales": "2,261,062"}, "Indian": {"Australia": "619,164", "North Strathfield": "373", "Australia_%": "2.0", "New South Wales_%": "2.1", "North Strathfield_%": "6.5", "New South Wales": "211,927"}, "Korean": {"Australia": "123,017", "North Strathfield": "449", "Australia_%": "0.4", "New South Wales_%": "0.7", "North Strathfield_%": "7.8", "New South Wales": "66,613"}, "Chinese": {"Australia": "1,213,903", "North Strathfield": "1,053", "Australia_%": "3.9", "New South Wales_%": "5.2", "North Strathfield_%": "18.3", "New South Wales": "514,594"}, "English": {"Australia": "7,852,224", "North Strathfield": "666", "Australia_%": "25.0", "New South Wales_%": "23.3", "North Strathfield_%": "11.6", "New South Wales": "2,302,481"}}, "Age": {"35-39 years": {"Australia": "1,561,679", "North Strathfield": "392", "Australia_%": "6.7", "New South Wales_%": "6.7", "North Strathfield_%": "8.3", "New South Wales": "499,724"}, "60-64 years": {"Australia": "1,299,397", "North Strathfield": "149", "Australia_%": "5.6", "New South Wales_%": "5.6", "North Strathfield_%": "3.1", "New South Wales": "420,044"}, "30-34 years": {"Australia": "1,703,847", "North Strathfield": "651", "Australia_%": "7.3", "New South Wales_%": "7.2", "North Strathfield_%": "13.7", "New South Wales": "540,360"}, "0-4 years": {"Australia": "1,464,779", "North Strathfield": "309", "Australia_%": "6.3", "New South Wales_%": "6.2", "North Strathfield_%": "6.5", "New South Wales": "465,135"}, "25-29 years": {"Australia": "1,664,602", "North Strathfield": "616", "Australia_%": "7.1", "New South Wales_%": "7.0", "North Strathfield_%": "13.0", "New South Wales": "527,161"}, "10-14 years": {"Australia": "1,397,183", "North Strathfield": "178", "Australia_%": "6.0", "New South Wales_%": "5.9", "North Strathfield_%": "3.7", "New South Wales": "443,009"}, "5-9 years": {"Australia": "1,502,646", "North Strathfield": "252", "Australia_%": "6.4", "New South Wales_%": "6.4", "North Strathfield_%": "5.3", "New South Wales": "478,184"}, "Median age": {"Australia": "38", "North Strathfield": "32", "Australia_%": "--", "New South Wales_%": "--", "North Strathfield_%": "--", "New South Wales": "38"}, "50-54 years": {"Australia": "1,523,551", "North Strathfield": "243", "Australia_%": "6.5", "New South Wales_%": "6.5", "North Strathfield_%": "5.1", "New South Wales": "485,546"}, "80-84 years": {"Australia": "460,549", "North Strathfield": "56", "Australia_%": "2.0", "New South Wales_%": "2.1", "North Strathfield_%": "1.2", "New South Wales": "155,806"}, "40-44 years": {"Australia": "1,583,257", "North Strathfield": "324", "Australia_%": "6.8", "New South Wales_%": "6.7", "North Strathfield_%": "6.8", "New South Wales": "503,169"}, "70-74 years": {"Australia": "887,716", "North Strathfield": "77", "Australia_%": "3.8", "New South Wales_%": "3.9", "North Strathfield_%": "1.6", "New South Wales": "292,556"}, "15-19 years": {"Australia": "1,421,595", "North Strathfield": "252", "Australia_%": "6.1", "New South Wales_%": "6.0", "North Strathfield_%": "5.3", "New South Wales": "448,425"}, "65-69 years": {"Australia": "1,188,999", "North Strathfield": "103", "Australia_%": "5.1", "New South Wales_%": "5.1", "North Strathfield_%": "2.2", "New South Wales": "384,470"}, "20-24 years": {"Australia": "1,566,793", "North Strathfield": "477", "Australia_%": "6.7", "New South Wales_%": "6.5", "North Strathfield_%": "10.0", "New South Wales": "489,673"}, "55-59 years": {"Australia": "1,454,332", "North Strathfield": "222", "Australia_%": "6.2", "New South Wales_%": "6.3", "North Strathfield_%": "4.7", "New South Wales": "469,726"}, "75-79 years": {"Australia": "652,657", "North Strathfield": "80", "Australia_%": "2.8", "New South Wales_%": "2.9", "North Strathfield_%": "1.7", "New South Wales": "217,308"}, "45-49 years": {"Australia": "1,581,455", "North Strathfield": "300", "Australia_%": "6.8", "New South Wales_%": "6.6", "North Strathfield_%": "6.3", "New South Wales": "492,440"}, "85 years and over": {"Australia": "486,842", "North Strathfield": "66", "Australia_%": "2.1", "New South Wales_%": "2.2", "North Strathfield_%": "1.4", "New South Wales": "167,506"}}, "Single (or lone) parents": {"Male": {"Australia": "--", "North Strathfield": "--", "Australia_%": "18.2", "New South Wales_%": "17.8", "North Strathfield_%": "16.3", "New South Wales": "--"}, "Female": {"Australia": "--", "North Strathfield": "--", "Australia_%": "81.8", "New South Wales_%": "82.2", "North Strathfield_%": "83.7", "New South Wales": "--"}}, "Mortgage monthly repayments": {"Median mortgage repayments": {"Australia": "1,755", "North Strathfield": "2,167", "Australia_%": "--", "New South Wales_%": "--", "North Strathfield_%": "--", "New South Wales": "1,986"}, "Households where mortgage repayments are less than 30% of household income": {"Australia": "--", "North Strathfield": "--", "Australia_%": "92.8", "New South Wales_%": "92.6", "North Strathfield_%": "93.3", "New South Wales": "--"}, "Households with mortgage repayments greater than or equal to 30% of household income": {"Australia": "--", "North Strathfield": "--", "Australia_%": "7.2", "New South Wales_%": "7.4", "North Strathfield_%": "6.7", "New South Wales": "--"}}, "Mortgage and rent": {"Median monthly mortgage repayments": {"Australia": "1,660", "North Strathfield": "0", "Australia_%": "--", "New South Wales_%": "--", "North Strathfield_%": "--", "New South Wales": "1,733"}, "Median weekly rent": {"Australia": "250", "North Strathfield": "393", "Australia_%": "--", "New South Wales_%": "--", "North Strathfield_%": "--", "New South Wales": "270"}}, "Tenure": {"Rented": {"Australia": "2,561,302", "North Strathfield": "762", "Australia_%": "30.9", "New South Wales_%": "31.8", "North Strathfield_%": "47.3", "New South Wales": "826,922"}, "Owned outright": {"Australia": "2,565,695", "North Strathfield": "377", "Australia_%": "31.0", "New South Wales_%": "32.2", "North Strathfield_%": "23.4", "New South Wales": "839,665"}, "Owned with a mortgage": {"Australia": "2,855,222", "North Strathfield": "424", "Australia_%": "34.5", "New South Wales_%": "32.3", "North Strathfield_%": "26.3", "New South Wales": "840,004"}, "Tenure type not stated": {"Australia": "224,869", "North Strathfield": "40", "Australia_%": "2.7", "New South Wales_%": "2.8", "North Strathfield_%": "2.5", "New South Wales": "73,763"}, "Other tenure type": {"Australia": "78,994", "North Strathfield": "8", "Australia_%": "1.0", "New South Wales_%": "0.9", "North Strathfield_%": "0.5", "New South Wales": "23,968"}}, "Country of birth of father, stated responses": {"Italy": {"Australia": "470,138", "North Strathfield": "210", "Australia_%": "2.0", "New South Wales_%": "1.7", "North Strathfield_%": "4.4", "New South Wales": "128,148"}, "Australia": {"Australia": "12,231,150", "North Strathfield": "1,079", "Australia_%": "52.3", "New South Wales_%": "50.1", "North Strathfield_%": "22.7", "New South Wales": "3,745,787"}, "India": {"Australia": "616,939", "North Strathfield": "358", "Australia_%": "2.6", "New South Wales_%": "2.6", "North Strathfield_%": "7.5", "New South Wales": "195,217"}, "China (excludes SARs and Taiwan)": {"Australia": "704,658", "North Strathfield": "763", "Australia_%": "3.0", "New South Wales_%": "4.4", "North Strathfield_%": "16.1", "New South Wales": "332,465"}, "Korea, Republic of (South)": {"Australia": "116,045", "North Strathfield": "449", "Australia_%": "0.5", "New South Wales_%": "0.8", "North Strathfield_%": "9.5", "New South Wales": "63,494"}}, "Country of birth of father and/or mother, stated responses": {"Father only born overseas": {"Australia": "1,488,092", "North Strathfield": "198", "Australia_%": "6.4", "New South Wales_%": "6.1", "North Strathfield_%": "4.2", "New South Wales": "458,394"}, "Mother only born overseas": {"Australia": "1,094,591", "North Strathfield": "157", "Australia_%": "4.7", "New South Wales_%": "4.3", "North Strathfield_%": "3.3", "New South Wales": "325,182"}, "Both parents born overseas": {"Australia": "8,051,196", "North Strathfield": "3,117", "Australia_%": "34.4", "New South Wales_%": "37.0", "North Strathfield_%": "65.3", "New South Wales": "2,764,170"}, "Both parents born in Australia": {"Australia": "11,070,538", "North Strathfield": "925", "Australia_%": "47.3", "New South Wales_%": "45.4", "North Strathfield_%": "19.4", "New South Wales": "3,399,725"}}, "Rent weekly payments": {"Households where rent payments are less than 30% of household income": {"Australia": "--", "North Strathfield": "--", "Australia_%": "88.5", "New South Wales_%": "87.1", "North Strathfield_%": "83.9", "New South Wales": "--"}, "Households with rent payments greater than or equal to 30% of household income": {"Australia": "--", "North Strathfield": "--", "Australia_%": "11.5", "New South Wales_%": "12.9", "North Strathfield_%": "16.1", "New South Wales": "--"}, "Median rent": {"Australia": "335", "North Strathfield": "520", "Australia_%": "--", "New South Wales_%": "--", "North Strathfield_%": "--", "New South Wales": "380"}}, "Registered marital status": {"Separated": {"Australia": "608,059", "North Strathfield": "99", "Australia_%": "3.2", "New South Wales_%": "3.1", "North Strathfield_%": "2.5", "New South Wales": "190,198"}, "Widowed": {"Australia": "985,204", "North Strathfield": "125", "Australia_%": "5.2", "New South Wales_%": "5.4", "North Strathfield_%": "3.1", "New South Wales": "331,653"}, "Married": {"Australia": "9,148,218", "North Strathfield": "1,839", "Australia_%": "48.1", "New South Wales_%": "48.7", "North Strathfield_%": "45.8", "New South Wales": "2,965,280"}, "Divorced": {"Australia": "1,626,890", "North Strathfield": "220", "Australia_%": "8.5", "New South Wales_%": "8.4", "North Strathfield_%": "5.5", "New South Wales": "512,298"}, "Never married": {"Australia": "6,668,910", "North Strathfield": "1,734", "Australia_%": "35.0", "New South Wales_%": "34.4", "North Strathfield_%": "43.2", "New South Wales": "2,094,460"}}, "summaryTable_qsPeople": {"Male": "49.8%", "Median age": "32", "Female": "50.2%", "People": "4,767"}, "Dwelling characteristics": {"Average number of people per household": {"Australia": "3.2", "North Strathfield": "2.8", "Australia_%": "--", "New South Wales_%": "--", "North Strathfield_%": "--", "New South Wales": "3.1"}, "Average number of persons per bedroom": {"Australia": "1", "North Strathfield": "1", "Australia_%": "--", "New South Wales_%": "--", "North Strathfield_%": "--", "New South Wales": "1"}, "Median weekly household income": {"Australia": "1,203", "North Strathfield": "1,708", "Australia_%": "--", "New South Wales_%": "--", "North Strathfield_%": "--", "New South Wales": "1,214"}}, "Unpaid work": {"Did unpaid domestic work (last week)": {"Australia": "13,143,914", "North Strathfield": "2,605", "Australia_%": "69.0", "New South Wales_%": "67.7", "North Strathfield_%": "64.7", "New South Wales": "4,127,723"}, "Provided unpaid assistance to a person with a disability (last two weeks)": {"Australia": "2,145,203", "North Strathfield": "344", "Australia_%": "11.3", "New South Wales_%": "11.6", "North Strathfield_%": "8.5", "New South Wales": "709,415"}, "Did voluntary work through an organisation or group (last 12 months)": {"Australia": "3,620,726", "North Strathfield": "598", "Australia_%": "19.0", "New South Wales_%": "18.1", "North Strathfield_%": "14.9", "New South Wales": "1,103,790"}, "Cared for child/children (last two weeks)": {"Australia": "5,259,400", "North Strathfield": "908", "Australia_%": "27.6", "New South Wales_%": "27.2", "North Strathfield_%": "22.6", "New South Wales": "1,659,250"}}, "Unpaid domestic work, number of hours": {"5 to 14 hours per week": {"Australia": "4,944,578", "North Strathfield": "922", "Australia_%": "26.0", "New South Wales_%": "25.1", "North Strathfield_%": "22.9", "New South Wales": "1,531,206"}, "30 hours or more per week": {"Australia": "1,710,970", "North Strathfield": "252", "Australia_%": "9.0", "New South Wales_%": "9.0", "North Strathfield_%": "6.3", "New South Wales": "545,925"}, "Less than 5 hours per week": {"Australia": "4,298,593", "North Strathfield": "1,056", "Australia_%": "22.6", "New South Wales_%": "22.3", "North Strathfield_%": "26.2", "New South Wales": "1,359,656"}, "15 to 29 hours per week": {"Australia": "2,189,776", "North Strathfield": "375", "Australia_%": "11.5", "New South Wales_%": "11.3", "North Strathfield_%": "9.3", "New South Wales": "690,934"}}, "Industry of employment, top responses": {"Cafes and Restaurants": {"Australia": "253,385", "North Strathfield": "99", "Australia_%": "2.4", "New South Wales_%": "2.4", "North Strathfield_%": "3.9", "New South Wales": "80,552"}, "Computer System Design and Related Services": {"Australia": "162,884", "North Strathfield": "126", "Australia_%": "1.5", "New South Wales_%": "1.9", "North Strathfield_%": "5.0", "New South Wales": "63,717"}, "Hospitals (except Psychiatric Hospitals)": {"Australia": "411,808", "North Strathfield": "84", "Australia_%": "3.9", "New South Wales_%": "3.5", "North Strathfield_%": "3.3", "New South Wales": "119,350"}, "Defence": {"Australia": "75,462", "North Strathfield": "149", "Australia_%": "0.7", "New South Wales_%": "0.6", "North Strathfield_%": "5.9", "New South Wales": "21,848"}, "Banking": {"Australia": "144,232", "North Strathfield": "105", "Australia_%": "1.3", "New South Wales_%": "1.9", "North Strathfield_%": "4.1", "New South Wales": "63,678"}}, "GeoInfo": {"city": "North Strathfield"}, "Education": {"University or tertiary institution": {"Australia": "1,160,626", "North Strathfield": "435", "Australia_%": "16.1", "New South Wales_%": "16.2", "North Strathfield_%": "27.4", "New South Wales": "376,133"}, "Secondary - Catholic": {"Australia": "338,384", "North Strathfield": "56", "Australia_%": "4.7", "New South Wales_%": "5.1", "North Strathfield_%": "3.5", "New South Wales": "117,689"}, "Secondary - other non Government": {"Australia": "280,618", "North Strathfield": "44", "Australia_%": "3.9", "New South Wales_%": "3.4", "North Strathfield_%": "2.8", "New South Wales": "79,915"}, "Primary - Catholic": {"Australia": "380,604", "North Strathfield": "69", "Australia_%": "5.3", "New South Wales_%": "5.3", "North Strathfield_%": "4.3", "New South Wales": "122,099"}, "Primary - Government": {"Australia": "1,314,787", "North Strathfield": "211", "Australia_%": "18.2", "New South Wales_%": "18.0", "North Strathfield_%": "13.3", "New South Wales": "417,465"}, "Other": {"Australia": "198,383", "North Strathfield": "65", "Australia_%": "2.8", "New South Wales_%": "2.7", "North Strathfield_%": "4.1", "New South Wales": "63,673"}, "Technical or further education institution": {"Australia": "424,869", "North Strathfield": "119", "Australia_%": "5.9", "New South Wales_%": "6.2", "North Strathfield_%": "7.5", "New South Wales": "144,103"}, "Secondary - Government": {"Australia": "827,505", "North Strathfield": "118", "Australia_%": "11.5", "New South Wales_%": "11.6", "North Strathfield_%": "7.4", "New South Wales": "269,249"}, "Primary - other non Government": {"Australia": "231,490", "North Strathfield": "24", "Australia_%": "3.2", "New South Wales_%": "2.9", "North Strathfield_%": "1.5", "New South Wales": "67,611"}, "Not stated": {"Australia": "1,707,023", "North Strathfield": "386", "Australia_%": "23.7", "New South Wales_%": "23.0", "North Strathfield_%": "24.3", "New South Wales": "535,266"}, "Preschool": {"Australia": "347,621", "North Strathfield": "62", "Australia_%": "4.8", "New South Wales_%": "5.7", "North Strathfield_%": "3.9", "New South Wales": "132,047"}}, "Employment": {"Unemployed": {"Australia": "787,452", "North Strathfield": "155", "Australia_%": "6.9", "New South Wales_%": "6.3", "North Strathfield_%": "5.7", "New South Wales": "225,546"}, "Worked part-time": {"Australia": "3,491,503", "North Strathfield": "699", "Australia_%": "30.4", "New South Wales_%": "29.7", "North Strathfield_%": "25.7", "New South Wales": "1,071,151"}, "Away from work": {"Australia": "569,276", "North Strathfield": "123", "Australia_%": "5.0", "New South Wales_%": "4.8", "North Strathfield_%": "4.5", "New South Wales": "174,654"}, "Worked full-time": {"Australia": "6,623,065", "North Strathfield": "1,740", "Australia_%": "57.7", "New South Wales_%": "59.2", "North Strathfield_%": "64.0", "New South Wales": "2,134,521"}}, "Travel to work, top responses": {"Walked only": {"Australia": "370,427", "North Strathfield": "76", "Australia_%": "3.5", "New South Wales_%": "3.9", "North Strathfield_%": "3.0", "New South Wales": "130,957"}, "People who travelled to work by car as driver or passenger": {"Australia": "7,305,271", "North Strathfield": "1,121", "Australia_%": "68.4", "New South Wales_%": "64.6", "North Strathfield_%": "43.8", "New South Wales": "2,182,854"}, "null": {"Australia": "None", "North Strathfield": null, "Australia_%": "None", "New South Wales_%": "None", "North Strathfield_%": null, "New South Wales": "None"}, "People who travelled to work by public transport": {"Australia": "1,225,668", "North Strathfield": "1,031", "Australia_%": "11.5", "New South Wales_%": "16.0", "North Strathfield_%": "40.2", "New South Wales": "540,215"}, "Car, as driver": {"Australia": "6,574,571", "North Strathfield": "1,002", "Australia_%": "61.5", "New South Wales_%": "57.8", "North Strathfield_%": "39.4", "New South Wales": "1,953,399"}, "Train": {"Australia": "488,012", "North Strathfield": "874", "Australia_%": "4.6", "New South Wales_%": "7.5", "North Strathfield_%": "34.3", "New South Wales": "252,786"}, "Train, bus": {"Australia": "104,122", "North Strathfield": "78", "Australia_%": "1.0", "New South Wales_%": "1.8", "North Strathfield_%": "3.1", "New South Wales": "60,155"}, "Car, as passenger": {"Australia": "489,922", "North Strathfield": "68", "Australia_%": "4.6", "New South Wales_%": "4.3", "North Strathfield_%": "2.7", "New South Wales": "144,820"}}, "Occupation": {"Professionals": {"Australia": "2,370,966", "North Strathfield": "802", "Australia_%": "22.2", "New South Wales_%": "23.6", "North Strathfield_%": "31.4", "New South Wales": "798,126"}, "Technicians and Trades Workers": {"Australia": "1,447,414", "North Strathfield": "306", "Australia_%": "13.5", "New South Wales_%": "12.7", "North Strathfield_%": "12.0", "New South Wales": "429,239"}, "Community and Personal Service Workers": {"Australia": "1,157,003", "North Strathfield": "258", "Australia_%": "10.8", "New South Wales_%": "10.4", "North Strathfield_%": "10.1", "New South Wales": "350,261"}, "Clerical and Administrative Workers": {"Australia": "1,449,681", "North Strathfield": "376", "Australia_%": "13.6", "New South Wales_%": "13.8", "North Strathfield_%": "14.7", "New South Wales": "467,977"}, "Machinery Operators and Drivers": {"Australia": "670,106", "North Strathfield": "76", "Australia_%": "6.3", "New South Wales_%": "6.1", "North Strathfield_%": "3.0", "New South Wales": "206,839"}, "Labourers": {"Australia": "1,011,520", "North Strathfield": "167", "Australia_%": "9.5", "New South Wales_%": "8.8", "North Strathfield_%": "6.5", "New South Wales": "297,887"}, "Sales Workers": {"Australia": "1,000,955", "North Strathfield": "191", "Australia_%": "9.4", "New South Wales_%": "9.2", "North Strathfield_%": "7.5", "New South Wales": "311,414"}, "Managers": {"Australia": "1,390,047", "North Strathfield": "312", "Australia_%": "13.0", "New South Wales_%": "13.5", "North Strathfield_%": "12.2", "New South Wales": "456,084"}}}