{"GeoInfo": {"city": "Oolong"}, "summaryTable_qsDwelling": {"Median monthly mortgage repayments": "$0", "All private dwellings": "23", "Average people per household": "2.6", "Median weekly household income": "$1,958", "Median weekly rent": "$50", "Average motor vehicles per dwelling": "2"}, "summaryTable_qsPeople": {"Male": "50.9%", "Median age": "43", "Female": "49.1%", "People": "61"}, "summaryTable_qsFamilies": {"for all families": "0.9", "for families with children": "1.8", "Families": "16", "Average children per family": "None"}}