{"GeoInfo": {"city": "Pejar"}, "summaryTable_qsDwelling": {"Median monthly mortgage repayments": "$1,706", "All private dwellings": "29", "Average people per household": "2.7", "Median weekly household income": "$1,562", "Median weekly rent": "$100", "Average motor vehicles per dwelling": "3"}, "summaryTable_qsPeople": {"Male": "50%", "Median age": "53", "Female": "50%", "People": "50"}, "summaryTable_qsFamilies": {"for all families": "0.8", "for families with children": "2", "Families": "17", "Average children per family": "None"}}