{"Employment - hours worked": {"40 hours or more per week": {"New South Wales_%": "44.1", "Australia": "4,591,801", "Picnic Point_%": "46.9", "Australia_%": "43.0", "Picnic Point": "1,422", "New South Wales": "1,489,099"}, "25-34 hours per week": {"New South Wales_%": "10.5", "Australia": "1,193,445", "Picnic Point_%": "9.9", "Australia_%": "11.2", "Picnic Point": "300", "New South Wales": "353,702"}, "16-24 hours per week": {"New South Wales_%": "10.4", "Australia": "1,079,236", "Picnic Point_%": "11.0", "Australia_%": "10.1", "Picnic Point": "333", "New South Wales": "352,817"}, "35-39 hours per week": {"New South Wales_%": "19.1", "Australia": "2,031,263", "Picnic Point_%": "17.1", "Australia_%": "19.0", "Picnic Point": "519", "New South Wales": "645,428"}, "1-15 hours per week": {"New South Wales_%": "10.8", "Australia": "1,218,823", "Picnic Point_%": "10.1", "Australia_%": "11.4", "Picnic Point": "307", "New South Wales": "364,637"}}, "Number of registered motor vehicles": {"2 motor vehicles": {"New South Wales_%": "34.1", "Australia": "2,999,184", "Picnic Point_%": "44.2", "Australia_%": "36.2", "Picnic Point": "872", "New South Wales": "887,849"}, "None": {"New South Wales_%": "9.2", "Australia": "623,829", "Picnic Point_%": "3.1", "Australia_%": "7.5", "Picnic Point": "62", "New South Wales": "239,625"}, "Number of motor vehicles not stated": {"New South Wales_%": "3.7", "Australia": "285,197", "Picnic Point_%": "2.5", "Australia_%": "3.4", "Picnic Point": "49", "New South Wales": "95,623"}, "1 motor vehicle": {"New South Wales_%": "36.3", "Australia": "2,881,485", "Picnic Point_%": "26.4", "Australia_%": "34.8", "Picnic Point": "520", "New South Wales": "946,159"}, "3 or more vehicles": {"New South Wales_%": "16.7", "Australia": "1,496,382", "Picnic Point_%": "23.8", "Australia_%": "18.1", "Picnic Point": "470", "New South Wales": "435,053"}}, "Employment status of parents in couple families": {"Labour force status not stated (by one or both parents in a couple family)": {"New South Wales_%": "5.7", "Australia": "311,381", "Picnic Point_%": "4.9", "Australia_%": "6.2", "Picnic Point": "72", "New South Wales": "90,630"}, "One employed full-time, one part-time": {"New South Wales_%": "20.6", "Australia": "1,086,460", "Picnic Point_%": "25.9", "Australia_%": "21.7", "Picnic Point": "378", "New South Wales": "329,567"}, "One employed part-time, other not working": {"New South Wales_%": "6.1", "Australia": "302,037", "Picnic Point_%": "4.9", "Australia_%": "6.0", "Picnic Point": "72", "New South Wales": "96,933"}, "Other (includes away from work)": {"New South Wales_%": "5.1", "Australia": "264,145", "Picnic Point_%": "4.7", "Australia_%": "5.3", "Picnic Point": "68", "New South Wales": "80,905"}, "Both employed, worked full-time": {"New South Wales_%": "22.6", "Australia": "1,084,006", "Picnic Point_%": "24.0", "Australia_%": "21.6", "Picnic Point": "350", "New South Wales": "360,916"}, "One employed full-time, other not working": {"New South Wales_%": "15.0", "Australia": "749,886", "Picnic Point_%": "13.5", "Australia_%": "15.0", "Picnic Point": "197", "New South Wales": "240,084"}, "Both employed, worked part-time": {"New South Wales_%": "4.0", "Australia": "203,596", "Picnic Point_%": "3.4", "Australia_%": "4.1", "Picnic Point": "50", "New South Wales": "63,106"}, "Both not working": {"New South Wales_%": "21.0", "Australia": "1,006,697", "Picnic Point_%": "18.7", "Australia_%": "20.1", "Picnic Point": "273", "New South Wales": "334,742"}}, "Country of birth of mother, stated responses": {"England": {"New South Wales_%": "4.3", "Australia": "1,302,147", "Picnic Point_%": "3.0", "Australia_%": "5.6", "Picnic Point": "182", "New South Wales": "322,472"}, "Australia": {"New South Wales_%": "51.9", "Australia": "12,643,365", "Picnic Point_%": "58.4", "Australia_%": "54.0", "Picnic Point": "3,584", "New South Wales": "3,884,762"}, "Lebanon": {"New South Wales_%": "1.7", "Australia": "176,241", "Picnic Point_%": "3.7", "Australia_%": "0.8", "Picnic Point": "229", "New South Wales": "129,707"}, "China (excludes SARs and Taiwan)": {"New South Wales_%": "4.4", "Australia": "699,074", "Picnic Point_%": "2.9", "Australia_%": "3.0", "Picnic Point": "177", "New South Wales": "329,967"}, "Greece": {"New South Wales_%": "0.9", "Australia": "206,674", "Picnic Point_%": "2.9", "Australia_%": "0.9", "Picnic Point": "176", "New South Wales": "66,182"}}, "Dwelling structure": {"Other dwelling": {"New South Wales_%": "0.9", "Australia": "64,425", "Picnic Point_%": "0.0", "Australia_%": "0.8", "Picnic Point": "0", "New South Wales": "23,580"}, "Semi-detached, row or terrace house, townhouse etc": {"New South Wales_%": "12.2", "Australia": "1,055,016", "Picnic Point_%": "23.4", "Australia_%": "12.7", "Picnic Point": "462", "New South Wales": "317,453"}, "Separate house": {"New South Wales_%": "66.4", "Australia": "6,041,788", "Picnic Point_%": "76.2", "Australia_%": "72.9", "Picnic Point": "1,508", "New South Wales": "1,729,820"}, "Flat or apartment": {"New South Wales_%": "19.9", "Australia": "1,087,434", "Picnic Point_%": "0.2", "Australia_%": "13.1", "Picnic Point": "3", "New South Wales": "519,390"}}, "Number of bedrooms": {"1 bedroom": {"New South Wales_%": "6.0", "Australia": "411,252", "Picnic Point_%": "0.4", "Australia_%": "5.0", "Picnic Point": "8", "New South Wales": "157,194"}, "3 bedrooms": {"New South Wales_%": "37.2", "Australia": "3,403,190", "Picnic Point_%": "44.0", "Australia_%": "41.1", "Picnic Point": "869", "New South Wales": "970,001"}, "Average number of people per household": {"New South Wales_%": "--", "Australia": "2.6", "Picnic Point_%": "--", "Australia_%": "--", "Picnic Point": "3", "New South Wales": "2.6"}, "2 bedrooms": {"New South Wales_%": "22.2", "Australia": "1,562,759", "Picnic Point_%": "5.3", "Australia_%": "18.9", "Picnic Point": "105", "New South Wales": "577,675"}, "4 or more bedrooms": {"New South Wales_%": "31.3", "Australia": "2,670,758", "Picnic Point_%": "48.6", "Australia_%": "32.2", "Picnic Point": "959", "New South Wales": "816,405"}, "None (includes bedsitters)": {"New South Wales_%": "0.7", "Australia": "39,769", "Picnic Point_%": "0.2", "Australia_%": "0.5", "Picnic Point": "3", "New South Wales": "17,157"}, "Number of bedrooms not stated": {"New South Wales_%": "2.5", "Australia": "198,351", "Picnic Point_%": "1.6", "Australia_%": "2.4", "Picnic Point": "31", "New South Wales": "65,888"}, "Average number of bedrooms per dwelling": {"New South Wales_%": "--", "Australia": "3.1", "Picnic Point_%": "--", "Australia_%": "--", "Picnic Point": "3.6", "New South Wales": "3"}}, "summaryTable_qsFamilies": {"for all families": "1", "for families with children": "1.9", "Families": "1,714", "Average children per family": "None"}, "People characteristics": {"Male": {"New South Wales_%": "49.7", "Australia": "322,171", "Picnic Point_%": "48.6", "Australia_%": "49.6", "Picnic Point": "34", "New South Wales": "107,368"}, "Median age": {"New South Wales_%": "--", "Australia": "23", "Picnic Point_%": "--", "Australia_%": "--", "Picnic Point": "24", "New South Wales": "22"}, "Female": {"New South Wales_%": "50.3", "Australia": "326,996", "Picnic Point_%": "51.4", "Australia_%": "50.4", "Picnic Point": "36", "New South Wales": "108,809"}}, "Dwelling count": {"Unoccupied private dwellings": {"New South Wales_%": "9.9", "Australia": "1,039,874", "Picnic Point_%": "5.1", "Australia_%": "11.2", "Picnic Point": "107", "New South Wales": "284,741"}, "Occupied private dwellings": {"New South Wales_%": "90.1", "Australia": "8,286,073", "Picnic Point_%": "94.9", "Australia_%": "88.8", "Picnic Point": "1,978", "New South Wales": "2,604,320"}}, "Level of highest educational attainment": {"Certificate level III": {"New South Wales_%": "12.0", "Australia": "2,442,203", "Picnic Point_%": "14.7", "Australia_%": "12.8", "Picnic Point": "707", "New South Wales": "730,498"}, "Certificate level II": {"New South Wales_%": "0.1", "Australia": "13,454", "Picnic Point_%": "0.0", "Australia_%": "0.1", "Picnic Point": "0", "New South Wales": "4,849"}, "No educational attainment": {"New South Wales_%": "0.9", "Australia": "145,844", "Picnic Point_%": "0.4", "Australia_%": "0.8", "Picnic Point": "20", "New South Wales": "54,870"}, "Bachelor Degree level and above": {"New South Wales_%": "23.4", "Australia": "4,181,406", "Picnic Point_%": "22.1", "Australia_%": "22.0", "Picnic Point": "1,063", "New South Wales": "1,424,716"}, "Certificate level I": {"New South Wales_%": "0.0", "Australia": "2,176", "Picnic Point_%": "0.0", "Australia_%": "0.0", "Picnic Point": "0", "New South Wales": "625"}, "Year 11": {"New South Wales_%": "3.3", "Australia": "941,531", "Picnic Point_%": "3.0", "Australia_%": "4.9", "Picnic Point": "142", "New South Wales": "203,574"}, "Not stated": {"New South Wales_%": "10.3", "Australia": "1,974,794", "Picnic Point_%": "7.9", "Australia_%": "10.4", "Picnic Point": "380", "New South Wales": "627,465"}, "Year 9 or below": {"New South Wales_%": "8.4", "Australia": "1,529,897", "Picnic Point_%": "6.5", "Australia_%": "8.0", "Picnic Point": "311", "New South Wales": "513,209"}, "Certificate level IV": {"New South Wales_%": "2.8", "Australia": "551,767", "Picnic Point_%": "3.0", "Australia_%": "2.9", "Picnic Point": "144", "New South Wales": "167,947"}, "Year 10": {"New South Wales_%": "11.5", "Australia": "2,054,331", "Picnic Point_%": "12.8", "Australia_%": "10.8", "Picnic Point": "615", "New South Wales": "702,178"}, "Year 12": {"New South Wales_%": "15.3", "Australia": "2,994,097", "Picnic Point_%": "15.5", "Australia_%": "15.7", "Picnic Point": "746", "New South Wales": "930,654"}, "Advanced Diploma and Diploma level": {"New South Wales_%": "8.9", "Australia": "1,687,893", "Picnic Point_%": "10.2", "Australia_%": "8.9", "Picnic Point": "490", "New South Wales": "543,142"}}, "Median weekly incomes": {"Personal": {"New South Wales_%": "--", "Australia": "662", "Picnic Point_%": "--", "Australia_%": "--", "Picnic Point": "780", "New South Wales": "664"}, "Household": {"New South Wales_%": "--", "Australia": "1,438", "Picnic Point_%": "--", "Australia_%": "--", "Picnic Point": "2,015", "New South Wales": "1,486"}, "Family": {"New South Wales_%": "--", "Australia": "1,734", "Picnic Point_%": "--", "Australia_%": "--", "Picnic Point": "2,214", "New South Wales": "1,780"}}, "Family composition": {"Other family": {"New South Wales_%": "1.7", "Australia": "102,559", "Picnic Point_%": "1.1", "Australia_%": "1.7", "Picnic Point": "19", "New South Wales": "32,438"}, "Couple family with children": {"New South Wales_%": "45.7", "Australia": "2,716,224", "Picnic Point_%": "55.5", "Australia_%": "44.7", "Picnic Point": "952", "New South Wales": "887,358"}, "Couple family without children": {"New South Wales_%": "36.6", "Australia": "2,291,987", "Picnic Point_%": "29.9", "Australia_%": "37.8", "Picnic Point": "512", "New South Wales": "709,524"}, "One parent family": {"New South Wales_%": "16.0", "Australia": "959,543", "Picnic Point_%": "13.5", "Australia_%": "15.8", "Picnic Point": "231", "New South Wales": "310,906"}}, "Dwelling internet connection": {"Not stated": {"New South Wales_%": "2.8", "Australia": "221,494", "Picnic Point_%": "2.3", "Australia_%": "2.7", "Picnic Point": "46", "New South Wales": "73,565"}, "Internet not accessed from dwelling": {"New South Wales_%": "14.7", "Australia": "1,172,415", "Picnic Point_%": "10.9", "Australia_%": "14.1", "Picnic Point": "215", "New South Wales": "381,709"}, "Internet accessed from dwelling": {"New South Wales_%": "82.5", "Australia": "6,892,165", "Picnic Point_%": "86.8", "Australia_%": "83.2", "Picnic Point": "1,713", "New South Wales": "2,149,040"}}, "Social marital status": {"Not married": {"New South Wales_%": "42.3", "Australia": "7,024,973", "Picnic Point_%": "36.1", "Australia_%": "41.9", "Picnic Point": "1,616", "New South Wales": "2,290,887"}, "De facto marriage": {"New South Wales_%": "9.4", "Australia": "1,751,731", "Picnic Point_%": "5.6", "Australia_%": "10.4", "Picnic Point": "251", "New South Wales": "506,133"}, "Registered marriage": {"New South Wales_%": "48.3", "Australia": "8,001,141", "Picnic Point_%": "58.3", "Australia_%": "47.7", "Picnic Point": "2,609", "New South Wales": "2,612,630"}}, "Household composition": {"Family households": {"New South Wales_%": "72.0", "Australia": "5,907,625", "Picnic Point_%": "83.6", "Australia_%": "71.3", "Picnic Point": "1,655", "New South Wales": "1,874,524"}, "Group households": {"New South Wales_%": "4.2", "Australia": "354,917", "Picnic Point_%": "1.1", "Australia_%": "4.3", "Picnic Point": "21", "New South Wales": "109,004"}, "Single (or lone) person households": {"New South Wales_%": "23.8", "Australia": "2,023,542", "Picnic Point_%": "15.4", "Australia_%": "24.4", "Picnic Point": "304", "New South Wales": "620,778"}}, "People": {"Male": {"New South Wales_%": "49.3", "Australia": "11,546,638", "Picnic Point_%": "48.8", "Australia_%": "49.3", "Picnic Point": "3,006", "New South Wales": "3,686,014"}, "Aboriginal and/or Torres Strait Islander people": {"New South Wales_%": "2.9", "Australia": "649,171", "Picnic Point_%": "1.1", "Australia_%": "2.8", "Picnic Point": "70", "New South Wales": "216,176"}, "Female": {"New South Wales_%": "50.7", "Australia": "11,855,248", "Picnic Point_%": "51.2", "Australia_%": "50.7", "Picnic Point": "3,150", "New South Wales": "3,794,217"}}, "Language, top responses (other than English)": {"Macedonian": {"New South Wales_%": "0.4", "Australia": "66,019", "Picnic Point_%": "1.7", "Australia_%": "0.3", "Picnic Point": "102", "New South Wales": "28,144"}, "null": {"New South Wales_%": "None", "Australia": "None", "Picnic Point_%": null, "Australia_%": "None", "Picnic Point": null, "New South Wales": "None"}, "English only spoken at home": {"New South Wales_%": "68.5", "Australia": "17,020,417", "Picnic Point_%": "73.2", "Australia_%": "72.7", "Picnic Point": "4,491", "New South Wales": "5,126,633"}, "Greek": {"New South Wales_%": "1.1", "Australia": "237,588", "Picnic Point_%": "4.2", "Australia_%": "1.0", "Picnic Point": "260", "New South Wales": "81,683"}, "Households where a non English language is spoken": {"New South Wales_%": "26.5", "Australia": "1,971,011", "Picnic Point_%": "26.3", "Australia_%": "22.2", "Picnic Point": "541", "New South Wales": "735,563"}, "Cantonese": {"New South Wales_%": "1.9", "Australia": "280,943", "Picnic Point_%": "1.5", "Australia_%": "1.2", "Picnic Point": "92", "New South Wales": "143,333"}, "Mandarin": {"New South Wales_%": "3.2", "Australia": "596,711", "Picnic Point_%": "1.8", "Australia_%": "2.5", "Picnic Point": "113", "New South Wales": "239,945"}, "Arabic": {"New South Wales_%": "2.7", "Australia": "321,728", "Picnic Point_%": "5.2", "Australia_%": "1.4", "Picnic Point": "322", "New South Wales": "200,825"}}, "summaryTable_qsDwelling": {"Median monthly mortgage repayments": "$2,349", "All private dwellings": "2,168", "Average people per household": "3", "Median weekly household income": "$2,015", "Median weekly rent": "$525", "Average motor vehicles per dwelling": "2.1"}, "Household income": {"Less than $650 gross weekly income": {"New South Wales_%": "19.7", "Australia": "--", "Picnic Point_%": "13.5", "Australia_%": "20.0", "Picnic Point": "--", "New South Wales": "--"}, "More than $3000 gross weekly income": {"New South Wales_%": "18.7", "Australia": "--", "Picnic Point_%": "27.9", "Australia_%": "16.4", "Picnic Point": "--", "New South Wales": "--"}}, "Country of birth": {"Other top responses": {"Picnic Point": "None", "Picnic Point_%": "None"}, "Australia": {"New South Wales_%": "65.5", "Australia": "15,614,835", "Picnic Point_%": "76.8", "Australia_%": "66.7", "Picnic Point": "4,705", "New South Wales": "4,899,090"}, "England": {"New South Wales_%": "3.0", "Australia": "907,570", "Picnic Point_%": "1.7", "Australia_%": "3.9", "Picnic Point": "105", "New South Wales": "226,564"}, "Lebanon": {"New South Wales_%": "0.8", "Australia": "78,653", "Picnic Point_%": "1.3", "Australia_%": "0.3", "Picnic Point": "80", "New South Wales": "57,381"}, "China (excludes SARs and Taiwan)": {"New South Wales_%": "3.1", "Australia": "509,555", "Picnic Point_%": "1.7", "Australia_%": "2.2", "Picnic Point": "107", "New South Wales": "234,508"}, "Vietnam": {"New South Wales_%": "1.1", "Australia": "219,355", "Picnic Point_%": "1.1", "Australia_%": "0.9", "Picnic Point": "69", "New South Wales": "84,130"}, "New Zealand": {"New South Wales_%": "1.6", "Australia": "518,466", "Picnic Point_%": "1.0", "Australia_%": "2.2", "Picnic Point": "64", "New South Wales": "117,136"}}, "Religious affiliation, top responses": {"No Religion, so described": {"New South Wales_%": "25.1", "Australia": "6,933,708", "Picnic Point_%": "16.6", "Australia_%": "29.6", "Picnic Point": "1,021", "New South Wales": "1,879,562"}, "Catholic": {"New South Wales_%": "24.7", "Australia": "5,291,834", "Picnic Point_%": "30.5", "Australia_%": "22.6", "Picnic Point": "1,880", "New South Wales": "1,846,443"}, "Not stated": {"New South Wales_%": "9.2", "Australia": "2,238,735", "Picnic Point_%": "8.0", "Australia_%": "9.6", "Picnic Point": "493", "New South Wales": "684,969"}, "Eastern Orthodox": {"New South Wales_%": "2.5", "Australia": "502,801", "Picnic Point_%": "9.4", "Australia_%": "2.1", "Picnic Point": "580", "New South Wales": "188,442"}, "Anglican": {"New South Wales_%": "15.5", "Australia": "3,101,185", "Picnic Point_%": "16.5", "Australia_%": "13.3", "Picnic Point": "1,014", "New South Wales": "1,161,810"}}, "Ancestry, top responses": {"Greek": {"New South Wales_%": "1.3", "Australia": "397,431", "Picnic Point_%": "4.9", "Australia_%": "1.3", "Picnic Point": "411", "New South Wales": "132,829"}, "Australian": {"New South Wales_%": "22.9", "Australia": "7,298,243", "Picnic Point_%": "23.1", "Australia_%": "23.3", "Picnic Point": "1,918", "New South Wales": "2,261,062"}, "Scottish": {"New South Wales_%": "5.9", "Australia": "2,023,470", "Picnic Point_%": "5.9", "Australia_%": "6.4", "Picnic Point": "493", "New South Wales": "587,052"}, "Irish": {"New South Wales_%": "7.5", "Australia": "2,388,058", "Picnic Point_%": "8.2", "Australia_%": "7.6", "Picnic Point": "683", "New South Wales": "741,671"}, "English": {"New South Wales_%": "23.3", "Australia": "7,852,224", "Picnic Point_%": "20.7", "Australia_%": "25.0", "Picnic Point": "1,725", "New South Wales": "2,302,481"}}, "Age": {"35-39 years": {"New South Wales_%": "6.7", "Australia": "1,561,679", "Picnic Point_%": "6.8", "Australia_%": "6.7", "Picnic Point": "419", "New South Wales": "499,724"}, "60-64 years": {"New South Wales_%": "5.6", "Australia": "1,299,397", "Picnic Point_%": "5.6", "Australia_%": "5.6", "Picnic Point": "347", "New South Wales": "420,044"}, "30-34 years": {"New South Wales_%": "7.2", "Australia": "1,703,847", "Picnic Point_%": "5.8", "Australia_%": "7.3", "Picnic Point": "356", "New South Wales": "540,360"}, "0-4 years": {"New South Wales_%": "6.2", "Australia": "1,464,779", "Picnic Point_%": "6.7", "Australia_%": "6.3", "Picnic Point": "412", "New South Wales": "465,135"}, "25-29 years": {"New South Wales_%": "7.0", "Australia": "1,664,602", "Picnic Point_%": "4.7", "Australia_%": "7.1", "Picnic Point": "287", "New South Wales": "527,161"}, "10-14 years": {"New South Wales_%": "5.9", "Australia": "1,397,183", "Picnic Point_%": "7.0", "Australia_%": "6.0", "Picnic Point": "430", "New South Wales": "443,009"}, "5-9 years": {"New South Wales_%": "6.4", "Australia": "1,502,646", "Picnic Point_%": "7.8", "Australia_%": "6.4", "Picnic Point": "482", "New South Wales": "478,184"}, "Median age": {"New South Wales_%": "--", "Australia": "38", "Picnic Point_%": "--", "Australia_%": "--", "Picnic Point": "39", "New South Wales": "38"}, "50-54 years": {"New South Wales_%": "6.5", "Australia": "1,523,551", "Picnic Point_%": "6.6", "Australia_%": "6.5", "Picnic Point": "406", "New South Wales": "485,546"}, "80-84 years": {"New South Wales_%": "2.1", "Australia": "460,549", "Picnic Point_%": "2.0", "Australia_%": "2.0", "Picnic Point": "125", "New South Wales": "155,806"}, "40-44 years": {"New South Wales_%": "6.7", "Australia": "1,583,257", "Picnic Point_%": "7.3", "Australia_%": "6.8", "Picnic Point": "451", "New South Wales": "503,169"}, "70-74 years": {"New South Wales_%": "3.9", "Australia": "887,716", "Picnic Point_%": "3.2", "Australia_%": "3.8", "Picnic Point": "197", "New South Wales": "292,556"}, "15-19 years": {"New South Wales_%": "6.0", "Australia": "1,421,595", "Picnic Point_%": "6.4", "Australia_%": "6.1", "Picnic Point": "392", "New South Wales": "448,425"}, "65-69 years": {"New South Wales_%": "5.1", "Australia": "1,188,999", "Picnic Point_%": "5.0", "Australia_%": "5.1", "Picnic Point": "307", "New South Wales": "384,470"}, "20-24 years": {"New South Wales_%": "6.5", "Australia": "1,566,793", "Picnic Point_%": "5.9", "Australia_%": "6.7", "Picnic Point": "361", "New South Wales": "489,673"}, "55-59 years": {"New South Wales_%": "6.3", "Australia": "1,454,332", "Picnic Point_%": "6.4", "Australia_%": "6.2", "Picnic Point": "396", "New South Wales": "469,726"}, "75-79 years": {"New South Wales_%": "2.9", "Australia": "652,657", "Picnic Point_%": "2.9", "Australia_%": "2.8", "Picnic Point": "180", "New South Wales": "217,308"}, "45-49 years": {"New South Wales_%": "6.6", "Australia": "1,581,455", "Picnic Point_%": "7.6", "Australia_%": "6.8", "Picnic Point": "465", "New South Wales": "492,440"}, "85 years and over": {"New South Wales_%": "2.2", "Australia": "486,842", "Picnic Point_%": "2.2", "Australia_%": "2.1", "Picnic Point": "136", "New South Wales": "167,506"}}, "Single (or lone) parents": {"Male": {"New South Wales_%": "17.8", "Australia": "--", "Picnic Point_%": "14.2", "Australia_%": "18.2", "Picnic Point": "--", "New South Wales": "--"}, "Female": {"New South Wales_%": "82.2", "Australia": "--", "Picnic Point_%": "85.8", "Australia_%": "81.8", "Picnic Point": "--", "New South Wales": "--"}}, "Mortgage monthly repayments": {"Median mortgage repayments": {"New South Wales_%": "--", "Australia": "1,755", "Picnic Point_%": "--", "Australia_%": "--", "Picnic Point": "2,349", "New South Wales": "1,986"}, "Households where mortgage repayments are less than 30% of household income": {"New South Wales_%": "92.6", "Australia": "--", "Picnic Point_%": "90.2", "Australia_%": "92.8", "Picnic Point": "--", "New South Wales": "--"}, "Households with mortgage repayments greater than or equal to 30% of household income": {"New South Wales_%": "7.4", "Australia": "--", "Picnic Point_%": "9.8", "Australia_%": "7.2", "Picnic Point": "--", "New South Wales": "--"}}, "Mortgage and rent": {"Median monthly mortgage repayments": {"New South Wales_%": "--", "Australia": "1,660", "Picnic Point_%": "--", "Australia_%": "--", "Picnic Point": "2,893", "New South Wales": "1,733"}, "Median weekly rent": {"New South Wales_%": "--", "Australia": "250", "Picnic Point_%": "--", "Australia_%": "--", "Picnic Point": "365", "New South Wales": "270"}}, "Tenure": {"Rented": {"New South Wales_%": "31.8", "Australia": "2,561,302", "Picnic Point_%": "13.6", "Australia_%": "30.9", "Picnic Point": "270", "New South Wales": "826,922"}, "Owned outright": {"New South Wales_%": "32.2", "Australia": "2,565,695", "Picnic Point_%": "42.1", "Australia_%": "31.0", "Picnic Point": "833", "New South Wales": "839,665"}, "Owned with a mortgage": {"New South Wales_%": "32.3", "Australia": "2,855,222", "Picnic Point_%": "41.8", "Australia_%": "34.5", "Picnic Point": "828", "New South Wales": "840,004"}, "Tenure type not stated": {"New South Wales_%": "2.8", "Australia": "224,869", "Picnic Point_%": "2.2", "Australia_%": "2.7", "Picnic Point": "43", "New South Wales": "73,763"}, "Other tenure type": {"New South Wales_%": "0.9", "Australia": "78,994", "Picnic Point_%": "0.3", "Australia_%": "1.0", "Picnic Point": "5", "New South Wales": "23,968"}}, "Country of birth of father, stated responses": {"England": {"New South Wales_%": "4.8", "Australia": "1,403,096", "Picnic Point_%": "3.9", "Australia_%": "6.0", "Picnic Point": "239", "New South Wales": "359,370"}, "Australia": {"New South Wales_%": "50.1", "Australia": "12,231,150", "Picnic Point_%": "54.0", "Australia_%": "52.3", "Picnic Point": "3,330", "New South Wales": "3,745,787"}, "Lebanon": {"New South Wales_%": "1.9", "Australia": "196,333", "Picnic Point_%": "4.1", "Australia_%": "0.8", "Picnic Point": "252", "New South Wales": "143,993"}, "China (excludes SARs and Taiwan)": {"New South Wales_%": "4.4", "Australia": "704,658", "Picnic Point_%": "3.1", "Australia_%": "3.0", "Picnic Point": "191", "New South Wales": "332,465"}, "Greece": {"New South Wales_%": "1.0", "Australia": "226,920", "Picnic Point_%": "3.3", "Australia_%": "1.0", "Picnic Point": "204", "New South Wales": "72,635"}}, "Country of birth of father and/or mother, stated responses": {"Father only born overseas": {"New South Wales_%": "6.1", "Australia": "1,488,092", "Picnic Point_%": "8.8", "Australia_%": "6.4", "Picnic Point": "539", "New South Wales": "458,394"}, "Mother only born overseas": {"New South Wales_%": "4.3", "Australia": "1,094,591", "Picnic Point_%": "4.7", "Australia_%": "4.7", "Picnic Point": "292", "New South Wales": "325,182"}, "Both parents born overseas": {"New South Wales_%": "37.0", "Australia": "8,051,196", "Picnic Point_%": "32.2", "Australia_%": "34.4", "Picnic Point": "1,983", "New South Wales": "2,764,170"}, "Both parents born in Australia": {"New South Wales_%": "45.4", "Australia": "11,070,538", "Picnic Point_%": "49.2", "Australia_%": "47.3", "Picnic Point": "3,025", "New South Wales": "3,399,725"}}, "Rent weekly payments": {"Households where rent payments are less than 30% of household income": {"New South Wales_%": "87.1", "Australia": "--", "Picnic Point_%": "94.6", "Australia_%": "88.5", "Picnic Point": "--", "New South Wales": "--"}, "Households with rent payments greater than or equal to 30% of household income": {"New South Wales_%": "12.9", "Australia": "--", "Picnic Point_%": "5.4", "Australia_%": "11.5", "Picnic Point": "--", "New South Wales": "--"}, "Median rent": {"New South Wales_%": "--", "Australia": "335", "Picnic Point_%": "--", "Australia_%": "--", "Picnic Point": "525", "New South Wales": "380"}}, "Registered marital status": {"Separated": {"New South Wales_%": "3.1", "Australia": "608,059", "Picnic Point_%": "2.2", "Australia_%": "3.2", "Picnic Point": "106", "New South Wales": "190,198"}, "Widowed": {"New South Wales_%": "5.4", "Australia": "985,204", "Picnic Point_%": "5.2", "Australia_%": "5.2", "Picnic Point": "249", "New South Wales": "331,653"}, "Married": {"New South Wales_%": "48.7", "Australia": "9,148,218", "Picnic Point_%": "58.8", "Australia_%": "48.1", "Picnic Point": "2,843", "New South Wales": "2,965,280"}, "Divorced": {"New South Wales_%": "8.4", "Australia": "1,626,890", "Picnic Point_%": "6.4", "Australia_%": "8.5", "Picnic Point": "309", "New South Wales": "512,298"}, "Never married": {"New South Wales_%": "34.4", "Australia": "6,668,910", "Picnic Point_%": "27.4", "Australia_%": "35.0", "Picnic Point": "1,325", "New South Wales": "2,094,460"}}, "summaryTable_qsPeople": {"Male": "48.8%", "Median age": "39", "Female": "51.2%", "People": "6,160"}, "Dwelling characteristics": {"Average number of people per household": {"New South Wales_%": "--", "Australia": "3.2", "Picnic Point_%": "--", "Australia_%": "--", "Picnic Point": "3.1", "New South Wales": "3.1"}, "Average number of persons per bedroom": {"New South Wales_%": "--", "Australia": "1", "Picnic Point_%": "--", "Australia_%": "--", "Picnic Point": "0.9", "New South Wales": "1"}, "Median weekly household income": {"New South Wales_%": "--", "Australia": "1,203", "Picnic Point_%": "--", "Australia_%": "--", "Picnic Point": "1,958", "New South Wales": "1,214"}}, "Unpaid work": {"Did unpaid domestic work (last week)": {"New South Wales_%": "67.7", "Australia": "13,143,914", "Picnic Point_%": "72.5", "Australia_%": "69.0", "Picnic Point": "3,498", "New South Wales": "4,127,723"}, "Provided unpaid assistance to a person with a disability (last two weeks)": {"New South Wales_%": "11.6", "Australia": "2,145,203", "Picnic Point_%": "13.4", "Australia_%": "11.3", "Picnic Point": "650", "New South Wales": "709,415"}, "Did voluntary work through an organisation or group (last 12 months)": {"New South Wales_%": "18.1", "Australia": "3,620,726", "Picnic Point_%": "18.8", "Australia_%": "19.0", "Picnic Point": "910", "New South Wales": "1,103,790"}, "Cared for child/children (last two weeks)": {"New South Wales_%": "27.2", "Australia": "5,259,400", "Picnic Point_%": "32.9", "Australia_%": "27.6", "Picnic Point": "1,590", "New South Wales": "1,659,250"}}, "Unpaid domestic work, number of hours": {"5 to 14 hours per week": {"New South Wales_%": "25.1", "Australia": "4,944,578", "Picnic Point_%": "25.8", "Australia_%": "26.0", "Picnic Point": "1,247", "New South Wales": "1,531,206"}, "30 hours or more per week": {"New South Wales_%": "9.0", "Australia": "1,710,970", "Picnic Point_%": "10.1", "Australia_%": "9.0", "Picnic Point": "487", "New South Wales": "545,925"}, "Less than 5 hours per week": {"New South Wales_%": "22.3", "Australia": "4,298,593", "Picnic Point_%": "23.6", "Australia_%": "22.6", "Picnic Point": "1,142", "New South Wales": "1,359,656"}, "15 to 29 hours per week": {"New South Wales_%": "11.3", "Australia": "2,189,776", "Picnic Point_%": "13.0", "Australia_%": "11.5", "Picnic Point": "629", "New South Wales": "690,934"}}, "Industry of employment, top responses": {"Primary Education": {"New South Wales_%": "1.9", "Australia": "231,198", "Picnic Point_%": "3.7", "Australia_%": "2.2", "Picnic Point": "109", "New South Wales": "65,204"}, "Computer System Design and Related Services": {"New South Wales_%": "1.9", "Australia": "162,884", "Picnic Point_%": "1.8", "Australia_%": "1.5", "Picnic Point": "53", "New South Wales": "63,717"}, "Hospitals (except Psychiatric Hospitals)": {"New South Wales_%": "3.5", "Australia": "411,808", "Picnic Point_%": "2.9", "Australia_%": "3.9", "Picnic Point": "86", "New South Wales": "119,350"}, "Banking": {"New South Wales_%": "1.9", "Australia": "144,232", "Picnic Point_%": "2.5", "Australia_%": "1.3", "Picnic Point": "73", "New South Wales": "63,678"}, "Secondary Education": {"New South Wales_%": "1.7", "Australia": "177,487", "Picnic Point_%": "2.9", "Australia_%": "1.7", "Picnic Point": "87", "New South Wales": "58,072"}}, "GeoInfo": {"city": "Picnic Point"}, "Education": {"University or tertiary institution": {"New South Wales_%": "16.2", "Australia": "1,160,626", "Picnic Point_%": "14.4", "Australia_%": "16.1", "Picnic Point": "281", "New South Wales": "376,133"}, "Secondary - Catholic": {"New South Wales_%": "5.1", "Australia": "338,384", "Picnic Point_%": "7.4", "Australia_%": "4.7", "Picnic Point": "145", "New South Wales": "117,689"}, "Secondary - other non Government": {"New South Wales_%": "3.4", "Australia": "280,618", "Picnic Point_%": "3.6", "Australia_%": "3.9", "Picnic Point": "70", "New South Wales": "79,915"}, "Primary - Catholic": {"New South Wales_%": "5.3", "Australia": "380,604", "Picnic Point_%": "7.4", "Australia_%": "5.3", "Picnic Point": "145", "New South Wales": "122,099"}, "Primary - Government": {"New South Wales_%": "18.0", "Australia": "1,314,787", "Picnic Point_%": "21.5", "Australia_%": "18.2", "Picnic Point": "420", "New South Wales": "417,465"}, "Other": {"New South Wales_%": "2.7", "Australia": "198,383", "Picnic Point_%": "1.0", "Australia_%": "2.8", "Picnic Point": "20", "New South Wales": "63,673"}, "Technical or further education institution": {"New South Wales_%": "6.2", "Australia": "424,869", "Picnic Point_%": "4.9", "Australia_%": "5.9", "Picnic Point": "96", "New South Wales": "144,103"}, "Secondary - Government": {"New South Wales_%": "11.6", "Australia": "827,505", "Picnic Point_%": "13.3", "Australia_%": "11.5", "Picnic Point": "261", "New South Wales": "269,249"}, "Primary - other non Government": {"New South Wales_%": "2.9", "Australia": "231,490", "Picnic Point_%": "2.5", "Australia_%": "3.2", "Picnic Point": "49", "New South Wales": "67,611"}, "Not stated": {"New South Wales_%": "23.0", "Australia": "1,707,023", "Picnic Point_%": "16.7", "Australia_%": "23.7", "Picnic Point": "327", "New South Wales": "535,266"}, "Preschool": {"New South Wales_%": "5.7", "Australia": "347,621", "Picnic Point_%": "7.4", "Australia_%": "4.8", "Picnic Point": "144", "New South Wales": "132,047"}}, "Employment": {"Unemployed": {"New South Wales_%": "6.3", "Australia": "787,452", "Picnic Point_%": "4.0", "Australia_%": "6.9", "Picnic Point": "125", "New South Wales": "225,546"}, "Worked part-time": {"New South Wales_%": "29.7", "Australia": "3,491,503", "Picnic Point_%": "29.9", "Australia_%": "30.4", "Picnic Point": "945", "New South Wales": "1,071,151"}, "Away from work": {"New South Wales_%": "4.8", "Australia": "569,276", "Picnic Point_%": "4.7", "Australia_%": "5.0", "Picnic Point": "150", "New South Wales": "174,654"}, "Worked full-time": {"New South Wales_%": "59.2", "Australia": "6,623,065", "Picnic Point_%": "61.4", "Australia_%": "57.7", "Picnic Point": "1,940", "New South Wales": "2,134,521"}}, "Travel to work, top responses": {"Worked at home": {"New South Wales_%": "4.8", "Australia": "503,582", "Picnic Point_%": "4.4", "Australia_%": "4.7", "Picnic Point": "135", "New South Wales": "163,026"}, "People who travelled to work by car as driver or passenger": {"New South Wales_%": "64.6", "Australia": "7,305,271", "Picnic Point_%": "71.7", "Australia_%": "68.4", "Picnic Point": "2,177", "New South Wales": "2,182,854"}, "null": {"New South Wales_%": "None", "Australia": "None", "Picnic Point_%": null, "Australia_%": "None", "Picnic Point": null, "New South Wales": "None"}, "People who travelled to work by public transport": {"New South Wales_%": "16.0", "Australia": "1,225,668", "Picnic Point_%": "16.2", "Australia_%": "11.5", "Picnic Point": "493", "New South Wales": "540,215"}, "Car, as driver": {"New South Wales_%": "57.8", "Australia": "6,574,571", "Picnic Point_%": "63.1", "Australia_%": "61.5", "Picnic Point": "1,915", "New South Wales": "1,953,399"}, "Train": {"New South Wales_%": "7.5", "Australia": "488,012", "Picnic Point_%": "9.5", "Australia_%": "4.6", "Picnic Point": "287", "New South Wales": "252,786"}, "Train, car as driver": {"New South Wales_%": "1.0", "Australia": "86,003", "Picnic Point_%": "3.2", "Australia_%": "0.8", "Picnic Point": "98", "New South Wales": "34,213"}, "Car, as passenger": {"New South Wales_%": "4.3", "Australia": "489,922", "Picnic Point_%": "3.2", "Australia_%": "4.6", "Picnic Point": "96", "New South Wales": "144,820"}}, "Occupation": {"Professionals": {"New South Wales_%": "23.6", "Australia": "2,370,966", "Picnic Point_%": "22.4", "Australia_%": "22.2", "Picnic Point": "682", "New South Wales": "798,126"}, "Technicians and Trades Workers": {"New South Wales_%": "12.7", "Australia": "1,447,414", "Picnic Point_%": "13.2", "Australia_%": "13.5", "Picnic Point": "401", "New South Wales": "429,239"}, "Community and Personal Service Workers": {"New South Wales_%": "10.4", "Australia": "1,157,003", "Picnic Point_%": "8.4", "Australia_%": "10.8", "Picnic Point": "255", "New South Wales": "350,261"}, "Clerical and Administrative Workers": {"New South Wales_%": "13.8", "Australia": "1,449,681", "Picnic Point_%": "20.5", "Australia_%": "13.6", "Picnic Point": "624", "New South Wales": "467,977"}, "Machinery Operators and Drivers": {"New South Wales_%": "6.1", "Australia": "670,106", "Picnic Point_%": "3.8", "Australia_%": "6.3", "Picnic Point": "117", "New South Wales": "206,839"}, "Labourers": {"New South Wales_%": "8.8", "Australia": "1,011,520", "Picnic Point_%": "5.2", "Australia_%": "9.5", "Picnic Point": "159", "New South Wales": "297,887"}, "Sales Workers": {"New South Wales_%": "9.2", "Australia": "1,000,955", "Picnic Point_%": "8.7", "Australia_%": "9.4", "Picnic Point": "263", "New South Wales": "311,414"}, "Managers": {"New South Wales_%": "13.5", "Australia": "1,390,047", "Picnic Point_%": "16.0", "Australia_%": "13.0", "Picnic Point": "486", "New South Wales": "456,084"}}}