{"Employment - hours worked": {"40 hours or more per week": {"Australia": "4,591,801", "Piallamore_%": "47.6", "Australia_%": "43.0", "New South Wales_%": "44.1", "Piallamore": "60", "New South Wales": "1,489,099"}, "25-34 hours per week": {"Australia": "1,193,445", "Piallamore_%": "9.5", "Australia_%": "11.2", "New South Wales_%": "10.5", "Piallamore": "12", "New South Wales": "353,702"}, "16-24 hours per week": {"Australia": "1,079,236", "Piallamore_%": "7.9", "Australia_%": "10.1", "New South Wales_%": "10.4", "Piallamore": "10", "New South Wales": "352,817"}, "35-39 hours per week": {"Australia": "2,031,263", "Piallamore_%": "21.4", "Australia_%": "19.0", "New South Wales_%": "19.1", "Piallamore": "27", "New South Wales": "645,428"}, "1-15 hours per week": {"Australia": "1,218,823", "Piallamore_%": "11.1", "Australia_%": "11.4", "New South Wales_%": "10.8", "Piallamore": "14", "New South Wales": "364,637"}}, "Number of registered motor vehicles": {"2 motor vehicles": {"Australia": "2,999,184", "Piallamore_%": "45.3", "Australia_%": "36.2", "New South Wales_%": "34.1", "Piallamore": "39", "New South Wales": "887,849"}, "None": {"Australia": "623,829", "Piallamore_%": "0.0", "Australia_%": "7.5", "New South Wales_%": "9.2", "Piallamore": "0", "New South Wales": "239,625"}, "Number of motor vehicles not stated": {"Australia": "285,197", "Piallamore_%": "0.0", "Australia_%": "3.4", "New South Wales_%": "3.7", "Piallamore": "0", "New South Wales": "95,623"}, "1 motor vehicle": {"Australia": "2,881,485", "Piallamore_%": "10.5", "Australia_%": "34.8", "New South Wales_%": "36.3", "Piallamore": "9", "New South Wales": "946,159"}, "3 or more vehicles": {"Australia": "1,496,382", "Piallamore_%": "44.2", "Australia_%": "18.1", "New South Wales_%": "16.7", "Piallamore": "38", "New South Wales": "435,053"}}, "Employment status of parents in couple families": {"Labour force status not stated (by one or both parents in a couple family)": {"Australia": "311,381", "Piallamore_%": "11.8", "Australia_%": "6.2", "New South Wales_%": "5.7", "Piallamore": "8", "New South Wales": "90,630"}, "One employed full-time, one part-time": {"Australia": "1,086,460", "Piallamore_%": "22.1", "Australia_%": "21.7", "New South Wales_%": "20.6", "Piallamore": "15", "New South Wales": "329,567"}, "One employed part-time, other not working": {"Australia": "302,037", "Piallamore_%": "4.4", "Australia_%": "6.0", "New South Wales_%": "6.1", "Piallamore": "3", "New South Wales": "96,933"}, "Other (includes away from work)": {"Australia": "264,145", "Piallamore_%": "4.4", "Australia_%": "5.3", "New South Wales_%": "5.1", "Piallamore": "3", "New South Wales": "80,905"}, "Both employed, worked full-time": {"Australia": "1,084,006", "Piallamore_%": "36.8", "Australia_%": "21.6", "New South Wales_%": "22.6", "Piallamore": "25", "New South Wales": "360,916"}, "One employed full-time, other not working": {"Australia": "749,886", "Piallamore_%": "4.4", "Australia_%": "15.0", "New South Wales_%": "15.0", "Piallamore": "3", "New South Wales": "240,084"}, "Both employed, worked part-time": {"Australia": "203,596", "Piallamore_%": "0.0", "Australia_%": "4.1", "New South Wales_%": "4.0", "Piallamore": "0", "New South Wales": "63,106"}, "Both not working": {"Australia": "1,006,697", "Piallamore_%": "16.2", "Australia_%": "20.1", "New South Wales_%": "21.0", "Piallamore": "11", "New South Wales": "334,742"}}, "Country of birth of mother, stated responses": {"United States of America": {"Australia": "89,357", "Piallamore_%": "1.6", "Australia_%": "0.4", "New South Wales_%": "0.4", "Piallamore": "4", "New South Wales": "30,604"}, "New Zealand": {"Australia": "608,329", "Piallamore_%": "1.2", "Australia_%": "2.6", "New South Wales_%": "1.9", "Piallamore": "3", "New South Wales": "139,899"}, "Australia": {"Australia": "12,643,365", "Piallamore_%": "89.6", "Australia_%": "54.0", "New South Wales_%": "51.9", "Piallamore": "224", "New South Wales": "3,884,762"}, "England": {"Australia": "1,302,147", "Piallamore_%": "2.4", "Australia_%": "5.6", "New South Wales_%": "4.3", "Piallamore": "6", "New South Wales": "322,472"}, "Netherlands": {"Australia": "152,088", "Piallamore_%": "1.2", "Australia_%": "0.6", "New South Wales_%": "0.5", "Piallamore": "3", "New South Wales": "34,775"}}, "Dwelling structure": {"Other dwelling": {"Australia": "64,425", "Piallamore_%": "0.0", "Australia_%": "0.8", "New South Wales_%": "0.9", "Piallamore": "0", "New South Wales": "23,580"}, "Semi-detached, row or terrace house, townhouse etc": {"Australia": "1,055,016", "Piallamore_%": "0.0", "Australia_%": "12.7", "New South Wales_%": "12.2", "Piallamore": "0", "New South Wales": "317,453"}, "Separate house": {"Australia": "6,041,788", "Piallamore_%": "100.0", "Australia_%": "72.9", "New South Wales_%": "66.4", "Piallamore": "86", "New South Wales": "1,729,820"}, "Flat or apartment": {"Australia": "1,087,434", "Piallamore_%": "0.0", "Australia_%": "13.1", "New South Wales_%": "19.9", "Piallamore": "0", "New South Wales": "519,390"}}, "Number of bedrooms": {"1 bedroom": {"Australia": "411,252", "Piallamore_%": "3.6", "Australia_%": "5.0", "New South Wales_%": "6.0", "Piallamore": "3", "New South Wales": "157,194"}, "3 bedrooms": {"Australia": "3,403,190", "Piallamore_%": "34.5", "Australia_%": "41.1", "New South Wales_%": "37.2", "Piallamore": "29", "New South Wales": "970,001"}, "Average number of people per household": {"Australia": "2.6", "Piallamore_%": "--", "Australia_%": "--", "New South Wales_%": "--", "Piallamore": "2.9", "New South Wales": "2.6"}, "2 bedrooms": {"Australia": "1,562,759", "Piallamore_%": "3.6", "Australia_%": "18.9", "New South Wales_%": "22.2", "Piallamore": "3", "New South Wales": "577,675"}, "4 or more bedrooms": {"Australia": "2,670,758", "Piallamore_%": "54.8", "Australia_%": "32.2", "New South Wales_%": "31.3", "Piallamore": "46", "New South Wales": "816,405"}, "None (includes bedsitters)": {"Australia": "39,769", "Piallamore_%": "0.0", "Australia_%": "0.5", "New South Wales_%": "0.7", "Piallamore": "0", "New South Wales": "17,157"}, "Number of bedrooms not stated": {"Australia": "198,351", "Piallamore_%": "3.6", "Australia_%": "2.4", "New South Wales_%": "2.5", "Piallamore": "3", "New South Wales": "65,888"}, "Average number of bedrooms per dwelling": {"Australia": "3.1", "Piallamore_%": "--", "Australia_%": "--", "New South Wales_%": "--", "Piallamore": "3.5", "New South Wales": "3"}}, "summaryTable_qsFamilies": {"for all families": "1", "for families with children": "2", "Families": "74", "Average children per family": "None"}, "People characteristics": {"Male": {"Australia": "322,171", "Piallamore_%": "43.8", "Australia_%": "49.6", "New South Wales_%": "49.7", "Piallamore": "7", "New South Wales": "107,368"}, "Median age": {"Australia": "23", "Piallamore_%": "--", "Australia_%": "--", "New South Wales_%": "--", "Piallamore": "25", "New South Wales": "22"}, "Female": {"Australia": "326,996", "Piallamore_%": "56.2", "Australia_%": "50.4", "New South Wales_%": "50.3", "Piallamore": "9", "New South Wales": "108,809"}}, "Dwelling count": {"Unoccupied private dwellings": {"Australia": "1,039,874", "Piallamore_%": "8.5", "Australia_%": "11.2", "New South Wales_%": "9.9", "Piallamore": "8", "New South Wales": "284,741"}, "Occupied private dwellings": {"Australia": "8,286,073", "Piallamore_%": "91.5", "Australia_%": "88.8", "New South Wales_%": "90.1", "Piallamore": "86", "New South Wales": "2,604,320"}}, "Level of highest educational attainment": {"Certificate level III": {"Australia": "2,442,203", "Piallamore_%": "22.2", "Australia_%": "12.8", "New South Wales_%": "12.0", "Piallamore": "42", "New South Wales": "730,498"}, "Certificate level II": {"Australia": "13,454", "Piallamore_%": "0.0", "Australia_%": "0.1", "New South Wales_%": "0.1", "Piallamore": "0", "New South Wales": "4,849"}, "No educational attainment": {"Australia": "145,844", "Piallamore_%": "0.0", "Australia_%": "0.8", "New South Wales_%": "0.9", "Piallamore": "0", "New South Wales": "54,870"}, "Bachelor Degree level and above": {"Australia": "4,181,406", "Piallamore_%": "16.9", "Australia_%": "22.0", "New South Wales_%": "23.4", "Piallamore": "32", "New South Wales": "1,424,716"}, "Certificate level I": {"Australia": "2,176", "Piallamore_%": "0.0", "Australia_%": "0.0", "New South Wales_%": "0.0", "Piallamore": "0", "New South Wales": "625"}, "Year 11": {"Australia": "941,531", "Piallamore_%": "1.6", "Australia_%": "4.9", "New South Wales_%": "3.3", "Piallamore": "3", "New South Wales": "203,574"}, "Not stated": {"Australia": "1,974,794", "Piallamore_%": "13.2", "Australia_%": "10.4", "New South Wales_%": "10.3", "Piallamore": "25", "New South Wales": "627,465"}, "Year 9 or below": {"Australia": "1,529,897", "Piallamore_%": "10.1", "Australia_%": "8.0", "New South Wales_%": "8.4", "Piallamore": "19", "New South Wales": "513,209"}, "Certificate level IV": {"Australia": "551,767", "Piallamore_%": "3.7", "Australia_%": "2.9", "New South Wales_%": "2.8", "Piallamore": "7", "New South Wales": "167,947"}, "Year 10": {"Australia": "2,054,331", "Piallamore_%": "21.7", "Australia_%": "10.8", "New South Wales_%": "11.5", "Piallamore": "41", "New South Wales": "702,178"}, "Year 12": {"Australia": "2,994,097", "Piallamore_%": "5.8", "Australia_%": "15.7", "New South Wales_%": "15.3", "Piallamore": "11", "New South Wales": "930,654"}, "Advanced Diploma and Diploma level": {"Australia": "1,687,893", "Piallamore_%": "6.3", "Australia_%": "8.9", "New South Wales_%": "8.9", "Piallamore": "12", "New South Wales": "543,142"}}, "Median weekly incomes": {"Personal": {"Australia": "662", "Piallamore_%": "--", "Australia_%": "--", "New South Wales_%": "--", "Piallamore": "660", "New South Wales": "664"}, "Household": {"Australia": "1,438", "Piallamore_%": "--", "Australia_%": "--", "New South Wales_%": "--", "Piallamore": "1,444", "New South Wales": "1,486"}, "Family": {"Australia": "1,734", "Piallamore_%": "--", "Australia_%": "--", "New South Wales_%": "--", "Piallamore": "1,515", "New South Wales": "1,780"}}, "Family composition": {"Other family": {"Australia": "102,559", "Piallamore_%": "0.0", "Australia_%": "1.7", "New South Wales_%": "1.7", "Piallamore": "0", "New South Wales": "32,438"}, "Couple family with children": {"Australia": "2,716,224", "Piallamore_%": "51.4", "Australia_%": "44.7", "New South Wales_%": "45.7", "Piallamore": "38", "New South Wales": "887,358"}, "Couple family without children": {"Australia": "2,291,987", "Piallamore_%": "44.6", "Australia_%": "37.8", "New South Wales_%": "36.6", "Piallamore": "33", "New South Wales": "709,524"}, "One parent family": {"Australia": "959,543", "Piallamore_%": "4.1", "Australia_%": "15.8", "New South Wales_%": "16.0", "Piallamore": "3", "New South Wales": "310,906"}}, "Dwelling internet connection": {"Not stated": {"Australia": "221,494", "Piallamore_%": "3.6", "Australia_%": "2.7", "New South Wales_%": "2.8", "Piallamore": "3", "New South Wales": "73,565"}, "Internet not accessed from dwelling": {"Australia": "1,172,415", "Piallamore_%": "12.0", "Australia_%": "14.1", "New South Wales_%": "14.7", "Piallamore": "10", "New South Wales": "381,709"}, "Internet accessed from dwelling": {"Australia": "6,892,165", "Piallamore_%": "84.3", "Australia_%": "83.2", "New South Wales_%": "82.5", "Piallamore": "70", "New South Wales": "2,149,040"}}, "Social marital status": {"Not married": {"Australia": "7,024,973", "Piallamore_%": "27.0", "Australia_%": "41.9", "New South Wales_%": "42.3", "Piallamore": "50", "New South Wales": "2,290,887"}, "De facto marriage": {"Australia": "1,751,731", "Piallamore_%": "4.9", "Australia_%": "10.4", "New South Wales_%": "9.4", "Piallamore": "9", "New South Wales": "506,133"}, "Registered marriage": {"Australia": "8,001,141", "Piallamore_%": "68.1", "Australia_%": "47.7", "New South Wales_%": "48.3", "Piallamore": "126", "New South Wales": "2,612,630"}}, "Household composition": {"Family households": {"Australia": "5,907,625", "Piallamore_%": "87.2", "Australia_%": "71.3", "New South Wales_%": "72.0", "Piallamore": "75", "New South Wales": "1,874,524"}, "Group households": {"Australia": "354,917", "Piallamore_%": "0.0", "Australia_%": "4.3", "New South Wales_%": "4.2", "Piallamore": "0", "New South Wales": "109,004"}, "Single (or lone) person households": {"Australia": "2,023,542", "Piallamore_%": "12.8", "Australia_%": "24.4", "New South Wales_%": "23.8", "Piallamore": "11", "New South Wales": "620,778"}}, "People": {"Male": {"Australia": "11,546,638", "Piallamore_%": "50.6", "Australia_%": "49.3", "New South Wales_%": "49.3", "Piallamore": "133", "New South Wales": "3,686,014"}, "Aboriginal and/or Torres Strait Islander people": {"Australia": "649,171", "Piallamore_%": "5.9", "Australia_%": "2.8", "New South Wales_%": "2.9", "Piallamore": "16", "New South Wales": "216,176"}, "Female": {"Australia": "11,855,248", "Piallamore_%": "49.4", "Australia_%": "50.7", "New South Wales_%": "50.7", "Piallamore": "130", "New South Wales": "3,794,217"}}, "Language, top responses (other than English)": {"Households where a non English language is spoken": {"Australia": "1,971,011", "Piallamore_%": "3.3", "Australia_%": "22.2", "New South Wales_%": "26.5", "Piallamore": "3", "New South Wales": "735,563"}, "null": {"Australia": "None", "Piallamore_%": null, "Australia_%": "None", "New South Wales_%": "None", "Piallamore": null, "New South Wales": "None"}, "English only spoken at home": {"Australia": "17,020,417", "Piallamore_%": "94.7", "Australia_%": "72.7", "New South Wales_%": "68.5", "Piallamore": "250", "New South Wales": "5,126,633"}}, "summaryTable_qsDwelling": {"Median monthly mortgage repayments": "$1,517", "All private dwellings": "98", "Average people per household": "2.9", "Median weekly household income": "$1,444", "Median weekly rent": "$300", "Average motor vehicles per dwelling": "2.5"}, "Household income": {"Less than $650 gross weekly income": {"Australia": "--", "Piallamore_%": "13.6", "Australia_%": "20.0", "New South Wales_%": "19.7", "Piallamore": "--", "New South Wales": "--"}, "More than $3000 gross weekly income": {"Australia": "--", "Piallamore_%": "7.4", "Australia_%": "16.4", "New South Wales_%": "18.7", "Piallamore": "--", "New South Wales": "--"}}, "Country of birth": {"Other top responses": {"Piallamore": "None", "Piallamore_%": "None"}, "New Zealand": {"Australia": "518,466", "Piallamore_%": "1.1", "Australia_%": "2.2", "New South Wales_%": "1.6", "Piallamore": "3", "New South Wales": "117,136"}, "Australia": {"Australia": "15,614,835", "Piallamore_%": "89.0", "Australia_%": "66.7", "New South Wales_%": "65.5", "Piallamore": "234", "New South Wales": "4,899,090"}, "England": {"Australia": "907,570", "Piallamore_%": "2.7", "Australia_%": "3.9", "New South Wales_%": "3.0", "Piallamore": "7", "New South Wales": "226,564"}, "Netherlands": {"Australia": "70,172", "Piallamore_%": "1.1", "Australia_%": "0.3", "New South Wales_%": "0.2", "Piallamore": "3", "New South Wales": "16,900"}}, "Religious affiliation, top responses": {"No Religion, so described": {"Australia": "6,933,708", "Piallamore_%": "9.6", "Australia_%": "29.6", "New South Wales_%": "25.1", "Piallamore": "25", "New South Wales": "1,879,562"}, "Anglican": {"Australia": "3,101,185", "Piallamore_%": "34.2", "Australia_%": "13.3", "New South Wales_%": "15.5", "Piallamore": "89", "New South Wales": "1,161,810"}, "Not stated": {"Australia": "2,238,735", "Piallamore_%": "7.7", "Australia_%": "9.6", "New South Wales_%": "9.2", "Piallamore": "20", "New South Wales": "684,969"}, "Uniting Church": {"Australia": "870,183", "Piallamore_%": "8.8", "Australia_%": "3.7", "New South Wales_%": "2.9", "Piallamore": "23", "New South Wales": "217,258"}, "Catholic": {"Australia": "5,291,834", "Piallamore_%": "23.8", "Australia_%": "22.6", "New South Wales_%": "24.7", "Piallamore": "62", "New South Wales": "1,846,443"}}, "Ancestry, top responses": {"Australian": {"Australia": "7,298,243", "Piallamore_%": "41.5", "Australia_%": "23.3", "New South Wales_%": "22.9", "Piallamore": "146", "New South Wales": "2,261,062"}, "Scottish": {"Australia": "2,023,470", "Piallamore_%": "4.8", "Australia_%": "6.4", "New South Wales_%": "5.9", "Piallamore": "17", "New South Wales": "587,052"}, "Dutch": {"Australia": "339,549", "Piallamore_%": "4.5", "Australia_%": "1.1", "New South Wales_%": "0.8", "Piallamore": "16", "New South Wales": "78,231"}, "Irish": {"Australia": "2,388,058", "Piallamore_%": "9.9", "Australia_%": "7.6", "New South Wales_%": "7.5", "Piallamore": "35", "New South Wales": "741,671"}, "English": {"Australia": "7,852,224", "Piallamore_%": "27.0", "Australia_%": "25.0", "New South Wales_%": "23.3", "Piallamore": "95", "New South Wales": "2,302,481"}}, "Age": {"35-39 years": {"Australia": "1,561,679", "Piallamore_%": "5.3", "Australia_%": "6.7", "New South Wales_%": "6.7", "Piallamore": "14", "New South Wales": "499,724"}, "60-64 years": {"Australia": "1,299,397", "Piallamore_%": "9.9", "Australia_%": "5.6", "New South Wales_%": "5.6", "Piallamore": "26", "New South Wales": "420,044"}, "30-34 years": {"Australia": "1,703,847", "Piallamore_%": "3.8", "Australia_%": "7.3", "New South Wales_%": "7.2", "Piallamore": "10", "New South Wales": "540,360"}, "0-4 years": {"Australia": "1,464,779", "Piallamore_%": "6.5", "Australia_%": "6.3", "New South Wales_%": "6.2", "Piallamore": "17", "New South Wales": "465,135"}, "25-29 years": {"Australia": "1,664,602", "Piallamore_%": "1.1", "Australia_%": "7.1", "New South Wales_%": "7.0", "Piallamore": "3", "New South Wales": "527,161"}, "10-14 years": {"Australia": "1,397,183", "Piallamore_%": "9.9", "Australia_%": "6.0", "New South Wales_%": "5.9", "Piallamore": "26", "New South Wales": "443,009"}, "5-9 years": {"Australia": "1,502,646", "Piallamore_%": "8.4", "Australia_%": "6.4", "New South Wales_%": "6.4", "Piallamore": "22", "New South Wales": "478,184"}, "Median age": {"Australia": "38", "Piallamore_%": "--", "Australia_%": "--", "New South Wales_%": "--", "Piallamore": "43", "New South Wales": "38"}, "50-54 years": {"Australia": "1,523,551", "Piallamore_%": "4.6", "Australia_%": "6.5", "New South Wales_%": "6.5", "Piallamore": "12", "New South Wales": "485,546"}, "80-84 years": {"Australia": "460,549", "Piallamore_%": "1.5", "Australia_%": "2.0", "New South Wales_%": "2.1", "Piallamore": "4", "New South Wales": "155,806"}, "40-44 years": {"Australia": "1,583,257", "Piallamore_%": "9.9", "Australia_%": "6.8", "New South Wales_%": "6.7", "Piallamore": "26", "New South Wales": "503,169"}, "70-74 years": {"Australia": "887,716", "Piallamore_%": "6.8", "Australia_%": "3.8", "New South Wales_%": "3.9", "Piallamore": "18", "New South Wales": "292,556"}, "15-19 years": {"Australia": "1,421,595", "Piallamore_%": "8.4", "Australia_%": "6.1", "New South Wales_%": "6.0", "Piallamore": "22", "New South Wales": "448,425"}, "65-69 years": {"Australia": "1,188,999", "Piallamore_%": "4.9", "Australia_%": "5.1", "New South Wales_%": "5.1", "Piallamore": "13", "New South Wales": "384,470"}, "20-24 years": {"Australia": "1,566,793", "Piallamore_%": "1.9", "Australia_%": "6.7", "New South Wales_%": "6.5", "Piallamore": "5", "New South Wales": "489,673"}, "55-59 years": {"Australia": "1,454,332", "Piallamore_%": "3.8", "Australia_%": "6.2", "New South Wales_%": "6.3", "Piallamore": "10", "New South Wales": "469,726"}, "75-79 years": {"Australia": "652,657", "Piallamore_%": "1.9", "Australia_%": "2.8", "New South Wales_%": "2.9", "Piallamore": "5", "New South Wales": "217,308"}, "45-49 years": {"Australia": "1,581,455", "Piallamore_%": "9.9", "Australia_%": "6.8", "New South Wales_%": "6.6", "Piallamore": "26", "New South Wales": "492,440"}, "85 years and over": {"Australia": "486,842", "Piallamore_%": "1.5", "Australia_%": "2.1", "New South Wales_%": "2.2", "Piallamore": "4", "New South Wales": "167,506"}}, "Single (or lone) parents": {"Male": {"Australia": "--", "Piallamore_%": "0.0", "Australia_%": "18.2", "New South Wales_%": "17.8", "Piallamore": "--", "New South Wales": "--"}, "Female": {"Australia": "--", "Piallamore_%": "100.0", "Australia_%": "81.8", "New South Wales_%": "82.2", "Piallamore": "--", "New South Wales": "--"}}, "Mortgage monthly repayments": {"Median mortgage repayments": {"Australia": "1,755", "Piallamore_%": "--", "Australia_%": "--", "New South Wales_%": "--", "Piallamore": "1,517", "New South Wales": "1,986"}, "Households where mortgage repayments are less than 30% of household income": {"Australia": "--", "Piallamore_%": "85.7", "Australia_%": "92.8", "New South Wales_%": "92.6", "Piallamore": "--", "New South Wales": "--"}, "Households with mortgage repayments greater than or equal to 30% of household income": {"Australia": "--", "Piallamore_%": "14.3", "Australia_%": "7.2", "New South Wales_%": "7.4", "Piallamore": "--", "New South Wales": "--"}}, "Mortgage and rent": {"Median monthly mortgage repayments": {"Australia": "1,660", "Piallamore_%": "--", "Australia_%": "--", "New South Wales_%": "--", "Piallamore": "0", "New South Wales": "1,733"}, "Median weekly rent": {"Australia": "250", "Piallamore_%": "--", "Australia_%": "--", "New South Wales_%": "--", "Piallamore": "0", "New South Wales": "270"}}, "Tenure": {"Rented": {"Australia": "2,561,302", "Piallamore_%": "15.3", "Australia_%": "30.9", "New South Wales_%": "31.8", "Piallamore": "13", "New South Wales": "826,922"}, "Owned outright": {"Australia": "2,565,695", "Piallamore_%": "34.1", "Australia_%": "31.0", "New South Wales_%": "32.2", "Piallamore": "29", "New South Wales": "839,665"}, "Owned with a mortgage": {"Australia": "2,855,222", "Piallamore_%": "47.1", "Australia_%": "34.5", "New South Wales_%": "32.3", "Piallamore": "40", "New South Wales": "840,004"}, "Tenure type not stated": {"Australia": "224,869", "Piallamore_%": "3.5", "Australia_%": "2.7", "New South Wales_%": "2.8", "Piallamore": "3", "New South Wales": "73,763"}, "Other tenure type": {"Australia": "78,994", "Piallamore_%": "0.0", "Australia_%": "1.0", "New South Wales_%": "0.9", "Piallamore": "0", "New South Wales": "23,968"}}, "Country of birth of father, stated responses": {"New Zealand": {"Australia": "617,331", "Piallamore_%": "2.3", "Australia_%": "2.6", "New South Wales_%": "1.9", "Piallamore": "6", "New South Wales": "143,450"}, "Australia": {"Australia": "12,231,150", "Piallamore_%": "88.9", "Australia_%": "52.3", "New South Wales_%": "50.1", "Piallamore": "233", "New South Wales": "3,745,787"}, "England": {"Australia": "1,403,096", "Piallamore_%": "3.4", "Australia_%": "6.0", "New South Wales_%": "4.8", "Piallamore": "9", "New South Wales": "359,370"}, "Netherlands": {"Australia": "175,354", "Piallamore_%": "1.1", "Australia_%": "0.7", "New South Wales_%": "0.5", "Piallamore": "3", "New South Wales": "40,444"}}, "Country of birth of father and/or mother, stated responses": {"Father only born overseas": {"Australia": "1,488,092", "Piallamore_%": "3.1", "Australia_%": "6.4", "New South Wales_%": "6.1", "Piallamore": "8", "New South Wales": "458,394"}, "Mother only born overseas": {"Australia": "1,094,591", "Piallamore_%": "5.4", "Australia_%": "4.7", "New South Wales_%": "4.3", "Piallamore": "14", "New South Wales": "325,182"}, "Both parents born overseas": {"Australia": "8,051,196", "Piallamore_%": "5.0", "Australia_%": "34.4", "New South Wales_%": "37.0", "Piallamore": "13", "New South Wales": "2,764,170"}, "Both parents born in Australia": {"Australia": "11,070,538", "Piallamore_%": "82.8", "Australia_%": "47.3", "New South Wales_%": "45.4", "Piallamore": "216", "New South Wales": "3,399,725"}}, "Rent weekly payments": {"Households where rent payments are less than 30% of household income": {"Australia": "--", "Piallamore_%": "100.0", "Australia_%": "88.5", "New South Wales_%": "87.1", "Piallamore": "--", "New South Wales": "--"}, "Households with rent payments greater than or equal to 30% of household income": {"Australia": "--", "Piallamore_%": "0.0", "Australia_%": "11.5", "New South Wales_%": "12.9", "Piallamore": "--", "New South Wales": "--"}, "Median rent": {"Australia": "335", "Piallamore_%": "--", "Australia_%": "--", "New South Wales_%": "--", "Piallamore": "300", "New South Wales": "380"}}, "Registered marital status": {"Separated": {"Australia": "608,059", "Piallamore_%": "1.5", "Australia_%": "3.2", "New South Wales_%": "3.1", "Piallamore": "3", "New South Wales": "190,198"}, "Widowed": {"Australia": "985,204", "Piallamore_%": "1.5", "Australia_%": "5.2", "New South Wales_%": "5.4", "Piallamore": "3", "New South Wales": "331,653"}, "Married": {"Australia": "9,148,218", "Piallamore_%": "70.6", "Australia_%": "48.1", "New South Wales_%": "48.7", "Piallamore": "142", "New South Wales": "2,965,280"}, "Divorced": {"Australia": "1,626,890", "Piallamore_%": "7.0", "Australia_%": "8.5", "New South Wales_%": "8.4", "Piallamore": "14", "New South Wales": "512,298"}, "Never married": {"Australia": "6,668,910", "Piallamore_%": "19.4", "Australia_%": "35.0", "New South Wales_%": "34.4", "Piallamore": "39", "New South Wales": "2,094,460"}}, "summaryTable_qsPeople": {"Male": "50.6%", "Median age": "43", "Female": "49.4%", "People": "261"}, "Dwelling characteristics": {"Average number of people per household": {"Australia": "3.2", "Piallamore_%": "--", "Australia_%": "--", "New South Wales_%": "--", "Piallamore": "3.3", "New South Wales": "3.1"}, "Average number of persons per bedroom": {"Australia": "1", "Piallamore_%": "--", "Australia_%": "--", "New South Wales_%": "--", "Piallamore": "0", "New South Wales": "1"}, "Median weekly household income": {"Australia": "1,203", "Piallamore_%": "--", "Australia_%": "--", "New South Wales_%": "--", "Piallamore": "1,874", "New South Wales": "1,214"}}, "Unpaid work": {"Did unpaid domestic work (last week)": {"Australia": "13,143,914", "Piallamore_%": "81.2", "Australia_%": "69.0", "New South Wales_%": "67.7", "Piallamore": "164", "New South Wales": "4,127,723"}, "Provided unpaid assistance to a person with a disability (last two weeks)": {"Australia": "2,145,203", "Piallamore_%": "10.6", "Australia_%": "11.3", "New South Wales_%": "11.6", "Piallamore": "21", "New South Wales": "709,415"}, "Did voluntary work through an organisation or group (last 12 months)": {"Australia": "3,620,726", "Piallamore_%": "35.7", "Australia_%": "19.0", "New South Wales_%": "18.1", "Piallamore": "70", "New South Wales": "1,103,790"}, "Cared for child/children (last two weeks)": {"Australia": "5,259,400", "Piallamore_%": "37.9", "Australia_%": "27.6", "New South Wales_%": "27.2", "Piallamore": "77", "New South Wales": "1,659,250"}}, "Unpaid domestic work, number of hours": {"5 to 14 hours per week": {"Australia": "4,944,578", "Piallamore_%": "23.2", "Australia_%": "26.0", "New South Wales_%": "25.1", "Piallamore": "45", "New South Wales": "1,531,206"}, "30 hours or more per week": {"Australia": "1,710,970", "Piallamore_%": "10.8", "Australia_%": "9.0", "New South Wales_%": "9.0", "Piallamore": "21", "New South Wales": "545,925"}, "Less than 5 hours per week": {"Australia": "4,298,593", "Piallamore_%": "20.1", "Australia_%": "22.6", "New South Wales_%": "22.3", "Piallamore": "39", "New South Wales": "1,359,656"}, "15 to 29 hours per week": {"Australia": "2,189,776", "Piallamore_%": "26.3", "Australia_%": "11.5", "New South Wales_%": "11.3", "Piallamore": "51", "New South Wales": "690,934"}}, "Industry of employment, top responses": {"Combined Primary and Secondary Education": {"Australia": "122,286", "Piallamore_%": "5.6", "Australia_%": "1.1", "New South Wales_%": "1.0", "Piallamore": "4", "New South Wales": "34,152"}, "Primary Education": {"Australia": "231,198", "Piallamore_%": "5.6", "Australia_%": "2.2", "New South Wales_%": "1.9", "Piallamore": "4", "New South Wales": "65,204"}, "Secondary Education": {"Australia": "177,487", "Piallamore_%": "5.6", "Australia_%": "1.7", "New South Wales_%": "1.7", "Piallamore": "4", "New South Wales": "58,072"}, "Other Agriculture and Fishing Support Services": {"Australia": "12,317", "Piallamore_%": "5.6", "Australia_%": "0.1", "New South Wales_%": "0.1", "Piallamore": "4", "New South Wales": "3,160"}, "Local Government Administration": {"Australia": "142,724", "Piallamore_%": "5.6", "Australia_%": "1.3", "New South Wales_%": "1.3", "Piallamore": "4", "New South Wales": "43,378"}}, "GeoInfo": {"city": "Piallamore"}, "Education": {"University or tertiary institution": {"Australia": "1,160,626", "Piallamore_%": "4.3", "Australia_%": "16.1", "New South Wales_%": "16.2", "Piallamore": "4", "New South Wales": "376,133"}, "Secondary - Catholic": {"Australia": "338,384", "Piallamore_%": "4.3", "Australia_%": "4.7", "New South Wales_%": "5.1", "Piallamore": "4", "New South Wales": "117,689"}, "Secondary - other non Government": {"Australia": "280,618", "Piallamore_%": "7.6", "Australia_%": "3.9", "New South Wales_%": "3.4", "Piallamore": "7", "New South Wales": "79,915"}, "Primary - Catholic": {"Australia": "380,604", "Piallamore_%": "9.8", "Australia_%": "5.3", "New South Wales_%": "5.3", "Piallamore": "9", "New South Wales": "122,099"}, "Primary - Government": {"Australia": "1,314,787", "Piallamore_%": "25.0", "Australia_%": "18.2", "New South Wales_%": "18.0", "Piallamore": "23", "New South Wales": "417,465"}, "Other": {"Australia": "198,383", "Piallamore_%": "0.0", "Australia_%": "2.8", "New South Wales_%": "2.7", "Piallamore": "0", "New South Wales": "63,673"}, "Technical or further education institution": {"Australia": "424,869", "Piallamore_%": "5.4", "Australia_%": "5.9", "New South Wales_%": "6.2", "Piallamore": "5", "New South Wales": "144,103"}, "Secondary - Government": {"Australia": "827,505", "Piallamore_%": "13.0", "Australia_%": "11.5", "New South Wales_%": "11.6", "Piallamore": "12", "New South Wales": "269,249"}, "Primary - other non Government": {"Australia": "231,490", "Piallamore_%": "0.0", "Australia_%": "3.2", "New South Wales_%": "2.9", "Piallamore": "0", "New South Wales": "67,611"}, "Not stated": {"Australia": "1,707,023", "Piallamore_%": "21.7", "Australia_%": "23.7", "New South Wales_%": "23.0", "Piallamore": "20", "New South Wales": "535,266"}, "Preschool": {"Australia": "347,621", "Piallamore_%": "8.7", "Australia_%": "4.8", "New South Wales_%": "5.7", "Piallamore": "8", "New South Wales": "132,047"}}, "Employment": {"Unemployed": {"Australia": "787,452", "Piallamore_%": "2.3", "Australia_%": "6.9", "New South Wales_%": "6.3", "Piallamore": "3", "New South Wales": "225,546"}, "Worked part-time": {"Australia": "3,491,503", "Piallamore_%": "24.4", "Australia_%": "30.4", "New South Wales_%": "29.7", "Piallamore": "32", "New South Wales": "1,071,151"}, "Away from work": {"Australia": "569,276", "Piallamore_%": "7.6", "Australia_%": "5.0", "New South Wales_%": "4.8", "Piallamore": "10", "New South Wales": "174,654"}, "Worked full-time": {"Australia": "6,623,065", "Piallamore_%": "65.6", "Australia_%": "57.7", "New South Wales_%": "59.2", "Piallamore": "86", "New South Wales": "2,134,521"}}, "Travel to work, top responses": {"Walked only": {"Australia": "370,427", "Piallamore_%": "4.5", "Australia_%": "3.5", "New South Wales_%": "3.9", "Piallamore": "6", "New South Wales": "130,957"}, "Worked at home": {"Australia": "503,582", "Piallamore_%": "8.3", "Australia_%": "4.7", "New South Wales_%": "4.8", "Piallamore": "11", "New South Wales": "163,026"}, "People who travelled to work by car as driver or passenger": {"Australia": "7,305,271", "Piallamore_%": "74.8", "Australia_%": "68.4", "New South Wales_%": "64.6", "Piallamore": "101", "New South Wales": "2,182,854"}, "null": {"Australia": "None", "Piallamore_%": null, "Australia_%": "None", "New South Wales_%": "None", "Piallamore": null, "New South Wales": "None"}, "Car, as driver": {"Australia": "6,574,571", "Piallamore_%": "73.5", "Australia_%": "61.5", "New South Wales_%": "57.8", "Piallamore": "97", "New South Wales": "1,953,399"}, "Car as driver, car as passenger": {"Australia": "25,615", "Piallamore_%": "2.3", "Australia_%": "0.2", "New South Wales_%": "0.2", "Piallamore": "3", "New South Wales": "8,035"}, "Car, as passenger": {"Australia": "489,922", "Piallamore_%": "3.0", "Australia_%": "4.6", "New South Wales_%": "4.3", "Piallamore": "4", "New South Wales": "144,820"}}, "Occupation": {"Professionals": {"Australia": "2,370,966", "Piallamore_%": "14.8", "Australia_%": "22.2", "New South Wales_%": "23.6", "Piallamore": "17", "New South Wales": "798,126"}, "Technicians and Trades Workers": {"Australia": "1,447,414", "Piallamore_%": "15.7", "Australia_%": "13.5", "New South Wales_%": "12.7", "Piallamore": "18", "New South Wales": "429,239"}, "Community and Personal Service Workers": {"Australia": "1,157,003", "Piallamore_%": "8.7", "Australia_%": "10.8", "New South Wales_%": "10.4", "Piallamore": "10", "New South Wales": "350,261"}, "Clerical and Administrative Workers": {"Australia": "1,449,681", "Piallamore_%": "13.0", "Australia_%": "13.6", "New South Wales_%": "13.8", "Piallamore": "15", "New South Wales": "467,977"}, "Machinery Operators and Drivers": {"Australia": "670,106", "Piallamore_%": "7.0", "Australia_%": "6.3", "New South Wales_%": "6.1", "Piallamore": "8", "New South Wales": "206,839"}, "Labourers": {"Australia": "1,011,520", "Piallamore_%": "7.8", "Australia_%": "9.5", "New South Wales_%": "8.8", "Piallamore": "9", "New South Wales": "297,887"}, "Sales Workers": {"Australia": "1,000,955", "Piallamore_%": "7.8", "Australia_%": "9.4", "New South Wales_%": "9.2", "Piallamore": "9", "New South Wales": "311,414"}, "Managers": {"Australia": "1,390,047", "Piallamore_%": "25.2", "Australia_%": "13.0", "New South Wales_%": "13.5", "Piallamore": "29", "New South Wales": "456,084"}}}