{"GeoInfo": {"city": "Porters Retreat"}, "summaryTable_qsDwelling": {"Median monthly mortgage repayments": "$831", "All private dwellings": "37", "Average people per household": "1.7", "Median weekly household income": "$900", "Median weekly rent": "$0", "Average motor vehicles per dwelling": "2.4"}, "summaryTable_qsPeople": {"Male": "50%", "Median age": "52", "Female": "50%", "People": "60"}, "summaryTable_qsFamilies": {"for all families": "0", "for families with children": "0", "Families": "14", "Average children per family": "None"}}