{"Employment - hours worked": {"40 hours or more per week": {"Australia": "4,591,801", "Potato Point_%": "27.5", "Australia_%": "43.0", "New South Wales_%": "44.1", "Potato Point": "14", "New South Wales": "1,489,099"}, "25-34 hours per week": {"Australia": "1,193,445", "Potato Point_%": "17.6", "Australia_%": "11.2", "New South Wales_%": "10.5", "Potato Point": "9", "New South Wales": "353,702"}, "16-24 hours per week": {"Australia": "1,079,236", "Potato Point_%": "9.8", "Australia_%": "10.1", "New South Wales_%": "10.4", "Potato Point": "5", "New South Wales": "352,817"}, "35-39 hours per week": {"Australia": "2,031,263", "Potato Point_%": "19.6", "Australia_%": "19.0", "New South Wales_%": "19.1", "Potato Point": "10", "New South Wales": "645,428"}, "1-15 hours per week": {"Australia": "1,218,823", "Potato Point_%": "13.7", "Australia_%": "11.4", "New South Wales_%": "10.8", "Potato Point": "7", "New South Wales": "364,637"}}, "Number of registered motor vehicles": {"2 motor vehicles": {"Australia": "2,999,184", "Potato Point_%": "48.3", "Australia_%": "36.2", "New South Wales_%": "34.1", "Potato Point": "29", "New South Wales": "887,849"}, "None": {"Australia": "623,829", "Potato Point_%": "0.0", "Australia_%": "7.5", "New South Wales_%": "9.2", "Potato Point": "0", "New South Wales": "239,625"}, "Number of motor vehicles not stated": {"Australia": "285,197", "Potato Point_%": "8.3", "Australia_%": "3.4", "New South Wales_%": "3.7", "Potato Point": "5", "New South Wales": "95,623"}, "1 motor vehicle": {"Australia": "2,881,485", "Potato Point_%": "31.7", "Australia_%": "34.8", "New South Wales_%": "36.3", "Potato Point": "19", "New South Wales": "946,159"}, "3 or more vehicles": {"Australia": "1,496,382", "Potato Point_%": "11.7", "Australia_%": "18.1", "New South Wales_%": "16.7", "Potato Point": "7", "New South Wales": "435,053"}}, "Employment status of parents in couple families": {"Labour force status not stated (by one or both parents in a couple family)": {"Australia": "311,381", "Potato Point_%": "0.0", "Australia_%": "6.2", "New South Wales_%": "5.7", "Potato Point": "0", "New South Wales": "90,630"}, "One employed full-time, one part-time": {"Australia": "1,086,460", "Potato Point_%": "10.5", "Australia_%": "21.7", "New South Wales_%": "20.6", "Potato Point": "4", "New South Wales": "329,567"}, "One employed part-time, other not working": {"Australia": "302,037", "Potato Point_%": "7.9", "Australia_%": "6.0", "New South Wales_%": "6.1", "Potato Point": "3", "New South Wales": "96,933"}, "Other (includes away from work)": {"Australia": "264,145", "Potato Point_%": "0.0", "Australia_%": "5.3", "New South Wales_%": "5.1", "Potato Point": "0", "New South Wales": "80,905"}, "Both employed, worked full-time": {"Australia": "1,084,006", "Potato Point_%": "7.9", "Australia_%": "21.6", "New South Wales_%": "22.6", "Potato Point": "3", "New South Wales": "360,916"}, "One employed full-time, other not working": {"Australia": "749,886", "Potato Point_%": "13.2", "Australia_%": "15.0", "New South Wales_%": "15.0", "Potato Point": "5", "New South Wales": "240,084"}, "Both employed, worked part-time": {"Australia": "203,596", "Potato Point_%": "7.9", "Australia_%": "4.1", "New South Wales_%": "4.0", "Potato Point": "3", "New South Wales": "63,106"}, "Both not working": {"Australia": "1,006,697", "Potato Point_%": "52.6", "Australia_%": "20.1", "New South Wales_%": "21.0", "Potato Point": "20", "New South Wales": "334,742"}}, "Country of birth of mother, stated responses": {"United States of America": {"Australia": "89,357", "Potato Point_%": "2.4", "Australia_%": "0.4", "New South Wales_%": "0.4", "Potato Point": "3", "New South Wales": "30,604"}, "Scotland": {"Australia": "245,915", "Potato Point_%": "3.2", "Australia_%": "1.1", "New South Wales_%": "0.8", "Potato Point": "4", "New South Wales": "63,302"}, "Australia": {"Australia": "12,643,365", "Potato Point_%": "73.6", "Australia_%": "54.0", "New South Wales_%": "51.9", "Potato Point": "92", "New South Wales": "3,884,762"}, "England": {"Australia": "1,302,147", "Potato Point_%": "9.6", "Australia_%": "5.6", "New South Wales_%": "4.3", "Potato Point": "12", "New South Wales": "322,472"}}, "Dwelling structure": {"Other dwelling": {"Australia": "64,425", "Potato Point_%": "0.0", "Australia_%": "0.8", "New South Wales_%": "0.9", "Potato Point": "0", "New South Wales": "23,580"}, "Semi-detached, row or terrace house, townhouse etc": {"Australia": "1,055,016", "Potato Point_%": "0.0", "Australia_%": "12.7", "New South Wales_%": "12.2", "Potato Point": "0", "New South Wales": "317,453"}, "Separate house": {"Australia": "6,041,788", "Potato Point_%": "100.0", "Australia_%": "72.9", "New South Wales_%": "66.4", "Potato Point": "56", "New South Wales": "1,729,820"}, "Flat or apartment": {"Australia": "1,087,434", "Potato Point_%": "0.0", "Australia_%": "13.1", "New South Wales_%": "19.9", "Potato Point": "0", "New South Wales": "519,390"}}, "Number of bedrooms": {"1 bedroom": {"Australia": "411,252", "Potato Point_%": "0.0", "Australia_%": "5.0", "New South Wales_%": "6.0", "Potato Point": "0", "New South Wales": "157,194"}, "3 bedrooms": {"Australia": "3,403,190", "Potato Point_%": "48.1", "Australia_%": "41.1", "New South Wales_%": "37.2", "Potato Point": "26", "New South Wales": "970,001"}, "Average number of people per household": {"Australia": "2.6", "Potato Point_%": "--", "Australia_%": "--", "New South Wales_%": "--", "Potato Point": "1.8", "New South Wales": "2.6"}, "2 bedrooms": {"Australia": "1,562,759", "Potato Point_%": "20.4", "Australia_%": "18.9", "New South Wales_%": "22.2", "Potato Point": "11", "New South Wales": "577,675"}, "4 or more bedrooms": {"Australia": "2,670,758", "Potato Point_%": "31.5", "Australia_%": "32.2", "New South Wales_%": "31.3", "Potato Point": "17", "New South Wales": "816,405"}, "None (includes bedsitters)": {"Australia": "39,769", "Potato Point_%": "0.0", "Australia_%": "0.5", "New South Wales_%": "0.7", "Potato Point": "0", "New South Wales": "17,157"}, "Number of bedrooms not stated": {"Australia": "198,351", "Potato Point_%": "0.0", "Australia_%": "2.4", "New South Wales_%": "2.5", "Potato Point": "0", "New South Wales": "65,888"}, "Average number of bedrooms per dwelling": {"Australia": "3.1", "Potato Point_%": "--", "Australia_%": "--", "New South Wales_%": "--", "Potato Point": "3.2", "New South Wales": "3"}}, "summaryTable_qsFamilies": {"for all families": "0.1", "for families with children": "1", "Families": "41", "Average children per family": "None"}, "People characteristics": {"Male": {"Australia": "322,171", "Potato Point_%": "66.7", "Australia_%": "49.6", "New South Wales_%": "49.7", "Potato Point": "6", "New South Wales": "107,368"}, "Median age": {"Australia": "23", "Potato Point_%": "--", "Australia_%": "--", "New South Wales_%": "--", "Potato Point": "24", "New South Wales": "22"}, "Female": {"Australia": "326,996", "Potato Point_%": "33.3", "Australia_%": "50.4", "New South Wales_%": "50.3", "Potato Point": "3", "New South Wales": "108,809"}}, "Dwelling count": {"Unoccupied private dwellings": {"Australia": "1,039,874", "Potato Point_%": "58.2", "Australia_%": "11.2", "New South Wales_%": "9.9", "Potato Point": "78", "New South Wales": "284,741"}, "Occupied private dwellings": {"Australia": "8,286,073", "Potato Point_%": "41.8", "Australia_%": "88.8", "New South Wales_%": "90.1", "Potato Point": "56", "New South Wales": "2,604,320"}}, "Level of highest educational attainment": {"Certificate level III": {"Australia": "2,442,203", "Potato Point_%": "19.1", "Australia_%": "12.8", "New South Wales_%": "12.0", "Potato Point": "25", "New South Wales": "730,498"}, "Certificate level II": {"Australia": "13,454", "Potato Point_%": "0.0", "Australia_%": "0.1", "New South Wales_%": "0.1", "Potato Point": "0", "New South Wales": "4,849"}, "No educational attainment": {"Australia": "145,844", "Potato Point_%": "0.0", "Australia_%": "0.8", "New South Wales_%": "0.9", "Potato Point": "0", "New South Wales": "54,870"}, "Bachelor Degree level and above": {"Australia": "4,181,406", "Potato Point_%": "23.7", "Australia_%": "22.0", "New South Wales_%": "23.4", "Potato Point": "31", "New South Wales": "1,424,716"}, "Certificate level I": {"Australia": "2,176", "Potato Point_%": "0.0", "Australia_%": "0.0", "New South Wales_%": "0.0", "Potato Point": "0", "New South Wales": "625"}, "Year 11": {"Australia": "941,531", "Potato Point_%": "4.6", "Australia_%": "4.9", "New South Wales_%": "3.3", "Potato Point": "6", "New South Wales": "203,574"}, "Not stated": {"Australia": "1,974,794", "Potato Point_%": "12.2", "Australia_%": "10.4", "New South Wales_%": "10.3", "Potato Point": "16", "New South Wales": "627,465"}, "Year 9 or below": {"Australia": "1,529,897", "Potato Point_%": "2.3", "Australia_%": "8.0", "New South Wales_%": "8.4", "Potato Point": "3", "New South Wales": "513,209"}, "Certificate level IV": {"Australia": "551,767", "Potato Point_%": "3.8", "Australia_%": "2.9", "New South Wales_%": "2.8", "Potato Point": "5", "New South Wales": "167,947"}, "Year 10": {"Australia": "2,054,331", "Potato Point_%": "12.2", "Australia_%": "10.8", "New South Wales_%": "11.5", "Potato Point": "16", "New South Wales": "702,178"}, "Year 12": {"Australia": "2,994,097", "Potato Point_%": "6.9", "Australia_%": "15.7", "New South Wales_%": "15.3", "Potato Point": "9", "New South Wales": "930,654"}, "Advanced Diploma and Diploma level": {"Australia": "1,687,893", "Potato Point_%": "8.4", "Australia_%": "8.9", "New South Wales_%": "8.9", "Potato Point": "11", "New South Wales": "543,142"}}, "Median weekly incomes": {"Personal": {"Australia": "662", "Potato Point_%": "--", "Australia_%": "--", "New South Wales_%": "--", "Potato Point": "593", "New South Wales": "664"}, "Household": {"Australia": "1,438", "Potato Point_%": "--", "Australia_%": "--", "New South Wales_%": "--", "Potato Point": "1,142", "New South Wales": "1,486"}, "Family": {"Australia": "1,734", "Potato Point_%": "--", "Australia_%": "--", "New South Wales_%": "--", "Potato Point": "1,521", "New South Wales": "1,780"}}, "Family composition": {"Other family": {"Australia": "102,559", "Potato Point_%": "0.0", "Australia_%": "1.7", "New South Wales_%": "1.7", "Potato Point": "0", "New South Wales": "32,438"}, "Couple family with children": {"Australia": "2,716,224", "Potato Point_%": "22.0", "Australia_%": "44.7", "New South Wales_%": "45.7", "Potato Point": "9", "New South Wales": "887,358"}, "Couple family without children": {"Australia": "2,291,987", "Potato Point_%": "78.0", "Australia_%": "37.8", "New South Wales_%": "36.6", "Potato Point": "32", "New South Wales": "709,524"}, "One parent family": {"Australia": "959,543", "Potato Point_%": "0.0", "Australia_%": "15.8", "New South Wales_%": "16.0", "Potato Point": "0", "New South Wales": "310,906"}}, "Dwelling internet connection": {"Not stated": {"Australia": "221,494", "Potato Point_%": "5.6", "Australia_%": "2.7", "New South Wales_%": "2.8", "Potato Point": "3", "New South Wales": "73,565"}, "Internet not accessed from dwelling": {"Australia": "1,172,415", "Potato Point_%": "11.1", "Australia_%": "14.1", "New South Wales_%": "14.7", "Potato Point": "6", "New South Wales": "381,709"}, "Internet accessed from dwelling": {"Australia": "6,892,165", "Potato Point_%": "83.3", "Australia_%": "83.2", "New South Wales_%": "82.5", "Potato Point": "45", "New South Wales": "2,149,040"}}, "Social marital status": {"Not married": {"Australia": "7,024,973", "Potato Point_%": "29.7", "Australia_%": "41.9", "New South Wales_%": "42.3", "Potato Point": "30", "New South Wales": "2,290,887"}, "De facto marriage": {"Australia": "1,751,731", "Potato Point_%": "18.8", "Australia_%": "10.4", "New South Wales_%": "9.4", "Potato Point": "19", "New South Wales": "506,133"}, "Registered marriage": {"Australia": "8,001,141", "Potato Point_%": "51.5", "Australia_%": "47.7", "New South Wales_%": "48.3", "Potato Point": "52", "New South Wales": "2,612,630"}}, "Household composition": {"Family households": {"Australia": "5,907,625", "Potato Point_%": "64.3", "Australia_%": "71.3", "New South Wales_%": "72.0", "Potato Point": "36", "New South Wales": "1,874,524"}, "Group households": {"Australia": "354,917", "Potato Point_%": "0.0", "Australia_%": "4.3", "New South Wales_%": "4.2", "Potato Point": "0", "New South Wales": "109,004"}, "Single (or lone) person households": {"Australia": "2,023,542", "Potato Point_%": "35.7", "Australia_%": "24.4", "New South Wales_%": "23.8", "Potato Point": "20", "New South Wales": "620,778"}}, "People": {"Male": {"Australia": "11,546,638", "Potato Point_%": "53.3", "Australia_%": "49.3", "New South Wales_%": "49.3", "Potato Point": "72", "New South Wales": "3,686,014"}, "Aboriginal and/or Torres Strait Islander people": {"Australia": "649,171", "Potato Point_%": "9.0", "Australia_%": "2.8", "New South Wales_%": "2.9", "Potato Point": "12", "New South Wales": "216,176"}, "Female": {"Australia": "11,855,248", "Potato Point_%": "46.7", "Australia_%": "50.7", "New South Wales_%": "50.7", "Potato Point": "63", "New South Wales": "3,794,217"}}, "Language, top responses (other than English)": {"Households where a non English language is spoken": {"Australia": "1,971,011", "Potato Point_%": "3.8", "Australia_%": "22.2", "New South Wales_%": "26.5", "Potato Point": "3", "New South Wales": "735,563"}, "null": {"Australia": "None", "Potato Point_%": null, "Australia_%": "None", "New South Wales_%": "None", "Potato Point": null, "New South Wales": "None"}, "English only spoken at home": {"Australia": "17,020,417", "Potato Point_%": "89.4", "Australia_%": "72.7", "New South Wales_%": "68.5", "Potato Point": "118", "New South Wales": "5,126,633"}}, "summaryTable_qsDwelling": {"Median monthly mortgage repayments": "$1,473", "All private dwellings": "158", "Average people per household": "1.8", "Median weekly household income": "$1,142", "Median weekly rent": "$0", "Average motor vehicles per dwelling": "1.7"}, "Household income": {"Less than $650 gross weekly income": {"Australia": "--", "Potato Point_%": "23.6", "Australia_%": "20.0", "New South Wales_%": "19.7", "Potato Point": "--", "New South Wales": "--"}, "More than $3000 gross weekly income": {"Australia": "--", "Potato Point_%": "7.3", "Australia_%": "16.4", "New South Wales_%": "18.7", "Potato Point": "--", "New South Wales": "--"}}, "Country of birth": {"Other top responses": {"Potato Point": "None", "Potato Point_%": "None"}, "United States of America": {"Australia": "86,125", "Potato Point_%": "2.4", "Australia_%": "0.4", "New South Wales_%": "0.4", "Potato Point": "3", "New South Wales": "30,081"}, "Australia": {"Australia": "15,614,835", "Potato Point_%": "78.2", "Australia_%": "66.7", "New South Wales_%": "65.5", "Potato Point": "97", "New South Wales": "4,899,090"}, "England": {"Australia": "907,570", "Potato Point_%": "2.4", "Australia_%": "3.9", "New South Wales_%": "3.0", "Potato Point": "3", "New South Wales": "226,564"}}, "Religious affiliation, top responses": {"No Religion, so described": {"Australia": "6,933,708", "Potato Point_%": "36.9", "Australia_%": "29.6", "New South Wales_%": "25.1", "Potato Point": "52", "New South Wales": "1,879,562"}, "Anglican": {"Australia": "3,101,185", "Potato Point_%": "19.9", "Australia_%": "13.3", "New South Wales_%": "15.5", "Potato Point": "28", "New South Wales": "1,161,810"}, "Not stated": {"Australia": "2,238,735", "Potato Point_%": "15.6", "Australia_%": "9.6", "New South Wales_%": "9.2", "Potato Point": "22", "New South Wales": "684,969"}, "Christian, nfd": {"Australia": "612,371", "Potato Point_%": "6.4", "Australia_%": "2.6", "New South Wales_%": "2.2", "Potato Point": "9", "New South Wales": "165,351"}, "Catholic": {"Australia": "5,291,834", "Potato Point_%": "10.6", "Australia_%": "22.6", "New South Wales_%": "24.7", "Potato Point": "15", "New South Wales": "1,846,443"}}, "Ancestry, top responses": {"Australian": {"Australia": "7,298,243", "Potato Point_%": "24.5", "Australia_%": "23.3", "New South Wales_%": "22.9", "Potato Point": "39", "New South Wales": "2,261,062"}, "Scottish": {"Australia": "2,023,470", "Potato Point_%": "13.2", "Australia_%": "6.4", "New South Wales_%": "5.9", "Potato Point": "21", "New South Wales": "587,052"}, "Irish": {"Australia": "2,388,058", "Potato Point_%": "13.2", "Australia_%": "7.6", "New South Wales_%": "7.5", "Potato Point": "21", "New South Wales": "741,671"}, "Australian South Sea Islander": {"Australia": "9,391", "Potato Point_%": "1.9", "Australia_%": "0.0", "New South Wales_%": "0.0", "Potato Point": "3", "New South Wales": "1,523"}, "English": {"Australia": "7,852,224", "Potato Point_%": "31.4", "Australia_%": "25.0", "New South Wales_%": "23.3", "Potato Point": "50", "New South Wales": "2,302,481"}}, "Age": {"35-39 years": {"Australia": "1,561,679", "Potato Point_%": "2.4", "Australia_%": "6.7", "New South Wales_%": "6.7", "Potato Point": "3", "New South Wales": "499,724"}, "60-64 years": {"Australia": "1,299,397", "Potato Point_%": "23.6", "Australia_%": "5.6", "New South Wales_%": "5.6", "Potato Point": "29", "New South Wales": "420,044"}, "30-34 years": {"Australia": "1,703,847", "Potato Point_%": "0.0", "Australia_%": "7.3", "New South Wales_%": "7.2", "Potato Point": "0", "New South Wales": "540,360"}, "0-4 years": {"Australia": "1,464,779", "Potato Point_%": "0.0", "Australia_%": "6.3", "New South Wales_%": "6.2", "Potato Point": "0", "New South Wales": "465,135"}, "25-29 years": {"Australia": "1,664,602", "Potato Point_%": "2.4", "Australia_%": "7.1", "New South Wales_%": "7.0", "Potato Point": "3", "New South Wales": "527,161"}, "10-14 years": {"Australia": "1,397,183", "Potato Point_%": "0.0", "Australia_%": "6.0", "New South Wales_%": "5.9", "Potato Point": "0", "New South Wales": "443,009"}, "5-9 years": {"Australia": "1,502,646", "Potato Point_%": "2.4", "Australia_%": "6.4", "New South Wales_%": "6.4", "Potato Point": "3", "New South Wales": "478,184"}, "Median age": {"Australia": "38", "Potato Point_%": "--", "Australia_%": "--", "New South Wales_%": "--", "Potato Point": "61", "New South Wales": "38"}, "50-54 years": {"Australia": "1,523,551", "Potato Point_%": "8.9", "Australia_%": "6.5", "New South Wales_%": "6.5", "Potato Point": "11", "New South Wales": "485,546"}, "80-84 years": {"Australia": "460,549", "Potato Point_%": "3.3", "Australia_%": "2.0", "New South Wales_%": "2.1", "Potato Point": "4", "New South Wales": "155,806"}, "40-44 years": {"Australia": "1,583,257", "Potato Point_%": "0.0", "Australia_%": "6.8", "New South Wales_%": "6.7", "Potato Point": "0", "New South Wales": "503,169"}, "70-74 years": {"Australia": "887,716", "Potato Point_%": "8.1", "Australia_%": "3.8", "New South Wales_%": "3.9", "Potato Point": "10", "New South Wales": "292,556"}, "15-19 years": {"Australia": "1,421,595", "Potato Point_%": "3.3", "Australia_%": "6.1", "New South Wales_%": "6.0", "Potato Point": "4", "New South Wales": "448,425"}, "65-69 years": {"Australia": "1,188,999", "Potato Point_%": "17.9", "Australia_%": "5.1", "New South Wales_%": "5.1", "Potato Point": "22", "New South Wales": "384,470"}, "20-24 years": {"Australia": "1,566,793", "Potato Point_%": "2.4", "Australia_%": "6.7", "New South Wales_%": "6.5", "Potato Point": "3", "New South Wales": "489,673"}, "55-59 years": {"Australia": "1,454,332", "Potato Point_%": "9.8", "Australia_%": "6.2", "New South Wales_%": "6.3", "Potato Point": "12", "New South Wales": "469,726"}, "75-79 years": {"Australia": "652,657", "Potato Point_%": "9.8", "Australia_%": "2.8", "New South Wales_%": "2.9", "Potato Point": "12", "New South Wales": "217,308"}, "45-49 years": {"Australia": "1,581,455", "Potato Point_%": "3.3", "Australia_%": "6.8", "New South Wales_%": "6.6", "Potato Point": "4", "New South Wales": "492,440"}, "85 years and over": {"Australia": "486,842", "Potato Point_%": "2.4", "Australia_%": "2.1", "New South Wales_%": "2.2", "Potato Point": "3", "New South Wales": "167,506"}}, "Single (or lone) parents": {"Male": {"Australia": "--", "Potato Point_%": "0.0", "Australia_%": "18.2", "New South Wales_%": "17.8", "Potato Point": "--", "New South Wales": "--"}, "Female": {"Australia": "--", "Potato Point_%": "0.0", "Australia_%": "81.8", "New South Wales_%": "82.2", "Potato Point": "--", "New South Wales": "--"}}, "Mortgage monthly repayments": {"Median mortgage repayments": {"Australia": "1,755", "Potato Point_%": "--", "Australia_%": "--", "New South Wales_%": "--", "Potato Point": "1,473", "New South Wales": "1,986"}, "Households where mortgage repayments are less than 30% of household income": {"Australia": "--", "Potato Point_%": "94.7", "Australia_%": "92.8", "New South Wales_%": "92.6", "Potato Point": "--", "New South Wales": "--"}, "Households with mortgage repayments greater than or equal to 30% of household income": {"Australia": "--", "Potato Point_%": "5.3", "Australia_%": "7.2", "New South Wales_%": "7.4", "Potato Point": "--", "New South Wales": "--"}}, "Mortgage and rent": {"Median monthly mortgage repayments": {"Australia": "1,660", "Potato Point_%": "--", "Australia_%": "--", "New South Wales_%": "--", "Potato Point": "0", "New South Wales": "1,733"}, "Median weekly rent": {"Australia": "250", "Potato Point_%": "--", "Australia_%": "--", "New South Wales_%": "--", "Potato Point": "0", "New South Wales": "270"}}, "Tenure": {"Rented": {"Australia": "2,561,302", "Potato Point_%": "9.7", "Australia_%": "30.9", "New South Wales_%": "31.8", "Potato Point": "6", "New South Wales": "826,922"}, "Owned outright": {"Australia": "2,565,695", "Potato Point_%": "53.2", "Australia_%": "31.0", "New South Wales_%": "32.2", "Potato Point": "33", "New South Wales": "839,665"}, "Owned with a mortgage": {"Australia": "2,855,222", "Potato Point_%": "32.3", "Australia_%": "34.5", "New South Wales_%": "32.3", "Potato Point": "20", "New South Wales": "840,004"}, "Tenure type not stated": {"Australia": "224,869", "Potato Point_%": "0.0", "Australia_%": "2.7", "New South Wales_%": "2.8", "Potato Point": "0", "New South Wales": "73,763"}, "Other tenure type": {"Australia": "78,994", "Potato Point_%": "4.8", "Australia_%": "1.0", "New South Wales_%": "0.9", "Potato Point": "3", "New South Wales": "23,968"}}, "Country of birth of father, stated responses": {"New Zealand": {"Australia": "617,331", "Potato Point_%": "2.3", "Australia_%": "2.6", "New South Wales_%": "1.9", "Potato Point": "3", "New South Wales": "143,450"}, "Australia": {"Australia": "12,231,150", "Potato Point_%": "75.6", "Australia_%": "52.3", "New South Wales_%": "50.1", "Potato Point": "99", "New South Wales": "3,745,787"}, "England": {"Australia": "1,403,096", "Potato Point_%": "7.6", "Australia_%": "6.0", "New South Wales_%": "4.8", "Potato Point": "10", "New South Wales": "359,370"}, "Netherlands": {"Australia": "175,354", "Potato Point_%": "2.3", "Australia_%": "0.7", "New South Wales_%": "0.5", "Potato Point": "3", "New South Wales": "40,444"}}, "Country of birth of father and/or mother, stated responses": {"Father only born overseas": {"Australia": "1,488,092", "Potato Point_%": "2.9", "Australia_%": "6.4", "New South Wales_%": "6.1", "Potato Point": "4", "New South Wales": "458,394"}, "Mother only born overseas": {"Australia": "1,094,591", "Potato Point_%": "7.2", "Australia_%": "4.7", "New South Wales_%": "4.3", "Potato Point": "10", "New South Wales": "325,182"}, "Both parents born overseas": {"Australia": "8,051,196", "Potato Point_%": "12.3", "Australia_%": "34.4", "New South Wales_%": "37.0", "Potato Point": "17", "New South Wales": "2,764,170"}, "Both parents born in Australia": {"Australia": "11,070,538", "Potato Point_%": "64.5", "Australia_%": "47.3", "New South Wales_%": "45.4", "Potato Point": "89", "New South Wales": "3,399,725"}}, "Rent weekly payments": {"Households where rent payments are less than 30% of household income": {"Australia": "--", "Potato Point_%": "100.0", "Australia_%": "88.5", "New South Wales_%": "87.1", "Potato Point": "--", "New South Wales": "--"}, "Households with rent payments greater than or equal to 30% of household income": {"Australia": "--", "Potato Point_%": "0.0", "Australia_%": "11.5", "New South Wales_%": "12.9", "Potato Point": "--", "New South Wales": "--"}, "Median rent": {"Australia": "335", "Potato Point_%": "--", "Australia_%": "--", "New South Wales_%": "--", "Potato Point": "0", "New South Wales": "380"}}, "Registered marital status": {"Separated": {"Australia": "608,059", "Potato Point_%": "3.1", "Australia_%": "3.2", "New South Wales_%": "3.1", "Potato Point": "4", "New South Wales": "190,198"}, "Widowed": {"Australia": "985,204", "Potato Point_%": "2.3", "Australia_%": "5.2", "New South Wales_%": "5.4", "Potato Point": "3", "New South Wales": "331,653"}, "Married": {"Australia": "9,148,218", "Potato Point_%": "52.7", "Australia_%": "48.1", "New South Wales_%": "48.7", "Potato Point": "68", "New South Wales": "2,965,280"}, "Divorced": {"Australia": "1,626,890", "Potato Point_%": "17.1", "Australia_%": "8.5", "New South Wales_%": "8.4", "Potato Point": "22", "New South Wales": "512,298"}, "Never married": {"Australia": "6,668,910", "Potato Point_%": "24.8", "Australia_%": "35.0", "New South Wales_%": "34.4", "Potato Point": "32", "New South Wales": "2,094,460"}}, "summaryTable_qsPeople": {"Male": "53.3%", "Median age": "61", "Female": "46.7%", "People": "135"}, "Dwelling characteristics": {"Average number of people per household": {"Australia": "3.2", "Potato Point_%": "--", "Australia_%": "--", "New South Wales_%": "--", "Potato Point": "3", "New South Wales": "3.1"}, "Average number of persons per bedroom": {"Australia": "1", "Potato Point_%": "--", "Australia_%": "--", "New South Wales_%": "--", "Potato Point": "1.3", "New South Wales": "1"}, "Median weekly household income": {"Australia": "1,203", "Potato Point_%": "--", "Australia_%": "--", "New South Wales_%": "--", "Potato Point": "1,624", "New South Wales": "1,214"}}, "Unpaid work": {"Did unpaid domestic work (last week)": {"Australia": "13,143,914", "Potato Point_%": "71.9", "Australia_%": "69.0", "New South Wales_%": "67.7", "Potato Point": "87", "New South Wales": "4,127,723"}, "Provided unpaid assistance to a person with a disability (last two weeks)": {"Australia": "2,145,203", "Potato Point_%": "19.1", "Australia_%": "11.3", "New South Wales_%": "11.6", "Potato Point": "25", "New South Wales": "709,415"}, "Did voluntary work through an organisation or group (last 12 months)": {"Australia": "3,620,726", "Potato Point_%": "34.1", "Australia_%": "19.0", "New South Wales_%": "18.1", "Potato Point": "44", "New South Wales": "1,103,790"}, "Cared for child/children (last two weeks)": {"Australia": "5,259,400", "Potato Point_%": "21.5", "Australia_%": "27.6", "New South Wales_%": "27.2", "Potato Point": "29", "New South Wales": "1,659,250"}}, "Unpaid domestic work, number of hours": {"5 to 14 hours per week": {"Australia": "4,944,578", "Potato Point_%": "29.2", "Australia_%": "26.0", "New South Wales_%": "25.1", "Potato Point": "35", "New South Wales": "1,531,206"}, "30 hours or more per week": {"Australia": "1,710,970", "Potato Point_%": "6.7", "Australia_%": "9.0", "New South Wales_%": "9.0", "Potato Point": "8", "New South Wales": "545,925"}, "Less than 5 hours per week": {"Australia": "4,298,593", "Potato Point_%": "13.3", "Australia_%": "22.6", "New South Wales_%": "22.3", "Potato Point": "16", "New South Wales": "1,359,656"}, "15 to 29 hours per week": {"Australia": "2,189,776", "Potato Point_%": "22.5", "Australia_%": "11.5", "New South Wales_%": "11.3", "Potato Point": "27", "New South Wales": "690,934"}}, "Industry of employment, top responses": {"Accommodation": {"Australia": "113,377", "Potato Point_%": "14.3", "Australia_%": "1.1", "New South Wales_%": "1.0", "Potato Point": "3", "New South Wales": "34,450"}, "Plumbing Services": {"Australia": "65,038", "Potato Point_%": "14.3", "Australia_%": "0.6", "New South Wales_%": "0.6", "Potato Point": "3", "New South Wales": "19,234"}, "Hospitals (except Psychiatric Hospitals)": {"Australia": "411,808", "Potato Point_%": "14.3", "Australia_%": "3.9", "New South Wales_%": "3.5", "Potato Point": "3", "New South Wales": "119,350"}, "Electrical Services": {"Australia": "89,954", "Potato Point_%": "14.3", "Australia_%": "0.8", "New South Wales_%": "0.8", "Potato Point": "3", "New South Wales": "27,238"}, "Painting and Decorating Services": {"Australia": "40,259", "Potato Point_%": "14.3", "Australia_%": "0.4", "New South Wales_%": "0.3", "Potato Point": "3", "New South Wales": "11,569"}}, "GeoInfo": {"city": "Potato Point"}, "Education": {"University or tertiary institution": {"Australia": "1,160,626", "Potato Point_%": "0.0", "Australia_%": "16.1", "New South Wales_%": "16.2", "Potato Point": "0", "New South Wales": "376,133"}, "Secondary - Catholic": {"Australia": "338,384", "Potato Point_%": "0.0", "Australia_%": "4.7", "New South Wales_%": "5.1", "Potato Point": "0", "New South Wales": "117,689"}, "Secondary - other non Government": {"Australia": "280,618", "Potato Point_%": "0.0", "Australia_%": "3.9", "New South Wales_%": "3.4", "Potato Point": "0", "New South Wales": "79,915"}, "Primary - Catholic": {"Australia": "380,604", "Potato Point_%": "0.0", "Australia_%": "5.3", "New South Wales_%": "5.3", "Potato Point": "0", "New South Wales": "122,099"}, "Primary - Government": {"Australia": "1,314,787", "Potato Point_%": "15.0", "Australia_%": "18.2", "New South Wales_%": "18.0", "Potato Point": "3", "New South Wales": "417,465"}, "Other": {"Australia": "198,383", "Potato Point_%": "0.0", "Australia_%": "2.8", "New South Wales_%": "2.7", "Potato Point": "0", "New South Wales": "63,673"}, "Technical or further education institution": {"Australia": "424,869", "Potato Point_%": "0.0", "Australia_%": "5.9", "New South Wales_%": "6.2", "Potato Point": "0", "New South Wales": "144,103"}, "Secondary - Government": {"Australia": "827,505", "Potato Point_%": "0.0", "Australia_%": "11.5", "New South Wales_%": "11.6", "Potato Point": "0", "New South Wales": "269,249"}, "Primary - other non Government": {"Australia": "231,490", "Potato Point_%": "0.0", "Australia_%": "3.2", "New South Wales_%": "2.9", "Potato Point": "0", "New South Wales": "67,611"}, "Not stated": {"Australia": "1,707,023", "Potato Point_%": "85.0", "Australia_%": "23.7", "New South Wales_%": "23.0", "Potato Point": "17", "New South Wales": "535,266"}, "Preschool": {"Australia": "347,621", "Potato Point_%": "0.0", "Australia_%": "4.8", "New South Wales_%": "5.7", "Potato Point": "0", "New South Wales": "132,047"}}, "Employment": {"Unemployed": {"Australia": "787,452", "Potato Point_%": "12.5", "Australia_%": "6.9", "New South Wales_%": "6.3", "Potato Point": "7", "New South Wales": "225,546"}, "Worked part-time": {"Australia": "3,491,503", "Potato Point_%": "28.6", "Australia_%": "30.4", "New South Wales_%": "29.7", "Potato Point": "16", "New South Wales": "1,071,151"}, "Away from work": {"Australia": "569,276", "Potato Point_%": "10.7", "Australia_%": "5.0", "New South Wales_%": "4.8", "Potato Point": "6", "New South Wales": "174,654"}, "Worked full-time": {"Australia": "6,623,065", "Potato Point_%": "48.2", "Australia_%": "57.7", "New South Wales_%": "59.2", "Potato Point": "27", "New South Wales": "2,134,521"}}, "Travel to work, top responses": {"People who travelled to work by car as driver or passenger": {"Australia": "7,305,271", "Potato Point_%": "80.0", "Australia_%": "68.4", "New South Wales_%": "64.6", "Potato Point": "36", "New South Wales": "2,182,854"}, "Car, as driver": {"Australia": "6,574,571", "Potato Point_%": "84.1", "Australia_%": "61.5", "New South Wales_%": "57.8", "Potato Point": "37", "New South Wales": "1,953,399"}, "null": {"Australia": "None", "Potato Point_%": null, "Australia_%": "None", "New South Wales_%": "None", "Potato Point": null, "New South Wales": "None"}, "Worked at home": {"Australia": "503,582", "Potato Point_%": "6.8", "Australia_%": "4.7", "New South Wales_%": "4.8", "Potato Point": "3", "New South Wales": "163,026"}}, "Occupation": {"Professionals": {"Australia": "2,370,966", "Potato Point_%": "15.0", "Australia_%": "22.2", "New South Wales_%": "23.6", "Potato Point": "6", "New South Wales": "798,126"}, "Managers": {"Australia": "1,390,047", "Potato Point_%": "10.0", "Australia_%": "13.0", "New South Wales_%": "13.5", "Potato Point": "4", "New South Wales": "456,084"}, "Labourers": {"Australia": "1,011,520", "Potato Point_%": "15.0", "Australia_%": "9.5", "New South Wales_%": "8.8", "Potato Point": "6", "New South Wales": "297,887"}, "Clerical and Administrative Workers": {"Australia": "1,449,681", "Potato Point_%": "10.0", "Australia_%": "13.6", "New South Wales_%": "13.8", "Potato Point": "4", "New South Wales": "467,977"}, "Machinery Operators and Drivers": {"Australia": "670,106", "Potato Point_%": "10.0", "Australia_%": "6.3", "New South Wales_%": "6.1", "Potato Point": "4", "New South Wales": "206,839"}, "Community and Personal Service Workers": {"Australia": "1,157,003", "Potato Point_%": "7.5", "Australia_%": "10.8", "New South Wales_%": "10.4", "Potato Point": "3", "New South Wales": "350,261"}, "Sales Workers": {"Australia": "1,000,955", "Potato Point_%": "7.5", "Australia_%": "9.4", "New South Wales_%": "9.2", "Potato Point": "3", "New South Wales": "311,414"}, "Technicians and Trades Workers": {"Australia": "1,447,414", "Potato Point_%": "25.0", "Australia_%": "13.5", "New South Wales_%": "12.7", "Potato Point": "10", "New South Wales": "429,239"}}}