{"GeoInfo": {"city": "Roseberg"}, "summaryTable_qsDwelling": {"Median monthly mortgage repayments": "$0", "All private dwellings": "14", "Average people per household": "2", "Median weekly household income": "$900", "Median weekly rent": "$0", "Average motor vehicles per dwelling": "1.9"}, "summaryTable_qsPeople": {"Male": "50%", "Median age": "54", "Female": "50%", "People": "29"}, "summaryTable_qsFamilies": {"for all families": "0", "for families with children": "0", "Families": "9", "Average children per family": "None"}}