{"GeoInfo": {"city": "Sandy Creek (Cobar - NSW)"}, "summaryTable_qsDwelling": {"Median monthly mortgage repayments": "$0", "All private dwellings": "19", "Average people per household": "2.5", "Median weekly household income": "$2,624", "Median weekly rent": "$0", "Average motor vehicles per dwelling": "2.2"}, "summaryTable_qsPeople": {"Male": "53.6%", "Median age": "55", "Female": "46.4%", "People": "25"}, "summaryTable_qsFamilies": {"for all families": "0.5", "for families with children": "2", "Families": "7", "Average children per family": "None"}}