{"Employment - hours worked": {"40 hours or more per week": {"New South Wales_%": "44.1", "Australia": "4,591,801", "St Ives (NSW)": "4,061", "Australia_%": "43.0", "St Ives (NSW)_%": "50.3", "New South Wales": "1,489,099"}, "25-34 hours per week": {"New South Wales_%": "10.5", "Australia": "1,193,445", "St Ives (NSW)": "753", "Australia_%": "11.2", "St Ives (NSW)_%": "9.3", "New South Wales": "353,702"}, "16-24 hours per week": {"New South Wales_%": "10.4", "Australia": "1,079,236", "St Ives (NSW)": "885", "Australia_%": "10.1", "St Ives (NSW)_%": "11.0", "New South Wales": "352,817"}, "35-39 hours per week": {"New South Wales_%": "19.1", "Australia": "2,031,263", "St Ives (NSW)": "978", "Australia_%": "19.0", "St Ives (NSW)_%": "12.1", "New South Wales": "645,428"}, "1-15 hours per week": {"New South Wales_%": "10.8", "Australia": "1,218,823", "St Ives (NSW)": "1,113", "Australia_%": "11.4", "St Ives (NSW)_%": "13.8", "New South Wales": "364,637"}}, "Number of registered motor vehicles": {"2 motor vehicles": {"New South Wales_%": "34.1", "Australia": "2,999,184", "St Ives (NSW)": "2,624", "Australia_%": "36.2", "St Ives (NSW)_%": "45.0", "New South Wales": "887,849"}, "None": {"New South Wales_%": "9.2", "Australia": "623,829", "St Ives (NSW)": "124", "Australia_%": "7.5", "St Ives (NSW)_%": "2.1", "New South Wales": "239,625"}, "Number of motor vehicles not stated": {"New South Wales_%": "3.7", "Australia": "285,197", "St Ives (NSW)": "105", "Australia_%": "3.4", "St Ives (NSW)_%": "1.8", "New South Wales": "95,623"}, "1 motor vehicle": {"New South Wales_%": "36.3", "Australia": "2,881,485", "St Ives (NSW)": "1,817", "Australia_%": "34.8", "St Ives (NSW)_%": "31.1", "New South Wales": "946,159"}, "3 or more vehicles": {"New South Wales_%": "16.7", "Australia": "1,496,382", "St Ives (NSW)": "1,165", "Australia_%": "18.1", "St Ives (NSW)_%": "20.0", "New South Wales": "435,053"}}, "Employment status of parents in couple families": {"Labour force status not stated (by one or both parents in a couple family)": {"New South Wales_%": "5.7", "Australia": "311,381", "St Ives (NSW)": "277", "Australia_%": "6.2", "St Ives (NSW)_%": "6.2", "New South Wales": "90,630"}, "One employed full-time, one part-time": {"New South Wales_%": "20.6", "Australia": "1,086,460", "St Ives (NSW)": "975", "Australia_%": "21.7", "St Ives (NSW)_%": "21.8", "New South Wales": "329,567"}, "One employed part-time, other not working": {"New South Wales_%": "6.1", "Australia": "302,037", "St Ives (NSW)": "271", "Australia_%": "6.0", "St Ives (NSW)_%": "6.1", "New South Wales": "96,933"}, "Other (includes away from work)": {"New South Wales_%": "5.1", "Australia": "264,145", "St Ives (NSW)": "161", "Australia_%": "5.3", "St Ives (NSW)_%": "3.6", "New South Wales": "80,905"}, "Both employed, worked full-time": {"New South Wales_%": "22.6", "Australia": "1,084,006", "St Ives (NSW)": "999", "Australia_%": "21.6", "St Ives (NSW)_%": "22.4", "New South Wales": "360,916"}, "One employed full-time, other not working": {"New South Wales_%": "15.0", "Australia": "749,886", "St Ives (NSW)": "743", "Australia_%": "15.0", "St Ives (NSW)_%": "16.6", "New South Wales": "240,084"}, "Both employed, worked part-time": {"New South Wales_%": "4.0", "Australia": "203,596", "St Ives (NSW)": "154", "Australia_%": "4.1", "St Ives (NSW)_%": "3.4", "New South Wales": "63,106"}, "Both not working": {"New South Wales_%": "21.0", "Australia": "1,006,697", "St Ives (NSW)": "888", "Australia_%": "20.1", "St Ives (NSW)_%": "19.9", "New South Wales": "334,742"}}, "Country of birth of mother, stated responses": {"Korea, Republic of (South)": {"New South Wales_%": "0.9", "Australia": "120,878", "St Ives (NSW)": "447", "Australia_%": "0.5", "St Ives (NSW)_%": "2.6", "New South Wales": "65,642"}, "Australia": {"New South Wales_%": "51.9", "Australia": "12,643,365", "St Ives (NSW)": "5,981", "Australia_%": "54.0", "St Ives (NSW)_%": "34.7", "New South Wales": "3,884,762"}, "England": {"New South Wales_%": "4.3", "Australia": "1,302,147", "St Ives (NSW)": "1,207", "Australia_%": "5.6", "St Ives (NSW)_%": "7.0", "New South Wales": "322,472"}, "China (excludes SARs and Taiwan)": {"New South Wales_%": "4.4", "Australia": "699,074", "St Ives (NSW)": "1,834", "Australia_%": "3.0", "St Ives (NSW)_%": "10.6", "New South Wales": "329,967"}, "South Africa": {"New South Wales_%": "0.7", "Australia": "193,412", "St Ives (NSW)": "1,777", "Australia_%": "0.8", "St Ives (NSW)_%": "10.3", "New South Wales": "52,673"}}, "Dwelling structure": {"Other dwelling": {"New South Wales_%": "0.9", "Australia": "64,425", "St Ives (NSW)": "0", "Australia_%": "0.8", "St Ives (NSW)_%": "0.0", "New South Wales": "23,580"}, "Semi-detached, row or terrace house, townhouse etc": {"New South Wales_%": "12.2", "Australia": "1,055,016", "St Ives (NSW)": "553", "Australia_%": "12.7", "St Ives (NSW)_%": "9.5", "New South Wales": "317,453"}, "Separate house": {"New South Wales_%": "66.4", "Australia": "6,041,788", "St Ives (NSW)": "4,088", "Australia_%": "72.9", "St Ives (NSW)_%": "70.1", "New South Wales": "1,729,820"}, "Flat or apartment": {"New South Wales_%": "19.9", "Australia": "1,087,434", "St Ives (NSW)": "1,180", "Australia_%": "13.1", "St Ives (NSW)_%": "20.2", "New South Wales": "519,390"}}, "Number of bedrooms": {"1 bedroom": {"New South Wales_%": "6.0", "Australia": "411,252", "St Ives (NSW)": "144", "Australia_%": "5.0", "St Ives (NSW)_%": "2.5", "New South Wales": "157,194"}, "3 bedrooms": {"New South Wales_%": "37.2", "Australia": "3,403,190", "St Ives (NSW)": "1,579", "Australia_%": "41.1", "St Ives (NSW)_%": "27.1", "New South Wales": "970,001"}, "Average number of people per household": {"New South Wales_%": "--", "Australia": "2.6", "St Ives (NSW)": "2.9", "Australia_%": "--", "St Ives (NSW)_%": "--", "New South Wales": "2.6"}, "2 bedrooms": {"New South Wales_%": "22.2", "Australia": "1,562,759", "St Ives (NSW)": "935", "Australia_%": "18.9", "St Ives (NSW)_%": "16.0", "New South Wales": "577,675"}, "4 or more bedrooms": {"New South Wales_%": "31.3", "Australia": "2,670,758", "St Ives (NSW)": "3,106", "Australia_%": "32.2", "St Ives (NSW)_%": "53.2", "New South Wales": "816,405"}, "None (includes bedsitters)": {"New South Wales_%": "0.7", "Australia": "39,769", "St Ives (NSW)": "3", "Australia_%": "0.5", "St Ives (NSW)_%": "0.1", "New South Wales": "17,157"}, "Number of bedrooms not stated": {"New South Wales_%": "2.5", "Australia": "198,351", "St Ives (NSW)": "67", "Australia_%": "2.4", "St Ives (NSW)_%": "1.1", "New South Wales": "65,888"}, "Average number of bedrooms per dwelling": {"New South Wales_%": "--", "Australia": "3.1", "St Ives (NSW)": "3.5", "Australia_%": "--", "St Ives (NSW)_%": "--", "New South Wales": "3"}}, "summaryTable_qsFamilies": {"for all families": "1", "for families with children": "1.8", "Families": "4,995", "Average children per family": "None"}, "People characteristics": {"Male": {"New South Wales_%": "49.7", "Australia": "322,171", "St Ives (NSW)": "15", "Australia_%": "49.6", "St Ives (NSW)_%": "53.6", "New South Wales": "107,368"}, "Median age": {"New South Wales_%": "--", "Australia": "23", "St Ives (NSW)": "26", "Australia_%": "--", "St Ives (NSW)_%": "--", "New South Wales": "22"}, "Female": {"New South Wales_%": "50.3", "Australia": "326,996", "St Ives (NSW)": "13", "Australia_%": "50.4", "St Ives (NSW)_%": "46.4", "New South Wales": "108,809"}}, "Dwelling count": {"Unoccupied private dwellings": {"New South Wales_%": "9.9", "Australia": "1,039,874", "St Ives (NSW)": "413", "Australia_%": "11.2", "St Ives (NSW)_%": "6.6", "New South Wales": "284,741"}, "Occupied private dwellings": {"New South Wales_%": "90.1", "Australia": "8,286,073", "St Ives (NSW)": "5,832", "Australia_%": "88.8", "St Ives (NSW)_%": "93.4", "New South Wales": "2,604,320"}}, "Level of highest educational attainment": {"Certificate level III": {"New South Wales_%": "12.0", "Australia": "2,442,203", "St Ives (NSW)": "548", "Australia_%": "12.8", "St Ives (NSW)_%": "4.0", "New South Wales": "730,498"}, "Certificate level II": {"New South Wales_%": "0.1", "Australia": "13,454", "St Ives (NSW)": "0", "Australia_%": "0.1", "St Ives (NSW)_%": "0.0", "New South Wales": "4,849"}, "No educational attainment": {"New South Wales_%": "0.9", "Australia": "145,844", "St Ives (NSW)": "36", "Australia_%": "0.8", "St Ives (NSW)_%": "0.3", "New South Wales": "54,870"}, "Bachelor Degree level and above": {"New South Wales_%": "23.4", "Australia": "4,181,406", "St Ives (NSW)": "6,262", "Australia_%": "22.0", "St Ives (NSW)_%": "45.7", "New South Wales": "1,424,716"}, "Certificate level I": {"New South Wales_%": "0.0", "Australia": "2,176", "St Ives (NSW)": "0", "Australia_%": "0.0", "St Ives (NSW)_%": "0.0", "New South Wales": "625"}, "Year 11": {"New South Wales_%": "3.3", "Australia": "941,531", "St Ives (NSW)": "436", "Australia_%": "4.9", "St Ives (NSW)_%": "3.2", "New South Wales": "203,574"}, "Not stated": {"New South Wales_%": "10.3", "Australia": "1,974,794", "St Ives (NSW)": "784", "Australia_%": "10.4", "St Ives (NSW)_%": "5.7", "New South Wales": "627,465"}, "Year 9 or below": {"New South Wales_%": "8.4", "Australia": "1,529,897", "St Ives (NSW)": "534", "Australia_%": "8.0", "St Ives (NSW)_%": "3.9", "New South Wales": "513,209"}, "Certificate level IV": {"New South Wales_%": "2.8", "Australia": "551,767", "St Ives (NSW)": "180", "Australia_%": "2.9", "St Ives (NSW)_%": "1.3", "New South Wales": "167,947"}, "Year 10": {"New South Wales_%": "11.5", "Australia": "2,054,331", "St Ives (NSW)": "724", "Australia_%": "10.8", "St Ives (NSW)_%": "5.3", "New South Wales": "702,178"}, "Year 12": {"New South Wales_%": "15.3", "Australia": "2,994,097", "St Ives (NSW)": "2,199", "Australia_%": "15.7", "St Ives (NSW)_%": "16.0", "New South Wales": "930,654"}, "Advanced Diploma and Diploma level": {"New South Wales_%": "8.9", "Australia": "1,687,893", "St Ives (NSW)": "1,487", "Australia_%": "8.9", "St Ives (NSW)_%": "10.9", "New South Wales": "543,142"}}, "Median weekly incomes": {"Personal": {"New South Wales_%": "--", "Australia": "662", "St Ives (NSW)": "932", "Australia_%": "--", "St Ives (NSW)_%": "--", "New South Wales": "664"}, "Household": {"New South Wales_%": "--", "Australia": "1,438", "St Ives (NSW)": "2,477", "Australia_%": "--", "St Ives (NSW)_%": "--", "New South Wales": "1,486"}, "Family": {"New South Wales_%": "--", "Australia": "1,734", "St Ives (NSW)": "2,839", "Australia_%": "--", "St Ives (NSW)_%": "--", "New South Wales": "1,780"}}, "Family composition": {"Other family": {"New South Wales_%": "1.7", "Australia": "102,559", "St Ives (NSW)": "39", "Australia_%": "1.7", "St Ives (NSW)_%": "0.8", "New South Wales": "32,438"}, "Couple family with children": {"New South Wales_%": "45.7", "Australia": "2,716,224", "St Ives (NSW)": "2,804", "Australia_%": "44.7", "St Ives (NSW)_%": "56.1", "New South Wales": "887,358"}, "Couple family without children": {"New South Wales_%": "36.6", "Australia": "2,291,987", "St Ives (NSW)": "1,666", "Australia_%": "37.8", "St Ives (NSW)_%": "33.3", "New South Wales": "709,524"}, "One parent family": {"New South Wales_%": "16.0", "Australia": "959,543", "St Ives (NSW)": "487", "Australia_%": "15.8", "St Ives (NSW)_%": "9.7", "New South Wales": "310,906"}}, "Dwelling internet connection": {"Not stated": {"New South Wales_%": "2.8", "Australia": "221,494", "St Ives (NSW)": "77", "Australia_%": "2.7", "St Ives (NSW)_%": "1.3", "New South Wales": "73,565"}, "Internet not accessed from dwelling": {"New South Wales_%": "14.7", "Australia": "1,172,415", "St Ives (NSW)": "314", "Australia_%": "14.1", "St Ives (NSW)_%": "5.4", "New South Wales": "381,709"}, "Internet accessed from dwelling": {"New South Wales_%": "82.5", "Australia": "6,892,165", "St Ives (NSW)": "5,442", "Australia_%": "83.2", "St Ives (NSW)_%": "93.3", "New South Wales": "2,149,040"}}, "Social marital status": {"Not married": {"New South Wales_%": "42.3", "Australia": "7,024,973", "St Ives (NSW)": "4,240", "Australia_%": "41.9", "St Ives (NSW)_%": "32.8", "New South Wales": "2,290,887"}, "De facto marriage": {"New South Wales_%": "9.4", "Australia": "1,751,731", "St Ives (NSW)": "553", "Australia_%": "10.4", "St Ives (NSW)_%": "4.3", "New South Wales": "506,133"}, "Registered marriage": {"New South Wales_%": "48.3", "Australia": "8,001,141", "St Ives (NSW)": "8,128", "Australia_%": "47.7", "St Ives (NSW)_%": "62.9", "New South Wales": "2,612,630"}}, "Household composition": {"Family households": {"New South Wales_%": "72.0", "Australia": "5,907,625", "St Ives (NSW)": "4,838", "Australia_%": "71.3", "St Ives (NSW)_%": "82.9", "New South Wales": "1,874,524"}, "Group households": {"New South Wales_%": "4.2", "Australia": "354,917", "St Ives (NSW)": "54", "Australia_%": "4.3", "St Ives (NSW)_%": "0.9", "New South Wales": "109,004"}, "Single (or lone) person households": {"New South Wales_%": "23.8", "Australia": "2,023,542", "St Ives (NSW)": "944", "Australia_%": "24.4", "St Ives (NSW)_%": "16.2", "New South Wales": "620,778"}}, "People": {"Male": {"New South Wales_%": "49.3", "Australia": "11,546,638", "St Ives (NSW)": "8,241", "Australia_%": "49.3", "St Ives (NSW)_%": "47.6", "New South Wales": "3,686,014"}, "Aboriginal and/or Torres Strait Islander people": {"New South Wales_%": "2.9", "Australia": "649,171", "St Ives (NSW)": "27", "Australia_%": "2.8", "St Ives (NSW)_%": "0.2", "New South Wales": "216,176"}, "Female": {"New South Wales_%": "50.7", "Australia": "11,855,248", "St Ives (NSW)": "9,060", "Australia_%": "50.7", "St Ives (NSW)_%": "52.4", "New South Wales": "3,794,217"}}, "Language, top responses (other than English)": {"null": {"New South Wales_%": "None", "Australia": "None", "St Ives (NSW)": null, "Australia_%": "None", "St Ives (NSW)_%": null, "New South Wales": "None"}, "Cantonese": {"New South Wales_%": "1.9", "Australia": "280,943", "St Ives (NSW)": "635", "Australia_%": "1.2", "St Ives (NSW)_%": "3.7", "New South Wales": "143,333"}, "English only spoken at home": {"New South Wales_%": "68.5", "Australia": "17,020,417", "St Ives (NSW)": "11,933", "Australia_%": "72.7", "St Ives (NSW)_%": "69.0", "New South Wales": "5,126,633"}, "Persian (excluding Dari)": {"New South Wales_%": "0.3", "Australia": "58,313", "St Ives (NSW)": "301", "Australia_%": "0.2", "St Ives (NSW)_%": "1.7", "New South Wales": "22,044"}, "Households where a non English language is spoken": {"New South Wales_%": "26.5", "Australia": "1,971,011", "St Ives (NSW)": "1,913", "Australia_%": "22.2", "St Ives (NSW)_%": "31.9", "New South Wales": "735,563"}, "Spanish": {"New South Wales_%": "0.8", "Australia": "140,817", "St Ives (NSW)": "157", "Australia_%": "0.6", "St Ives (NSW)_%": "0.9", "New South Wales": "63,527"}, "Mandarin": {"New South Wales_%": "3.2", "Australia": "596,711", "St Ives (NSW)": "1,506", "Australia_%": "2.5", "St Ives (NSW)_%": "8.7", "New South Wales": "239,945"}, "Korean": {"New South Wales_%": "0.8", "Australia": "108,997", "St Ives (NSW)": "412", "Australia_%": "0.5", "St Ives (NSW)_%": "2.4", "New South Wales": "59,912"}}, "summaryTable_qsDwelling": {"Median monthly mortgage repayments": "$3,000", "All private dwellings": "6,405", "Average people per household": "2.9", "Median weekly household income": "$2,477", "Median weekly rent": "$680", "Average motor vehicles per dwelling": "2"}, "Household income": {"Less than $650 gross weekly income": {"New South Wales_%": "19.7", "Australia": "--", "St Ives (NSW)": "--", "Australia_%": "20.0", "St Ives (NSW)_%": "10.7", "New South Wales": "--"}, "More than $3000 gross weekly income": {"New South Wales_%": "18.7", "Australia": "--", "St Ives (NSW)": "--", "Australia_%": "16.4", "St Ives (NSW)_%": "42.4", "New South Wales": "--"}}, "Country of birth": {"Other top responses": {"St Ives (NSW)_%": "None", "St Ives (NSW)": "None"}, "Australia": {"New South Wales_%": "65.5", "Australia": "15,614,835", "St Ives (NSW)": "8,943", "Australia_%": "66.7", "St Ives (NSW)_%": "51.8", "New South Wales": "4,899,090"}, "England": {"New South Wales_%": "3.0", "Australia": "907,570", "St Ives (NSW)": "1,089", "Australia_%": "3.9", "St Ives (NSW)_%": "6.3", "New South Wales": "226,564"}, "South Africa": {"New South Wales_%": "0.6", "Australia": "162,449", "St Ives (NSW)": "1,477", "Australia_%": "0.7", "St Ives (NSW)_%": "8.6", "New South Wales": "43,058"}, "China (excludes SARs and Taiwan)": {"New South Wales_%": "3.1", "Australia": "509,555", "St Ives (NSW)": "1,220", "Australia_%": "2.2", "St Ives (NSW)_%": "7.1", "New South Wales": "234,508"}, "Hong Kong (SAR of China)": {"New South Wales_%": "0.6", "Australia": "86,886", "St Ives (NSW)": "348", "Australia_%": "0.4", "St Ives (NSW)_%": "2.0", "New South Wales": "42,347"}, "New Zealand": {"New South Wales_%": "1.6", "Australia": "518,466", "St Ives (NSW)": "347", "Australia_%": "2.2", "St Ives (NSW)_%": "2.0", "New South Wales": "117,136"}}, "Religious affiliation, top responses": {"No Religion, so described": {"New South Wales_%": "25.1", "Australia": "6,933,708", "St Ives (NSW)": "4,957", "Australia_%": "29.6", "St Ives (NSW)_%": "28.6", "New South Wales": "1,879,562"}, "Anglican": {"New South Wales_%": "15.5", "Australia": "3,101,185", "St Ives (NSW)": "3,052", "Australia_%": "13.3", "St Ives (NSW)_%": "17.6", "New South Wales": "1,161,810"}, "Not stated": {"New South Wales_%": "9.2", "Australia": "2,238,735", "St Ives (NSW)": "1,244", "Australia_%": "9.6", "St Ives (NSW)_%": "7.2", "New South Wales": "684,969"}, "Judaism": {"New South Wales_%": "0.5", "Australia": "91,022", "St Ives (NSW)": "1,678", "Australia_%": "0.4", "St Ives (NSW)_%": "9.7", "New South Wales": "36,901"}, "Catholic": {"New South Wales_%": "24.7", "Australia": "5,291,834", "St Ives (NSW)": "3,001", "Australia_%": "22.6", "St Ives (NSW)_%": "17.3", "New South Wales": "1,846,443"}}, "Ancestry, top responses": {"Australian": {"New South Wales_%": "22.9", "Australia": "7,298,243", "St Ives (NSW)": "3,658", "Australia_%": "23.3", "St Ives (NSW)_%": "15.9", "New South Wales": "2,261,062"}, "Scottish": {"New South Wales_%": "5.9", "Australia": "2,023,470", "St Ives (NSW)": "1,438", "Australia_%": "6.4", "St Ives (NSW)_%": "6.2", "New South Wales": "587,052"}, "Irish": {"New South Wales_%": "7.5", "Australia": "2,388,058", "St Ives (NSW)": "1,455", "Australia_%": "7.6", "St Ives (NSW)_%": "6.3", "New South Wales": "741,671"}, "Chinese": {"New South Wales_%": "5.2", "Australia": "1,213,903", "St Ives (NSW)": "2,748", "Australia_%": "3.9", "St Ives (NSW)_%": "11.9", "New South Wales": "514,594"}, "English": {"New South Wales_%": "23.3", "Australia": "7,852,224", "St Ives (NSW)": "5,499", "Australia_%": "25.0", "St Ives (NSW)_%": "23.9", "New South Wales": "2,302,481"}}, "Age": {"35-39 years": {"New South Wales_%": "6.7", "Australia": "1,561,679", "St Ives (NSW)": "1,085", "Australia_%": "6.7", "St Ives (NSW)_%": "6.3", "New South Wales": "499,724"}, "60-64 years": {"New South Wales_%": "5.6", "Australia": "1,299,397", "St Ives (NSW)": "903", "Australia_%": "5.6", "St Ives (NSW)_%": "5.2", "New South Wales": "420,044"}, "30-34 years": {"New South Wales_%": "7.2", "Australia": "1,703,847", "St Ives (NSW)": "791", "Australia_%": "7.3", "St Ives (NSW)_%": "4.6", "New South Wales": "540,360"}, "0-4 years": {"New South Wales_%": "6.2", "Australia": "1,464,779", "St Ives (NSW)": "1,021", "Australia_%": "6.3", "St Ives (NSW)_%": "5.9", "New South Wales": "465,135"}, "25-29 years": {"New South Wales_%": "7.0", "Australia": "1,664,602", "St Ives (NSW)": "583", "Australia_%": "7.1", "St Ives (NSW)_%": "3.4", "New South Wales": "527,161"}, "10-14 years": {"New South Wales_%": "5.9", "Australia": "1,397,183", "St Ives (NSW)": "1,258", "Australia_%": "6.0", "St Ives (NSW)_%": "7.3", "New South Wales": "443,009"}, "5-9 years": {"New South Wales_%": "6.4", "Australia": "1,502,646", "St Ives (NSW)": "1,311", "Australia_%": "6.4", "St Ives (NSW)_%": "7.6", "New South Wales": "478,184"}, "Median age": {"New South Wales_%": "--", "Australia": "38", "St Ives (NSW)": "42", "Australia_%": "--", "St Ives (NSW)_%": "--", "New South Wales": "38"}, "50-54 years": {"New South Wales_%": "6.5", "Australia": "1,523,551", "St Ives (NSW)": "1,250", "Australia_%": "6.5", "St Ives (NSW)_%": "7.2", "New South Wales": "485,546"}, "80-84 years": {"New South Wales_%": "2.1", "Australia": "460,549", "St Ives (NSW)": "533", "Australia_%": "2.0", "St Ives (NSW)_%": "3.1", "New South Wales": "155,806"}, "40-44 years": {"New South Wales_%": "6.7", "Australia": "1,583,257", "St Ives (NSW)": "1,281", "Australia_%": "6.8", "St Ives (NSW)_%": "7.4", "New South Wales": "503,169"}, "70-74 years": {"New South Wales_%": "3.9", "Australia": "887,716", "St Ives (NSW)": "824", "Australia_%": "3.8", "St Ives (NSW)_%": "4.8", "New South Wales": "292,556"}, "15-19 years": {"New South Wales_%": "6.0", "Australia": "1,421,595", "St Ives (NSW)": "1,170", "Australia_%": "6.1", "St Ives (NSW)_%": "6.8", "New South Wales": "448,425"}, "65-69 years": {"New South Wales_%": "5.1", "Australia": "1,188,999", "St Ives (NSW)": "838", "Australia_%": "5.1", "St Ives (NSW)_%": "4.8", "New South Wales": "384,470"}, "20-24 years": {"New South Wales_%": "6.5", "Australia": "1,566,793", "St Ives (NSW)": "832", "Australia_%": "6.7", "St Ives (NSW)_%": "4.8", "New South Wales": "489,673"}, "55-59 years": {"New South Wales_%": "6.3", "Australia": "1,454,332", "St Ives (NSW)": "1,077", "Australia_%": "6.2", "St Ives (NSW)_%": "6.2", "New South Wales": "469,726"}, "75-79 years": {"New South Wales_%": "2.9", "Australia": "652,657", "St Ives (NSW)": "660", "Australia_%": "2.8", "St Ives (NSW)_%": "3.8", "New South Wales": "217,308"}, "45-49 years": {"New South Wales_%": "6.6", "Australia": "1,581,455", "St Ives (NSW)": "1,329", "Australia_%": "6.8", "St Ives (NSW)_%": "7.7", "New South Wales": "492,440"}, "85 years and over": {"New South Wales_%": "2.2", "Australia": "486,842", "St Ives (NSW)": "554", "Australia_%": "2.1", "St Ives (NSW)_%": "3.2", "New South Wales": "167,506"}}, "Single (or lone) parents": {"Male": {"New South Wales_%": "17.8", "Australia": "--", "St Ives (NSW)": "--", "Australia_%": "18.2", "St Ives (NSW)_%": "17.1", "New South Wales": "--"}, "Female": {"New South Wales_%": "82.2", "Australia": "--", "St Ives (NSW)": "--", "Australia_%": "81.8", "St Ives (NSW)_%": "82.9", "New South Wales": "--"}}, "Mortgage monthly repayments": {"Median mortgage repayments": {"New South Wales_%": "--", "Australia": "1,755", "St Ives (NSW)": "3,000", "Australia_%": "--", "St Ives (NSW)_%": "--", "New South Wales": "1,986"}, "Households where mortgage repayments are less than 30% of household income": {"New South Wales_%": "92.6", "Australia": "--", "St Ives (NSW)": "--", "Australia_%": "92.8", "St Ives (NSW)_%": "90.5", "New South Wales": "--"}, "Households with mortgage repayments greater than or equal to 30% of household income": {"New South Wales_%": "7.4", "Australia": "--", "St Ives (NSW)": "--", "Australia_%": "7.2", "St Ives (NSW)_%": "9.5", "New South Wales": "--"}}, "Mortgage and rent": {"Median monthly mortgage repayments": {"New South Wales_%": "--", "Australia": "1,660", "St Ives (NSW)": "0", "Australia_%": "--", "St Ives (NSW)_%": "--", "New South Wales": "1,733"}, "Median weekly rent": {"New South Wales_%": "--", "Australia": "250", "St Ives (NSW)": "0", "Australia_%": "--", "St Ives (NSW)_%": "--", "New South Wales": "270"}}, "Tenure": {"Rented": {"New South Wales_%": "31.8", "Australia": "2,561,302", "St Ives (NSW)": "887", "Australia_%": "30.9", "St Ives (NSW)_%": "15.2", "New South Wales": "826,922"}, "Owned outright": {"New South Wales_%": "32.2", "Australia": "2,565,695", "St Ives (NSW)": "2,472", "Australia_%": "31.0", "St Ives (NSW)_%": "42.4", "New South Wales": "839,665"}, "Owned with a mortgage": {"New South Wales_%": "32.3", "Australia": "2,855,222", "St Ives (NSW)": "2,365", "Australia_%": "34.5", "St Ives (NSW)_%": "40.5", "New South Wales": "840,004"}, "Tenure type not stated": {"New South Wales_%": "2.8", "Australia": "224,869", "St Ives (NSW)": "92", "Australia_%": "2.7", "St Ives (NSW)_%": "1.6", "New South Wales": "73,763"}, "Other tenure type": {"New South Wales_%": "0.9", "Australia": "78,994", "St Ives (NSW)": "17", "Australia_%": "1.0", "St Ives (NSW)_%": "0.3", "New South Wales": "23,968"}}, "Country of birth of father, stated responses": {"Korea, Republic of (South)": {"New South Wales_%": "0.8", "Australia": "116,045", "St Ives (NSW)": "431", "Australia_%": "0.5", "St Ives (NSW)_%": "2.5", "New South Wales": "63,494"}, "Australia": {"New South Wales_%": "50.1", "Australia": "12,231,150", "St Ives (NSW)": "5,873", "Australia_%": "52.3", "St Ives (NSW)_%": "34.0", "New South Wales": "3,745,787"}, "England": {"New South Wales_%": "4.8", "Australia": "1,403,096", "St Ives (NSW)": "1,309", "Australia_%": "6.0", "St Ives (NSW)_%": "7.6", "New South Wales": "359,370"}, "China (excludes SARs and Taiwan)": {"New South Wales_%": "4.4", "Australia": "704,658", "St Ives (NSW)": "1,836", "Australia_%": "3.0", "St Ives (NSW)_%": "10.6", "New South Wales": "332,465"}, "South Africa": {"New South Wales_%": "0.7", "Australia": "190,816", "St Ives (NSW)": "1,688", "Australia_%": "0.8", "St Ives (NSW)_%": "9.8", "New South Wales": "52,344"}}, "Country of birth of father and/or mother, stated responses": {"Father only born overseas": {"New South Wales_%": "6.1", "Australia": "1,488,092", "St Ives (NSW)": "1,135", "Australia_%": "6.4", "St Ives (NSW)_%": "6.6", "New South Wales": "458,394"}, "Mother only born overseas": {"New South Wales_%": "4.3", "Australia": "1,094,591", "St Ives (NSW)": "1,032", "Australia_%": "4.7", "St Ives (NSW)_%": "6.0", "New South Wales": "325,182"}, "Both parents born overseas": {"New South Wales_%": "37.0", "Australia": "8,051,196", "St Ives (NSW)": "9,712", "Australia_%": "34.4", "St Ives (NSW)_%": "56.1", "New South Wales": "2,764,170"}, "Both parents born in Australia": {"New South Wales_%": "45.4", "Australia": "11,070,538", "St Ives (NSW)": "4,824", "Australia_%": "47.3", "St Ives (NSW)_%": "27.9", "New South Wales": "3,399,725"}}, "Rent weekly payments": {"Households where rent payments are less than 30% of household income": {"New South Wales_%": "87.1", "Australia": "--", "St Ives (NSW)": "--", "Australia_%": "88.5", "St Ives (NSW)_%": "93.8", "New South Wales": "--"}, "Households with rent payments greater than or equal to 30% of household income": {"New South Wales_%": "12.9", "Australia": "--", "St Ives (NSW)": "--", "Australia_%": "11.5", "St Ives (NSW)_%": "6.2", "New South Wales": "--"}, "Median rent": {"New South Wales_%": "--", "Australia": "335", "St Ives (NSW)": "680", "Australia_%": "--", "St Ives (NSW)_%": "--", "New South Wales": "380"}}, "Registered marital status": {"Separated": {"New South Wales_%": "3.1", "Australia": "608,059", "St Ives (NSW)": "221", "Australia_%": "3.2", "St Ives (NSW)_%": "1.6", "New South Wales": "190,198"}, "Widowed": {"New South Wales_%": "5.4", "Australia": "985,204", "St Ives (NSW)": "809", "Australia_%": "5.2", "St Ives (NSW)_%": "5.9", "New South Wales": "331,653"}, "Married": {"New South Wales_%": "48.7", "Australia": "9,148,218", "St Ives (NSW)": "8,818", "Australia_%": "48.1", "St Ives (NSW)_%": "64.3", "New South Wales": "2,965,280"}, "Divorced": {"New South Wales_%": "8.4", "Australia": "1,626,890", "St Ives (NSW)": "687", "Australia_%": "8.5", "St Ives (NSW)_%": "5.0", "New South Wales": "512,298"}, "Never married": {"New South Wales_%": "34.4", "Australia": "6,668,910", "St Ives (NSW)": "3,182", "Australia_%": "35.0", "St Ives (NSW)_%": "23.2", "New South Wales": "2,094,460"}}, "summaryTable_qsPeople": {"Male": "47.6%", "Median age": "42", "Female": "52.4%", "People": "17,300"}, "Dwelling characteristics": {"Average number of people per household": {"New South Wales_%": "--", "Australia": "3.2", "St Ives (NSW)": "3.2", "Australia_%": "--", "St Ives (NSW)_%": "--", "New South Wales": "3.1"}, "Average number of persons per bedroom": {"New South Wales_%": "--", "Australia": "1", "St Ives (NSW)": "1.1", "Australia_%": "--", "St Ives (NSW)_%": "--", "New South Wales": "1"}, "Median weekly household income": {"New South Wales_%": "--", "Australia": "1,203", "St Ives (NSW)": "3,750", "Australia_%": "--", "St Ives (NSW)_%": "--", "New South Wales": "1,214"}}, "Unpaid work": {"Did unpaid domestic work (last week)": {"New South Wales_%": "67.7", "Australia": "13,143,914", "St Ives (NSW)": "10,591", "Australia_%": "69.0", "St Ives (NSW)_%": "77.2", "New South Wales": "4,127,723"}, "Provided unpaid assistance to a person with a disability (last two weeks)": {"New South Wales_%": "11.6", "Australia": "2,145,203", "St Ives (NSW)": "1,655", "Australia_%": "11.3", "St Ives (NSW)_%": "12.1", "New South Wales": "709,415"}, "Did voluntary work through an organisation or group (last 12 months)": {"New South Wales_%": "18.1", "Australia": "3,620,726", "St Ives (NSW)": "3,525", "Australia_%": "19.0", "St Ives (NSW)_%": "25.7", "New South Wales": "1,103,790"}, "Cared for child/children (last two weeks)": {"New South Wales_%": "27.2", "Australia": "5,259,400", "St Ives (NSW)": "4,801", "Australia_%": "27.6", "St Ives (NSW)_%": "35.0", "New South Wales": "1,659,250"}}, "Unpaid domestic work, number of hours": {"5 to 14 hours per week": {"New South Wales_%": "25.1", "Australia": "4,944,578", "St Ives (NSW)": "3,842", "Australia_%": "26.0", "St Ives (NSW)_%": "28.0", "New South Wales": "1,531,206"}, "30 hours or more per week": {"New South Wales_%": "9.0", "Australia": "1,710,970", "St Ives (NSW)": "1,330", "Australia_%": "9.0", "St Ives (NSW)_%": "9.7", "New South Wales": "545,925"}, "Less than 5 hours per week": {"New South Wales_%": "22.3", "Australia": "4,298,593", "St Ives (NSW)": "3,420", "Australia_%": "22.6", "St Ives (NSW)_%": "24.9", "New South Wales": "1,359,656"}, "15 to 29 hours per week": {"New South Wales_%": "11.3", "Australia": "2,189,776", "St Ives (NSW)": "1,996", "Australia_%": "11.5", "St Ives (NSW)_%": "14.6", "New South Wales": "690,934"}}, "Industry of employment, top responses": {"Cafes and Restaurants": {"New South Wales_%": "2.4", "Australia": "253,385", "St Ives (NSW)": "175", "Australia_%": "2.4", "St Ives (NSW)_%": "2.2", "New South Wales": "80,552"}, "Computer System Design and Related Services": {"New South Wales_%": "1.9", "Australia": "162,884", "St Ives (NSW)": "384", "Australia_%": "1.5", "St Ives (NSW)_%": "4.8", "New South Wales": "63,717"}, "Hospitals (except Psychiatric Hospitals)": {"New South Wales_%": "3.5", "Australia": "411,808", "St Ives (NSW)": "216", "Australia_%": "3.9", "St Ives (NSW)_%": "2.7", "New South Wales": "119,350"}, "Accounting Services": {"New South Wales_%": "1.3", "Australia": "127,263", "St Ives (NSW)": "188", "Australia_%": "1.2", "St Ives (NSW)_%": "2.3", "New South Wales": "44,014"}, "Banking": {"New South Wales_%": "1.9", "Australia": "144,232", "St Ives (NSW)": "268", "Australia_%": "1.3", "St Ives (NSW)_%": "3.3", "New South Wales": "63,678"}}, "GeoInfo": {"city": "St Ives (NSW)"}, "Education": {"University or tertiary institution": {"New South Wales_%": "16.2", "Australia": "1,160,626", "St Ives (NSW)": "1,034", "Australia_%": "16.1", "St Ives (NSW)_%": "18.7", "New South Wales": "376,133"}, "Secondary - Catholic": {"New South Wales_%": "5.1", "Australia": "338,384", "St Ives (NSW)": "245", "Australia_%": "4.7", "St Ives (NSW)_%": "4.4", "New South Wales": "117,689"}, "Secondary - other non Government": {"New South Wales_%": "3.4", "Australia": "280,618", "St Ives (NSW)": "698", "Australia_%": "3.9", "St Ives (NSW)_%": "12.7", "New South Wales": "79,915"}, "Primary - Catholic": {"New South Wales_%": "5.3", "Australia": "380,604", "St Ives (NSW)": "193", "Australia_%": "5.3", "St Ives (NSW)_%": "3.5", "New South Wales": "122,099"}, "Primary - Government": {"New South Wales_%": "18.0", "Australia": "1,314,787", "St Ives (NSW)": "1,105", "Australia_%": "18.2", "St Ives (NSW)_%": "20.0", "New South Wales": "417,465"}, "Other": {"New South Wales_%": "2.7", "Australia": "198,383", "St Ives (NSW)": "105", "Australia_%": "2.8", "St Ives (NSW)_%": "1.9", "New South Wales": "63,673"}, "Technical or further education institution": {"New South Wales_%": "6.2", "Australia": "424,869", "St Ives (NSW)": "206", "Australia_%": "5.9", "St Ives (NSW)_%": "3.7", "New South Wales": "144,103"}, "Secondary - Government": {"New South Wales_%": "11.6", "Australia": "827,505", "St Ives (NSW)": "460", "Australia_%": "11.5", "St Ives (NSW)_%": "8.3", "New South Wales": "269,249"}, "Primary - other non Government": {"New South Wales_%": "2.9", "Australia": "231,490", "St Ives (NSW)": "500", "Australia_%": "3.2", "St Ives (NSW)_%": "9.1", "New South Wales": "67,611"}, "Not stated": {"New South Wales_%": "23.0", "Australia": "1,707,023", "St Ives (NSW)": "600", "Australia_%": "23.7", "St Ives (NSW)_%": "10.9", "New South Wales": "535,266"}, "Preschool": {"New South Wales_%": "5.7", "Australia": "347,621", "St Ives (NSW)": "371", "Australia_%": "4.8", "St Ives (NSW)_%": "6.7", "New South Wales": "132,047"}}, "Employment": {"Unemployed": {"New South Wales_%": "6.3", "Australia": "787,452", "St Ives (NSW)": "374", "Australia_%": "6.9", "St Ives (NSW)_%": "4.4", "New South Wales": "225,546"}, "Worked part-time": {"New South Wales_%": "29.7", "Australia": "3,491,503", "St Ives (NSW)": "2,745", "Australia_%": "30.4", "St Ives (NSW)_%": "32.5", "New South Wales": "1,071,151"}, "Away from work": {"New South Wales_%": "4.8", "Australia": "569,276", "St Ives (NSW)": "289", "Australia_%": "5.0", "St Ives (NSW)_%": "3.4", "New South Wales": "174,654"}, "Worked full-time": {"New South Wales_%": "59.2", "Australia": "6,623,065", "St Ives (NSW)": "5,042", "Australia_%": "57.7", "St Ives (NSW)_%": "59.7", "New South Wales": "2,134,521"}}, "Travel to work, top responses": {"Worked at home": {"New South Wales_%": "4.8", "Australia": "503,582", "St Ives (NSW)": "658", "Australia_%": "4.7", "St Ives (NSW)_%": "8.2", "New South Wales": "163,026"}, "People who travelled to work by car as driver or passenger": {"New South Wales_%": "64.6", "Australia": "7,305,271", "St Ives (NSW)": "5,180", "Australia_%": "68.4", "St Ives (NSW)_%": "64.2", "New South Wales": "2,182,854"}, "Bus": {"New South Wales_%": "4.0", "Australia": "323,201", "St Ives (NSW)": "338", "Australia_%": "3.0", "St Ives (NSW)_%": "4.2", "New South Wales": "133,903"}, "null": {"New South Wales_%": "None", "Australia": "None", "St Ives (NSW)": null, "Australia_%": "None", "St Ives (NSW)_%": null, "New South Wales": "None"}, "People who travelled to work by public transport": {"New South Wales_%": "16.0", "Australia": "1,225,668", "St Ives (NSW)": "1,845", "Australia_%": "11.5", "St Ives (NSW)_%": "22.9", "New South Wales": "540,215"}, "Car, as driver": {"New South Wales_%": "57.8", "Australia": "6,574,571", "St Ives (NSW)": "4,284", "Australia_%": "61.5", "St Ives (NSW)_%": "53.2", "New South Wales": "1,953,399"}, "Train": {"New South Wales_%": "7.5", "Australia": "488,012", "St Ives (NSW)": "630", "Australia_%": "4.6", "St Ives (NSW)_%": "7.8", "New South Wales": "252,786"}, "Train, car as driver": {"New South Wales_%": "1.0", "Australia": "86,003", "St Ives (NSW)": "386", "Australia_%": "0.8", "St Ives (NSW)_%": "4.8", "New South Wales": "34,213"}}, "Occupation": {"Professionals": {"New South Wales_%": "23.6", "Australia": "2,370,966", "St Ives (NSW)": "2,925", "Australia_%": "22.2", "St Ives (NSW)_%": "36.3", "New South Wales": "798,126"}, "Technicians and Trades Workers": {"New South Wales_%": "12.7", "Australia": "1,447,414", "St Ives (NSW)": "424", "Australia_%": "13.5", "St Ives (NSW)_%": "5.3", "New South Wales": "429,239"}, "Community and Personal Service Workers": {"New South Wales_%": "10.4", "Australia": "1,157,003", "St Ives (NSW)": "554", "Australia_%": "10.8", "St Ives (NSW)_%": "6.9", "New South Wales": "350,261"}, "Clerical and Administrative Workers": {"New South Wales_%": "13.8", "Australia": "1,449,681", "St Ives (NSW)": "1,100", "Australia_%": "13.6", "St Ives (NSW)_%": "13.6", "New South Wales": "467,977"}, "Machinery Operators and Drivers": {"New South Wales_%": "6.1", "Australia": "670,106", "St Ives (NSW)": "101", "Australia_%": "6.3", "St Ives (NSW)_%": "1.3", "New South Wales": "206,839"}, "Labourers": {"New South Wales_%": "8.8", "Australia": "1,011,520", "St Ives (NSW)": "224", "Australia_%": "9.5", "St Ives (NSW)_%": "2.8", "New South Wales": "297,887"}, "Sales Workers": {"New South Wales_%": "9.2", "Australia": "1,000,955", "St Ives (NSW)": "781", "Australia_%": "9.4", "St Ives (NSW)_%": "9.7", "New South Wales": "311,414"}, "Managers": {"New South Wales_%": "13.5", "Australia": "1,390,047", "St Ives (NSW)": "1,821", "Australia_%": "13.0", "St Ives (NSW)_%": "22.6", "New South Wales": "456,084"}}}