{"Employment - hours worked": {"40 hours or more per week": {"Australia": "4,591,801", "Australia_%": "43.0", "New South Wales_%": "44.1", "Tahmoor": "980", "Tahmoor_%": "44.5", "New South Wales": "1,489,099"}, "25-34 hours per week": {"Australia": "1,193,445", "Australia_%": "11.2", "New South Wales_%": "10.5", "Tahmoor": "235", "Tahmoor_%": "10.7", "New South Wales": "353,702"}, "16-24 hours per week": {"Australia": "1,079,236", "Australia_%": "10.1", "New South Wales_%": "10.4", "Tahmoor": "185", "Tahmoor_%": "8.4", "New South Wales": "352,817"}, "35-39 hours per week": {"Australia": "2,031,263", "Australia_%": "19.0", "New South Wales_%": "19.1", "Tahmoor": "460", "Tahmoor_%": "20.9", "New South Wales": "645,428"}, "1-15 hours per week": {"Australia": "1,218,823", "Australia_%": "11.4", "New South Wales_%": "10.8", "Tahmoor": "194", "Tahmoor_%": "8.8", "New South Wales": "364,637"}}, "Number of registered motor vehicles": {"2 motor vehicles": {"Australia": "2,999,184", "Australia_%": "36.2", "New South Wales_%": "34.1", "Tahmoor": "637", "Tahmoor_%": "37.3", "New South Wales": "887,849"}, "None": {"Australia": "623,829", "Australia_%": "7.5", "New South Wales_%": "9.2", "Tahmoor": "84", "Tahmoor_%": "4.9", "New South Wales": "239,625"}, "Number of motor vehicles not stated": {"Australia": "285,197", "Australia_%": "3.4", "New South Wales_%": "3.7", "Tahmoor": "66", "Tahmoor_%": "3.9", "New South Wales": "95,623"}, "1 motor vehicle": {"Australia": "2,881,485", "Australia_%": "34.8", "New South Wales_%": "36.3", "Tahmoor": "508", "Tahmoor_%": "29.8", "New South Wales": "946,159"}, "3 or more vehicles": {"Australia": "1,496,382", "Australia_%": "18.1", "New South Wales_%": "16.7", "Tahmoor": "412", "Tahmoor_%": "24.1", "New South Wales": "435,053"}}, "Employment status of parents in couple families": {"Labour force status not stated (by one or both parents in a couple family)": {"Australia": "311,381", "Australia_%": "6.2", "New South Wales_%": "5.7", "Tahmoor": "62", "Tahmoor_%": "5.7", "New South Wales": "90,630"}, "One employed full-time, one part-time": {"Australia": "1,086,460", "Australia_%": "21.7", "New South Wales_%": "20.6", "Tahmoor": "214", "Tahmoor_%": "19.6", "New South Wales": "329,567"}, "One employed part-time, other not working": {"Australia": "302,037", "Australia_%": "6.0", "New South Wales_%": "6.1", "Tahmoor": "53", "Tahmoor_%": "4.8", "New South Wales": "96,933"}, "Other (includes away from work)": {"Australia": "264,145", "Australia_%": "5.3", "New South Wales_%": "5.1", "Tahmoor": "70", "Tahmoor_%": "6.4", "New South Wales": "80,905"}, "Both employed, worked full-time": {"Australia": "1,084,006", "Australia_%": "21.6", "New South Wales_%": "22.6", "Tahmoor": "240", "Tahmoor_%": "21.9", "New South Wales": "360,916"}, "One employed full-time, other not working": {"Australia": "749,886", "Australia_%": "15.0", "New South Wales_%": "15.0", "Tahmoor": "191", "Tahmoor_%": "17.5", "New South Wales": "240,084"}, "Both employed, worked part-time": {"Australia": "203,596", "Australia_%": "4.1", "New South Wales_%": "4.0", "Tahmoor": "29", "Tahmoor_%": "2.7", "New South Wales": "63,106"}, "Both not working": {"Australia": "1,006,697", "Australia_%": "20.1", "New South Wales_%": "21.0", "Tahmoor": "235", "Tahmoor_%": "21.5", "New South Wales": "334,742"}}, "Country of birth of mother, stated responses": {"Lebanon": {"Australia": "176,241", "Australia_%": "0.8", "New South Wales_%": "1.7", "Tahmoor": "58", "Tahmoor_%": "1.1", "New South Wales": "129,707"}, "Scotland": {"Australia": "245,915", "Australia_%": "1.1", "New South Wales_%": "0.8", "Tahmoor": "71", "Tahmoor_%": "1.4", "New South Wales": "63,302"}, "New Zealand": {"Australia": "608,329", "Australia_%": "2.6", "New South Wales_%": "1.9", "Tahmoor": "66", "Tahmoor_%": "1.3", "New South Wales": "139,899"}, "Australia": {"Australia": "12,643,365", "Australia_%": "54.0", "New South Wales_%": "51.9", "Tahmoor": "3,584", "Tahmoor_%": "70.8", "New South Wales": "3,884,762"}, "England": {"Australia": "1,302,147", "Australia_%": "5.6", "New South Wales_%": "4.3", "Tahmoor": "328", "Tahmoor_%": "6.5", "New South Wales": "322,472"}}, "Dwelling structure": {"Other dwelling": {"Australia": "64,425", "Australia_%": "0.8", "New South Wales_%": "0.9", "Tahmoor": "0", "Tahmoor_%": "0.0", "New South Wales": "23,580"}, "Semi-detached, row or terrace house, townhouse etc": {"Australia": "1,055,016", "Australia_%": "12.7", "New South Wales_%": "12.2", "Tahmoor": "81", "Tahmoor_%": "4.7", "New South Wales": "317,453"}, "Separate house": {"Australia": "6,041,788", "Australia_%": "72.9", "New South Wales_%": "66.4", "Tahmoor": "1,628", "Tahmoor_%": "94.9", "New South Wales": "1,729,820"}, "Flat or apartment": {"Australia": "1,087,434", "Australia_%": "13.1", "New South Wales_%": "19.9", "Tahmoor": "3", "Tahmoor_%": "0.2", "New South Wales": "519,390"}}, "Number of bedrooms": {"1 bedroom": {"Australia": "411,252", "Australia_%": "5.0", "New South Wales_%": "6.0", "Tahmoor": "17", "Tahmoor_%": "1.0", "New South Wales": "157,194"}, "3 bedrooms": {"Australia": "3,403,190", "Australia_%": "41.1", "New South Wales_%": "37.2", "Tahmoor": "767", "Tahmoor_%": "44.8", "New South Wales": "970,001"}, "Average number of people per household": {"Australia": "2.6", "Australia_%": "--", "New South Wales_%": "--", "Tahmoor": "2.8", "Tahmoor_%": "--", "New South Wales": "2.6"}, "2 bedrooms": {"Australia": "1,562,759", "Australia_%": "18.9", "New South Wales_%": "22.2", "Tahmoor": "166", "Tahmoor_%": "9.7", "New South Wales": "577,675"}, "4 or more bedrooms": {"Australia": "2,670,758", "Australia_%": "32.2", "New South Wales_%": "31.3", "Tahmoor": "715", "Tahmoor_%": "41.8", "New South Wales": "816,405"}, "None (includes bedsitters)": {"Australia": "39,769", "Australia_%": "0.5", "New South Wales_%": "0.7", "Tahmoor": "3", "Tahmoor_%": "0.2", "New South Wales": "17,157"}, "Number of bedrooms not stated": {"Australia": "198,351", "Australia_%": "2.4", "New South Wales_%": "2.5", "Tahmoor": "43", "Tahmoor_%": "2.5", "New South Wales": "65,888"}, "Average number of bedrooms per dwelling": {"Australia": "3.1", "Australia_%": "--", "New South Wales_%": "--", "Tahmoor": "3.4", "Tahmoor_%": "--", "New South Wales": "3"}}, "summaryTable_qsFamilies": {"for all families": "0.9", "for families with children": "1.9", "Families": "1,375", "Average children per family": "None"}, "People characteristics": {"Male": {"Australia": "322,171", "Australia_%": "49.6", "New South Wales_%": "49.7", "Tahmoor": "105", "Tahmoor_%": "47.1", "New South Wales": "107,368"}, "Median age": {"Australia": "23", "Australia_%": "--", "New South Wales_%": "--", "Tahmoor": "19", "Tahmoor_%": "--", "New South Wales": "22"}, "Female": {"Australia": "326,996", "Australia_%": "50.4", "New South Wales_%": "50.3", "Tahmoor": "118", "Tahmoor_%": "52.9", "New South Wales": "108,809"}}, "Dwelling count": {"Unoccupied private dwellings": {"Australia": "1,039,874", "Australia_%": "11.2", "New South Wales_%": "9.9", "Tahmoor": "118", "Tahmoor_%": "6.4", "New South Wales": "284,741"}, "Occupied private dwellings": {"Australia": "8,286,073", "Australia_%": "88.8", "New South Wales_%": "90.1", "Tahmoor": "1,715", "Tahmoor_%": "93.6", "New South Wales": "2,604,320"}}, "Level of highest educational attainment": {"Certificate level III": {"Australia": "2,442,203", "Australia_%": "12.8", "New South Wales_%": "12.0", "Tahmoor": "773", "Tahmoor_%": "19.5", "New South Wales": "730,498"}, "Certificate level II": {"Australia": "13,454", "Australia_%": "0.1", "New South Wales_%": "0.1", "Tahmoor": "4", "Tahmoor_%": "0.1", "New South Wales": "4,849"}, "No educational attainment": {"Australia": "145,844", "Australia_%": "0.8", "New South Wales_%": "0.9", "Tahmoor": "16", "Tahmoor_%": "0.4", "New South Wales": "54,870"}, "Bachelor Degree level and above": {"Australia": "4,181,406", "Australia_%": "22.0", "New South Wales_%": "23.4", "Tahmoor": "353", "Tahmoor_%": "8.9", "New South Wales": "1,424,716"}, "Certificate level I": {"Australia": "2,176", "Australia_%": "0.0", "New South Wales_%": "0.0", "Tahmoor": "0", "Tahmoor_%": "0.0", "New South Wales": "625"}, "Year 11": {"Australia": "941,531", "Australia_%": "4.9", "New South Wales_%": "3.3", "Tahmoor": "164", "Tahmoor_%": "4.1", "New South Wales": "203,574"}, "Not stated": {"Australia": "1,974,794", "Australia_%": "10.4", "New South Wales_%": "10.3", "Tahmoor": "494", "Tahmoor_%": "12.4", "New South Wales": "627,465"}, "Year 9 or below": {"Australia": "1,529,897", "Australia_%": "8.0", "New South Wales_%": "8.4", "Tahmoor": "430", "Tahmoor_%": "10.8", "New South Wales": "513,209"}, "Certificate level IV": {"Australia": "551,767", "Australia_%": "2.9", "New South Wales_%": "2.8", "Tahmoor": "166", "Tahmoor_%": "4.2", "New South Wales": "167,947"}, "Year 10": {"Australia": "2,054,331", "Australia_%": "10.8", "New South Wales_%": "11.5", "Tahmoor": "702", "Tahmoor_%": "17.7", "New South Wales": "702,178"}, "Year 12": {"Australia": "2,994,097", "Australia_%": "15.7", "New South Wales_%": "15.3", "Tahmoor": "455", "Tahmoor_%": "11.4", "New South Wales": "930,654"}, "Advanced Diploma and Diploma level": {"Australia": "1,687,893", "Australia_%": "8.9", "New South Wales_%": "8.9", "Tahmoor": "302", "Tahmoor_%": "7.6", "New South Wales": "543,142"}}, "Median weekly incomes": {"Personal": {"Australia": "662", "Australia_%": "--", "New South Wales_%": "--", "Tahmoor": "640", "Tahmoor_%": "--", "New South Wales": "664"}, "Household": {"Australia": "1,438", "Australia_%": "--", "New South Wales_%": "--", "Tahmoor": "1,403", "Tahmoor_%": "--", "New South Wales": "1,486"}, "Family": {"Australia": "1,734", "Australia_%": "--", "New South Wales_%": "--", "Tahmoor": "1,569", "Tahmoor_%": "--", "New South Wales": "1,780"}}, "Family composition": {"Other family": {"Australia": "102,559", "Australia_%": "1.7", "New South Wales_%": "1.7", "Tahmoor": "12", "Tahmoor_%": "0.9", "New South Wales": "32,438"}, "Couple family with children": {"Australia": "2,716,224", "Australia_%": "44.7", "New South Wales_%": "45.7", "Tahmoor": "628", "Tahmoor_%": "45.9", "New South Wales": "887,358"}, "Couple family without children": {"Australia": "2,291,987", "Australia_%": "37.8", "New South Wales_%": "36.6", "Tahmoor": "454", "Tahmoor_%": "33.2", "New South Wales": "709,524"}, "One parent family": {"Australia": "959,543", "Australia_%": "15.8", "New South Wales_%": "16.0", "Tahmoor": "274", "Tahmoor_%": "20.0", "New South Wales": "310,906"}}, "Dwelling internet connection": {"Not stated": {"Australia": "221,494", "Australia_%": "2.7", "New South Wales_%": "2.8", "Tahmoor": "53", "Tahmoor_%": "3.1", "New South Wales": "73,565"}, "Internet not accessed from dwelling": {"Australia": "1,172,415", "Australia_%": "14.1", "New South Wales_%": "14.7", "Tahmoor": "286", "Tahmoor_%": "16.7", "New South Wales": "381,709"}, "Internet accessed from dwelling": {"Australia": "6,892,165", "Australia_%": "83.2", "New South Wales_%": "82.5", "Tahmoor": "1,378", "Tahmoor_%": "80.3", "New South Wales": "2,149,040"}}, "Social marital status": {"Not married": {"Australia": "7,024,973", "Australia_%": "41.9", "New South Wales_%": "42.3", "Tahmoor": "1,486", "Tahmoor_%": "41.2", "New South Wales": "2,290,887"}, "De facto marriage": {"Australia": "1,751,731", "Australia_%": "10.4", "New South Wales_%": "9.4", "Tahmoor": "519", "Tahmoor_%": "14.4", "New South Wales": "506,133"}, "Registered marriage": {"Australia": "8,001,141", "Australia_%": "47.7", "New South Wales_%": "48.3", "Tahmoor": "1,605", "Tahmoor_%": "44.5", "New South Wales": "2,612,630"}}, "Household composition": {"Family households": {"Australia": "5,907,625", "Australia_%": "71.3", "New South Wales_%": "72.0", "Tahmoor": "1,317", "Tahmoor_%": "76.9", "New South Wales": "1,874,524"}, "Group households": {"Australia": "354,917", "Australia_%": "4.3", "New South Wales_%": "4.2", "Tahmoor": "39", "Tahmoor_%": "2.3", "New South Wales": "109,004"}, "Single (or lone) person households": {"Australia": "2,023,542", "Australia_%": "24.4", "New South Wales_%": "23.8", "Tahmoor": "357", "Tahmoor_%": "20.8", "New South Wales": "620,778"}}, "People": {"Male": {"Australia": "11,546,638", "Australia_%": "49.3", "New South Wales_%": "49.3", "Tahmoor": "2,455", "Tahmoor_%": "48.5", "New South Wales": "3,686,014"}, "Aboriginal and/or Torres Strait Islander people": {"Australia": "649,171", "Australia_%": "2.8", "New South Wales_%": "2.9", "Tahmoor": "227", "Tahmoor_%": "4.5", "New South Wales": "216,176"}, "Female": {"Australia": "11,855,248", "Australia_%": "50.7", "New South Wales_%": "50.7", "Tahmoor": "2,611", "Tahmoor_%": "51.5", "New South Wales": "3,794,217"}}, "Language, top responses (other than English)": {"null": {"Australia": "None", "Australia_%": "None", "New South Wales_%": "None", "Tahmoor": null, "Tahmoor_%": null, "New South Wales": "None"}, "English only spoken at home": {"Australia": "17,020,417", "Australia_%": "72.7", "New South Wales_%": "68.5", "Tahmoor": "4,443", "Tahmoor_%": "87.8", "New South Wales": "5,126,633"}, "Households where a non English language is spoken": {"Australia": "1,971,011", "Australia_%": "22.2", "New South Wales_%": "26.5", "Tahmoor": "140", "Tahmoor_%": "7.7", "New South Wales": "735,563"}, "Spanish": {"Australia": "140,817", "Australia_%": "0.6", "New South Wales_%": "0.8", "Tahmoor": "20", "Tahmoor_%": "0.4", "New South Wales": "63,527"}, "Mandarin": {"Australia": "596,711", "Australia_%": "2.5", "New South Wales_%": "3.2", "Tahmoor": "19", "Tahmoor_%": "0.4", "New South Wales": "239,945"}, "Arabic": {"Australia": "321,728", "Australia_%": "1.4", "New South Wales_%": "2.7", "Tahmoor": "67", "Tahmoor_%": "1.3", "New South Wales": "200,825"}, "Thai": {"Australia": "55,444", "Australia_%": "0.2", "New South Wales_%": "0.3", "Tahmoor": "16", "Tahmoor_%": "0.3", "New South Wales": "24,839"}, "Italian": {"Australia": "271,597", "Australia_%": "1.2", "New South Wales_%": "1.0", "Tahmoor": "18", "Tahmoor_%": "0.4", "New South Wales": "75,694"}}, "summaryTable_qsDwelling": {"Median monthly mortgage repayments": "$1,842", "All private dwellings": "1,932", "Average people per household": "2.8", "Median weekly household income": "$1,403", "Median weekly rent": "$370", "Average motor vehicles per dwelling": "2"}, "Household income": {"Less than $650 gross weekly income": {"Australia": "--", "Australia_%": "20.0", "New South Wales_%": "19.7", "Tahmoor": "--", "Tahmoor_%": "19.3", "New South Wales": "--"}, "More than $3000 gross weekly income": {"Australia": "--", "Australia_%": "16.4", "New South Wales_%": "18.7", "Tahmoor": "--", "Tahmoor_%": "11.3", "New South Wales": "--"}}, "Country of birth": {"Other top responses": {"Tahmoor": "None", "Tahmoor_%": "None"}, "Australia": {"Australia": "15,614,835", "Australia_%": "66.7", "New South Wales_%": "65.5", "Tahmoor": "4,074", "Tahmoor_%": "80.8", "New South Wales": "4,899,090"}, "England": {"Australia": "907,570", "Australia_%": "3.9", "New South Wales_%": "3.0", "Tahmoor": "187", "Tahmoor_%": "3.7", "New South Wales": "226,564"}, "Scotland": {"Australia": "119,417", "Australia_%": "0.5", "New South Wales_%": "0.4", "Tahmoor": "30", "Tahmoor_%": "0.6", "New South Wales": "28,579"}, "Philippines": {"Australia": "232,386", "Australia_%": "1.0", "New South Wales_%": "1.2", "Tahmoor": "23", "Tahmoor_%": "0.5", "New South Wales": "86,749"}, "Lebanon": {"Australia": "78,653", "Australia_%": "0.3", "New South Wales_%": "0.8", "Tahmoor": "37", "Tahmoor_%": "0.7", "New South Wales": "57,381"}, "New Zealand": {"Australia": "518,466", "Australia_%": "2.2", "New South Wales_%": "1.6", "Tahmoor": "49", "Tahmoor_%": "1.0", "New South Wales": "117,136"}}, "Religious affiliation, top responses": {"No Religion, so described": {"Australia": "6,933,708", "Australia_%": "29.6", "New South Wales_%": "25.1", "Tahmoor": "1,243", "Tahmoor_%": "24.5", "New South Wales": "1,879,562"}, "Anglican": {"Australia": "3,101,185", "Australia_%": "13.3", "New South Wales_%": "15.5", "Tahmoor": "1,360", "Tahmoor_%": "26.9", "New South Wales": "1,161,810"}, "Not stated": {"Australia": "2,238,735", "Australia_%": "9.6", "New South Wales_%": "9.2", "Tahmoor": "425", "Tahmoor_%": "8.4", "New South Wales": "684,969"}, "Uniting Church": {"Australia": "870,183", "Australia_%": "3.7", "New South Wales_%": "2.9", "Tahmoor": "152", "Tahmoor_%": "3.0", "New South Wales": "217,258"}, "Catholic": {"Australia": "5,291,834", "Australia_%": "22.6", "New South Wales_%": "24.7", "Tahmoor": "1,234", "Tahmoor_%": "24.4", "New South Wales": "1,846,443"}}, "Ancestry, top responses": {"German": {"Australia": "982,226", "Australia_%": "3.1", "New South Wales_%": "2.4", "Tahmoor": "179", "Tahmoor_%": "2.6", "New South Wales": "236,146"}, "Australian": {"Australia": "7,298,243", "Australia_%": "23.3", "New South Wales_%": "22.9", "Tahmoor": "2,283", "Tahmoor_%": "33.0", "New South Wales": "2,261,062"}, "Scottish": {"Australia": "2,023,470", "Australia_%": "6.4", "New South Wales_%": "5.9", "Tahmoor": "470", "Tahmoor_%": "6.8", "New South Wales": "587,052"}, "Irish": {"Australia": "2,388,058", "Australia_%": "7.6", "New South Wales_%": "7.5", "Tahmoor": "558", "Tahmoor_%": "8.1", "New South Wales": "741,671"}, "English": {"Australia": "7,852,224", "Australia_%": "25.0", "New South Wales_%": "23.3", "Tahmoor": "1,981", "Tahmoor_%": "28.6", "New South Wales": "2,302,481"}}, "Age": {"35-39 years": {"Australia": "1,561,679", "Australia_%": "6.7", "New South Wales_%": "6.7", "Tahmoor": "293", "Tahmoor_%": "5.8", "New South Wales": "499,724"}, "60-64 years": {"Australia": "1,299,397", "Australia_%": "5.6", "New South Wales_%": "5.6", "Tahmoor": "288", "Tahmoor_%": "5.7", "New South Wales": "420,044"}, "30-34 years": {"Australia": "1,703,847", "Australia_%": "7.3", "New South Wales_%": "7.2", "Tahmoor": "311", "Tahmoor_%": "6.1", "New South Wales": "540,360"}, "0-4 years": {"Australia": "1,464,779", "Australia_%": "6.3", "New South Wales_%": "6.2", "Tahmoor": "386", "Tahmoor_%": "7.6", "New South Wales": "465,135"}, "25-29 years": {"Australia": "1,664,602", "Australia_%": "7.1", "New South Wales_%": "7.0", "Tahmoor": "339", "Tahmoor_%": "6.7", "New South Wales": "527,161"}, "10-14 years": {"Australia": "1,397,183", "Australia_%": "6.0", "New South Wales_%": "5.9", "Tahmoor": "322", "Tahmoor_%": "6.4", "New South Wales": "443,009"}, "5-9 years": {"Australia": "1,502,646", "Australia_%": "6.4", "New South Wales_%": "6.4", "Tahmoor": "384", "Tahmoor_%": "7.6", "New South Wales": "478,184"}, "Median age": {"Australia": "38", "Australia_%": "--", "New South Wales_%": "--", "Tahmoor": "37", "Tahmoor_%": "--", "New South Wales": "38"}, "50-54 years": {"Australia": "1,523,551", "Australia_%": "6.5", "New South Wales_%": "6.5", "Tahmoor": "299", "Tahmoor_%": "5.9", "New South Wales": "485,546"}, "80-84 years": {"Australia": "460,549", "Australia_%": "2.0", "New South Wales_%": "2.1", "Tahmoor": "100", "Tahmoor_%": "2.0", "New South Wales": "155,806"}, "40-44 years": {"Australia": "1,583,257", "Australia_%": "6.8", "New South Wales_%": "6.7", "Tahmoor": "360", "Tahmoor_%": "7.1", "New South Wales": "503,169"}, "70-74 years": {"Australia": "887,716", "Australia_%": "3.8", "New South Wales_%": "3.9", "Tahmoor": "194", "Tahmoor_%": "3.8", "New South Wales": "292,556"}, "15-19 years": {"Australia": "1,421,595", "Australia_%": "6.1", "New South Wales_%": "6.0", "Tahmoor": "336", "Tahmoor_%": "6.6", "New South Wales": "448,425"}, "65-69 years": {"Australia": "1,188,999", "Australia_%": "5.1", "New South Wales_%": "5.1", "Tahmoor": "260", "Tahmoor_%": "5.1", "New South Wales": "384,470"}, "20-24 years": {"Australia": "1,566,793", "Australia_%": "6.7", "New South Wales_%": "6.5", "Tahmoor": "327", "Tahmoor_%": "6.5", "New South Wales": "489,673"}, "55-59 years": {"Australia": "1,454,332", "Australia_%": "6.2", "New South Wales_%": "6.3", "Tahmoor": "316", "Tahmoor_%": "6.2", "New South Wales": "469,726"}, "75-79 years": {"Australia": "652,657", "Australia_%": "2.8", "New South Wales_%": "2.9", "Tahmoor": "146", "Tahmoor_%": "2.9", "New South Wales": "217,308"}, "45-49 years": {"Australia": "1,581,455", "Australia_%": "6.8", "New South Wales_%": "6.6", "Tahmoor": "334", "Tahmoor_%": "6.6", "New South Wales": "492,440"}, "85 years and over": {"Australia": "486,842", "Australia_%": "2.1", "New South Wales_%": "2.2", "Tahmoor": "71", "Tahmoor_%": "1.4", "New South Wales": "167,506"}}, "Single (or lone) parents": {"Male": {"Australia": "--", "Australia_%": "18.2", "New South Wales_%": "17.8", "Tahmoor": "--", "Tahmoor_%": "16.5", "New South Wales": "--"}, "Female": {"Australia": "--", "Australia_%": "81.8", "New South Wales_%": "82.2", "Tahmoor": "--", "Tahmoor_%": "83.5", "New South Wales": "--"}}, "Mortgage monthly repayments": {"Median mortgage repayments": {"Australia": "1,755", "Australia_%": "--", "New South Wales_%": "--", "Tahmoor": "1,842", "Tahmoor_%": "--", "New South Wales": "1,986"}, "Households where mortgage repayments are less than 30% of household income": {"Australia": "--", "Australia_%": "92.8", "New South Wales_%": "92.6", "Tahmoor": "--", "Tahmoor_%": "92.4", "New South Wales": "--"}, "Households with mortgage repayments greater than or equal to 30% of household income": {"Australia": "--", "Australia_%": "7.2", "New South Wales_%": "7.4", "Tahmoor": "--", "Tahmoor_%": "7.6", "New South Wales": "--"}}, "Mortgage and rent": {"Median monthly mortgage repayments": {"Australia": "1,660", "Australia_%": "--", "New South Wales_%": "--", "Tahmoor": "1,733", "Tahmoor_%": "--", "New South Wales": "1,733"}, "Median weekly rent": {"Australia": "250", "Australia_%": "--", "New South Wales_%": "--", "Tahmoor": "360", "Tahmoor_%": "--", "New South Wales": "270"}}, "Tenure": {"Rented": {"Australia": "2,561,302", "Australia_%": "30.9", "New South Wales_%": "31.8", "Tahmoor": "500", "Tahmoor_%": "29.1", "New South Wales": "826,922"}, "Owned outright": {"Australia": "2,565,695", "Australia_%": "31.0", "New South Wales_%": "32.2", "Tahmoor": "516", "Tahmoor_%": "30.0", "New South Wales": "839,665"}, "Owned with a mortgage": {"Australia": "2,855,222", "Australia_%": "34.5", "New South Wales_%": "32.3", "Tahmoor": "634", "Tahmoor_%": "36.9", "New South Wales": "840,004"}, "Tenure type not stated": {"Australia": "224,869", "Australia_%": "2.7", "New South Wales_%": "2.8", "Tahmoor": "53", "Tahmoor_%": "3.1", "New South Wales": "73,763"}, "Other tenure type": {"Australia": "78,994", "Australia_%": "1.0", "New South Wales_%": "0.9", "Tahmoor": "15", "Tahmoor_%": "0.9", "New South Wales": "23,968"}}, "Country of birth of father, stated responses": {"Lebanon": {"Australia": "196,333", "Australia_%": "0.8", "New South Wales_%": "1.9", "Tahmoor": "73", "Tahmoor_%": "1.4", "New South Wales": "143,993"}, "Scotland": {"Australia": "276,038", "Australia_%": "1.2", "New South Wales_%": "1.0", "Tahmoor": "79", "Tahmoor_%": "1.6", "New South Wales": "72,321"}, "New Zealand": {"Australia": "617,331", "Australia_%": "2.6", "New South Wales_%": "1.9", "Tahmoor": "92", "Tahmoor_%": "1.8", "New South Wales": "143,450"}, "Australia": {"Australia": "12,231,150", "Australia_%": "52.3", "New South Wales_%": "50.1", "Tahmoor": "3,464", "Tahmoor_%": "68.8", "New South Wales": "3,745,787"}, "England": {"Australia": "1,403,096", "Australia_%": "6.0", "New South Wales_%": "4.8", "Tahmoor": "349", "Tahmoor_%": "6.9", "New South Wales": "359,370"}}, "Country of birth of father and/or mother, stated responses": {"Father only born overseas": {"Australia": "1,488,092", "Australia_%": "6.4", "New South Wales_%": "6.1", "Tahmoor": "377", "Tahmoor_%": "7.4", "New South Wales": "458,394"}, "Mother only born overseas": {"Australia": "1,094,591", "Australia_%": "4.7", "New South Wales_%": "4.3", "Tahmoor": "251", "Tahmoor_%": "5.0", "New South Wales": "325,182"}, "Both parents born overseas": {"Australia": "8,051,196", "Australia_%": "34.4", "New South Wales_%": "37.0", "Tahmoor": "876", "Tahmoor_%": "17.3", "New South Wales": "2,764,170"}, "Both parents born in Australia": {"Australia": "11,070,538", "Australia_%": "47.3", "New South Wales_%": "45.4", "Tahmoor": "3,181", "Tahmoor_%": "62.8", "New South Wales": "3,399,725"}}, "Rent weekly payments": {"Households where rent payments are less than 30% of household income": {"Australia": "--", "Australia_%": "88.5", "New South Wales_%": "87.1", "Tahmoor": "--", "Tahmoor_%": "87.2", "New South Wales": "--"}, "Households with rent payments greater than or equal to 30% of household income": {"Australia": "--", "Australia_%": "11.5", "New South Wales_%": "12.9", "Tahmoor": "--", "Tahmoor_%": "12.8", "New South Wales": "--"}, "Median rent": {"Australia": "335", "Australia_%": "--", "New South Wales_%": "--", "Tahmoor": "370", "Tahmoor_%": "--", "New South Wales": "380"}}, "Registered marital status": {"Separated": {"Australia": "608,059", "Australia_%": "3.2", "New South Wales_%": "3.1", "Tahmoor": "163", "Tahmoor_%": "4.1", "New South Wales": "190,198"}, "Widowed": {"Australia": "985,204", "Australia_%": "5.2", "New South Wales_%": "5.4", "Tahmoor": "219", "Tahmoor_%": "5.5", "New South Wales": "331,653"}, "Married": {"Australia": "9,148,218", "Australia_%": "48.1", "New South Wales_%": "48.7", "Tahmoor": "1,787", "Tahmoor_%": "45.1", "New South Wales": "2,965,280"}, "Divorced": {"Australia": "1,626,890", "Australia_%": "8.5", "New South Wales_%": "8.4", "Tahmoor": "392", "Tahmoor_%": "9.9", "New South Wales": "512,298"}, "Never married": {"Australia": "6,668,910", "Australia_%": "35.0", "New South Wales_%": "34.4", "Tahmoor": "1,404", "Tahmoor_%": "35.4", "New South Wales": "2,094,460"}}, "summaryTable_qsPeople": {"Male": "48.5%", "Median age": "37", "Female": "51.5%", "People": "5,067"}, "Dwelling characteristics": {"Average number of people per household": {"Australia": "3.2", "Australia_%": "--", "New South Wales_%": "--", "Tahmoor": "3.4", "Tahmoor_%": "--", "New South Wales": "3.1"}, "Average number of persons per bedroom": {"Australia": "1", "Australia_%": "--", "New South Wales_%": "--", "Tahmoor": "0.9", "Tahmoor_%": "--", "New South Wales": "1"}, "Median weekly household income": {"Australia": "1,203", "Australia_%": "--", "New South Wales_%": "--", "Tahmoor": "1,410", "Tahmoor_%": "--", "New South Wales": "1,214"}}, "Unpaid work": {"Did unpaid domestic work (last week)": {"Australia": "13,143,914", "Australia_%": "69.0", "New South Wales_%": "67.7", "Tahmoor": "2,794", "Tahmoor_%": "70.3", "New South Wales": "4,127,723"}, "Provided unpaid assistance to a person with a disability (last two weeks)": {"Australia": "2,145,203", "Australia_%": "11.3", "New South Wales_%": "11.6", "Tahmoor": "458", "Tahmoor_%": "11.5", "New South Wales": "709,415"}, "Did voluntary work through an organisation or group (last 12 months)": {"Australia": "3,620,726", "Australia_%": "19.0", "New South Wales_%": "18.1", "Tahmoor": "653", "Tahmoor_%": "16.4", "New South Wales": "1,103,790"}, "Cared for child/children (last two weeks)": {"Australia": "5,259,400", "Australia_%": "27.6", "New South Wales_%": "27.2", "Tahmoor": "1,183", "Tahmoor_%": "29.7", "New South Wales": "1,659,250"}}, "Unpaid domestic work, number of hours": {"5 to 14 hours per week": {"Australia": "4,944,578", "Australia_%": "26.0", "New South Wales_%": "25.1", "Tahmoor": "995", "Tahmoor_%": "25.0", "New South Wales": "1,531,206"}, "30 hours or more per week": {"Australia": "1,710,970", "Australia_%": "9.0", "New South Wales_%": "9.0", "Tahmoor": "459", "Tahmoor_%": "11.5", "New South Wales": "545,925"}, "Less than 5 hours per week": {"Australia": "4,298,593", "Australia_%": "22.6", "New South Wales_%": "22.3", "Tahmoor": "846", "Tahmoor_%": "21.3", "New South Wales": "1,359,656"}, "15 to 29 hours per week": {"Australia": "2,189,776", "Australia_%": "11.5", "New South Wales_%": "11.3", "Tahmoor": "492", "Tahmoor_%": "12.4", "New South Wales": "690,934"}}, "Industry of employment, top responses": {"Supermarket and Grocery Stores": {"Australia": "254,275", "Australia_%": "2.4", "New South Wales_%": "2.2", "Tahmoor": "93", "Tahmoor_%": "4.4", "New South Wales": "74,487"}, "Road Freight Transport": {"Australia": "129,528", "Australia_%": "1.2", "New South Wales_%": "1.1", "Tahmoor": "77", "Tahmoor_%": "3.6", "New South Wales": "37,995"}, "Hospitals (except Psychiatric Hospitals)": {"Australia": "411,808", "Australia_%": "3.9", "New South Wales_%": "3.5", "Tahmoor": "57", "Tahmoor_%": "2.7", "New South Wales": "119,350"}, "Poultry Processing": {"Australia": "13,479", "Australia_%": "0.1", "New South Wales_%": "0.1", "Tahmoor": "51", "Tahmoor_%": "2.4", "New South Wales": "5,064"}, "Aged Care Residential Services": {"Australia": "211,621", "Australia_%": "2.0", "New South Wales_%": "2.0", "Tahmoor": "68", "Tahmoor_%": "3.2", "New South Wales": "67,209"}}, "GeoInfo": {"city": "Tahmoor"}, "Education": {"University or tertiary institution": {"Australia": "1,160,626", "Australia_%": "16.1", "New South Wales_%": "16.2", "Tahmoor": "128", "Tahmoor_%": "8.4", "New South Wales": "376,133"}, "Secondary - Catholic": {"Australia": "338,384", "Australia_%": "4.7", "New South Wales_%": "5.1", "Tahmoor": "37", "Tahmoor_%": "2.4", "New South Wales": "117,689"}, "Secondary - other non Government": {"Australia": "280,618", "Australia_%": "3.9", "New South Wales_%": "3.4", "Tahmoor": "48", "Tahmoor_%": "3.1", "New South Wales": "79,915"}, "Primary - Catholic": {"Australia": "380,604", "Australia_%": "5.3", "New South Wales_%": "5.3", "Tahmoor": "47", "Tahmoor_%": "3.1", "New South Wales": "122,099"}, "Primary - Government": {"Australia": "1,314,787", "Australia_%": "18.2", "New South Wales_%": "18.0", "Tahmoor": "365", "Tahmoor_%": "23.9", "New South Wales": "417,465"}, "Other": {"Australia": "198,383", "Australia_%": "2.8", "New South Wales_%": "2.7", "Tahmoor": "29", "Tahmoor_%": "1.9", "New South Wales": "63,673"}, "Technical or further education institution": {"Australia": "424,869", "Australia_%": "5.9", "New South Wales_%": "6.2", "Tahmoor": "88", "Tahmoor_%": "5.8", "New South Wales": "144,103"}, "Secondary - Government": {"Australia": "827,505", "Australia_%": "11.5", "New South Wales_%": "11.6", "Tahmoor": "228", "Tahmoor_%": "14.9", "New South Wales": "269,249"}, "Primary - other non Government": {"Australia": "231,490", "Australia_%": "3.2", "New South Wales_%": "2.9", "Tahmoor": "52", "Tahmoor_%": "3.4", "New South Wales": "67,611"}, "Not stated": {"Australia": "1,707,023", "Australia_%": "23.7", "New South Wales_%": "23.0", "Tahmoor": "393", "Tahmoor_%": "25.7", "New South Wales": "535,266"}, "Preschool": {"Australia": "347,621", "Australia_%": "4.8", "New South Wales_%": "5.7", "Tahmoor": "115", "Tahmoor_%": "7.5", "New South Wales": "132,047"}}, "Employment": {"Unemployed": {"Australia": "787,452", "Australia_%": "6.9", "New South Wales_%": "6.3", "Tahmoor": "142", "Tahmoor_%": "6.0", "New South Wales": "225,546"}, "Worked part-time": {"Australia": "3,491,503", "Australia_%": "30.4", "New South Wales_%": "29.7", "Tahmoor": "620", "Tahmoor_%": "26.4", "New South Wales": "1,071,151"}, "Away from work": {"Australia": "569,276", "Australia_%": "5.0", "New South Wales_%": "4.8", "Tahmoor": "145", "Tahmoor_%": "6.2", "New South Wales": "174,654"}, "Worked full-time": {"Australia": "6,623,065", "Australia_%": "57.7", "New South Wales_%": "59.2", "Tahmoor": "1,441", "Tahmoor_%": "61.4", "New South Wales": "2,134,521"}}, "Travel to work, top responses": {"Worked at home": {"Australia": "503,582", "Australia_%": "4.7", "New South Wales_%": "4.8", "Tahmoor": "75", "Tahmoor_%": "3.4", "New South Wales": "163,026"}, "People who travelled to work by car as driver or passenger": {"Australia": "7,305,271", "Australia_%": "68.4", "New South Wales_%": "64.6", "Tahmoor": "1,694", "Tahmoor_%": "76.9", "New South Wales": "2,182,854"}, "null": {"Australia": "None", "Australia_%": "None", "New South Wales_%": "None", "Tahmoor": null, "Tahmoor_%": null, "New South Wales": "None"}, "People who travelled to work by public transport": {"Australia": "1,225,668", "Australia_%": "11.5", "New South Wales_%": "16.0", "Tahmoor": "113", "Tahmoor_%": "5.1", "New South Wales": "540,215"}, "Car, as driver": {"Australia": "6,574,571", "Australia_%": "61.5", "New South Wales_%": "57.8", "Tahmoor": "1,560", "Tahmoor_%": "71.2", "New South Wales": "1,953,399"}, "Train": {"Australia": "488,012", "Australia_%": "4.6", "New South Wales_%": "7.5", "Tahmoor": "58", "Tahmoor_%": "2.6", "New South Wales": "252,786"}, "Truck": {"Australia": "85,892", "Australia_%": "0.8", "New South Wales_%": "1.0", "Tahmoor": "44", "Tahmoor_%": "2.0", "New South Wales": "32,908"}, "Car, as passenger": {"Australia": "489,922", "Australia_%": "4.6", "New South Wales_%": "4.3", "Tahmoor": "92", "Tahmoor_%": "4.2", "New South Wales": "144,820"}}, "Occupation": {"Professionals": {"Australia": "2,370,966", "Australia_%": "22.2", "New South Wales_%": "23.6", "Tahmoor": "275", "Tahmoor_%": "12.5", "New South Wales": "798,126"}, "Technicians and Trades Workers": {"Australia": "1,447,414", "Australia_%": "13.5", "New South Wales_%": "12.7", "Tahmoor": "391", "Tahmoor_%": "17.7", "New South Wales": "429,239"}, "Community and Personal Service Workers": {"Australia": "1,157,003", "Australia_%": "10.8", "New South Wales_%": "10.4", "Tahmoor": "265", "Tahmoor_%": "12.0", "New South Wales": "350,261"}, "Clerical and Administrative Workers": {"Australia": "1,449,681", "Australia_%": "13.6", "New South Wales_%": "13.8", "Tahmoor": "248", "Tahmoor_%": "11.2", "New South Wales": "467,977"}, "Machinery Operators and Drivers": {"Australia": "670,106", "Australia_%": "6.3", "New South Wales_%": "6.1", "Tahmoor": "267", "Tahmoor_%": "12.1", "New South Wales": "206,839"}, "Labourers": {"Australia": "1,011,520", "Australia_%": "9.5", "New South Wales_%": "8.8", "Tahmoor": "291", "Tahmoor_%": "13.2", "New South Wales": "297,887"}, "Sales Workers": {"Australia": "1,000,955", "Australia_%": "9.4", "New South Wales_%": "9.2", "Tahmoor": "229", "Tahmoor_%": "10.4", "New South Wales": "311,414"}, "Managers": {"Australia": "1,390,047", "Australia_%": "13.0", "New South Wales_%": "13.5", "Tahmoor": "206", "Tahmoor_%": "9.3", "New South Wales": "456,084"}}}