{"Employment - hours worked": {"40 hours or more per week": {"Tingira Heights": "413", "Australia": "4,591,801", "Tingira Heights_%": "39.2", "Australia_%": "43.0", "New South Wales_%": "44.1", "New South Wales": "1,489,099"}, "25-34 hours per week": {"Tingira Heights": "129", "Australia": "1,193,445", "Tingira Heights_%": "12.2", "Australia_%": "11.2", "New South Wales_%": "10.5", "New South Wales": "353,702"}, "16-24 hours per week": {"Tingira Heights": "129", "Australia": "1,079,236", "Tingira Heights_%": "12.2", "Australia_%": "10.1", "New South Wales_%": "10.4", "New South Wales": "352,817"}, "35-39 hours per week": {"Tingira Heights": "198", "Australia": "2,031,263", "Tingira Heights_%": "18.8", "Australia_%": "19.0", "New South Wales_%": "19.1", "New South Wales": "645,428"}, "1-15 hours per week": {"Tingira Heights": "122", "Australia": "1,218,823", "Tingira Heights_%": "11.6", "Australia_%": "11.4", "New South Wales_%": "10.8", "New South Wales": "364,637"}}, "Number of registered motor vehicles": {"2 motor vehicles": {"Tingira Heights": "310", "Australia": "2,999,184", "Tingira Heights_%": "44.7", "Australia_%": "36.2", "New South Wales_%": "34.1", "New South Wales": "887,849"}, "None": {"Tingira Heights": "11", "Australia": "623,829", "Tingira Heights_%": "1.6", "Australia_%": "7.5", "New South Wales_%": "9.2", "New South Wales": "239,625"}, "Number of motor vehicles not stated": {"Tingira Heights": "26", "Australia": "285,197", "Tingira Heights_%": "3.7", "Australia_%": "3.4", "New South Wales_%": "3.7", "New South Wales": "95,623"}, "1 motor vehicle": {"Tingira Heights": "168", "Australia": "2,881,485", "Tingira Heights_%": "24.2", "Australia_%": "34.8", "New South Wales_%": "36.3", "New South Wales": "946,159"}, "3 or more vehicles": {"Tingira Heights": "179", "Australia": "1,496,382", "Tingira Heights_%": "25.8", "Australia_%": "18.1", "New South Wales_%": "16.7", "New South Wales": "435,053"}}, "Employment status of parents in couple families": {"Labour force status not stated (by one or both parents in a couple family)": {"Tingira Heights": "23", "Australia": "311,381", "Tingira Heights_%": "5.0", "Australia_%": "6.2", "New South Wales_%": "5.7", "New South Wales": "90,630"}, "One employed full-time, one part-time": {"Tingira Heights": "141", "Australia": "1,086,460", "Tingira Heights_%": "30.7", "Australia_%": "21.7", "New South Wales_%": "20.6", "New South Wales": "329,567"}, "One employed part-time, other not working": {"Tingira Heights": "18", "Australia": "302,037", "Tingira Heights_%": "3.9", "Australia_%": "6.0", "New South Wales_%": "6.1", "New South Wales": "96,933"}, "Other (includes away from work)": {"Tingira Heights": "29", "Australia": "264,145", "Tingira Heights_%": "6.3", "Australia_%": "5.3", "New South Wales_%": "5.1", "New South Wales": "80,905"}, "Both employed, worked full-time": {"Tingira Heights": "95", "Australia": "1,084,006", "Tingira Heights_%": "20.7", "Australia_%": "21.6", "New South Wales_%": "22.6", "New South Wales": "360,916"}, "One employed full-time, other not working": {"Tingira Heights": "61", "Australia": "749,886", "Tingira Heights_%": "13.3", "Australia_%": "15.0", "New South Wales_%": "15.0", "New South Wales": "240,084"}, "Both employed, worked part-time": {"Tingira Heights": "16", "Australia": "203,596", "Tingira Heights_%": "3.5", "Australia_%": "4.1", "New South Wales_%": "4.0", "New South Wales": "63,106"}, "Both not working": {"Tingira Heights": "77", "Australia": "1,006,697", "Tingira Heights_%": "16.7", "Australia_%": "20.1", "New South Wales_%": "21.0", "New South Wales": "334,742"}}, "Country of birth of mother, stated responses": {"Scotland": {"Tingira Heights": "30", "Australia": "245,915", "Tingira Heights_%": "1.4", "Australia_%": "1.1", "New South Wales_%": "0.8", "New South Wales": "63,302"}, "New Zealand": {"Tingira Heights": "31", "Australia": "608,329", "Tingira Heights_%": "1.4", "Australia_%": "2.6", "New South Wales_%": "1.9", "New South Wales": "139,899"}, "Australia": {"Tingira Heights": "1,685", "Australia": "12,643,365", "Tingira Heights_%": "78.4", "Australia_%": "54.0", "New South Wales_%": "51.9", "New South Wales": "3,884,762"}, "England": {"Tingira Heights": "79", "Australia": "1,302,147", "Tingira Heights_%": "3.7", "Australia_%": "5.6", "New South Wales_%": "4.3", "New South Wales": "322,472"}, "Netherlands": {"Tingira Heights": "17", "Australia": "152,088", "Tingira Heights_%": "0.8", "Australia_%": "0.6", "New South Wales_%": "0.5", "New South Wales": "34,775"}}, "Dwelling structure": {"Other dwelling": {"Tingira Heights": "3", "Australia": "64,425", "Tingira Heights_%": "0.4", "Australia_%": "0.8", "New South Wales_%": "0.9", "New South Wales": "23,580"}, "Semi-detached, row or terrace house, townhouse etc": {"Tingira Heights": "10", "Australia": "1,055,016", "Tingira Heights_%": "1.5", "Australia_%": "12.7", "New South Wales_%": "12.2", "New South Wales": "317,453"}, "Separate house": {"Tingira Heights": "653", "Australia": "6,041,788", "Tingira Heights_%": "95.1", "Australia_%": "72.9", "New South Wales_%": "66.4", "New South Wales": "1,729,820"}, "Flat or apartment": {"Tingira Heights": "12", "Australia": "1,087,434", "Tingira Heights_%": "1.7", "Australia_%": "13.1", "New South Wales_%": "19.9", "New South Wales": "519,390"}}, "Number of bedrooms": {"1 bedroom": {"Tingira Heights": "13", "Australia": "411,252", "Tingira Heights_%": "1.9", "Australia_%": "5.0", "New South Wales_%": "6.0", "New South Wales": "157,194"}, "3 bedrooms": {"Tingira Heights": "355", "Australia": "3,403,190", "Tingira Heights_%": "51.3", "Australia_%": "41.1", "New South Wales_%": "37.2", "New South Wales": "970,001"}, "Average number of people per household": {"Tingira Heights": "2.9", "Australia": "2.6", "Tingira Heights_%": "--", "Australia_%": "--", "New South Wales_%": "--", "New South Wales": "2.6"}, "2 bedrooms": {"Tingira Heights": "34", "Australia": "1,562,759", "Tingira Heights_%": "4.9", "Australia_%": "18.9", "New South Wales_%": "22.2", "New South Wales": "577,675"}, "4 or more bedrooms": {"Tingira Heights": "276", "Australia": "2,670,758", "Tingira Heights_%": "39.9", "Australia_%": "32.2", "New South Wales_%": "31.3", "New South Wales": "816,405"}, "None (includes bedsitters)": {"Tingira Heights": "0", "Australia": "39,769", "Tingira Heights_%": "0.0", "Australia_%": "0.5", "New South Wales_%": "0.7", "New South Wales": "17,157"}, "Number of bedrooms not stated": {"Tingira Heights": "14", "Australia": "198,351", "Tingira Heights_%": "2.0", "Australia_%": "2.4", "New South Wales_%": "2.5", "New South Wales": "65,888"}, "Average number of bedrooms per dwelling": {"Tingira Heights": "3.4", "Australia": "3.1", "Tingira Heights_%": "--", "Australia_%": "--", "New South Wales_%": "--", "New South Wales": "3"}}, "summaryTable_qsFamilies": {"for all families": "1", "for families with children": "1.9", "Families": "586", "Average children per family": "None"}, "People characteristics": {"Male": {"Tingira Heights": "49", "Australia": "322,171", "Tingira Heights_%": "51.0", "Australia_%": "49.6", "New South Wales_%": "49.7", "New South Wales": "107,368"}, "Median age": {"Tingira Heights": "19", "Australia": "23", "Tingira Heights_%": "--", "Australia_%": "--", "New South Wales_%": "--", "New South Wales": "22"}, "Female": {"Tingira Heights": "47", "Australia": "326,996", "Tingira Heights_%": "49.0", "Australia_%": "50.4", "New South Wales_%": "50.3", "New South Wales": "108,809"}}, "Dwelling count": {"Unoccupied private dwellings": {"Tingira Heights": "38", "Australia": "1,039,874", "Tingira Heights_%": "5.2", "Australia_%": "11.2", "New South Wales_%": "9.9", "New South Wales": "284,741"}, "Occupied private dwellings": {"Tingira Heights": "687", "Australia": "8,286,073", "Tingira Heights_%": "94.8", "Australia_%": "88.8", "New South Wales_%": "90.1", "New South Wales": "2,604,320"}}, "Level of highest educational attainment": {"Certificate level III": {"Tingira Heights": "334", "Australia": "2,442,203", "Tingira Heights_%": "19.8", "Australia_%": "12.8", "New South Wales_%": "12.0", "New South Wales": "730,498"}, "Certificate level II": {"Tingira Heights": "0", "Australia": "13,454", "Tingira Heights_%": "0.0", "Australia_%": "0.1", "New South Wales_%": "0.1", "New South Wales": "4,849"}, "No educational attainment": {"Tingira Heights": "4", "Australia": "145,844", "Tingira Heights_%": "0.2", "Australia_%": "0.8", "New South Wales_%": "0.9", "New South Wales": "54,870"}, "Bachelor Degree level and above": {"Tingira Heights": "231", "Australia": "4,181,406", "Tingira Heights_%": "13.7", "Australia_%": "22.0", "New South Wales_%": "23.4", "New South Wales": "1,424,716"}, "Certificate level I": {"Tingira Heights": "0", "Australia": "2,176", "Tingira Heights_%": "0.0", "Australia_%": "0.0", "New South Wales_%": "0.0", "New South Wales": "625"}, "Year 11": {"Tingira Heights": "73", "Australia": "941,531", "Tingira Heights_%": "4.3", "Australia_%": "4.9", "New South Wales_%": "3.3", "New South Wales": "203,574"}, "Not stated": {"Tingira Heights": "156", "Australia": "1,974,794", "Tingira Heights_%": "9.3", "Australia_%": "10.4", "New South Wales_%": "10.3", "New South Wales": "627,465"}, "Year 9 or below": {"Tingira Heights": "164", "Australia": "1,529,897", "Tingira Heights_%": "9.7", "Australia_%": "8.0", "New South Wales_%": "8.4", "New South Wales": "513,209"}, "Certificate level IV": {"Tingira Heights": "55", "Australia": "551,767", "Tingira Heights_%": "3.3", "Australia_%": "2.9", "New South Wales_%": "2.8", "New South Wales": "167,947"}, "Year 10": {"Tingira Heights": "277", "Australia": "2,054,331", "Tingira Heights_%": "16.5", "Australia_%": "10.8", "New South Wales_%": "11.5", "New South Wales": "702,178"}, "Year 12": {"Tingira Heights": "205", "Australia": "2,994,097", "Tingira Heights_%": "12.2", "Australia_%": "15.7", "New South Wales_%": "15.3", "New South Wales": "930,654"}, "Advanced Diploma and Diploma level": {"Tingira Heights": "136", "Australia": "1,687,893", "Tingira Heights_%": "8.1", "Australia_%": "8.9", "New South Wales_%": "8.9", "New South Wales": "543,142"}}, "Median weekly incomes": {"Personal": {"Tingira Heights": "687", "Australia": "662", "Tingira Heights_%": "--", "Australia_%": "--", "New South Wales_%": "--", "New South Wales": "664"}, "Household": {"Tingira Heights": "1,719", "Australia": "1,438", "Tingira Heights_%": "--", "Australia_%": "--", "New South Wales_%": "--", "New South Wales": "1,486"}, "Family": {"Tingira Heights": "1,885", "Australia": "1,734", "Tingira Heights_%": "--", "Australia_%": "--", "New South Wales_%": "--", "New South Wales": "1,780"}}, "Family composition": {"Other family": {"Tingira Heights": "3", "Australia": "102,559", "Tingira Heights_%": "0.5", "Australia_%": "1.7", "New South Wales_%": "1.7", "New South Wales": "32,438"}, "Couple family with children": {"Tingira Heights": "293", "Australia": "2,716,224", "Tingira Heights_%": "50.0", "Australia_%": "44.7", "New South Wales_%": "45.7", "New South Wales": "887,358"}, "Couple family without children": {"Tingira Heights": "175", "Australia": "2,291,987", "Tingira Heights_%": "29.9", "Australia_%": "37.8", "New South Wales_%": "36.6", "New South Wales": "709,524"}, "One parent family": {"Tingira Heights": "115", "Australia": "959,543", "Tingira Heights_%": "19.6", "Australia_%": "15.8", "New South Wales_%": "16.0", "New South Wales": "310,906"}}, "Dwelling internet connection": {"Not stated": {"Tingira Heights": "15", "Australia": "221,494", "Tingira Heights_%": "2.2", "Australia_%": "2.7", "New South Wales_%": "2.8", "New South Wales": "73,565"}, "Internet not accessed from dwelling": {"Tingira Heights": "66", "Australia": "1,172,415", "Tingira Heights_%": "9.6", "Australia_%": "14.1", "New South Wales_%": "14.7", "New South Wales": "381,709"}, "Internet accessed from dwelling": {"Tingira Heights": "604", "Australia": "6,892,165", "Tingira Heights_%": "88.2", "Australia_%": "83.2", "New South Wales_%": "82.5", "New South Wales": "2,149,040"}}, "Social marital status": {"Not married": {"Tingira Heights": "597", "Australia": "7,024,973", "Tingira Heights_%": "39.7", "Australia_%": "41.9", "New South Wales_%": "42.3", "New South Wales": "2,290,887"}, "De facto marriage": {"Tingira Heights": "144", "Australia": "1,751,731", "Tingira Heights_%": "9.6", "Australia_%": "10.4", "New South Wales_%": "9.4", "New South Wales": "506,133"}, "Registered marriage": {"Tingira Heights": "764", "Australia": "8,001,141", "Tingira Heights_%": "50.8", "Australia_%": "47.7", "New South Wales_%": "48.3", "New South Wales": "2,612,630"}}, "Household composition": {"Family households": {"Tingira Heights": "568", "Australia": "5,907,625", "Tingira Heights_%": "82.7", "Australia_%": "71.3", "New South Wales_%": "72.0", "New South Wales": "1,874,524"}, "Group households": {"Tingira Heights": "13", "Australia": "354,917", "Tingira Heights_%": "1.9", "Australia_%": "4.3", "New South Wales_%": "4.2", "New South Wales": "109,004"}, "Single (or lone) person households": {"Tingira Heights": "106", "Australia": "2,023,542", "Tingira Heights_%": "15.4", "Australia_%": "24.4", "New South Wales_%": "23.8", "New South Wales": "620,778"}}, "People": {"Male": {"Tingira Heights": "1,033", "Australia": "11,546,638", "Tingira Heights_%": "48.1", "Australia_%": "49.3", "New South Wales_%": "49.3", "New South Wales": "3,686,014"}, "Aboriginal and/or Torres Strait Islander people": {"Tingira Heights": "90", "Australia": "649,171", "Tingira Heights_%": "4.2", "Australia_%": "2.8", "New South Wales_%": "2.9", "New South Wales": "216,176"}, "Female": {"Tingira Heights": "1,113", "Australia": "11,855,248", "Tingira Heights_%": "51.9", "Australia_%": "50.7", "New South Wales_%": "50.7", "New South Wales": "3,794,217"}}, "Language, top responses (other than English)": {"null": {"Tingira Heights": null, "Australia": "None", "Tingira Heights_%": null, "Australia_%": "None", "New South Wales_%": "None", "New South Wales": "None"}, "Japanese": {"Tingira Heights": "5", "Australia": "55,966", "Tingira Heights_%": "0.2", "Australia_%": "0.2", "New South Wales_%": "0.2", "New South Wales": "17,319"}, "French": {"Tingira Heights": "9", "Australia": "70,873", "Tingira Heights_%": "0.4", "Australia_%": "0.3", "New South Wales_%": "0.3", "New South Wales": "23,743"}, "English only spoken at home": {"Tingira Heights": "1,937", "Australia": "17,020,417", "Tingira Heights_%": "90.1", "Australia_%": "72.7", "New South Wales_%": "68.5", "New South Wales": "5,126,633"}, "Households where a non English language is spoken": {"Tingira Heights": "41", "Australia": "1,971,011", "Tingira Heights_%": "5.7", "Australia_%": "22.2", "New South Wales_%": "26.5", "New South Wales": "735,563"}, "Mandarin": {"Tingira Heights": "6", "Australia": "596,711", "Tingira Heights_%": "0.3", "Australia_%": "2.5", "New South Wales_%": "3.2", "New South Wales": "239,945"}, "Thai": {"Tingira Heights": "6", "Australia": "55,444", "Tingira Heights_%": "0.3", "Australia_%": "0.2", "New South Wales_%": "0.3", "New South Wales": "24,839"}, "Italian": {"Tingira Heights": "6", "Australia": "271,597", "Tingira Heights_%": "0.3", "Australia_%": "1.2", "New South Wales_%": "1.0", "New South Wales": "75,694"}}, "summaryTable_qsDwelling": {"Median monthly mortgage repayments": "$1,800", "All private dwellings": "762", "Average people per household": "2.9", "Median weekly household income": "$1,719", "Median weekly rent": "$350", "Average motor vehicles per dwelling": "2.1"}, "Household income": {"Less than $650 gross weekly income": {"Tingira Heights": "--", "Australia": "--", "Tingira Heights_%": "15.1", "Australia_%": "20.0", "New South Wales_%": "19.7", "New South Wales": "--"}, "More than $3000 gross weekly income": {"Tingira Heights": "--", "Australia": "--", "Tingira Heights_%": "17.4", "Australia_%": "16.4", "New South Wales_%": "18.7", "New South Wales": "--"}}, "Country of birth": {"Other top responses": {"Tingira Heights": "None", "Tingira Heights_%": "None"}, "Australia": {"Tingira Heights": "1,835", "Australia": "15,614,835", "Tingira Heights_%": "85.7", "Australia_%": "66.7", "New South Wales_%": "65.5", "New South Wales": "4,899,090"}, "England": {"Tingira Heights": "48", "Australia": "907,570", "Tingira Heights_%": "2.2", "Australia_%": "3.9", "New South Wales_%": "3.0", "New South Wales": "226,564"}, "South Africa": {"Tingira Heights": "8", "Australia": "162,449", "Tingira Heights_%": "0.4", "Australia_%": "0.7", "New South Wales_%": "0.6", "New South Wales": "43,058"}, "United States of America": {"Tingira Heights": "10", "Australia": "86,125", "Tingira Heights_%": "0.5", "Australia_%": "0.4", "New South Wales_%": "0.4", "New South Wales": "30,081"}, "Scotland": {"Tingira Heights": "15", "Australia": "119,417", "Tingira Heights_%": "0.7", "Australia_%": "0.5", "New South Wales_%": "0.4", "New South Wales": "28,579"}, "New Zealand": {"Tingira Heights": "17", "Australia": "518,466", "Tingira Heights_%": "0.8", "Australia_%": "2.2", "New South Wales_%": "1.6", "New South Wales": "117,136"}}, "Religious affiliation, top responses": {"No Religion, so described": {"Tingira Heights": "564", "Australia": "6,933,708", "Tingira Heights_%": "26.4", "Australia_%": "29.6", "New South Wales_%": "25.1", "New South Wales": "1,879,562"}, "Anglican": {"Tingira Heights": "484", "Australia": "3,101,185", "Tingira Heights_%": "22.6", "Australia_%": "13.3", "New South Wales_%": "15.5", "New South Wales": "1,161,810"}, "Not stated": {"Tingira Heights": "193", "Australia": "2,238,735", "Tingira Heights_%": "9.0", "Australia_%": "9.6", "New South Wales_%": "9.2", "New South Wales": "684,969"}, "Uniting Church": {"Tingira Heights": "153", "Australia": "870,183", "Tingira Heights_%": "7.2", "Australia_%": "3.7", "New South Wales_%": "2.9", "New South Wales": "217,258"}, "Catholic": {"Tingira Heights": "434", "Australia": "5,291,834", "Tingira Heights_%": "20.3", "Australia_%": "22.6", "New South Wales_%": "24.7", "New South Wales": "1,846,443"}}, "Ancestry, top responses": {"German": {"Tingira Heights": "90", "Australia": "982,226", "Tingira Heights_%": "3.1", "Australia_%": "3.1", "New South Wales_%": "2.4", "New South Wales": "236,146"}, "Australian": {"Tingira Heights": "998", "Australia": "7,298,243", "Tingira Heights_%": "34.4", "Australia_%": "23.3", "New South Wales_%": "22.9", "New South Wales": "2,261,062"}, "Scottish": {"Tingira Heights": "261", "Australia": "2,023,470", "Tingira Heights_%": "9.0", "Australia_%": "6.4", "New South Wales_%": "5.9", "New South Wales": "587,052"}, "Irish": {"Tingira Heights": "230", "Australia": "2,388,058", "Tingira Heights_%": "7.9", "Australia_%": "7.6", "New South Wales_%": "7.5", "New South Wales": "741,671"}, "English": {"Tingira Heights": "890", "Australia": "7,852,224", "Tingira Heights_%": "30.6", "Australia_%": "25.0", "New South Wales_%": "23.3", "New South Wales": "2,302,481"}}, "Age": {"35-39 years": {"Tingira Heights": "132", "Australia": "1,561,679", "Tingira Heights_%": "6.1", "Australia_%": "6.7", "New South Wales_%": "6.7", "New South Wales": "499,724"}, "60-64 years": {"Tingira Heights": "97", "Australia": "1,299,397", "Tingira Heights_%": "4.5", "Australia_%": "5.6", "New South Wales_%": "5.6", "New South Wales": "420,044"}, "30-34 years": {"Tingira Heights": "127", "Australia": "1,703,847", "Tingira Heights_%": "5.9", "Australia_%": "7.3", "New South Wales_%": "7.2", "New South Wales": "540,360"}, "0-4 years": {"Tingira Heights": "144", "Australia": "1,464,779", "Tingira Heights_%": "6.7", "Australia_%": "6.3", "New South Wales_%": "6.2", "New South Wales": "465,135"}, "25-29 years": {"Tingira Heights": "115", "Australia": "1,664,602", "Tingira Heights_%": "5.3", "Australia_%": "7.1", "New South Wales_%": "7.0", "New South Wales": "527,161"}, "10-14 years": {"Tingira Heights": "168", "Australia": "1,397,183", "Tingira Heights_%": "7.8", "Australia_%": "6.0", "New South Wales_%": "5.9", "New South Wales": "443,009"}, "5-9 years": {"Tingira Heights": "165", "Australia": "1,502,646", "Tingira Heights_%": "7.6", "Australia_%": "6.4", "New South Wales_%": "6.4", "New South Wales": "478,184"}, "Median age": {"Tingira Heights": "37", "Australia": "38", "Tingira Heights_%": "--", "Australia_%": "--", "New South Wales_%": "--", "New South Wales": "38"}, "50-54 years": {"Tingira Heights": "157", "Australia": "1,523,551", "Tingira Heights_%": "7.3", "Australia_%": "6.5", "New South Wales_%": "6.5", "New South Wales": "485,546"}, "80-84 years": {"Tingira Heights": "30", "Australia": "460,549", "Tingira Heights_%": "1.4", "Australia_%": "2.0", "New South Wales_%": "2.1", "New South Wales": "155,806"}, "40-44 years": {"Tingira Heights": "155", "Australia": "1,583,257", "Tingira Heights_%": "7.2", "Australia_%": "6.8", "New South Wales_%": "6.7", "New South Wales": "503,169"}, "70-74 years": {"Tingira Heights": "81", "Australia": "887,716", "Tingira Heights_%": "3.7", "Australia_%": "3.8", "New South Wales_%": "3.9", "New South Wales": "292,556"}, "15-19 years": {"Tingira Heights": "157", "Australia": "1,421,595", "Tingira Heights_%": "7.3", "Australia_%": "6.1", "New South Wales_%": "6.0", "New South Wales": "448,425"}, "65-69 years": {"Tingira Heights": "100", "Australia": "1,188,999", "Tingira Heights_%": "4.6", "Australia_%": "5.1", "New South Wales_%": "5.1", "New South Wales": "384,470"}, "20-24 years": {"Tingira Heights": "137", "Australia": "1,566,793", "Tingira Heights_%": "6.3", "Australia_%": "6.7", "New South Wales_%": "6.5", "New South Wales": "489,673"}, "55-59 years": {"Tingira Heights": "144", "Australia": "1,454,332", "Tingira Heights_%": "6.7", "Australia_%": "6.2", "New South Wales_%": "6.3", "New South Wales": "469,726"}, "75-79 years": {"Tingira Heights": "60", "Australia": "652,657", "Tingira Heights_%": "2.8", "Australia_%": "2.8", "New South Wales_%": "2.9", "New South Wales": "217,308"}, "45-49 years": {"Tingira Heights": "160", "Australia": "1,581,455", "Tingira Heights_%": "7.4", "Australia_%": "6.8", "New South Wales_%": "6.6", "New South Wales": "492,440"}, "85 years and over": {"Tingira Heights": "32", "Australia": "486,842", "Tingira Heights_%": "1.5", "Australia_%": "2.1", "New South Wales_%": "2.2", "New South Wales": "167,506"}}, "Single (or lone) parents": {"Male": {"Tingira Heights": "--", "Australia": "--", "Tingira Heights_%": "16.2", "Australia_%": "18.2", "New South Wales_%": "17.8", "New South Wales": "--"}, "Female": {"Tingira Heights": "--", "Australia": "--", "Tingira Heights_%": "83.8", "Australia_%": "81.8", "New South Wales_%": "82.2", "New South Wales": "--"}}, "Mortgage monthly repayments": {"Median mortgage repayments": {"Tingira Heights": "1,800", "Australia": "1,755", "Tingira Heights_%": "--", "Australia_%": "--", "New South Wales_%": "--", "New South Wales": "1,986"}, "Households where mortgage repayments are less than 30% of household income": {"Tingira Heights": "--", "Australia": "--", "Tingira Heights_%": "89.2", "Australia_%": "92.8", "New South Wales_%": "92.6", "New South Wales": "--"}, "Households with mortgage repayments greater than or equal to 30% of household income": {"Tingira Heights": "--", "Australia": "--", "Tingira Heights_%": "10.8", "Australia_%": "7.2", "New South Wales_%": "7.4", "New South Wales": "--"}}, "Mortgage and rent": {"Median monthly mortgage repayments": {"Tingira Heights": "1,679", "Australia": "1,660", "Tingira Heights_%": "--", "Australia_%": "--", "New South Wales_%": "--", "New South Wales": "1,733"}, "Median weekly rent": {"Tingira Heights": "345", "Australia": "250", "Tingira Heights_%": "--", "Australia_%": "--", "New South Wales_%": "--", "New South Wales": "270"}}, "Tenure": {"Rented": {"Tingira Heights": "103", "Australia": "2,561,302", "Tingira Heights_%": "14.9", "Australia_%": "30.9", "New South Wales_%": "31.8", "New South Wales": "826,922"}, "Owned outright": {"Tingira Heights": "203", "Australia": "2,565,695", "Tingira Heights_%": "29.3", "Australia_%": "31.0", "New South Wales_%": "32.2", "New South Wales": "839,665"}, "Owned with a mortgage": {"Tingira Heights": "363", "Australia": "2,855,222", "Tingira Heights_%": "52.5", "Australia_%": "34.5", "New South Wales_%": "32.3", "New South Wales": "840,004"}, "Tenure type not stated": {"Tingira Heights": "23", "Australia": "224,869", "Tingira Heights_%": "3.3", "Australia_%": "2.7", "New South Wales_%": "2.8", "New South Wales": "73,763"}, "Other tenure type": {"Tingira Heights": "0", "Australia": "78,994", "Tingira Heights_%": "0.0", "Australia_%": "1.0", "New South Wales_%": "0.9", "New South Wales": "23,968"}}, "Country of birth of father, stated responses": {"Scotland": {"Tingira Heights": "36", "Australia": "276,038", "Tingira Heights_%": "1.7", "Australia_%": "1.2", "New South Wales_%": "1.0", "New South Wales": "72,321"}, "New Zealand": {"Tingira Heights": "30", "Australia": "617,331", "Tingira Heights_%": "1.4", "Australia_%": "2.6", "New South Wales_%": "1.9", "New South Wales": "143,450"}, "Australia": {"Tingira Heights": "1,663", "Australia": "12,231,150", "Tingira Heights_%": "77.7", "Australia_%": "52.3", "New South Wales_%": "50.1", "New South Wales": "3,745,787"}, "England": {"Tingira Heights": "86", "Australia": "1,403,096", "Tingira Heights_%": "4.0", "Australia_%": "6.0", "New South Wales_%": "4.8", "New South Wales": "359,370"}, "Ireland": {"Tingira Heights": "16", "Australia": "169,273", "Tingira Heights_%": "0.7", "Australia_%": "0.7", "New South Wales_%": "0.7", "New South Wales": "52,104"}}, "Country of birth of father and/or mother, stated responses": {"Father only born overseas": {"Tingira Heights": "127", "Australia": "1,488,092", "Tingira Heights_%": "5.9", "Australia_%": "6.4", "New South Wales_%": "6.1", "New South Wales": "458,394"}, "Mother only born overseas": {"Tingira Heights": "110", "Australia": "1,094,591", "Tingira Heights_%": "5.1", "Australia_%": "4.7", "New South Wales_%": "4.3", "New South Wales": "325,182"}, "Both parents born overseas": {"Tingira Heights": "213", "Australia": "8,051,196", "Tingira Heights_%": "9.9", "Australia_%": "34.4", "New South Wales_%": "37.0", "New South Wales": "2,764,170"}, "Both parents born in Australia": {"Tingira Heights": "1,545", "Australia": "11,070,538", "Tingira Heights_%": "72.0", "Australia_%": "47.3", "New South Wales_%": "45.4", "New South Wales": "3,399,725"}}, "Rent weekly payments": {"Households where rent payments are less than 30% of household income": {"Tingira Heights": "--", "Australia": "--", "Tingira Heights_%": "91.4", "Australia_%": "88.5", "New South Wales_%": "87.1", "New South Wales": "--"}, "Households with rent payments greater than or equal to 30% of household income": {"Tingira Heights": "--", "Australia": "--", "Tingira Heights_%": "8.6", "Australia_%": "11.5", "New South Wales_%": "12.9", "New South Wales": "--"}, "Median rent": {"Tingira Heights": "350", "Australia": "335", "Tingira Heights_%": "--", "Australia_%": "--", "New South Wales_%": "--", "New South Wales": "380"}}, "Registered marital status": {"Separated": {"Tingira Heights": "50", "Australia": "608,059", "Tingira Heights_%": "3.0", "Australia_%": "3.2", "New South Wales_%": "3.1", "New South Wales": "190,198"}, "Widowed": {"Tingira Heights": "82", "Australia": "985,204", "Tingira Heights_%": "4.9", "Australia_%": "5.2", "New South Wales_%": "5.4", "New South Wales": "331,653"}, "Married": {"Tingira Heights": "860", "Australia": "9,148,218", "Tingira Heights_%": "51.0", "Australia_%": "48.1", "New South Wales_%": "48.7", "New South Wales": "2,965,280"}, "Divorced": {"Tingira Heights": "148", "Australia": "1,626,890", "Tingira Heights_%": "8.8", "Australia_%": "8.5", "New South Wales_%": "8.4", "New South Wales": "512,298"}, "Never married": {"Tingira Heights": "547", "Australia": "6,668,910", "Tingira Heights_%": "32.4", "Australia_%": "35.0", "New South Wales_%": "34.4", "New South Wales": "2,094,460"}}, "summaryTable_qsPeople": {"Male": "48.1%", "Median age": "37", "Female": "51.9%", "People": "2,149"}, "Dwelling characteristics": {"Average number of people per household": {"Tingira Heights": "3.3", "Australia": "3.2", "Tingira Heights_%": "--", "Australia_%": "--", "New South Wales_%": "--", "New South Wales": "3.1"}, "Average number of persons per bedroom": {"Tingira Heights": "1", "Australia": "1", "Tingira Heights_%": "--", "Australia_%": "--", "New South Wales_%": "--", "New South Wales": "1"}, "Median weekly household income": {"Tingira Heights": "1,350", "Australia": "1,203", "Tingira Heights_%": "--", "Australia_%": "--", "New South Wales_%": "--", "New South Wales": "1,214"}}, "Unpaid work": {"Did unpaid domestic work (last week)": {"Tingira Heights": "1,202", "Australia": "13,143,914", "Tingira Heights_%": "71.4", "Australia_%": "69.0", "New South Wales_%": "67.7", "New South Wales": "4,127,723"}, "Provided unpaid assistance to a person with a disability (last two weeks)": {"Tingira Heights": "209", "Australia": "2,145,203", "Tingira Heights_%": "12.5", "Australia_%": "11.3", "New South Wales_%": "11.6", "New South Wales": "709,415"}, "Did voluntary work through an organisation or group (last 12 months)": {"Tingira Heights": "278", "Australia": "3,620,726", "Tingira Heights_%": "16.6", "Australia_%": "19.0", "New South Wales_%": "18.1", "New South Wales": "1,103,790"}, "Cared for child/children (last two weeks)": {"Tingira Heights": "575", "Australia": "5,259,400", "Tingira Heights_%": "34.1", "Australia_%": "27.6", "New South Wales_%": "27.2", "New South Wales": "1,659,250"}}, "Unpaid domestic work, number of hours": {"5 to 14 hours per week": {"Tingira Heights": "471", "Australia": "4,944,578", "Tingira Heights_%": "28.1", "Australia_%": "26.0", "New South Wales_%": "25.1", "New South Wales": "1,531,206"}, "30 hours or more per week": {"Tingira Heights": "168", "Australia": "1,710,970", "Tingira Heights_%": "10.0", "Australia_%": "9.0", "New South Wales_%": "9.0", "New South Wales": "545,925"}, "Less than 5 hours per week": {"Tingira Heights": "360", "Australia": "4,298,593", "Tingira Heights_%": "21.5", "Australia_%": "22.6", "New South Wales_%": "22.3", "New South Wales": "1,359,656"}, "15 to 29 hours per week": {"Tingira Heights": "195", "Australia": "2,189,776", "Tingira Heights_%": "11.6", "Australia_%": "11.5", "New South Wales_%": "11.3", "New South Wales": "690,934"}}, "Industry of employment, top responses": {"Child Care Services": {"Tingira Heights": "25", "Australia": "118,234", "Tingira Heights_%": "2.5", "Australia_%": "1.1", "New South Wales_%": "1.2", "New South Wales": "39,224"}, "Supermarket and Grocery Stores": {"Tingira Heights": "31", "Australia": "254,275", "Tingira Heights_%": "3.1", "Australia_%": "2.4", "New South Wales_%": "2.2", "New South Wales": "74,487"}, "Hospitals (except Psychiatric Hospitals)": {"Tingira Heights": "61", "Australia": "411,808", "Tingira Heights_%": "6.1", "Australia_%": "3.9", "New South Wales_%": "3.5", "New South Wales": "119,350"}, "Aged Care Residential Services": {"Tingira Heights": "35", "Australia": "211,621", "Tingira Heights_%": "3.5", "Australia_%": "2.0", "New South Wales_%": "2.0", "New South Wales": "67,209"}, "Takeaway Food Services": {"Tingira Heights": "25", "Australia": "189,447", "Tingira Heights_%": "2.5", "Australia_%": "1.8", "New South Wales_%": "1.7", "New South Wales": "56,957"}}, "GeoInfo": {"city": "Tingira Heights"}, "Education": {"University or tertiary institution": {"Tingira Heights": "82", "Australia": "1,160,626", "Tingira Heights_%": "11.5", "Australia_%": "16.1", "New South Wales_%": "16.2", "New South Wales": "376,133"}, "Secondary - Catholic": {"Tingira Heights": "23", "Australia": "338,384", "Tingira Heights_%": "3.2", "Australia_%": "4.7", "New South Wales_%": "5.1", "New South Wales": "117,689"}, "Secondary - other non Government": {"Tingira Heights": "35", "Australia": "280,618", "Tingira Heights_%": "4.9", "Australia_%": "3.9", "New South Wales_%": "3.4", "New South Wales": "79,915"}, "Primary - Catholic": {"Tingira Heights": "18", "Australia": "380,604", "Tingira Heights_%": "2.5", "Australia_%": "5.3", "New South Wales_%": "5.3", "New South Wales": "122,099"}, "Primary - Government": {"Tingira Heights": "169", "Australia": "1,314,787", "Tingira Heights_%": "23.8", "Australia_%": "18.2", "New South Wales_%": "18.0", "New South Wales": "417,465"}, "Other": {"Tingira Heights": "12", "Australia": "198,383", "Tingira Heights_%": "1.7", "Australia_%": "2.8", "New South Wales_%": "2.7", "New South Wales": "63,673"}, "Technical or further education institution": {"Tingira Heights": "46", "Australia": "424,869", "Tingira Heights_%": "6.5", "Australia_%": "5.9", "New South Wales_%": "6.2", "New South Wales": "144,103"}, "Secondary - Government": {"Tingira Heights": "123", "Australia": "827,505", "Tingira Heights_%": "17.3", "Australia_%": "11.5", "New South Wales_%": "11.6", "New South Wales": "269,249"}, "Primary - other non Government": {"Tingira Heights": "18", "Australia": "231,490", "Tingira Heights_%": "2.5", "Australia_%": "3.2", "New South Wales_%": "2.9", "New South Wales": "67,611"}, "Not stated": {"Tingira Heights": "135", "Australia": "1,707,023", "Tingira Heights_%": "19.0", "Australia_%": "23.7", "New South Wales_%": "23.0", "New South Wales": "535,266"}, "Preschool": {"Tingira Heights": "50", "Australia": "347,621", "Tingira Heights_%": "7.0", "Australia_%": "4.8", "New South Wales_%": "5.7", "New South Wales": "132,047"}}, "Employment": {"Unemployed": {"Tingira Heights": "59", "Australia": "787,452", "Tingira Heights_%": "5.3", "Australia_%": "6.9", "New South Wales_%": "6.3", "New South Wales": "225,546"}, "Worked part-time": {"Tingira Heights": "374", "Australia": "3,491,503", "Tingira Heights_%": "33.7", "Australia_%": "30.4", "New South Wales_%": "29.7", "New South Wales": "1,071,151"}, "Away from work": {"Tingira Heights": "64", "Australia": "569,276", "Tingira Heights_%": "5.8", "Australia_%": "5.0", "New South Wales_%": "4.8", "New South Wales": "174,654"}, "Worked full-time": {"Tingira Heights": "612", "Australia": "6,623,065", "Tingira Heights_%": "55.2", "Australia_%": "57.7", "New South Wales_%": "59.2", "New South Wales": "2,134,521"}}, "Travel to work, top responses": {"Worked at home": {"Tingira Heights": "34", "Australia": "503,582", "Tingira Heights_%": "3.3", "Australia_%": "4.7", "New South Wales_%": "4.8", "New South Wales": "163,026"}, "People who travelled to work by car as driver or passenger": {"Tingira Heights": "847", "Australia": "7,305,271", "Tingira Heights_%": "80.6", "Australia_%": "68.4", "New South Wales_%": "64.6", "New South Wales": "2,182,854"}, "null": {"Tingira Heights": null, "Australia": "None", "Tingira Heights_%": null, "Australia_%": "None", "New South Wales_%": "None", "New South Wales": "None"}, "People who travelled to work by public transport": {"Tingira Heights": "15", "Australia": "1,225,668", "Tingira Heights_%": "1.4", "Australia_%": "11.5", "New South Wales_%": "16.0", "New South Wales": "540,215"}, "Car, as driver": {"Tingira Heights": "782", "Australia": "6,574,571", "Tingira Heights_%": "75.7", "Australia_%": "61.5", "New South Wales_%": "57.8", "New South Wales": "1,953,399"}, "Other": {"Tingira Heights": "8", "Australia": "73,512", "Tingira Heights_%": "0.8", "Australia_%": "0.7", "New South Wales_%": "0.6", "New South Wales": "18,811"}, "Truck": {"Tingira Heights": "10", "Australia": "85,892", "Tingira Heights_%": "1.0", "Australia_%": "0.8", "New South Wales_%": "1.0", "New South Wales": "32,908"}, "Car, as passenger": {"Tingira Heights": "53", "Australia": "489,922", "Tingira Heights_%": "5.1", "Australia_%": "4.6", "New South Wales_%": "4.3", "New South Wales": "144,820"}}, "Occupation": {"Professionals": {"Tingira Heights": "192", "Australia": "2,370,966", "Tingira Heights_%": "18.2", "Australia_%": "22.2", "New South Wales_%": "23.6", "New South Wales": "798,126"}, "Managers": {"Tingira Heights": "104", "Australia": "1,390,047", "Tingira Heights_%": "9.9", "Australia_%": "13.0", "New South Wales_%": "13.5", "New South Wales": "456,084"}, "Community and Personal Service Workers": {"Tingira Heights": "116", "Australia": "1,157,003", "Tingira Heights_%": "11.0", "Australia_%": "10.8", "New South Wales_%": "10.4", "New South Wales": "350,261"}, "Clerical and Administrative Workers": {"Tingira Heights": "145", "Australia": "1,449,681", "Tingira Heights_%": "13.8", "Australia_%": "13.6", "New South Wales_%": "13.8", "New South Wales": "467,977"}, "Machinery Operators and Drivers": {"Tingira Heights": "64", "Australia": "670,106", "Tingira Heights_%": "6.1", "Australia_%": "6.3", "New South Wales_%": "6.1", "New South Wales": "206,839"}, "Labourers": {"Tingira Heights": "103", "Australia": "1,011,520", "Tingira Heights_%": "9.8", "Australia_%": "9.5", "New South Wales_%": "8.8", "New South Wales": "297,887"}, "Sales Workers": {"Tingira Heights": "118", "Australia": "1,000,955", "Tingira Heights_%": "11.2", "Australia_%": "9.4", "New South Wales_%": "9.2", "New South Wales": "311,414"}, "Technicians and Trades Workers": {"Tingira Heights": "190", "Australia": "1,447,414", "Tingira Heights_%": "18.0", "Australia_%": "13.5", "New South Wales_%": "12.7", "New South Wales": "429,239"}}}