{"Employment - hours worked": {"40 hours or more per week": {"Australia": "4,591,801", "Towrang_%": "52.1", "Australia_%": "43.0", "New South Wales_%": "44.1", "New South Wales": "1,489,099", "Towrang": "37"}, "25-34 hours per week": {"Australia": "1,193,445", "Towrang_%": "14.1", "Australia_%": "11.2", "New South Wales_%": "10.5", "New South Wales": "353,702", "Towrang": "10"}, "16-24 hours per week": {"Australia": "1,079,236", "Towrang_%": "5.6", "Australia_%": "10.1", "New South Wales_%": "10.4", "New South Wales": "352,817", "Towrang": "4"}, "35-39 hours per week": {"Australia": "2,031,263", "Towrang_%": "19.7", "Australia_%": "19.0", "New South Wales_%": "19.1", "New South Wales": "645,428", "Towrang": "14"}, "1-15 hours per week": {"Australia": "1,218,823", "Towrang_%": "8.5", "Australia_%": "11.4", "New South Wales_%": "10.8", "New South Wales": "364,637", "Towrang": "6"}}, "Number of registered motor vehicles": {"2 motor vehicles": {"Australia": "2,999,184", "Towrang_%": "34.7", "Australia_%": "36.2", "New South Wales_%": "34.1", "New South Wales": "887,849", "Towrang": "17"}, "None": {"Australia": "623,829", "Towrang_%": "0.0", "Australia_%": "7.5", "New South Wales_%": "9.2", "New South Wales": "239,625", "Towrang": "0"}, "Number of motor vehicles not stated": {"Australia": "285,197", "Towrang_%": "0.0", "Australia_%": "3.4", "New South Wales_%": "3.7", "New South Wales": "95,623", "Towrang": "0"}, "1 motor vehicle": {"Australia": "2,881,485", "Towrang_%": "16.3", "Australia_%": "34.8", "New South Wales_%": "36.3", "New South Wales": "946,159", "Towrang": "8"}, "3 or more vehicles": {"Australia": "1,496,382", "Towrang_%": "49.0", "Australia_%": "18.1", "New South Wales_%": "16.7", "New South Wales": "435,053", "Towrang": "24"}}, "Employment status of parents in couple families": {"Labour force status not stated (by one or both parents in a couple family)": {"Australia": "311,381", "Towrang_%": "0.0", "Australia_%": "6.2", "New South Wales_%": "5.7", "New South Wales": "90,630", "Towrang": "0"}, "One employed full-time, one part-time": {"Australia": "1,086,460", "Towrang_%": "18.8", "Australia_%": "21.7", "New South Wales_%": "20.6", "New South Wales": "329,567", "Towrang": "6"}, "One employed part-time, other not working": {"Australia": "302,037", "Towrang_%": "0.0", "Australia_%": "6.0", "New South Wales_%": "6.1", "New South Wales": "96,933", "Towrang": "0"}, "Other (includes away from work)": {"Australia": "264,145", "Towrang_%": "0.0", "Australia_%": "5.3", "New South Wales_%": "5.1", "New South Wales": "80,905", "Towrang": "0"}, "Both employed, worked full-time": {"Australia": "1,084,006", "Towrang_%": "34.4", "Australia_%": "21.6", "New South Wales_%": "22.6", "New South Wales": "360,916", "Towrang": "11"}, "One employed full-time, other not working": {"Australia": "749,886", "Towrang_%": "12.5", "Australia_%": "15.0", "New South Wales_%": "15.0", "New South Wales": "240,084", "Towrang": "4"}, "Both employed, worked part-time": {"Australia": "203,596", "Towrang_%": "0.0", "Australia_%": "4.1", "New South Wales_%": "4.0", "New South Wales": "63,106", "Towrang": "0"}, "Both not working": {"Australia": "1,006,697", "Towrang_%": "34.4", "Australia_%": "20.1", "New South Wales_%": "21.0", "New South Wales": "334,742", "Towrang": "11"}}, "Country of birth of mother, stated responses": {"Germany": {"Australia": "169,618", "Towrang_%": "1.8", "Australia_%": "0.7", "New South Wales_%": "0.6", "New South Wales": "47,489", "Towrang": "3"}, "Australia": {"Australia": "12,643,365", "Towrang_%": "80.5", "Australia_%": "54.0", "New South Wales_%": "51.9", "New South Wales": "3,884,762", "Towrang": "136"}, "England": {"Australia": "1,302,147", "Towrang_%": "7.7", "Australia_%": "5.6", "New South Wales_%": "4.3", "New South Wales": "322,472", "Towrang": "13"}}, "Dwelling structure": {"Other dwelling": {"Australia": "64,425", "Towrang_%": "0.0", "Australia_%": "0.8", "New South Wales_%": "0.9", "New South Wales": "23,580", "Towrang": "0"}, "Semi-detached, row or terrace house, townhouse etc": {"Australia": "1,055,016", "Towrang_%": "0.0", "Australia_%": "12.7", "New South Wales_%": "12.2", "New South Wales": "317,453", "Towrang": "0"}, "Separate house": {"Australia": "6,041,788", "Towrang_%": "100.0", "Australia_%": "72.9", "New South Wales_%": "66.4", "New South Wales": "1,729,820", "Towrang": "60"}, "Flat or apartment": {"Australia": "1,087,434", "Towrang_%": "0.0", "Australia_%": "13.1", "New South Wales_%": "19.9", "New South Wales": "519,390", "Towrang": "0"}}, "Number of bedrooms": {"1 bedroom": {"Australia": "411,252", "Towrang_%": "6.2", "Australia_%": "5.0", "New South Wales_%": "6.0", "New South Wales": "157,194", "Towrang": "4"}, "3 bedrooms": {"Australia": "3,403,190", "Towrang_%": "31.2", "Australia_%": "41.1", "New South Wales_%": "37.2", "New South Wales": "970,001", "Towrang": "20"}, "Average number of people per household": {"Australia": "2.6", "Towrang_%": "--", "Australia_%": "--", "New South Wales_%": "--", "New South Wales": "2.6", "Towrang": "2.6"}, "2 bedrooms": {"Australia": "1,562,759", "Towrang_%": "18.8", "Australia_%": "18.9", "New South Wales_%": "22.2", "New South Wales": "577,675", "Towrang": "12"}, "4 or more bedrooms": {"Australia": "2,670,758", "Towrang_%": "43.8", "Australia_%": "32.2", "New South Wales_%": "31.3", "New South Wales": "816,405", "Towrang": "28"}, "None (includes bedsitters)": {"Australia": "39,769", "Towrang_%": "0.0", "Australia_%": "0.5", "New South Wales_%": "0.7", "New South Wales": "17,157", "Towrang": "0"}, "Number of bedrooms not stated": {"Australia": "198,351", "Towrang_%": "0.0", "Australia_%": "2.4", "New South Wales_%": "2.5", "New South Wales": "65,888", "Towrang": "0"}, "Average number of bedrooms per dwelling": {"Australia": "3.1", "Towrang_%": "--", "Australia_%": "--", "New South Wales_%": "--", "New South Wales": "3", "Towrang": "3.2"}}, "summaryTable_qsFamilies": {"for all families": "0.9", "for families with children": "1.9", "Families": "47", "Average children per family": "None"}, "People characteristics": {"Male": {"Australia": "322,171", "Towrang_%": "0.0", "Australia_%": "49.6", "New South Wales_%": "49.7", "New South Wales": "107,368", "Towrang": "0"}, "Median age": {"Australia": "23", "Towrang_%": "--", "Australia_%": "--", "New South Wales_%": "--", "New South Wales": "22", "Towrang": "0"}, "Female": {"Australia": "326,996", "Towrang_%": "0.0", "Australia_%": "50.4", "New South Wales_%": "50.3", "New South Wales": "108,809", "Towrang": "0"}}, "Dwelling count": {"Unoccupied private dwellings": {"Australia": "1,039,874", "Towrang_%": "17.8", "Australia_%": "11.2", "New South Wales_%": "9.9", "New South Wales": "284,741", "Towrang": "13"}, "Occupied private dwellings": {"Australia": "8,286,073", "Towrang_%": "82.2", "Australia_%": "88.8", "New South Wales_%": "90.1", "New South Wales": "2,604,320", "Towrang": "60"}}, "Level of highest educational attainment": {"Certificate level III": {"Australia": "2,442,203", "Towrang_%": "19.7", "Australia_%": "12.8", "New South Wales_%": "12.0", "New South Wales": "730,498", "Towrang": "28"}, "Certificate level II": {"Australia": "13,454", "Towrang_%": "0.0", "Australia_%": "0.1", "New South Wales_%": "0.1", "New South Wales": "4,849", "Towrang": "0"}, "No educational attainment": {"Australia": "145,844", "Towrang_%": "0.0", "Australia_%": "0.8", "New South Wales_%": "0.9", "New South Wales": "54,870", "Towrang": "0"}, "Bachelor Degree level and above": {"Australia": "4,181,406", "Towrang_%": "8.5", "Australia_%": "22.0", "New South Wales_%": "23.4", "New South Wales": "1,424,716", "Towrang": "12"}, "Certificate level I": {"Australia": "2,176", "Towrang_%": "0.0", "Australia_%": "0.0", "New South Wales_%": "0.0", "New South Wales": "625", "Towrang": "0"}, "Year 11": {"Australia": "941,531", "Towrang_%": "4.2", "Australia_%": "4.9", "New South Wales_%": "3.3", "New South Wales": "203,574", "Towrang": "6"}, "Not stated": {"Australia": "1,974,794", "Towrang_%": "15.5", "Australia_%": "10.4", "New South Wales_%": "10.3", "New South Wales": "627,465", "Towrang": "22"}, "Year 9 or below": {"Australia": "1,529,897", "Towrang_%": "5.6", "Australia_%": "8.0", "New South Wales_%": "8.4", "New South Wales": "513,209", "Towrang": "8"}, "Certificate level IV": {"Australia": "551,767", "Towrang_%": "0.0", "Australia_%": "2.9", "New South Wales_%": "2.8", "New South Wales": "167,947", "Towrang": "0"}, "Year 10": {"Australia": "2,054,331", "Towrang_%": "14.8", "Australia_%": "10.8", "New South Wales_%": "11.5", "New South Wales": "702,178", "Towrang": "21"}, "Year 12": {"Australia": "2,994,097", "Towrang_%": "8.5", "Australia_%": "15.7", "New South Wales_%": "15.3", "New South Wales": "930,654", "Towrang": "12"}, "Advanced Diploma and Diploma level": {"Australia": "1,687,893", "Towrang_%": "7.7", "Australia_%": "8.9", "New South Wales_%": "8.9", "New South Wales": "543,142", "Towrang": "11"}}, "Median weekly incomes": {"Personal": {"Australia": "662", "Towrang_%": "--", "Australia_%": "--", "New South Wales_%": "--", "New South Wales": "664", "Towrang": "492"}, "Household": {"Australia": "1,438", "Towrang_%": "--", "Australia_%": "--", "New South Wales_%": "--", "New South Wales": "1,486", "Towrang": "1,274"}, "Family": {"Australia": "1,734", "Towrang_%": "--", "Australia_%": "--", "New South Wales_%": "--", "New South Wales": "1,780", "Towrang": "1,416"}}, "Family composition": {"Other family": {"Australia": "102,559", "Towrang_%": "0.0", "Australia_%": "1.7", "New South Wales_%": "1.7", "New South Wales": "32,438", "Towrang": "0"}, "Couple family with children": {"Australia": "2,716,224", "Towrang_%": "31.2", "Australia_%": "44.7", "New South Wales_%": "45.7", "New South Wales": "887,358", "Towrang": "15"}, "Couple family without children": {"Australia": "2,291,987", "Towrang_%": "43.8", "Australia_%": "37.8", "New South Wales_%": "36.6", "New South Wales": "709,524", "Towrang": "21"}, "One parent family": {"Australia": "959,543", "Towrang_%": "25.0", "Australia_%": "15.8", "New South Wales_%": "16.0", "New South Wales": "310,906", "Towrang": "12"}}, "Dwelling internet connection": {"Not stated": {"Australia": "221,494", "Towrang_%": "0.0", "Australia_%": "2.7", "New South Wales_%": "2.8", "New South Wales": "73,565", "Towrang": "0"}, "Internet not accessed from dwelling": {"Australia": "1,172,415", "Towrang_%": "20.7", "Australia_%": "14.1", "New South Wales_%": "14.7", "New South Wales": "381,709", "Towrang": "12"}, "Internet accessed from dwelling": {"Australia": "6,892,165", "Towrang_%": "79.3", "Australia_%": "83.2", "New South Wales_%": "82.5", "New South Wales": "2,149,040", "Towrang": "46"}}, "Social marital status": {"Not married": {"Australia": "7,024,973", "Towrang_%": "43.8", "Australia_%": "41.9", "New South Wales_%": "42.3", "New South Wales": "2,290,887", "Towrang": "53"}, "De facto marriage": {"Australia": "1,751,731", "Towrang_%": "12.4", "Australia_%": "10.4", "New South Wales_%": "9.4", "New South Wales": "506,133", "Towrang": "15"}, "Registered marriage": {"Australia": "8,001,141", "Towrang_%": "43.8", "Australia_%": "47.7", "New South Wales_%": "48.3", "New South Wales": "2,612,630", "Towrang": "53"}}, "Household composition": {"Family households": {"Australia": "5,907,625", "Towrang_%": "84.7", "Australia_%": "71.3", "New South Wales_%": "72.0", "New South Wales": "1,874,524", "Towrang": "50"}, "Group households": {"Australia": "354,917", "Towrang_%": "0.0", "Australia_%": "4.3", "New South Wales_%": "4.2", "New South Wales": "109,004", "Towrang": "0"}, "Single (or lone) person households": {"Australia": "2,023,542", "Towrang_%": "15.3", "Australia_%": "24.4", "New South Wales_%": "23.8", "New South Wales": "620,778", "Towrang": "9"}}, "People": {"Male": {"Australia": "11,546,638", "Towrang_%": "51.1", "Australia_%": "49.3", "New South Wales_%": "49.3", "New South Wales": "3,686,014", "Towrang": "90"}, "Aboriginal and/or Torres Strait Islander people": {"Australia": "649,171", "Towrang_%": "0.0", "Australia_%": "2.8", "New South Wales_%": "2.9", "New South Wales": "216,176", "Towrang": "0"}, "Female": {"Australia": "11,855,248", "Towrang_%": "48.9", "Australia_%": "50.7", "New South Wales_%": "50.7", "New South Wales": "3,794,217", "Towrang": "86"}}, "Language, top responses (other than English)": {"German": {"Australia": "79,353", "Towrang_%": "1.7", "Australia_%": "0.3", "New South Wales_%": "0.3", "New South Wales": "23,033", "Towrang": "3"}, "Households where a non English language is spoken": {"Australia": "1,971,011", "Towrang_%": "4.5", "Australia_%": "22.2", "New South Wales_%": "26.5", "New South Wales": "735,563", "Towrang": "3"}, "null": {"Australia": "None", "Towrang_%": null, "Australia_%": "None", "New South Wales_%": "None", "New South Wales": "None", "Towrang": null}, "English only spoken at home": {"Australia": "17,020,417", "Towrang_%": "88.5", "Australia_%": "72.7", "New South Wales_%": "68.5", "New South Wales": "5,126,633", "Towrang": "154"}}, "summaryTable_qsDwelling": {"Median monthly mortgage repayments": "$1,560", "All private dwellings": "84", "Average people per household": "2.6", "Median weekly household income": "$1,274", "Median weekly rent": "$231", "Average motor vehicles per dwelling": "2.6"}, "Household income": {"Less than $650 gross weekly income": {"Australia": "--", "Towrang_%": "26.7", "Australia_%": "20.0", "New South Wales_%": "19.7", "New South Wales": "--", "Towrang": "--"}, "More than $3000 gross weekly income": {"Australia": "--", "Towrang_%": "20.0", "Australia_%": "16.4", "New South Wales_%": "18.7", "New South Wales": "--", "Towrang": "--"}}, "Country of birth": {"Other top responses": {"Towrang_%": "None", "Towrang": "None"}, "Australia": {"Australia": "15,614,835", "Towrang_%": "81.7", "Australia_%": "66.7", "New South Wales_%": "65.5", "New South Wales": "4,899,090", "Towrang": "138"}, "England": {"Australia": "907,570", "Towrang_%": "5.9", "Australia_%": "3.9", "New South Wales_%": "3.0", "New South Wales": "226,564", "Towrang": "10"}}, "Religious affiliation, top responses": {"No Religion, so described": {"Australia": "6,933,708", "Towrang_%": "18.6", "Australia_%": "29.6", "New South Wales_%": "25.1", "New South Wales": "1,879,562", "Towrang": "32"}, "Anglican": {"Australia": "3,101,185", "Towrang_%": "27.3", "Australia_%": "13.3", "New South Wales_%": "15.5", "New South Wales": "1,161,810", "Towrang": "47"}, "Not stated": {"Australia": "2,238,735", "Towrang_%": "16.9", "Australia_%": "9.6", "New South Wales_%": "9.2", "New South Wales": "684,969", "Towrang": "29"}, "Christian, nfd": {"Australia": "612,371", "Towrang_%": "5.2", "Australia_%": "2.6", "New South Wales_%": "2.2", "New South Wales": "165,351", "Towrang": "9"}, "Catholic": {"Australia": "5,291,834", "Towrang_%": "25.6", "Australia_%": "22.6", "New South Wales_%": "24.7", "New South Wales": "1,846,443", "Towrang": "44"}}, "Ancestry, top responses": {"German": {"Australia": "982,226", "Towrang_%": "3.5", "Australia_%": "3.1", "New South Wales_%": "2.4", "New South Wales": "236,146", "Towrang": "8"}, "Australian": {"Australia": "7,298,243", "Towrang_%": "36.3", "Australia_%": "23.3", "New South Wales_%": "22.9", "New South Wales": "2,261,062", "Towrang": "82"}, "Scottish": {"Australia": "2,023,470", "Towrang_%": "1.8", "Australia_%": "6.4", "New South Wales_%": "5.9", "New South Wales": "587,052", "Towrang": "4"}, "Irish": {"Australia": "2,388,058", "Towrang_%": "4.9", "Australia_%": "7.6", "New South Wales_%": "7.5", "New South Wales": "741,671", "Towrang": "11"}, "English": {"Australia": "7,852,224", "Towrang_%": "42.9", "Australia_%": "25.0", "New South Wales_%": "23.3", "New South Wales": "2,302,481", "Towrang": "97"}}, "Age": {"35-39 years": {"Australia": "1,561,679", "Towrang_%": "3.9", "Australia_%": "6.7", "New South Wales_%": "6.7", "New South Wales": "499,724", "Towrang": "7"}, "60-64 years": {"Australia": "1,299,397", "Towrang_%": "11.2", "Australia_%": "5.6", "New South Wales_%": "5.6", "New South Wales": "420,044", "Towrang": "20"}, "30-34 years": {"Australia": "1,703,847", "Towrang_%": "6.7", "Australia_%": "7.3", "New South Wales_%": "7.2", "New South Wales": "540,360", "Towrang": "12"}, "0-4 years": {"Australia": "1,464,779", "Towrang_%": "8.4", "Australia_%": "6.3", "New South Wales_%": "6.2", "New South Wales": "465,135", "Towrang": "15"}, "25-29 years": {"Australia": "1,664,602", "Towrang_%": "2.2", "Australia_%": "7.1", "New South Wales_%": "7.0", "New South Wales": "527,161", "Towrang": "4"}, "10-14 years": {"Australia": "1,397,183", "Towrang_%": "5.6", "Australia_%": "6.0", "New South Wales_%": "5.9", "New South Wales": "443,009", "Towrang": "10"}, "5-9 years": {"Australia": "1,502,646", "Towrang_%": "4.5", "Australia_%": "6.4", "New South Wales_%": "6.4", "New South Wales": "478,184", "Towrang": "8"}, "Median age": {"Australia": "38", "Towrang_%": "--", "Australia_%": "--", "New South Wales_%": "--", "New South Wales": "38", "Towrang": "44"}, "50-54 years": {"Australia": "1,523,551", "Towrang_%": "7.3", "Australia_%": "6.5", "New South Wales_%": "6.5", "New South Wales": "485,546", "Towrang": "13"}, "80-84 years": {"Australia": "460,549", "Towrang_%": "0.0", "Australia_%": "2.0", "New South Wales_%": "2.1", "New South Wales": "155,806", "Towrang": "0"}, "40-44 years": {"Australia": "1,583,257", "Towrang_%": "8.9", "Australia_%": "6.8", "New South Wales_%": "6.7", "New South Wales": "503,169", "Towrang": "16"}, "70-74 years": {"Australia": "887,716", "Towrang_%": "5.0", "Australia_%": "3.8", "New South Wales_%": "3.9", "New South Wales": "292,556", "Towrang": "9"}, "15-19 years": {"Australia": "1,421,595", "Towrang_%": "3.9", "Australia_%": "6.1", "New South Wales_%": "6.0", "New South Wales": "448,425", "Towrang": "7"}, "65-69 years": {"Australia": "1,188,999", "Towrang_%": "12.3", "Australia_%": "5.1", "New South Wales_%": "5.1", "New South Wales": "384,470", "Towrang": "22"}, "20-24 years": {"Australia": "1,566,793", "Towrang_%": "3.4", "Australia_%": "6.7", "New South Wales_%": "6.5", "New South Wales": "489,673", "Towrang": "6"}, "55-59 years": {"Australia": "1,454,332", "Towrang_%": "7.3", "Australia_%": "6.2", "New South Wales_%": "6.3", "New South Wales": "469,726", "Towrang": "13"}, "75-79 years": {"Australia": "652,657", "Towrang_%": "3.4", "Australia_%": "2.8", "New South Wales_%": "2.9", "New South Wales": "217,308", "Towrang": "6"}, "45-49 years": {"Australia": "1,581,455", "Towrang_%": "3.9", "Australia_%": "6.8", "New South Wales_%": "6.6", "New South Wales": "492,440", "Towrang": "7"}, "85 years and over": {"Australia": "486,842", "Towrang_%": "2.2", "Australia_%": "2.1", "New South Wales_%": "2.2", "New South Wales": "167,506", "Towrang": "4"}}, "Single (or lone) parents": {"Male": {"Australia": "--", "Towrang_%": "0.0", "Australia_%": "18.2", "New South Wales_%": "17.8", "New South Wales": "--", "Towrang": "--"}, "Female": {"Australia": "--", "Towrang_%": "100.0", "Australia_%": "81.8", "New South Wales_%": "82.2", "New South Wales": "--", "Towrang": "--"}}, "Mortgage monthly repayments": {"Median mortgage repayments": {"Australia": "1,755", "Towrang_%": "--", "Australia_%": "--", "New South Wales_%": "--", "New South Wales": "1,986", "Towrang": "1,560"}, "Households where mortgage repayments are less than 30% of household income": {"Australia": "--", "Towrang_%": "94.5", "Australia_%": "92.8", "New South Wales_%": "92.6", "New South Wales": "--", "Towrang": "--"}, "Households with mortgage repayments greater than or equal to 30% of household income": {"Australia": "--", "Towrang_%": "5.5", "Australia_%": "7.2", "New South Wales_%": "7.4", "New South Wales": "--", "Towrang": "--"}}, "Mortgage and rent": {"Median monthly mortgage repayments": {"Australia": "1,660", "Towrang_%": "--", "Australia_%": "--", "New South Wales_%": "--", "New South Wales": "1,733", "Towrang": "0"}, "Median weekly rent": {"Australia": "250", "Towrang_%": "--", "Australia_%": "--", "New South Wales_%": "--", "New South Wales": "270", "Towrang": "0"}}, "Tenure": {"Rented": {"Australia": "2,561,302", "Towrang_%": "26.6", "Australia_%": "30.9", "New South Wales_%": "31.8", "New South Wales": "826,922", "Towrang": "17"}, "Owned outright": {"Australia": "2,565,695", "Towrang_%": "34.4", "Australia_%": "31.0", "New South Wales_%": "32.2", "New South Wales": "839,665", "Towrang": "22"}, "Owned with a mortgage": {"Australia": "2,855,222", "Towrang_%": "39.1", "Australia_%": "34.5", "New South Wales_%": "32.3", "New South Wales": "840,004", "Towrang": "25"}, "Tenure type not stated": {"Australia": "224,869", "Towrang_%": "0.0", "Australia_%": "2.7", "New South Wales_%": "2.8", "New South Wales": "73,763", "Towrang": "0"}, "Other tenure type": {"Australia": "78,994", "Towrang_%": "0.0", "Australia_%": "1.0", "New South Wales_%": "0.9", "New South Wales": "23,968", "Towrang": "0"}}, "Country of birth of father, stated responses": {"Germany": {"Australia": "170,571", "Towrang_%": "1.7", "Australia_%": "0.7", "New South Wales_%": "0.6", "New South Wales": "47,543", "Towrang": "3"}, "Wales": {"Australia": "64,642", "Towrang_%": "1.7", "Australia_%": "0.3", "New South Wales_%": "0.2", "New South Wales": "18,013", "Towrang": "3"}, "Australia": {"Australia": "12,231,150", "Towrang_%": "78.1", "Australia_%": "52.3", "New South Wales_%": "50.1", "New South Wales": "3,745,787", "Towrang": "139"}, "England": {"Australia": "1,403,096", "Towrang_%": "5.6", "Australia_%": "6.0", "New South Wales_%": "4.8", "New South Wales": "359,370", "Towrang": "10"}, "Ireland": {"Australia": "169,273", "Towrang_%": "1.7", "Australia_%": "0.7", "New South Wales_%": "0.7", "New South Wales": "52,104", "Towrang": "3"}}, "Country of birth of father and/or mother, stated responses": {"Father only born overseas": {"Australia": "1,488,092", "Towrang_%": "1.7", "Australia_%": "6.4", "New South Wales_%": "6.1", "New South Wales": "458,394", "Towrang": "3"}, "Mother only born overseas": {"Australia": "1,094,591", "Towrang_%": "1.7", "Australia_%": "4.7", "New South Wales_%": "4.3", "New South Wales": "325,182", "Towrang": "3"}, "Both parents born overseas": {"Australia": "8,051,196", "Towrang_%": "10.5", "Australia_%": "34.4", "New South Wales_%": "37.0", "New South Wales": "2,764,170", "Towrang": "18"}, "Both parents born in Australia": {"Australia": "11,070,538", "Towrang_%": "76.2", "Australia_%": "47.3", "New South Wales_%": "45.4", "New South Wales": "3,399,725", "Towrang": "131"}}, "Rent weekly payments": {"Households where rent payments are less than 30% of household income": {"Australia": "--", "Towrang_%": "92.1", "Australia_%": "88.5", "New South Wales_%": "87.1", "New South Wales": "--", "Towrang": "--"}, "Households with rent payments greater than or equal to 30% of household income": {"Australia": "--", "Towrang_%": "7.9", "Australia_%": "11.5", "New South Wales_%": "12.9", "New South Wales": "--", "Towrang": "--"}, "Median rent": {"Australia": "335", "Towrang_%": "--", "Australia_%": "--", "New South Wales_%": "--", "New South Wales": "380", "Towrang": "231"}}, "Registered marital status": {"Separated": {"Australia": "608,059", "Towrang_%": "5.6", "Australia_%": "3.2", "New South Wales_%": "3.1", "New South Wales": "190,198", "Towrang": "8"}, "Widowed": {"Australia": "985,204", "Towrang_%": "9.1", "Australia_%": "5.2", "New South Wales_%": "5.4", "New South Wales": "331,653", "Towrang": "13"}, "Married": {"Australia": "9,148,218", "Towrang_%": "43.4", "Australia_%": "48.1", "New South Wales_%": "48.7", "New South Wales": "2,965,280", "Towrang": "62"}, "Divorced": {"Australia": "1,626,890", "Towrang_%": "14.7", "Australia_%": "8.5", "New South Wales_%": "8.4", "New South Wales": "512,298", "Towrang": "21"}, "Never married": {"Australia": "6,668,910", "Towrang_%": "27.3", "Australia_%": "35.0", "New South Wales_%": "34.4", "New South Wales": "2,094,460", "Towrang": "39"}}, "summaryTable_qsPeople": {"Male": "51.1%", "Median age": "44", "Female": "48.9%", "People": "171"}, "Dwelling characteristics": {"Average number of people per household": {"Australia": "3.2", "Towrang_%": "--", "Australia_%": "--", "New South Wales_%": "--", "New South Wales": "3.1", "Towrang": "0"}, "Average number of persons per bedroom": {"Australia": "1", "Towrang_%": "--", "Australia_%": "--", "New South Wales_%": "--", "New South Wales": "1", "Towrang": "0"}, "Median weekly household income": {"Australia": "1,203", "Towrang_%": "--", "Australia_%": "--", "New South Wales_%": "--", "New South Wales": "1,214", "Towrang": "0"}}, "Unpaid work": {"Did unpaid domestic work (last week)": {"Australia": "13,143,914", "Towrang_%": "71.2", "Australia_%": "69.0", "New South Wales_%": "67.7", "New South Wales": "4,127,723", "Towrang": "104"}, "Provided unpaid assistance to a person with a disability (last two weeks)": {"Australia": "2,145,203", "Towrang_%": "17.8", "Australia_%": "11.3", "New South Wales_%": "11.6", "New South Wales": "709,415", "Towrang": "26"}, "Did voluntary work through an organisation or group (last 12 months)": {"Australia": "3,620,726", "Towrang_%": "26.2", "Australia_%": "19.0", "New South Wales_%": "18.1", "New South Wales": "1,103,790", "Towrang": "38"}, "Cared for child/children (last two weeks)": {"Australia": "5,259,400", "Towrang_%": "30.2", "Australia_%": "27.6", "New South Wales_%": "27.2", "New South Wales": "1,659,250", "Towrang": "42"}}, "Unpaid domestic work, number of hours": {"5 to 14 hours per week": {"Australia": "4,944,578", "Towrang_%": "25.5", "Australia_%": "26.0", "New South Wales_%": "25.1", "New South Wales": "1,531,206", "Towrang": "37"}, "30 hours or more per week": {"Australia": "1,710,970", "Towrang_%": "15.2", "Australia_%": "9.0", "New South Wales_%": "9.0", "New South Wales": "545,925", "Towrang": "22"}, "Less than 5 hours per week": {"Australia": "4,298,593", "Towrang_%": "17.2", "Australia_%": "22.6", "New South Wales_%": "22.3", "New South Wales": "1,359,656", "Towrang": "25"}, "15 to 29 hours per week": {"Australia": "2,189,776", "Towrang_%": "13.1", "Australia_%": "11.5", "New South Wales_%": "11.3", "New South Wales": "690,934", "Towrang": "19"}}, "Industry of employment, top responses": {"Supermarket and Grocery Stores": {"Australia": "254,275", "Towrang_%": "11.8", "Australia_%": "2.4", "New South Wales_%": "2.2", "New South Wales": "74,487", "Towrang": "4"}, "Road Freight Transport": {"Australia": "129,528", "Towrang_%": "8.8", "Australia_%": "1.2", "New South Wales_%": "1.1", "New South Wales": "37,995", "Towrang": "3"}, "Site Preparation Services": {"Australia": "37,091", "Towrang_%": "8.8", "Australia_%": "0.3", "New South Wales_%": "0.3", "New South Wales": "11,474", "Towrang": "3"}, "Beef Cattle Farming (Specialised)": {"Australia": "44,309", "Towrang_%": "8.8", "Australia_%": "0.4", "New South Wales_%": "0.4", "New South Wales": "13,478", "Towrang": "3"}, "Clubs (Hospitality)": {"Australia": "46,915", "Towrang_%": "8.8", "Australia_%": "0.4", "New South Wales_%": "0.8", "New South Wales": "25,773", "Towrang": "3"}}, "GeoInfo": {"city": "Towrang"}, "Education": {"University or tertiary institution": {"Australia": "1,160,626", "Towrang_%": "0.0", "Australia_%": "16.1", "New South Wales_%": "16.2", "New South Wales": "376,133", "Towrang": "0"}, "Secondary - Catholic": {"Australia": "338,384", "Towrang_%": "0.0", "Australia_%": "4.7", "New South Wales_%": "5.1", "New South Wales": "117,689", "Towrang": "0"}, "Secondary - other non Government": {"Australia": "280,618", "Towrang_%": "6.5", "Australia_%": "3.9", "New South Wales_%": "3.4", "New South Wales": "79,915", "Towrang": "3"}, "Primary - Catholic": {"Australia": "380,604", "Towrang_%": "0.0", "Australia_%": "5.3", "New South Wales_%": "5.3", "New South Wales": "122,099", "Towrang": "0"}, "Primary - Government": {"Australia": "1,314,787", "Towrang_%": "17.4", "Australia_%": "18.2", "New South Wales_%": "18.0", "New South Wales": "417,465", "Towrang": "8"}, "Other": {"Australia": "198,383", "Towrang_%": "0.0", "Australia_%": "2.8", "New South Wales_%": "2.7", "New South Wales": "63,673", "Towrang": "0"}, "Technical or further education institution": {"Australia": "424,869", "Towrang_%": "6.5", "Australia_%": "5.9", "New South Wales_%": "6.2", "New South Wales": "144,103", "Towrang": "3"}, "Secondary - Government": {"Australia": "827,505", "Towrang_%": "13.0", "Australia_%": "11.5", "New South Wales_%": "11.6", "New South Wales": "269,249", "Towrang": "6"}, "Primary - other non Government": {"Australia": "231,490", "Towrang_%": "0.0", "Australia_%": "3.2", "New South Wales_%": "2.9", "New South Wales": "67,611", "Towrang": "0"}, "Not stated": {"Australia": "1,707,023", "Towrang_%": "41.3", "Australia_%": "23.7", "New South Wales_%": "23.0", "New South Wales": "535,266", "Towrang": "19"}, "Preschool": {"Australia": "347,621", "Towrang_%": "15.2", "Australia_%": "4.8", "New South Wales_%": "5.7", "New South Wales": "132,047", "Towrang": "7"}}, "Employment": {"Unemployed": {"Australia": "787,452", "Towrang_%": "5.3", "Australia_%": "6.9", "New South Wales_%": "6.3", "New South Wales": "225,546", "Towrang": "4"}, "Worked part-time": {"Australia": "3,491,503", "Towrang_%": "24.0", "Australia_%": "30.4", "New South Wales_%": "29.7", "New South Wales": "1,071,151", "Towrang": "18"}, "Away from work": {"Australia": "569,276", "Towrang_%": "4.0", "Australia_%": "5.0", "New South Wales_%": "4.8", "New South Wales": "174,654", "Towrang": "3"}, "Worked full-time": {"Australia": "6,623,065", "Towrang_%": "66.7", "Australia_%": "57.7", "New South Wales_%": "59.2", "New South Wales": "2,134,521", "Towrang": "50"}}, "Travel to work, top responses": {"Worked at home": {"Australia": "503,582", "Towrang_%": "12.0", "Australia_%": "4.7", "New South Wales_%": "4.8", "New South Wales": "163,026", "Towrang": "9"}, "People who travelled to work by car as driver or passenger": {"Australia": "7,305,271", "Towrang_%": "70.0", "Australia_%": "68.4", "New South Wales_%": "64.6", "New South Wales": "2,182,854", "Towrang": "49"}, "null": {"Australia": "None", "Towrang_%": null, "Australia_%": "None", "New South Wales_%": "None", "New South Wales": "None", "Towrang": null}, "Car, as driver": {"Australia": "6,574,571", "Towrang_%": "61.3", "Australia_%": "61.5", "New South Wales_%": "57.8", "New South Wales": "1,953,399", "Towrang": "46"}, "Other": {"Australia": "73,512", "Towrang_%": "4.0", "Australia_%": "0.7", "New South Wales_%": "0.6", "New South Wales": "18,811", "Towrang": "3"}, "Truck": {"Australia": "85,892", "Towrang_%": "6.7", "Australia_%": "0.8", "New South Wales_%": "1.0", "New South Wales": "32,908", "Towrang": "5"}, "Car as driver, car as passenger": {"Australia": "25,615", "Towrang_%": "4.0", "Australia_%": "0.2", "New South Wales_%": "0.2", "New South Wales": "8,035", "Towrang": "3"}}, "Occupation": {"Professionals": {"Australia": "2,370,966", "Towrang_%": "12.7", "Australia_%": "22.2", "New South Wales_%": "23.6", "New South Wales": "798,126", "Towrang": "8"}, "Managers": {"Australia": "1,390,047", "Towrang_%": "7.9", "Australia_%": "13.0", "New South Wales_%": "13.5", "New South Wales": "456,084", "Towrang": "5"}, "Community and Personal Service Workers": {"Australia": "1,157,003", "Towrang_%": "11.1", "Australia_%": "10.8", "New South Wales_%": "10.4", "New South Wales": "350,261", "Towrang": "7"}, "Clerical and Administrative Workers": {"Australia": "1,449,681", "Towrang_%": "17.5", "Australia_%": "13.6", "New South Wales_%": "13.8", "New South Wales": "467,977", "Towrang": "11"}, "Machinery Operators and Drivers": {"Australia": "670,106", "Towrang_%": "7.9", "Australia_%": "6.3", "New South Wales_%": "6.1", "New South Wales": "206,839", "Towrang": "5"}, "Labourers": {"Australia": "1,011,520", "Towrang_%": "7.9", "Australia_%": "9.5", "New South Wales_%": "8.8", "New South Wales": "297,887", "Towrang": "5"}, "Sales Workers": {"Australia": "1,000,955", "Towrang_%": "9.5", "Australia_%": "9.4", "New South Wales_%": "9.2", "New South Wales": "311,414", "Towrang": "6"}, "Technicians and Trades Workers": {"Australia": "1,447,414", "Towrang_%": "25.4", "Australia_%": "13.5", "New South Wales_%": "12.7", "New South Wales": "429,239", "Towrang": "16"}}}