{"GeoInfo": {"city": "Tumut Plains"}, "summaryTable_qsDwelling": {"Median monthly mortgage repayments": "$2,811", "All private dwellings": "22", "Average people per household": "3", "Median weekly household income": "$1,437", "Median weekly rent": "$0", "Average motor vehicles per dwelling": "2.1"}, "summaryTable_qsPeople": {"Male": "51.5%", "Median age": "41", "Female": "48.5%", "People": "60"}, "summaryTable_qsFamilies": {"for all families": "1", "for families with children": "2", "Families": "16", "Average children per family": "None"}}