{"Employment - hours worked": {"40 hours or more per week": {"Australia": "4,591,801", "Ulamambri": "40", "Australia_%": "43.0", "New South Wales_%": "44.1", "New South Wales": "1,489,099", "Ulamambri_%": "47.1"}, "25-34 hours per week": {"Australia": "1,193,445", "Ulamambri": "11", "Australia_%": "11.2", "New South Wales_%": "10.5", "New South Wales": "353,702", "Ulamambri_%": "12.9"}, "16-24 hours per week": {"Australia": "1,079,236", "Ulamambri": "5", "Australia_%": "10.1", "New South Wales_%": "10.4", "New South Wales": "352,817", "Ulamambri_%": "5.9"}, "35-39 hours per week": {"Australia": "2,031,263", "Ulamambri": "13", "Australia_%": "19.0", "New South Wales_%": "19.1", "New South Wales": "645,428", "Ulamambri_%": "15.3"}, "1-15 hours per week": {"Australia": "1,218,823", "Ulamambri": "5", "Australia_%": "11.4", "New South Wales_%": "10.8", "New South Wales": "364,637", "Ulamambri_%": "5.9"}}, "Number of registered motor vehicles": {"2 motor vehicles": {"Australia": "2,999,184", "Ulamambri": "34", "Australia_%": "36.2", "New South Wales_%": "34.1", "New South Wales": "887,849", "Ulamambri_%": "50.0"}, "None": {"Australia": "623,829", "Ulamambri": "0", "Australia_%": "7.5", "New South Wales_%": "9.2", "New South Wales": "239,625", "Ulamambri_%": "0.0"}, "Number of motor vehicles not stated": {"Australia": "285,197", "Ulamambri": "0", "Australia_%": "3.4", "New South Wales_%": "3.7", "New South Wales": "95,623", "Ulamambri_%": "0.0"}, "1 motor vehicle": {"Australia": "2,881,485", "Ulamambri": "14", "Australia_%": "34.8", "New South Wales_%": "36.3", "New South Wales": "946,159", "Ulamambri_%": "20.6"}, "3 or more vehicles": {"Australia": "1,496,382", "Ulamambri": "20", "Australia_%": "18.1", "New South Wales_%": "16.7", "New South Wales": "435,053", "Ulamambri_%": "29.4"}}, "Employment status of parents in couple families": {"Labour force status not stated (by one or both parents in a couple family)": {"Australia": "311,381", "Ulamambri": "5", "Australia_%": "6.2", "New South Wales_%": "5.7", "New South Wales": "90,630", "Ulamambri_%": "10.0"}, "One employed full-time, one part-time": {"Australia": "1,086,460", "Ulamambri": "13", "Australia_%": "21.7", "New South Wales_%": "20.6", "New South Wales": "329,567", "Ulamambri_%": "26.0"}, "One employed part-time, other not working": {"Australia": "302,037", "Ulamambri": "4", "Australia_%": "6.0", "New South Wales_%": "6.1", "New South Wales": "96,933", "Ulamambri_%": "8.0"}, "Other (includes away from work)": {"Australia": "264,145", "Ulamambri": "3", "Australia_%": "5.3", "New South Wales_%": "5.1", "New South Wales": "80,905", "Ulamambri_%": "6.0"}, "Both employed, worked full-time": {"Australia": "1,084,006", "Ulamambri": "10", "Australia_%": "21.6", "New South Wales_%": "22.6", "New South Wales": "360,916", "Ulamambri_%": "20.0"}, "One employed full-time, other not working": {"Australia": "749,886", "Ulamambri": "3", "Australia_%": "15.0", "New South Wales_%": "15.0", "New South Wales": "240,084", "Ulamambri_%": "6.0"}, "Both employed, worked part-time": {"Australia": "203,596", "Ulamambri": "0", "Australia_%": "4.1", "New South Wales_%": "4.0", "New South Wales": "63,106", "Ulamambri_%": "0.0"}, "Both not working": {"Australia": "1,006,697", "Ulamambri": "12", "Australia_%": "20.1", "New South Wales_%": "21.0", "New South Wales": "334,742", "Ulamambri_%": "24.0"}}, "Country of birth of mother, stated responses": {"Switzerland": {"Australia": "15,570", "Ulamambri": "4", "Australia_%": "0.1", "New South Wales_%": "0.1", "New South Wales": "4,828", "Ulamambri_%": "1.9"}, "Germany": {"Australia": "169,618", "Ulamambri": "3", "Australia_%": "0.7", "New South Wales_%": "0.6", "New South Wales": "47,489", "Ulamambri_%": "1.4"}, "Australia": {"Australia": "12,643,365", "Ulamambri": "163", "Australia_%": "54.0", "New South Wales_%": "51.9", "New South Wales": "3,884,762", "Ulamambri_%": "76.9"}, "England": {"Australia": "1,302,147", "Ulamambri": "8", "Australia_%": "5.6", "New South Wales_%": "4.3", "New South Wales": "322,472", "Ulamambri_%": "3.8"}, "Vietnam": {"Australia": "335,060", "Ulamambri": "3", "Australia_%": "1.4", "New South Wales_%": "1.7", "New South Wales": "127,352", "Ulamambri_%": "1.4"}}, "Dwelling structure": {"Other dwelling": {"Australia": "64,425", "Ulamambri": "0", "Australia_%": "0.8", "New South Wales_%": "0.9", "New South Wales": "23,580", "Ulamambri_%": "0.0"}, "Semi-detached, row or terrace house, townhouse etc": {"Australia": "1,055,016", "Ulamambri": "0", "Australia_%": "12.7", "New South Wales_%": "12.2", "New South Wales": "317,453", "Ulamambri_%": "0.0"}, "Separate house": {"Australia": "6,041,788", "Ulamambri": "71", "Australia_%": "72.9", "New South Wales_%": "66.4", "New South Wales": "1,729,820", "Ulamambri_%": "93.4"}, "Flat or apartment": {"Australia": "1,087,434", "Ulamambri": "0", "Australia_%": "13.1", "New South Wales_%": "19.9", "New South Wales": "519,390", "Ulamambri_%": "0.0"}}, "Number of bedrooms": {"1 bedroom": {"Australia": "411,252", "Ulamambri": "0", "Australia_%": "5.0", "New South Wales_%": "6.0", "New South Wales": "157,194", "Ulamambri_%": "0.0"}, "3 bedrooms": {"Australia": "3,403,190", "Ulamambri": "30", "Australia_%": "41.1", "New South Wales_%": "37.2", "New South Wales": "970,001", "Ulamambri_%": "44.1"}, "Average number of people per household": {"Australia": "2.6", "Ulamambri": "2.6", "Australia_%": "--", "New South Wales_%": "--", "New South Wales": "2.6", "Ulamambri_%": "--"}, "2 bedrooms": {"Australia": "1,562,759", "Ulamambri": "12", "Australia_%": "18.9", "New South Wales_%": "22.2", "New South Wales": "577,675", "Ulamambri_%": "17.6"}, "4 or more bedrooms": {"Australia": "2,670,758", "Ulamambri": "26", "Australia_%": "32.2", "New South Wales_%": "31.3", "New South Wales": "816,405", "Ulamambri_%": "38.2"}, "None (includes bedsitters)": {"Australia": "39,769", "Ulamambri": "0", "Australia_%": "0.5", "New South Wales_%": "0.7", "New South Wales": "17,157", "Ulamambri_%": "0.0"}, "Number of bedrooms not stated": {"Australia": "198,351", "Ulamambri": "0", "Australia_%": "2.4", "New South Wales_%": "2.5", "New South Wales": "65,888", "Ulamambri_%": "0.0"}, "Average number of bedrooms per dwelling": {"Australia": "3.1", "Ulamambri": "3.3", "Australia_%": "--", "New South Wales_%": "--", "New South Wales": "3", "Ulamambri_%": "--"}}, "summaryTable_qsFamilies": {"for all families": "0.7", "for families with children": "1.9", "Families": "58", "Average children per family": "None"}, "People characteristics": {"Male": {"Australia": "322,171", "Ulamambri": "12", "Australia_%": "49.6", "New South Wales_%": "49.7", "New South Wales": "107,368", "Ulamambri_%": "54.5"}, "Median age": {"Australia": "23", "Ulamambri": "13", "Australia_%": "--", "New South Wales_%": "--", "New South Wales": "22", "Ulamambri_%": "--"}, "Female": {"Australia": "326,996", "Ulamambri": "10", "Australia_%": "50.4", "New South Wales_%": "50.3", "New South Wales": "108,809", "Ulamambri_%": "45.5"}}, "Dwelling count": {"Unoccupied private dwellings": {"Australia": "1,039,874", "Ulamambri": "12", "Australia_%": "11.2", "New South Wales_%": "9.9", "New South Wales": "284,741", "Ulamambri_%": "13.6"}, "Occupied private dwellings": {"Australia": "8,286,073", "Ulamambri": "76", "Australia_%": "88.8", "New South Wales_%": "90.1", "New South Wales": "2,604,320", "Ulamambri_%": "86.4"}}, "Level of highest educational attainment": {"Certificate level III": {"Australia": "2,442,203", "Ulamambri": "15", "Australia_%": "12.8", "New South Wales_%": "12.0", "New South Wales": "730,498", "Ulamambri_%": "8.2"}, "Certificate level II": {"Australia": "13,454", "Ulamambri": "0", "Australia_%": "0.1", "New South Wales_%": "0.1", "New South Wales": "4,849", "Ulamambri_%": "0.0"}, "No educational attainment": {"Australia": "145,844", "Ulamambri": "0", "Australia_%": "0.8", "New South Wales_%": "0.9", "New South Wales": "54,870", "Ulamambri_%": "0.0"}, "Bachelor Degree level and above": {"Australia": "4,181,406", "Ulamambri": "25", "Australia_%": "22.0", "New South Wales_%": "23.4", "New South Wales": "1,424,716", "Ulamambri_%": "13.7"}, "Certificate level I": {"Australia": "2,176", "Ulamambri": "0", "Australia_%": "0.0", "New South Wales_%": "0.0", "New South Wales": "625", "Ulamambri_%": "0.0"}, "Year 11": {"Australia": "941,531", "Ulamambri": "10", "Australia_%": "4.9", "New South Wales_%": "3.3", "New South Wales": "203,574", "Ulamambri_%": "5.5"}, "Not stated": {"Australia": "1,974,794", "Ulamambri": "34", "Australia_%": "10.4", "New South Wales_%": "10.3", "New South Wales": "627,465", "Ulamambri_%": "18.6"}, "Year 9 or below": {"Australia": "1,529,897", "Ulamambri": "22", "Australia_%": "8.0", "New South Wales_%": "8.4", "New South Wales": "513,209", "Ulamambri_%": "12.0"}, "Certificate level IV": {"Australia": "551,767", "Ulamambri": "3", "Australia_%": "2.9", "New South Wales_%": "2.8", "New South Wales": "167,947", "Ulamambri_%": "1.6"}, "Year 10": {"Australia": "2,054,331", "Ulamambri": "27", "Australia_%": "10.8", "New South Wales_%": "11.5", "New South Wales": "702,178", "Ulamambri_%": "14.8"}, "Year 12": {"Australia": "2,994,097", "Ulamambri": "25", "Australia_%": "15.7", "New South Wales_%": "15.3", "New South Wales": "930,654", "Ulamambri_%": "13.7"}, "Advanced Diploma and Diploma level": {"Australia": "1,687,893", "Ulamambri": "16", "Australia_%": "8.9", "New South Wales_%": "8.9", "New South Wales": "543,142", "Ulamambri_%": "8.7"}}, "Median weekly incomes": {"Personal": {"Australia": "662", "Ulamambri": "475", "Australia_%": "--", "New South Wales_%": "--", "New South Wales": "664", "Ulamambri_%": "--"}, "Household": {"Australia": "1,438", "Ulamambri": "1,147", "Australia_%": "--", "New South Wales_%": "--", "New South Wales": "1,486", "Ulamambri_%": "--"}, "Family": {"Australia": "1,734", "Ulamambri": "1,268", "Australia_%": "--", "New South Wales_%": "--", "New South Wales": "1,780", "Ulamambri_%": "--"}}, "Family composition": {"Other family": {"Australia": "102,559", "Ulamambri": "0", "Australia_%": "1.7", "New South Wales_%": "1.7", "New South Wales": "32,438", "Ulamambri_%": "0.0"}, "Couple family with children": {"Australia": "2,716,224", "Ulamambri": "26", "Australia_%": "44.7", "New South Wales_%": "45.7", "New South Wales": "887,358", "Ulamambri_%": "42.6"}, "Couple family without children": {"Australia": "2,291,987", "Ulamambri": "32", "Australia_%": "37.8", "New South Wales_%": "36.6", "New South Wales": "709,524", "Ulamambri_%": "52.5"}, "One parent family": {"Australia": "959,543", "Ulamambri": "3", "Australia_%": "15.8", "New South Wales_%": "16.0", "New South Wales": "310,906", "Ulamambri_%": "4.9"}}, "Dwelling internet connection": {"Not stated": {"Australia": "221,494", "Ulamambri": "0", "Australia_%": "2.7", "New South Wales_%": "2.8", "New South Wales": "73,565", "Ulamambri_%": "0.0"}, "Internet not accessed from dwelling": {"Australia": "1,172,415", "Ulamambri": "19", "Australia_%": "14.1", "New South Wales_%": "14.7", "New South Wales": "381,709", "Ulamambri_%": "26.4"}, "Internet accessed from dwelling": {"Australia": "6,892,165", "Ulamambri": "53", "Australia_%": "83.2", "New South Wales_%": "82.5", "New South Wales": "2,149,040", "Ulamambri_%": "73.6"}}, "Social marital status": {"Not married": {"Australia": "7,024,973", "Ulamambri": "39", "Australia_%": "41.9", "New South Wales_%": "42.3", "New South Wales": "2,290,887", "Ulamambri_%": "26.2"}, "De facto marriage": {"Australia": "1,751,731", "Ulamambri": "16", "Australia_%": "10.4", "New South Wales_%": "9.4", "New South Wales": "506,133", "Ulamambri_%": "10.7"}, "Registered marriage": {"Australia": "8,001,141", "Ulamambri": "94", "Australia_%": "47.7", "New South Wales_%": "48.3", "New South Wales": "2,612,630", "Ulamambri_%": "63.1"}}, "Household composition": {"Family households": {"Australia": "5,907,625", "Ulamambri": "60", "Australia_%": "71.3", "New South Wales_%": "72.0", "New South Wales": "1,874,524", "Ulamambri_%": "84.5"}, "Group households": {"Australia": "354,917", "Ulamambri": "0", "Australia_%": "4.3", "New South Wales_%": "4.2", "New South Wales": "109,004", "Ulamambri_%": "0.0"}, "Single (or lone) person households": {"Australia": "2,023,542", "Ulamambri": "11", "Australia_%": "24.4", "New South Wales_%": "23.8", "New South Wales": "620,778", "Ulamambri_%": "15.5"}}, "People": {"Male": {"Australia": "11,546,638", "Ulamambri": "104", "Australia_%": "49.3", "New South Wales_%": "49.3", "New South Wales": "3,686,014", "Ulamambri_%": "48.4"}, "Aboriginal and/or Torres Strait Islander people": {"Australia": "649,171", "Ulamambri": "26", "Australia_%": "2.8", "New South Wales_%": "2.9", "New South Wales": "216,176", "Ulamambri_%": "12.2"}, "Female": {"Australia": "11,855,248", "Ulamambri": "111", "Australia_%": "50.7", "New South Wales_%": "50.7", "New South Wales": "3,794,217", "Ulamambri_%": "51.6"}}, "Language, top responses (other than English)": {"German": {"Australia": "79,353", "Ulamambri": "3", "Australia_%": "0.3", "New South Wales_%": "0.3", "New South Wales": "23,033", "Ulamambri_%": "1.4"}, "Households where a non English language is spoken": {"Australia": "1,971,011", "Ulamambri": "3", "Australia_%": "22.2", "New South Wales_%": "26.5", "New South Wales": "735,563", "Ulamambri_%": "3.7"}, "null": {"Australia": "None", "Ulamambri": null, "Australia_%": "None", "New South Wales_%": "None", "New South Wales": "None", "Ulamambri_%": null}, "English only spoken at home": {"Australia": "17,020,417", "Ulamambri": "186", "Australia_%": "72.7", "New South Wales_%": "68.5", "New South Wales": "5,126,633", "Ulamambri_%": "86.1"}, "Vietnamese": {"Australia": "277,400", "Ulamambri": "3", "Australia_%": "1.2", "New South Wales_%": "1.4", "New South Wales": "102,896", "Ulamambri_%": "1.4"}}, "summaryTable_qsDwelling": {"Median monthly mortgage repayments": "$867", "All private dwellings": "92", "Average people per household": "2.6", "Median weekly household income": "$1,147", "Median weekly rent": "$0", "Average motor vehicles per dwelling": "2.5"}, "Household income": {"Less than $650 gross weekly income": {"Australia": "--", "Ulamambri": "--", "Australia_%": "20.0", "New South Wales_%": "19.7", "New South Wales": "--", "Ulamambri_%": "15.9"}, "More than $3000 gross weekly income": {"Australia": "--", "Ulamambri": "--", "Australia_%": "16.4", "New South Wales_%": "18.7", "New South Wales": "--", "Ulamambri_%": "11.6"}}, "Country of birth": {"Other top responses": {"Ulamambri": "None", "Ulamambri_%": "None"}, "Australia": {"Australia": "15,614,835", "Ulamambri": "177", "Australia_%": "66.7", "New South Wales_%": "65.5", "New South Wales": "4,899,090", "Ulamambri_%": "83.5"}, "England": {"Australia": "907,570", "Ulamambri": "4", "Australia_%": "3.9", "New South Wales_%": "3.0", "New South Wales": "226,564", "Ulamambri_%": "1.9"}, "Vietnam": {"Australia": "219,355", "Ulamambri": "3", "Australia_%": "0.9", "New South Wales_%": "1.1", "New South Wales": "84,130", "Ulamambri_%": "1.4"}}, "Religious affiliation, top responses": {"No Religion, so described": {"Australia": "6,933,708", "Ulamambri": "50", "Australia_%": "29.6", "New South Wales_%": "25.1", "New South Wales": "1,879,562", "Ulamambri_%": "23.3"}, "Catholic": {"Australia": "5,291,834", "Ulamambri": "46", "Australia_%": "22.6", "New South Wales_%": "24.7", "New South Wales": "1,846,443", "Ulamambri_%": "21.4"}, "Not stated": {"Australia": "2,238,735", "Ulamambri": "31", "Australia_%": "9.6", "New South Wales_%": "9.2", "New South Wales": "684,969", "Ulamambri_%": "14.4"}, "Presbyterian and Reformed": {"Australia": "526,689", "Ulamambri": "23", "Australia_%": "2.3", "New South Wales_%": "2.5", "New South Wales": "188,330", "Ulamambri_%": "10.7"}, "Anglican": {"Australia": "3,101,185", "Ulamambri": "41", "Australia_%": "13.3", "New South Wales_%": "15.5", "New South Wales": "1,161,810", "Ulamambri_%": "19.1"}}, "Ancestry, top responses": {"German": {"Australia": "982,226", "Ulamambri": "13", "Australia_%": "3.1", "New South Wales_%": "2.4", "New South Wales": "236,146", "Ulamambri_%": "4.6"}, "Australian": {"Australia": "7,298,243", "Ulamambri": "95", "Australia_%": "23.3", "New South Wales_%": "22.9", "New South Wales": "2,261,062", "Ulamambri_%": "33.9"}, "Scottish": {"Australia": "2,023,470", "Ulamambri": "24", "Australia_%": "6.4", "New South Wales_%": "5.9", "New South Wales": "587,052", "Ulamambri_%": "8.6"}, "Irish": {"Australia": "2,388,058", "Ulamambri": "14", "Australia_%": "7.6", "New South Wales_%": "7.5", "New South Wales": "741,671", "Ulamambri_%": "5.0"}, "English": {"Australia": "7,852,224", "Ulamambri": "83", "Australia_%": "25.0", "New South Wales_%": "23.3", "New South Wales": "2,302,481", "Ulamambri_%": "29.6"}}, "Age": {"35-39 years": {"Australia": "1,561,679", "Ulamambri": "3", "Australia_%": "6.7", "New South Wales_%": "6.7", "New South Wales": "499,724", "Ulamambri_%": "1.4"}, "60-64 years": {"Australia": "1,299,397", "Ulamambri": "23", "Australia_%": "5.6", "New South Wales_%": "5.6", "New South Wales": "420,044", "Ulamambri_%": "10.6"}, "30-34 years": {"Australia": "1,703,847", "Ulamambri": "3", "Australia_%": "7.3", "New South Wales_%": "7.2", "New South Wales": "540,360", "Ulamambri_%": "1.4"}, "0-4 years": {"Australia": "1,464,779", "Ulamambri": "12", "Australia_%": "6.3", "New South Wales_%": "6.2", "New South Wales": "465,135", "Ulamambri_%": "5.6"}, "25-29 years": {"Australia": "1,664,602", "Ulamambri": "17", "Australia_%": "7.1", "New South Wales_%": "7.0", "New South Wales": "527,161", "Ulamambri_%": "7.9"}, "10-14 years": {"Australia": "1,397,183", "Ulamambri": "12", "Australia_%": "6.0", "New South Wales_%": "5.9", "New South Wales": "443,009", "Ulamambri_%": "5.6"}, "5-9 years": {"Australia": "1,502,646", "Ulamambri": "12", "Australia_%": "6.4", "New South Wales_%": "6.4", "New South Wales": "478,184", "Ulamambri_%": "5.6"}, "Median age": {"Australia": "38", "Ulamambri": "51", "Australia_%": "--", "New South Wales_%": "--", "New South Wales": "38", "Ulamambri_%": "--"}, "50-54 years": {"Australia": "1,523,551", "Ulamambri": "23", "Australia_%": "6.5", "New South Wales_%": "6.5", "New South Wales": "485,546", "Ulamambri_%": "10.6"}, "80-84 years": {"Australia": "460,549", "Ulamambri": "4", "Australia_%": "2.0", "New South Wales_%": "2.1", "New South Wales": "155,806", "Ulamambri_%": "1.9"}, "40-44 years": {"Australia": "1,583,257", "Ulamambri": "10", "Australia_%": "6.8", "New South Wales_%": "6.7", "New South Wales": "503,169", "Ulamambri_%": "4.6"}, "70-74 years": {"Australia": "887,716", "Ulamambri": "15", "Australia_%": "3.8", "New South Wales_%": "3.9", "New South Wales": "292,556", "Ulamambri_%": "6.9"}, "15-19 years": {"Australia": "1,421,595", "Ulamambri": "12", "Australia_%": "6.1", "New South Wales_%": "6.0", "New South Wales": "448,425", "Ulamambri_%": "5.6"}, "65-69 years": {"Australia": "1,188,999", "Ulamambri": "17", "Australia_%": "5.1", "New South Wales_%": "5.1", "New South Wales": "384,470", "Ulamambri_%": "7.9"}, "20-24 years": {"Australia": "1,566,793", "Ulamambri": "5", "Australia_%": "6.7", "New South Wales_%": "6.5", "New South Wales": "489,673", "Ulamambri_%": "2.3"}, "55-59 years": {"Australia": "1,454,332", "Ulamambri": "16", "Australia_%": "6.2", "New South Wales_%": "6.3", "New South Wales": "469,726", "Ulamambri_%": "7.4"}, "75-79 years": {"Australia": "652,657", "Ulamambri": "10", "Australia_%": "2.8", "New South Wales_%": "2.9", "New South Wales": "217,308", "Ulamambri_%": "4.6"}, "45-49 years": {"Australia": "1,581,455", "Ulamambri": "15", "Australia_%": "6.8", "New South Wales_%": "6.6", "New South Wales": "492,440", "Ulamambri_%": "6.9"}, "85 years and over": {"Australia": "486,842", "Ulamambri": "7", "Australia_%": "2.1", "New South Wales_%": "2.2", "New South Wales": "167,506", "Ulamambri_%": "3.2"}}, "Single (or lone) parents": {"Male": {"Australia": "--", "Ulamambri": "--", "Australia_%": "18.2", "New South Wales_%": "17.8", "New South Wales": "--", "Ulamambri_%": "100.0"}, "Female": {"Australia": "--", "Ulamambri": "--", "Australia_%": "81.8", "New South Wales_%": "82.2", "New South Wales": "--", "Ulamambri_%": "0.0"}}, "Mortgage monthly repayments": {"Median mortgage repayments": {"Australia": "1,755", "Ulamambri": "867", "Australia_%": "--", "New South Wales_%": "--", "New South Wales": "1,986", "Ulamambri_%": "--"}, "Households where mortgage repayments are less than 30% of household income": {"Australia": "--", "Ulamambri": "--", "Australia_%": "92.8", "New South Wales_%": "92.6", "New South Wales": "--", "Ulamambri_%": "100.0"}, "Households with mortgage repayments greater than or equal to 30% of household income": {"Australia": "--", "Ulamambri": "--", "Australia_%": "7.2", "New South Wales_%": "7.4", "New South Wales": "--", "Ulamambri_%": "0.0"}}, "Mortgage and rent": {"Median monthly mortgage repayments": {"Australia": "1,660", "Ulamambri": "0", "Australia_%": "--", "New South Wales_%": "--", "New South Wales": "1,733", "Ulamambri_%": "--"}, "Median weekly rent": {"Australia": "250", "Ulamambri": "0", "Australia_%": "--", "New South Wales_%": "--", "New South Wales": "270", "Ulamambri_%": "--"}}, "Tenure": {"Rented": {"Australia": "2,561,302", "Ulamambri": "11", "Australia_%": "30.9", "New South Wales_%": "31.8", "New South Wales": "826,922", "Ulamambri_%": "14.3"}, "Owned outright": {"Australia": "2,565,695", "Ulamambri": "43", "Australia_%": "31.0", "New South Wales_%": "32.2", "New South Wales": "839,665", "Ulamambri_%": "55.8"}, "Owned with a mortgage": {"Australia": "2,855,222", "Ulamambri": "23", "Australia_%": "34.5", "New South Wales_%": "32.3", "New South Wales": "840,004", "Ulamambri_%": "29.9"}, "Tenure type not stated": {"Australia": "224,869", "Ulamambri": "0", "Australia_%": "2.7", "New South Wales_%": "2.8", "New South Wales": "73,763", "Ulamambri_%": "0.0"}, "Other tenure type": {"Australia": "78,994", "Ulamambri": "0", "Australia_%": "1.0", "New South Wales_%": "0.9", "New South Wales": "23,968", "Ulamambri_%": "0.0"}}, "Country of birth of father, stated responses": {"Switzerland": {"Australia": "17,588", "Ulamambri": "4", "Australia_%": "0.1", "New South Wales_%": "0.1", "New South Wales": "5,425", "Ulamambri_%": "1.9"}, "Australia": {"Australia": "12,231,150", "Ulamambri": "166", "Australia_%": "52.3", "New South Wales_%": "50.1", "New South Wales": "3,745,787", "Ulamambri_%": "80.6"}, "England": {"Australia": "1,403,096", "Ulamambri": "6", "Australia_%": "6.0", "New South Wales_%": "4.8", "New South Wales": "359,370", "Ulamambri_%": "2.9"}, "Vietnam": {"Australia": "320,208", "Ulamambri": "3", "Australia_%": "1.4", "New South Wales_%": "1.6", "New South Wales": "121,066", "Ulamambri_%": "1.5"}}, "Country of birth of father and/or mother, stated responses": {"Father only born overseas": {"Australia": "1,488,092", "Ulamambri": "3", "Australia_%": "6.4", "New South Wales_%": "6.1", "New South Wales": "458,394", "Ulamambri_%": "1.4"}, "Mother only born overseas": {"Australia": "1,094,591", "Ulamambri": "3", "Australia_%": "4.7", "New South Wales_%": "4.3", "New South Wales": "325,182", "Ulamambri_%": "1.4"}, "Both parents born overseas": {"Australia": "8,051,196", "Ulamambri": "14", "Australia_%": "34.4", "New South Wales_%": "37.0", "New South Wales": "2,764,170", "Ulamambri_%": "6.7"}, "Both parents born in Australia": {"Australia": "11,070,538", "Ulamambri": "158", "Australia_%": "47.3", "New South Wales_%": "45.4", "New South Wales": "3,399,725", "Ulamambri_%": "75.6"}}, "Rent weekly payments": {"Households where rent payments are less than 30% of household income": {"Australia": "--", "Ulamambri": "--", "Australia_%": "88.5", "New South Wales_%": "87.1", "New South Wales": "--", "Ulamambri_%": "100.0"}, "Households with rent payments greater than or equal to 30% of household income": {"Australia": "--", "Ulamambri": "--", "Australia_%": "11.5", "New South Wales_%": "12.9", "New South Wales": "--", "Ulamambri_%": "0.0"}, "Median rent": {"Australia": "335", "Ulamambri": "0", "Australia_%": "--", "New South Wales_%": "--", "New South Wales": "380", "Ulamambri_%": "--"}}, "Registered marital status": {"Separated": {"Australia": "608,059", "Ulamambri": "9", "Australia_%": "3.2", "New South Wales_%": "3.1", "New South Wales": "190,198", "Ulamambri_%": "5.2"}, "Widowed": {"Australia": "985,204", "Ulamambri": "3", "Australia_%": "5.2", "New South Wales_%": "5.4", "New South Wales": "331,653", "Ulamambri_%": "1.7"}, "Married": {"Australia": "9,148,218", "Ulamambri": "113", "Australia_%": "48.1", "New South Wales_%": "48.7", "New South Wales": "2,965,280", "Ulamambri_%": "64.9"}, "Divorced": {"Australia": "1,626,890", "Ulamambri": "16", "Australia_%": "8.5", "New South Wales_%": "8.4", "New South Wales": "512,298", "Ulamambri_%": "9.2"}, "Never married": {"Australia": "6,668,910", "Ulamambri": "33", "Australia_%": "35.0", "New South Wales_%": "34.4", "New South Wales": "2,094,460", "Ulamambri_%": "19.0"}}, "summaryTable_qsPeople": {"Male": "48.4%", "Median age": "51", "Female": "51.6%", "People": "210"}, "Dwelling characteristics": {"Average number of people per household": {"Australia": "3.2", "Ulamambri": "4.3", "Australia_%": "--", "New South Wales_%": "--", "New South Wales": "3.1", "Ulamambri_%": "--"}, "Average number of persons per bedroom": {"Australia": "1", "Ulamambri": "0.5", "Australia_%": "--", "New South Wales_%": "--", "New South Wales": "1", "Ulamambri_%": "--"}, "Median weekly household income": {"Australia": "1,203", "Ulamambri": "900", "Australia_%": "--", "New South Wales_%": "--", "New South Wales": "1,214", "Ulamambri_%": "--"}}, "Unpaid work": {"Did unpaid domestic work (last week)": {"Australia": "13,143,914", "Ulamambri": "115", "Australia_%": "69.0", "New South Wales_%": "67.7", "New South Wales": "4,127,723", "Ulamambri_%": "63.9"}, "Provided unpaid assistance to a person with a disability (last two weeks)": {"Australia": "2,145,203", "Ulamambri": "23", "Australia_%": "11.3", "New South Wales_%": "11.6", "New South Wales": "709,415", "Ulamambri_%": "12.7"}, "Did voluntary work through an organisation or group (last 12 months)": {"Australia": "3,620,726", "Ulamambri": "53", "Australia_%": "19.0", "New South Wales_%": "18.1", "New South Wales": "1,103,790", "Ulamambri_%": "29.9"}, "Cared for child/children (last two weeks)": {"Australia": "5,259,400", "Ulamambri": "38", "Australia_%": "27.6", "New South Wales_%": "27.2", "New South Wales": "1,659,250", "Ulamambri_%": "21.2"}}, "Unpaid domestic work, number of hours": {"5 to 14 hours per week": {"Australia": "4,944,578", "Ulamambri": "40", "Australia_%": "26.0", "New South Wales_%": "25.1", "New South Wales": "1,531,206", "Ulamambri_%": "22.6"}, "30 hours or more per week": {"Australia": "1,710,970", "Ulamambri": "23", "Australia_%": "9.0", "New South Wales_%": "9.0", "New South Wales": "545,925", "Ulamambri_%": "13.0"}, "Less than 5 hours per week": {"Australia": "4,298,593", "Ulamambri": "27", "Australia_%": "22.6", "New South Wales_%": "22.3", "New South Wales": "1,359,656", "Ulamambri_%": "15.3"}, "15 to 29 hours per week": {"Australia": "2,189,776", "Ulamambri": "22", "Australia_%": "11.5", "New South Wales_%": "11.3", "New South Wales": "690,934", "Ulamambri_%": "12.4"}}, "Industry of employment, top responses": {"Other Agriculture and Fishing Support Services": {"Australia": "12,317", "Ulamambri": "3", "Australia_%": "0.1", "New South Wales_%": "0.1", "New South Wales": "3,160", "Ulamambri_%": "4.6"}, "Other Grain Growing": {"Australia": "19,053", "Ulamambri": "3", "Australia_%": "0.2", "New South Wales_%": "0.2", "New South Wales": "5,109", "Ulamambri_%": "4.6"}, "Sheep-Beef Cattle Farming": {"Australia": "6,669", "Ulamambri": "6", "Australia_%": "0.1", "New South Wales_%": "0.1", "New South Wales": "3,344", "Ulamambri_%": "9.2"}, "Beef Cattle Farming (Specialised)": {"Australia": "44,309", "Ulamambri": "25", "Australia_%": "0.4", "New South Wales_%": "0.4", "New South Wales": "13,478", "Ulamambri_%": "38.5"}, "Grain-Sheep or Grain-Beef Cattle Farming": {"Australia": "15,056", "Ulamambri": "4", "Australia_%": "0.1", "New South Wales_%": "0.1", "New South Wales": "4,557", "Ulamambri_%": "6.2"}}, "GeoInfo": {"city": "Ulamambri"}, "Education": {"University or tertiary institution": {"Australia": "1,160,626", "Ulamambri": "4", "Australia_%": "16.1", "New South Wales_%": "16.2", "New South Wales": "376,133", "Ulamambri_%": "6.7"}, "Secondary - Catholic": {"Australia": "338,384", "Ulamambri": "0", "Australia_%": "4.7", "New South Wales_%": "5.1", "New South Wales": "117,689", "Ulamambri_%": "0.0"}, "Secondary - other non Government": {"Australia": "280,618", "Ulamambri": "0", "Australia_%": "3.9", "New South Wales_%": "3.4", "New South Wales": "79,915", "Ulamambri_%": "0.0"}, "Primary - Catholic": {"Australia": "380,604", "Ulamambri": "4", "Australia_%": "5.3", "New South Wales_%": "5.3", "New South Wales": "122,099", "Ulamambri_%": "6.7"}, "Primary - Government": {"Australia": "1,314,787", "Ulamambri": "14", "Australia_%": "18.2", "New South Wales_%": "18.0", "New South Wales": "417,465", "Ulamambri_%": "23.3"}, "Other": {"Australia": "198,383", "Ulamambri": "3", "Australia_%": "2.8", "New South Wales_%": "2.7", "New South Wales": "63,673", "Ulamambri_%": "5.0"}, "Technical or further education institution": {"Australia": "424,869", "Ulamambri": "3", "Australia_%": "5.9", "New South Wales_%": "6.2", "New South Wales": "144,103", "Ulamambri_%": "5.0"}, "Secondary - Government": {"Australia": "827,505", "Ulamambri": "11", "Australia_%": "11.5", "New South Wales_%": "11.6", "New South Wales": "269,249", "Ulamambri_%": "18.3"}, "Primary - other non Government": {"Australia": "231,490", "Ulamambri": "0", "Australia_%": "3.2", "New South Wales_%": "2.9", "New South Wales": "67,611", "Ulamambri_%": "0.0"}, "Not stated": {"Australia": "1,707,023", "Ulamambri": "21", "Australia_%": "23.7", "New South Wales_%": "23.0", "New South Wales": "535,266", "Ulamambri_%": "35.0"}, "Preschool": {"Australia": "347,621", "Ulamambri": "0", "Australia_%": "4.8", "New South Wales_%": "5.7", "New South Wales": "132,047", "Ulamambri_%": "0.0"}}, "Employment": {"Unemployed": {"Australia": "787,452", "Ulamambri": "4", "Australia_%": "6.9", "New South Wales_%": "6.3", "New South Wales": "225,546", "Ulamambri_%": "4.3"}, "Worked part-time": {"Australia": "3,491,503", "Ulamambri": "28", "Australia_%": "30.4", "New South Wales_%": "29.7", "New South Wales": "1,071,151", "Ulamambri_%": "30.1"}, "Away from work": {"Australia": "569,276", "Ulamambri": "9", "Australia_%": "5.0", "New South Wales_%": "4.8", "New South Wales": "174,654", "Ulamambri_%": "9.7"}, "Worked full-time": {"Australia": "6,623,065", "Ulamambri": "52", "Australia_%": "57.7", "New South Wales_%": "59.2", "New South Wales": "2,134,521", "Ulamambri_%": "55.9"}}, "Travel to work, top responses": {"Walked only": {"Australia": "370,427", "Ulamambri": "3", "Australia_%": "3.5", "New South Wales_%": "3.9", "New South Wales": "130,957", "Ulamambri_%": "3.4"}, "Worked at home": {"Australia": "503,582", "Ulamambri": "15", "Australia_%": "4.7", "New South Wales_%": "4.8", "New South Wales": "163,026", "Ulamambri_%": "17.2"}, "People who travelled to work by car as driver or passenger": {"Australia": "7,305,271", "Ulamambri": "50", "Australia_%": "68.4", "New South Wales_%": "64.6", "New South Wales": "2,182,854", "Ulamambri_%": "58.1"}, "null": {"Australia": "None", "Ulamambri": null, "Australia_%": "None", "New South Wales_%": "None", "New South Wales": "None", "Ulamambri_%": null}, "Car, as driver": {"Australia": "6,574,571", "Ulamambri": "49", "Australia_%": "61.5", "New South Wales_%": "57.8", "New South Wales": "1,953,399", "Ulamambri_%": "56.3"}, "Truck": {"Australia": "85,892", "Ulamambri": "4", "Australia_%": "0.8", "New South Wales_%": "1.0", "New South Wales": "32,908", "Ulamambri_%": "4.6"}, "Car, as passenger": {"Australia": "489,922", "Ulamambri": "3", "Australia_%": "4.6", "New South Wales_%": "4.3", "New South Wales": "144,820", "Ulamambri_%": "3.4"}}, "Occupation": {"Professionals": {"Australia": "2,370,966", "Ulamambri": "12", "Australia_%": "22.2", "New South Wales_%": "23.6", "New South Wales": "798,126", "Ulamambri_%": "13.0"}, "Technicians and Trades Workers": {"Australia": "1,447,414", "Ulamambri": "7", "Australia_%": "13.5", "New South Wales_%": "12.7", "New South Wales": "429,239", "Ulamambri_%": "7.6"}, "Community and Personal Service Workers": {"Australia": "1,157,003", "Ulamambri": "7", "Australia_%": "10.8", "New South Wales_%": "10.4", "New South Wales": "350,261", "Ulamambri_%": "7.6"}, "Clerical and Administrative Workers": {"Australia": "1,449,681", "Ulamambri": "4", "Australia_%": "13.6", "New South Wales_%": "13.8", "New South Wales": "467,977", "Ulamambri_%": "4.3"}, "Machinery Operators and Drivers": {"Australia": "670,106", "Ulamambri": "3", "Australia_%": "6.3", "New South Wales_%": "6.1", "New South Wales": "206,839", "Ulamambri_%": "3.3"}, "Labourers": {"Australia": "1,011,520", "Ulamambri": "15", "Australia_%": "9.5", "New South Wales_%": "8.8", "New South Wales": "297,887", "Ulamambri_%": "16.3"}, "Sales Workers": {"Australia": "1,000,955", "Ulamambri": "6", "Australia_%": "9.4", "New South Wales_%": "9.2", "New South Wales": "311,414", "Ulamambri_%": "6.5"}, "Managers": {"Australia": "1,390,047", "Ulamambri": "38", "Australia_%": "13.0", "New South Wales_%": "13.5", "New South Wales": "456,084", "Ulamambri_%": "41.3"}}}