{"GeoInfo": {"city": "Upper Colo"}, "summaryTable_qsDwelling": {"Median monthly mortgage repayments": "$1,842", "All private dwellings": "27", "Average people per household": "2.9", "Median weekly household income": "$919", "Median weekly rent": "$50", "Average motor vehicles per dwelling": "2.3"}, "summaryTable_qsPeople": {"Male": "47.4%", "Median age": "35", "Female": "52.6%", "People": "60"}, "summaryTable_qsFamilies": {"for all families": "1.1", "for families with children": "2.3", "Families": "11", "Average children per family": "None"}}