{"Employment - hours worked": {"40 hours or more per week": {"Wallarah": "51", "Australia": "4,591,801", "Wallarah_%": "32.9", "Australia_%": "43.0", "New South Wales_%": "44.1", "New South Wales": "1,489,099"}, "25-34 hours per week": {"Wallarah": "20", "Australia": "1,193,445", "Wallarah_%": "12.9", "Australia_%": "11.2", "New South Wales_%": "10.5", "New South Wales": "353,702"}, "16-24 hours per week": {"Wallarah": "19", "Australia": "1,079,236", "Wallarah_%": "12.3", "Australia_%": "10.1", "New South Wales_%": "10.4", "New South Wales": "352,817"}, "35-39 hours per week": {"Wallarah": "35", "Australia": "2,031,263", "Wallarah_%": "22.6", "Australia_%": "19.0", "New South Wales_%": "19.1", "New South Wales": "645,428"}, "1-15 hours per week": {"Wallarah": "20", "Australia": "1,218,823", "Wallarah_%": "12.9", "Australia_%": "11.4", "New South Wales_%": "10.8", "New South Wales": "364,637"}}, "Number of registered motor vehicles": {"2 motor vehicles": {"Wallarah": "35", "Australia": "2,999,184", "Wallarah_%": "35.0", "Australia_%": "36.2", "New South Wales_%": "34.1", "New South Wales": "887,849"}, "None": {"Wallarah": "0", "Australia": "623,829", "Wallarah_%": "0.0", "Australia_%": "7.5", "New South Wales_%": "9.2", "New South Wales": "239,625"}, "Number of motor vehicles not stated": {"Wallarah": "9", "Australia": "285,197", "Wallarah_%": "9.0", "Australia_%": "3.4", "New South Wales_%": "3.7", "New South Wales": "95,623"}, "1 motor vehicle": {"Wallarah": "23", "Australia": "2,881,485", "Wallarah_%": "23.0", "Australia_%": "34.8", "New South Wales_%": "36.3", "New South Wales": "946,159"}, "3 or more vehicles": {"Wallarah": "33", "Australia": "1,496,382", "Wallarah_%": "33.0", "Australia_%": "18.1", "New South Wales_%": "16.7", "New South Wales": "435,053"}}, "Employment status of parents in couple families": {"Labour force status not stated (by one or both parents in a couple family)": {"Wallarah": "6", "Australia": "311,381", "Wallarah_%": "7.9", "Australia_%": "6.2", "New South Wales_%": "5.7", "New South Wales": "90,630"}, "One employed full-time, one part-time": {"Wallarah": "25", "Australia": "1,086,460", "Wallarah_%": "32.9", "Australia_%": "21.7", "New South Wales_%": "20.6", "New South Wales": "329,567"}, "One employed part-time, other not working": {"Wallarah": "6", "Australia": "302,037", "Wallarah_%": "7.9", "Australia_%": "6.0", "New South Wales_%": "6.1", "New South Wales": "96,933"}, "Other (includes away from work)": {"Wallarah": "3", "Australia": "264,145", "Wallarah_%": "3.9", "Australia_%": "5.3", "New South Wales_%": "5.1", "New South Wales": "80,905"}, "Both employed, worked full-time": {"Wallarah": "11", "Australia": "1,084,006", "Wallarah_%": "14.5", "Australia_%": "21.6", "New South Wales_%": "22.6", "New South Wales": "360,916"}, "One employed full-time, other not working": {"Wallarah": "3", "Australia": "749,886", "Wallarah_%": "3.9", "Australia_%": "15.0", "New South Wales_%": "15.0", "New South Wales": "240,084"}, "Both employed, worked part-time": {"Wallarah": "3", "Australia": "203,596", "Wallarah_%": "3.9", "Australia_%": "4.1", "New South Wales_%": "4.0", "New South Wales": "63,106"}, "Both not working": {"Wallarah": "19", "Australia": "1,006,697", "Wallarah_%": "25.0", "Australia_%": "20.1", "New South Wales_%": "21.0", "New South Wales": "334,742"}}, "Country of birth of mother, stated responses": {"England": {"Wallarah": "11", "Australia": "1,302,147", "Wallarah_%": "3.1", "Australia_%": "5.6", "New South Wales_%": "4.3", "New South Wales": "322,472"}, "Australia": {"Wallarah": "257", "Australia": "12,643,365", "Wallarah_%": "72.2", "Australia_%": "54.0", "New South Wales_%": "51.9", "New South Wales": "3,884,762"}, "Italy": {"Wallarah": "19", "Australia": "395,775", "Wallarah_%": "5.3", "Australia_%": "1.7", "New South Wales_%": "1.4", "New South Wales": "107,243"}, "Scotland": {"Wallarah": "6", "Australia": "245,915", "Wallarah_%": "1.7", "Australia_%": "1.1", "New South Wales_%": "0.8", "New South Wales": "63,302"}, "Greece": {"Wallarah": "7", "Australia": "206,674", "Wallarah_%": "2.0", "Australia_%": "0.9", "New South Wales_%": "0.9", "New South Wales": "66,182"}}, "Dwelling structure": {"Other dwelling": {"Wallarah": "0", "Australia": "64,425", "Wallarah_%": "0.0", "Australia_%": "0.8", "New South Wales_%": "0.9", "New South Wales": "23,580"}, "Semi-detached, row or terrace house, townhouse etc": {"Wallarah": "8", "Australia": "1,055,016", "Wallarah_%": "8.2", "Australia_%": "12.7", "New South Wales_%": "12.2", "New South Wales": "317,453"}, "Separate house": {"Wallarah": "89", "Australia": "6,041,788", "Wallarah_%": "91.8", "Australia_%": "72.9", "New South Wales_%": "66.4", "New South Wales": "1,729,820"}, "Flat or apartment": {"Wallarah": "0", "Australia": "1,087,434", "Wallarah_%": "0.0", "Australia_%": "13.1", "New South Wales_%": "19.9", "New South Wales": "519,390"}}, "Number of bedrooms": {"1 bedroom": {"Wallarah": "0", "Australia": "411,252", "Wallarah_%": "0.0", "Australia_%": "5.0", "New South Wales_%": "6.0", "New South Wales": "157,194"}, "3 bedrooms": {"Wallarah": "27", "Australia": "3,403,190", "Wallarah_%": "27.6", "Australia_%": "41.1", "New South Wales_%": "37.2", "New South Wales": "970,001"}, "Average number of people per household": {"Wallarah": "3.3", "Australia": "2.6", "Wallarah_%": "--", "Australia_%": "--", "New South Wales_%": "--", "New South Wales": "2.6"}, "2 bedrooms": {"Wallarah": "10", "Australia": "1,562,759", "Wallarah_%": "10.2", "Australia_%": "18.9", "New South Wales_%": "22.2", "New South Wales": "577,675"}, "4 or more bedrooms": {"Wallarah": "61", "Australia": "2,670,758", "Wallarah_%": "62.2", "Australia_%": "32.2", "New South Wales_%": "31.3", "New South Wales": "816,405"}, "None (includes bedsitters)": {"Wallarah": "0", "Australia": "39,769", "Wallarah_%": "0.0", "Australia_%": "0.5", "New South Wales_%": "0.7", "New South Wales": "17,157"}, "Number of bedrooms not stated": {"Wallarah": "0", "Australia": "198,351", "Wallarah_%": "0.0", "Australia_%": "2.4", "New South Wales_%": "2.5", "New South Wales": "65,888"}, "Average number of bedrooms per dwelling": {"Wallarah": "3.6", "Australia": "3.1", "Wallarah_%": "--", "Australia_%": "--", "New South Wales_%": "--", "New South Wales": "3"}}, "summaryTable_qsFamilies": {"for all families": "1", "for families with children": "1.9", "Families": "95", "Average children per family": "None"}, "People characteristics": {"Male": {"Wallarah": "9", "Australia": "322,171", "Wallarah_%": "56.2", "Australia_%": "49.6", "New South Wales_%": "49.7", "New South Wales": "107,368"}, "Median age": {"Wallarah": "19", "Australia": "23", "Wallarah_%": "--", "Australia_%": "--", "New South Wales_%": "--", "New South Wales": "22"}, "Female": {"Wallarah": "7", "Australia": "326,996", "Wallarah_%": "43.8", "Australia_%": "50.4", "New South Wales_%": "50.3", "New South Wales": "108,809"}}, "Dwelling count": {"Unoccupied private dwellings": {"Wallarah": "7", "Australia": "1,039,874", "Wallarah_%": "6.7", "Australia_%": "11.2", "New South Wales_%": "9.9", "New South Wales": "284,741"}, "Occupied private dwellings": {"Wallarah": "97", "Australia": "8,286,073", "Wallarah_%": "93.3", "Australia_%": "88.8", "New South Wales_%": "90.1", "New South Wales": "2,604,320"}}, "Level of highest educational attainment": {"Certificate level III": {"Wallarah": "50", "Australia": "2,442,203", "Wallarah_%": "17.2", "Australia_%": "12.8", "New South Wales_%": "12.0", "New South Wales": "730,498"}, "Certificate level II": {"Wallarah": "0", "Australia": "13,454", "Wallarah_%": "0.0", "Australia_%": "0.1", "New South Wales_%": "0.1", "New South Wales": "4,849"}, "No educational attainment": {"Wallarah": "0", "Australia": "145,844", "Wallarah_%": "0.0", "Australia_%": "0.8", "New South Wales_%": "0.9", "New South Wales": "54,870"}, "Bachelor Degree level and above": {"Wallarah": "17", "Australia": "4,181,406", "Wallarah_%": "5.8", "Australia_%": "22.0", "New South Wales_%": "23.4", "New South Wales": "1,424,716"}, "Certificate level I": {"Wallarah": "0", "Australia": "2,176", "Wallarah_%": "0.0", "Australia_%": "0.0", "New South Wales_%": "0.0", "New South Wales": "625"}, "Year 11": {"Wallarah": "15", "Australia": "941,531", "Wallarah_%": "5.2", "Australia_%": "4.9", "New South Wales_%": "3.3", "New South Wales": "203,574"}, "Not stated": {"Wallarah": "47", "Australia": "1,974,794", "Wallarah_%": "16.2", "Australia_%": "10.4", "New South Wales_%": "10.3", "New South Wales": "627,465"}, "Year 9 or below": {"Wallarah": "34", "Australia": "1,529,897", "Wallarah_%": "11.7", "Australia_%": "8.0", "New South Wales_%": "8.4", "New South Wales": "513,209"}, "Certificate level IV": {"Wallarah": "3", "Australia": "551,767", "Wallarah_%": "1.0", "Australia_%": "2.9", "New South Wales_%": "2.8", "New South Wales": "167,947"}, "Year 10": {"Wallarah": "49", "Australia": "2,054,331", "Wallarah_%": "16.8", "Australia_%": "10.8", "New South Wales_%": "11.5", "New South Wales": "702,178"}, "Year 12": {"Wallarah": "35", "Australia": "2,994,097", "Wallarah_%": "12.0", "Australia_%": "15.7", "New South Wales_%": "15.3", "New South Wales": "930,654"}, "Advanced Diploma and Diploma level": {"Wallarah": "27", "Australia": "1,687,893", "Wallarah_%": "9.3", "Australia_%": "8.9", "New South Wales_%": "8.9", "New South Wales": "543,142"}}, "Median weekly incomes": {"Personal": {"Wallarah": "586", "Australia": "662", "Wallarah_%": "--", "Australia_%": "--", "New South Wales_%": "--", "New South Wales": "664"}, "Household": {"Wallarah": "1,562", "Australia": "1,438", "Wallarah_%": "--", "Australia_%": "--", "New South Wales_%": "--", "New South Wales": "1,486"}, "Family": {"Wallarah": "1,589", "Australia": "1,734", "Wallarah_%": "--", "Australia_%": "--", "New South Wales_%": "--", "New South Wales": "1,780"}}, "Family composition": {"Other family": {"Wallarah": "0", "Australia": "102,559", "Wallarah_%": "0.0", "Australia_%": "1.7", "New South Wales_%": "1.7", "New South Wales": "32,438"}, "Couple family with children": {"Wallarah": "39", "Australia": "2,716,224", "Wallarah_%": "42.4", "Australia_%": "44.7", "New South Wales_%": "45.7", "New South Wales": "887,358"}, "Couple family without children": {"Wallarah": "32", "Australia": "2,291,987", "Wallarah_%": "34.8", "Australia_%": "37.8", "New South Wales_%": "36.6", "New South Wales": "709,524"}, "One parent family": {"Wallarah": "21", "Australia": "959,543", "Wallarah_%": "22.8", "Australia_%": "15.8", "New South Wales_%": "16.0", "New South Wales": "310,906"}}, "Dwelling internet connection": {"Not stated": {"Wallarah": "4", "Australia": "221,494", "Wallarah_%": "3.9", "Australia_%": "2.7", "New South Wales_%": "2.8", "New South Wales": "73,565"}, "Internet not accessed from dwelling": {"Wallarah": "15", "Australia": "1,172,415", "Wallarah_%": "14.6", "Australia_%": "14.1", "New South Wales_%": "14.7", "New South Wales": "381,709"}, "Internet accessed from dwelling": {"Wallarah": "84", "Australia": "6,892,165", "Wallarah_%": "81.6", "Australia_%": "83.2", "New South Wales_%": "82.5", "New South Wales": "2,149,040"}}, "Social marital status": {"Not married": {"Wallarah": "107", "Australia": "7,024,973", "Wallarah_%": "42.1", "Australia_%": "41.9", "New South Wales_%": "42.3", "New South Wales": "2,290,887"}, "De facto marriage": {"Wallarah": "37", "Australia": "1,751,731", "Wallarah_%": "14.6", "Australia_%": "10.4", "New South Wales_%": "9.4", "New South Wales": "506,133"}, "Registered marriage": {"Wallarah": "110", "Australia": "8,001,141", "Wallarah_%": "43.3", "Australia_%": "47.7", "New South Wales_%": "48.3", "New South Wales": "2,612,630"}}, "Household composition": {"Family households": {"Wallarah": "87", "Australia": "5,907,625", "Wallarah_%": "87.0", "Australia_%": "71.3", "New South Wales_%": "72.0", "New South Wales": "1,874,524"}, "Group households": {"Wallarah": "0", "Australia": "354,917", "Wallarah_%": "0.0", "Australia_%": "4.3", "New South Wales_%": "4.2", "New South Wales": "109,004"}, "Single (or lone) person households": {"Wallarah": "13", "Australia": "2,023,542", "Wallarah_%": "13.0", "Australia_%": "24.4", "New South Wales_%": "23.8", "New South Wales": "620,778"}}, "People": {"Male": {"Wallarah": "183", "Australia": "11,546,638", "Wallarah_%": "50.3", "Australia_%": "49.3", "New South Wales_%": "49.3", "New South Wales": "3,686,014"}, "Aboriginal and/or Torres Strait Islander people": {"Wallarah": "15", "Australia": "649,171", "Wallarah_%": "4.1", "Australia_%": "2.8", "New South Wales_%": "2.9", "New South Wales": "216,176"}, "Female": {"Wallarah": "181", "Australia": "11,855,248", "Wallarah_%": "49.7", "Australia_%": "50.7", "New South Wales_%": "50.7", "New South Wales": "3,794,217"}}, "Language, top responses (other than English)": {"null": {"Wallarah": null, "Australia": "None", "Wallarah_%": null, "Australia_%": "None", "New South Wales_%": "None", "New South Wales": "None"}, "English only spoken at home": {"Wallarah": "305", "Australia": "17,020,417", "Wallarah_%": "85.7", "Australia_%": "72.7", "New South Wales_%": "68.5", "New South Wales": "5,126,633"}, "Greek": {"Wallarah": "3", "Australia": "237,588", "Wallarah_%": "0.8", "Australia_%": "1.0", "New South Wales_%": "1.1", "New South Wales": "81,683"}, "Households where a non English language is spoken": {"Wallarah": "13", "Australia": "1,971,011", "Wallarah_%": "11.8", "Australia_%": "22.2", "New South Wales_%": "26.5", "New South Wales": "735,563"}, "Mandarin": {"Wallarah": "3", "Australia": "596,711", "Wallarah_%": "0.8", "Australia_%": "2.5", "New South Wales_%": "3.2", "New South Wales": "239,945"}, "Arabic": {"Wallarah": "10", "Australia": "321,728", "Wallarah_%": "2.8", "Australia_%": "1.4", "New South Wales_%": "2.7", "New South Wales": "200,825"}, "Italian": {"Wallarah": "6", "Australia": "271,597", "Wallarah_%": "1.7", "Australia_%": "1.2", "New South Wales_%": "1.0", "New South Wales": "75,694"}}, "summaryTable_qsDwelling": {"Median monthly mortgage repayments": "$2,029", "All private dwellings": "118", "Average people per household": "3.3", "Median weekly household income": "$1,562", "Median weekly rent": "$510", "Average motor vehicles per dwelling": "2.4"}, "Household income": {"Less than $650 gross weekly income": {"Wallarah": "--", "Australia": "--", "Wallarah_%": "11.8", "Australia_%": "20.0", "New South Wales_%": "19.7", "New South Wales": "--"}, "More than $3000 gross weekly income": {"Wallarah": "--", "Australia": "--", "Wallarah_%": "11.8", "Australia_%": "16.4", "New South Wales_%": "18.7", "New South Wales": "--"}}, "Country of birth": {"Other top responses": {"Wallarah": "None", "Wallarah_%": "None"}, "Australia": {"Wallarah": "286", "Australia": "15,614,835", "Wallarah_%": "81.9", "Australia_%": "66.7", "New South Wales_%": "65.5", "New South Wales": "4,899,090"}, "Italy": {"Wallarah": "4", "Australia": "174,042", "Wallarah_%": "1.1", "Australia_%": "0.7", "New South Wales_%": "0.7", "New South Wales": "49,476"}, "South Africa": {"Wallarah": "3", "Australia": "162,449", "Wallarah_%": "0.9", "Australia_%": "0.7", "New South Wales_%": "0.6", "New South Wales": "43,058"}, "Ireland": {"Wallarah": "3", "Australia": "74,888", "Wallarah_%": "0.9", "Australia_%": "0.3", "New South Wales_%": "0.3", "New South Wales": "24,038"}, "England": {"Wallarah": "12", "Australia": "907,570", "Wallarah_%": "3.4", "Australia_%": "3.9", "New South Wales_%": "3.0", "New South Wales": "226,564"}, "New Zealand": {"Wallarah": "3", "Australia": "518,466", "Wallarah_%": "0.9", "Australia_%": "2.2", "New South Wales_%": "1.6", "New South Wales": "117,136"}}, "Religious affiliation, top responses": {"No Religion, so described": {"Wallarah": "73", "Australia": "6,933,708", "Wallarah_%": "19.9", "Australia_%": "29.6", "New South Wales_%": "25.1", "New South Wales": "1,879,562"}, "Catholic": {"Wallarah": "93", "Australia": "5,291,834", "Wallarah_%": "25.3", "Australia_%": "22.6", "New South Wales_%": "24.7", "New South Wales": "1,846,443"}, "Not stated": {"Wallarah": "47", "Australia": "2,238,735", "Wallarah_%": "12.8", "Australia_%": "9.6", "New South Wales_%": "9.2", "New South Wales": "684,969"}, "Eastern Orthodox": {"Wallarah": "19", "Australia": "502,801", "Wallarah_%": "5.2", "Australia_%": "2.1", "New South Wales_%": "2.5", "New South Wales": "188,442"}, "Anglican": {"Wallarah": "79", "Australia": "3,101,185", "Wallarah_%": "21.5", "Australia_%": "13.3", "New South Wales_%": "15.5", "New South Wales": "1,161,810"}}, "Ancestry, top responses": {"Australian": {"Wallarah": "168", "Australia": "7,298,243", "Wallarah_%": "34.4", "Australia_%": "23.3", "New South Wales_%": "22.9", "New South Wales": "2,261,062"}, "Italian": {"Wallarah": "43", "Australia": "1,000,006", "Wallarah_%": "8.8", "Australia_%": "3.2", "New South Wales_%": "2.8", "New South Wales": "272,124"}, "Scottish": {"Wallarah": "23", "Australia": "2,023,470", "Wallarah_%": "4.7", "Australia_%": "6.4", "New South Wales_%": "5.9", "New South Wales": "587,052"}, "Irish": {"Wallarah": "26", "Australia": "2,388,058", "Wallarah_%": "5.3", "Australia_%": "7.6", "New South Wales_%": "7.5", "New South Wales": "741,671"}, "English": {"Wallarah": "129", "Australia": "7,852,224", "Wallarah_%": "26.4", "Australia_%": "25.0", "New South Wales_%": "23.3", "New South Wales": "2,302,481"}}, "Age": {"35-39 years": {"Wallarah": "23", "Australia": "1,561,679", "Wallarah_%": "6.3", "Australia_%": "6.7", "New South Wales_%": "6.7", "New South Wales": "499,724"}, "60-64 years": {"Wallarah": "23", "Australia": "1,299,397", "Wallarah_%": "6.3", "Australia_%": "5.6", "New South Wales_%": "5.6", "New South Wales": "420,044"}, "30-34 years": {"Wallarah": "24", "Australia": "1,703,847", "Wallarah_%": "6.6", "Australia_%": "7.3", "New South Wales_%": "7.2", "New South Wales": "540,360"}, "0-4 years": {"Wallarah": "20", "Australia": "1,464,779", "Wallarah_%": "5.5", "Australia_%": "6.3", "New South Wales_%": "6.2", "New South Wales": "465,135"}, "25-29 years": {"Wallarah": "20", "Australia": "1,664,602", "Wallarah_%": "5.5", "Australia_%": "7.1", "New South Wales_%": "7.0", "New South Wales": "527,161"}, "10-14 years": {"Wallarah": "37", "Australia": "1,397,183", "Wallarah_%": "10.2", "Australia_%": "6.0", "New South Wales_%": "5.9", "New South Wales": "443,009"}, "5-9 years": {"Wallarah": "22", "Australia": "1,502,646", "Wallarah_%": "6.0", "Australia_%": "6.4", "New South Wales_%": "6.4", "New South Wales": "478,184"}, "Median age": {"Wallarah": "38", "Australia": "38", "Wallarah_%": "--", "Australia_%": "--", "New South Wales_%": "--", "New South Wales": "38"}, "50-54 years": {"Wallarah": "25", "Australia": "1,523,551", "Wallarah_%": "6.9", "Australia_%": "6.5", "New South Wales_%": "6.5", "New South Wales": "485,546"}, "80-84 years": {"Wallarah": "6", "Australia": "460,549", "Wallarah_%": "1.6", "Australia_%": "2.0", "New South Wales_%": "2.1", "New South Wales": "155,806"}, "40-44 years": {"Wallarah": "22", "Australia": "1,583,257", "Wallarah_%": "6.0", "Australia_%": "6.8", "New South Wales_%": "6.7", "New South Wales": "503,169"}, "70-74 years": {"Wallarah": "13", "Australia": "887,716", "Wallarah_%": "3.6", "Australia_%": "3.8", "New South Wales_%": "3.9", "New South Wales": "292,556"}, "15-19 years": {"Wallarah": "20", "Australia": "1,421,595", "Wallarah_%": "5.5", "Australia_%": "6.1", "New South Wales_%": "6.0", "New South Wales": "448,425"}, "65-69 years": {"Wallarah": "18", "Australia": "1,188,999", "Wallarah_%": "4.9", "Australia_%": "5.1", "New South Wales_%": "5.1", "New South Wales": "384,470"}, "20-24 years": {"Wallarah": "26", "Australia": "1,566,793", "Wallarah_%": "7.1", "Australia_%": "6.7", "New South Wales_%": "6.5", "New South Wales": "489,673"}, "55-59 years": {"Wallarah": "31", "Australia": "1,454,332", "Wallarah_%": "8.5", "Australia_%": "6.2", "New South Wales_%": "6.3", "New South Wales": "469,726"}, "75-79 years": {"Wallarah": "8", "Australia": "652,657", "Wallarah_%": "2.2", "Australia_%": "2.8", "New South Wales_%": "2.9", "New South Wales": "217,308"}, "45-49 years": {"Wallarah": "16", "Australia": "1,581,455", "Wallarah_%": "4.4", "Australia_%": "6.8", "New South Wales_%": "6.6", "New South Wales": "492,440"}, "85 years and over": {"Wallarah": "10", "Australia": "486,842", "Wallarah_%": "2.7", "Australia_%": "2.1", "New South Wales_%": "2.2", "New South Wales": "167,506"}}, "Single (or lone) parents": {"Male": {"Wallarah": "--", "Australia": "--", "Wallarah_%": "29.6", "Australia_%": "18.2", "New South Wales_%": "17.8", "New South Wales": "--"}, "Female": {"Wallarah": "--", "Australia": "--", "Wallarah_%": "70.4", "Australia_%": "81.8", "New South Wales_%": "82.2", "New South Wales": "--"}}, "Mortgage monthly repayments": {"Median mortgage repayments": {"Wallarah": "2,029", "Australia": "1,755", "Wallarah_%": "--", "Australia_%": "--", "New South Wales_%": "--", "New South Wales": "1,986"}, "Households where mortgage repayments are less than 30% of household income": {"Wallarah": "--", "Australia": "--", "Wallarah_%": "88.7", "Australia_%": "92.8", "New South Wales_%": "92.6", "New South Wales": "--"}, "Households with mortgage repayments greater than or equal to 30% of household income": {"Wallarah": "--", "Australia": "--", "Wallarah_%": "11.3", "Australia_%": "7.2", "New South Wales_%": "7.4", "New South Wales": "--"}}, "Mortgage and rent": {"Median monthly mortgage repayments": {"Wallarah": "0", "Australia": "1,660", "Wallarah_%": "--", "Australia_%": "--", "New South Wales_%": "--", "New South Wales": "1,733"}, "Median weekly rent": {"Wallarah": "0", "Australia": "250", "Wallarah_%": "--", "Australia_%": "--", "New South Wales_%": "--", "New South Wales": "270"}}, "Tenure": {"Rented": {"Wallarah": "23", "Australia": "2,561,302", "Wallarah_%": "23.5", "Australia_%": "30.9", "New South Wales_%": "31.8", "New South Wales": "826,922"}, "Owned outright": {"Wallarah": "46", "Australia": "2,565,695", "Wallarah_%": "46.9", "Australia_%": "31.0", "New South Wales_%": "32.2", "New South Wales": "839,665"}, "Owned with a mortgage": {"Wallarah": "29", "Australia": "2,855,222", "Wallarah_%": "29.6", "Australia_%": "34.5", "New South Wales_%": "32.3", "New South Wales": "840,004"}, "Tenure type not stated": {"Wallarah": "0", "Australia": "224,869", "Wallarah_%": "0.0", "Australia_%": "2.7", "New South Wales_%": "2.8", "New South Wales": "73,763"}, "Other tenure type": {"Wallarah": "0", "Australia": "78,994", "Wallarah_%": "0.0", "Australia_%": "1.0", "New South Wales_%": "0.9", "New South Wales": "23,968"}}, "Country of birth of father, stated responses": {"Lebanon": {"Wallarah": "10", "Australia": "196,333", "Wallarah_%": "2.7", "Australia_%": "0.8", "New South Wales_%": "1.9", "New South Wales": "143,993"}, "England": {"Wallarah": "20", "Australia": "1,403,096", "Wallarah_%": "5.5", "Australia_%": "6.0", "New South Wales_%": "4.8", "New South Wales": "359,370"}, "New Zealand": {"Wallarah": "7", "Australia": "617,331", "Wallarah_%": "1.9", "Australia_%": "2.6", "New South Wales_%": "1.9", "New South Wales": "143,450"}, "Australia": {"Wallarah": "235", "Australia": "12,231,150", "Wallarah_%": "64.2", "Australia_%": "52.3", "New South Wales_%": "50.1", "New South Wales": "3,745,787"}, "Italy": {"Wallarah": "22", "Australia": "470,138", "Wallarah_%": "6.0", "Australia_%": "2.0", "New South Wales_%": "1.7", "New South Wales": "128,148"}}, "Country of birth of father and/or mother, stated responses": {"Father only born overseas": {"Wallarah": "30", "Australia": "1,488,092", "Wallarah_%": "8.1", "Australia_%": "6.4", "New South Wales_%": "6.1", "New South Wales": "458,394"}, "Mother only born overseas": {"Wallarah": "10", "Australia": "1,094,591", "Wallarah_%": "2.7", "Australia_%": "4.7", "New South Wales_%": "4.3", "New South Wales": "325,182"}, "Both parents born overseas": {"Wallarah": "74", "Australia": "8,051,196", "Wallarah_%": "19.9", "Australia_%": "34.4", "New South Wales_%": "37.0", "New South Wales": "2,764,170"}, "Both parents born in Australia": {"Wallarah": "223", "Australia": "11,070,538", "Wallarah_%": "60.1", "Australia_%": "47.3", "New South Wales_%": "45.4", "New South Wales": "3,399,725"}}, "Rent weekly payments": {"Households where rent payments are less than 30% of household income": {"Wallarah": "--", "Australia": "--", "Wallarah_%": "85.3", "Australia_%": "88.5", "New South Wales_%": "87.1", "New South Wales": "--"}, "Households with rent payments greater than or equal to 30% of household income": {"Wallarah": "--", "Australia": "--", "Wallarah_%": "14.7", "Australia_%": "11.5", "New South Wales_%": "12.9", "New South Wales": "--"}, "Median rent": {"Wallarah": "510", "Australia": "335", "Wallarah_%": "--", "Australia_%": "--", "New South Wales_%": "--", "New South Wales": "380"}}, "Registered marital status": {"Separated": {"Wallarah": "0", "Australia": "608,059", "Wallarah_%": "0.0", "Australia_%": "3.2", "New South Wales_%": "3.1", "New South Wales": "190,198"}, "Widowed": {"Wallarah": "11", "Australia": "985,204", "Wallarah_%": "4.1", "Australia_%": "5.2", "New South Wales_%": "5.4", "New South Wales": "331,653"}, "Married": {"Wallarah": "131", "Australia": "9,148,218", "Wallarah_%": "49.1", "Australia_%": "48.1", "New South Wales_%": "48.7", "New South Wales": "2,965,280"}, "Divorced": {"Wallarah": "26", "Australia": "1,626,890", "Wallarah_%": "9.7", "Australia_%": "8.5", "New South Wales_%": "8.4", "New South Wales": "512,298"}, "Never married": {"Wallarah": "99", "Australia": "6,668,910", "Wallarah_%": "37.1", "Australia_%": "35.0", "New South Wales_%": "34.4", "New South Wales": "2,094,460"}}, "summaryTable_qsPeople": {"Male": "50.3%", "Median age": "38", "Female": "49.7%", "People": "370"}, "Dwelling characteristics": {"Average number of people per household": {"Wallarah": "4", "Australia": "3.2", "Wallarah_%": "--", "Australia_%": "--", "New South Wales_%": "--", "New South Wales": "3.1"}, "Average number of persons per bedroom": {"Wallarah": "1.5", "Australia": "1", "Wallarah_%": "--", "Australia_%": "--", "New South Wales_%": "--", "New South Wales": "1"}, "Median weekly household income": {"Wallarah": "2,125", "Australia": "1,203", "Wallarah_%": "--", "Australia_%": "--", "New South Wales_%": "--", "New South Wales": "1,214"}}, "Unpaid work": {"Did unpaid domestic work (last week)": {"Wallarah": "189", "Australia": "13,143,914", "Wallarah_%": "64.5", "Australia_%": "69.0", "New South Wales_%": "67.7", "New South Wales": "4,127,723"}, "Provided unpaid assistance to a person with a disability (last two weeks)": {"Wallarah": "41", "Australia": "2,145,203", "Wallarah_%": "14.5", "Australia_%": "11.3", "New South Wales_%": "11.6", "New South Wales": "709,415"}, "Did voluntary work through an organisation or group (last 12 months)": {"Wallarah": "33", "Australia": "3,620,726", "Wallarah_%": "11.4", "Australia_%": "19.0", "New South Wales_%": "18.1", "New South Wales": "1,103,790"}, "Cared for child/children (last two weeks)": {"Wallarah": "73", "Australia": "5,259,400", "Wallarah_%": "25.4", "Australia_%": "27.6", "New South Wales_%": "27.2", "New South Wales": "1,659,250"}}, "Unpaid domestic work, number of hours": {"5 to 14 hours per week": {"Wallarah": "53", "Australia": "4,944,578", "Wallarah_%": "18.3", "Australia_%": "26.0", "New South Wales_%": "25.1", "New South Wales": "1,531,206"}, "30 hours or more per week": {"Wallarah": "37", "Australia": "1,710,970", "Wallarah_%": "12.8", "Australia_%": "9.0", "New South Wales_%": "9.0", "New South Wales": "545,925"}, "Less than 5 hours per week": {"Wallarah": "58", "Australia": "4,298,593", "Wallarah_%": "20.1", "Australia_%": "22.6", "New South Wales_%": "22.3", "New South Wales": "1,359,656"}, "15 to 29 hours per week": {"Wallarah": "37", "Australia": "2,189,776", "Wallarah_%": "12.8", "Australia_%": "11.5", "New South Wales_%": "11.3", "New South Wales": "690,934"}}, "Industry of employment, top responses": {"House Construction": {"Wallarah": "4", "Australia": "86,030", "Wallarah_%": "3.5", "Australia_%": "0.8", "New South Wales_%": "0.7", "New South Wales": "24,881"}, "Hospitals (except Psychiatric Hospitals)": {"Wallarah": "5", "Australia": "411,808", "Wallarah_%": "4.4", "Australia_%": "3.9", "New South Wales_%": "3.5", "New South Wales": "119,350"}, "Site Preparation Services": {"Wallarah": "11", "Australia": "37,091", "Wallarah_%": "9.7", "Australia_%": "0.3", "New South Wales_%": "0.3", "New South Wales": "11,474"}, "Aged Care Residential Services": {"Wallarah": "8", "Australia": "211,621", "Wallarah_%": "7.1", "Australia_%": "2.0", "New South Wales_%": "2.0", "New South Wales": "67,209"}, "Supermarket and Grocery Stores": {"Wallarah": "4", "Australia": "254,275", "Wallarah_%": "3.5", "Australia_%": "2.4", "New South Wales_%": "2.2", "New South Wales": "74,487"}}, "GeoInfo": {"city": "Wallarah"}, "Education": {"University or tertiary institution": {"Wallarah": "8", "Australia": "1,160,626", "Wallarah_%": "6.6", "Australia_%": "16.1", "New South Wales_%": "16.2", "New South Wales": "376,133"}, "Secondary - Catholic": {"Wallarah": "8", "Australia": "338,384", "Wallarah_%": "6.6", "Australia_%": "4.7", "New South Wales_%": "5.1", "New South Wales": "117,689"}, "Secondary - other non Government": {"Wallarah": "0", "Australia": "280,618", "Wallarah_%": "0.0", "Australia_%": "3.9", "New South Wales_%": "3.4", "New South Wales": "79,915"}, "Primary - Catholic": {"Wallarah": "10", "Australia": "380,604", "Wallarah_%": "8.2", "Australia_%": "5.3", "New South Wales_%": "5.3", "New South Wales": "122,099"}, "Primary - Government": {"Wallarah": "22", "Australia": "1,314,787", "Wallarah_%": "18.0", "Australia_%": "18.2", "New South Wales_%": "18.0", "New South Wales": "417,465"}, "Other": {"Wallarah": "3", "Australia": "198,383", "Wallarah_%": "2.5", "Australia_%": "2.8", "New South Wales_%": "2.7", "New South Wales": "63,673"}, "Technical or further education institution": {"Wallarah": "3", "Australia": "424,869", "Wallarah_%": "2.5", "Australia_%": "5.9", "New South Wales_%": "6.2", "New South Wales": "144,103"}, "Secondary - Government": {"Wallarah": "17", "Australia": "827,505", "Wallarah_%": "13.9", "Australia_%": "11.5", "New South Wales_%": "11.6", "New South Wales": "269,249"}, "Primary - other non Government": {"Wallarah": "5", "Australia": "231,490", "Wallarah_%": "4.1", "Australia_%": "3.2", "New South Wales_%": "2.9", "New South Wales": "67,611"}, "Not stated": {"Wallarah": "41", "Australia": "1,707,023", "Wallarah_%": "33.6", "Australia_%": "23.7", "New South Wales_%": "23.0", "New South Wales": "535,266"}, "Preschool": {"Wallarah": "5", "Australia": "347,621", "Wallarah_%": "4.1", "Australia_%": "4.8", "New South Wales_%": "5.7", "New South Wales": "132,047"}}, "Employment": {"Unemployed": {"Wallarah": "10", "Australia": "787,452", "Wallarah_%": "6.1", "Australia_%": "6.9", "New South Wales_%": "6.3", "New South Wales": "225,546"}, "Worked part-time": {"Wallarah": "63", "Australia": "3,491,503", "Wallarah_%": "38.4", "Australia_%": "30.4", "New South Wales_%": "29.7", "New South Wales": "1,071,151"}, "Away from work": {"Wallarah": "7", "Australia": "569,276", "Wallarah_%": "4.3", "Australia_%": "5.0", "New South Wales_%": "4.8", "New South Wales": "174,654"}, "Worked full-time": {"Wallarah": "84", "Australia": "6,623,065", "Wallarah_%": "51.2", "Australia_%": "57.7", "New South Wales_%": "59.2", "New South Wales": "2,134,521"}}, "Travel to work, top responses": {"Worked at home": {"Wallarah": "17", "Australia": "503,582", "Wallarah_%": "10.9", "Australia_%": "4.7", "New South Wales_%": "4.8", "New South Wales": "163,026"}, "People who travelled to work by car as driver or passenger": {"Wallarah": "109", "Australia": "7,305,271", "Wallarah_%": "74.7", "Australia_%": "68.4", "New South Wales_%": "64.6", "New South Wales": "2,182,854"}, "null": {"Wallarah": null, "Australia": "None", "Wallarah_%": null, "Australia_%": "None", "New South Wales_%": "None", "New South Wales": "None"}, "People who travelled to work by public transport": {"Wallarah": "10", "Australia": "1,225,668", "Wallarah_%": "6.5", "Australia_%": "11.5", "New South Wales_%": "16.0", "New South Wales": "540,215"}, "Car, as driver": {"Wallarah": "100", "Australia": "6,574,571", "Wallarah_%": "64.1", "Australia_%": "61.5", "New South Wales_%": "57.8", "New South Wales": "1,953,399"}, "Train": {"Wallarah": "4", "Australia": "488,012", "Wallarah_%": "2.6", "Australia_%": "4.6", "New South Wales_%": "7.5", "New South Wales": "252,786"}, "Truck": {"Wallarah": "3", "Australia": "85,892", "Wallarah_%": "1.9", "Australia_%": "0.8", "New South Wales_%": "1.0", "New South Wales": "32,908"}, "Car, as passenger": {"Wallarah": "12", "Australia": "489,922", "Wallarah_%": "7.7", "Australia_%": "4.6", "New South Wales_%": "4.3", "New South Wales": "144,820"}}, "Occupation": {"Professionals": {"Wallarah": "11", "Australia": "2,370,966", "Wallarah_%": "7.2", "Australia_%": "22.2", "New South Wales_%": "23.6", "New South Wales": "798,126"}, "Managers": {"Wallarah": "16", "Australia": "1,390,047", "Wallarah_%": "10.5", "Australia_%": "13.0", "New South Wales_%": "13.5", "New South Wales": "456,084"}, "Labourers": {"Wallarah": "23", "Australia": "1,011,520", "Wallarah_%": "15.0", "Australia_%": "9.5", "New South Wales_%": "8.8", "New South Wales": "297,887"}, "Clerical and Administrative Workers": {"Wallarah": "16", "Australia": "1,449,681", "Wallarah_%": "10.5", "Australia_%": "13.6", "New South Wales_%": "13.8", "New South Wales": "467,977"}, "Machinery Operators and Drivers": {"Wallarah": "17", "Australia": "670,106", "Wallarah_%": "11.1", "Australia_%": "6.3", "New South Wales_%": "6.1", "New South Wales": "206,839"}, "Community and Personal Service Workers": {"Wallarah": "24", "Australia": "1,157,003", "Wallarah_%": "15.7", "Australia_%": "10.8", "New South Wales_%": "10.4", "New South Wales": "350,261"}, "Sales Workers": {"Wallarah": "16", "Australia": "1,000,955", "Wallarah_%": "10.5", "Australia_%": "9.4", "New South Wales_%": "9.2", "New South Wales": "311,414"}, "Technicians and Trades Workers": {"Wallarah": "27", "Australia": "1,447,414", "Wallarah_%": "17.6", "Australia_%": "13.5", "New South Wales_%": "12.7", "New South Wales": "429,239"}}}