{"GeoInfo": {"city": "Warranulla"}, "summaryTable_qsDwelling": {"Median monthly mortgage repayments": "$0", "All private dwellings": "23", "Average people per household": "1.9", "Median weekly household income": "$725", "Median weekly rent": "$0", "Average motor vehicles per dwelling": "1.7"}, "summaryTable_qsPeople": {"Male": "75%", "Median age": "54", "Female": "25%", "People": "31"}, "summaryTable_qsFamilies": {"for all families": "0", "for families with children": "0", "Families": "7", "Average children per family": "None"}}