{"GeoInfo": {"city": "Williamsdale"}, "summaryTable_qsDwelling": {"Median monthly mortgage repayments": "$2,167", "All private dwellings": "26", "Average people per household": "2.8", "Median weekly household income": "$2,583", "Median weekly rent": "$0", "Average motor vehicles per dwelling": "3"}, "summaryTable_qsPeople": {"Male": "59.7%", "Median age": "45", "Female": "40.3%", "People": "63"}, "summaryTable_qsFamilies": {"for all families": "0.5", "for families with children": "2", "Families": "12", "Average children per family": "None"}}