{"GeoInfo": {"city": "Winegrove"}, "summaryTable_qsDwelling": {"Median monthly mortgage repayments": "$0", "All private dwellings": "22", "Average people per household": "1.6", "Median weekly household income": "$749", "Median weekly rent": "$0", "Average motor vehicles per dwelling": "1.4"}, "summaryTable_qsPeople": {"Male": "63.2%", "Median age": "60", "Female": "36.8%", "People": "40"}, "summaryTable_qsFamilies": {"for all families": "0", "for families with children": "0", "Families": "8", "Average children per family": "None"}}