{"GeoInfo": {"city": "Wombat Creek (NSW)"}, "summaryTable_qsDwelling": {"Median monthly mortgage repayments": "$0", "All private dwellings": "6", "Average people per household": "1.5", "Median weekly household income": "$699", "Median weekly rent": "$0", "Average motor vehicles per dwelling": "0"}, "summaryTable_qsPeople": {"Male": "50%", "Median age": "63", "Female": "50%", "People": "7"}, "summaryTable_qsFamilies": {"for all families": "0", "for families with children": "0", "Families": "3", "Average children per family": "None"}}