{"GeoInfo": {"city": "Wonboyn"}, "summaryTable_qsDwelling": {"Median monthly mortgage repayments": "$975", "All private dwellings": "109", "Average people per household": "2", "Median weekly household income": "$782", "Median weekly rent": "$0", "Average motor vehicles per dwelling": "1.8"}, "summaryTable_qsPeople": {"Male": "51.9%", "Median age": "61", "Female": "48.1%", "People": "103"}, "summaryTable_qsFamilies": {"for all families": "0.1", "for families with children": "2", "Families": "34", "Average children per family": "None"}}