{"Employment - hours worked": {"40 hours or more per week": {"Australia": "4,591,801", "Australia_%": "43.0", "New South Wales_%": "44.1", "Wyong Creek": "97", "New South Wales": "1,489,099", "Wyong Creek_%": "41.6"}, "25-34 hours per week": {"Australia": "1,193,445", "Australia_%": "11.2", "New South Wales_%": "10.5", "Wyong Creek": "33", "New South Wales": "353,702", "Wyong Creek_%": "14.2"}, "16-24 hours per week": {"Australia": "1,079,236", "Australia_%": "10.1", "New South Wales_%": "10.4", "Wyong Creek": "28", "New South Wales": "352,817", "Wyong Creek_%": "12.0"}, "35-39 hours per week": {"Australia": "2,031,263", "Australia_%": "19.0", "New South Wales_%": "19.1", "Wyong Creek": "29", "New South Wales": "645,428", "Wyong Creek_%": "12.4"}, "1-15 hours per week": {"Australia": "1,218,823", "Australia_%": "11.4", "New South Wales_%": "10.8", "Wyong Creek": "38", "New South Wales": "364,637", "Wyong Creek_%": "16.3"}}, "Number of registered motor vehicles": {"2 motor vehicles": {"Australia": "2,999,184", "Australia_%": "36.2", "New South Wales_%": "34.1", "Wyong Creek": "53", "New South Wales": "887,849", "Wyong Creek_%": "35.1"}, "None": {"Australia": "623,829", "Australia_%": "7.5", "New South Wales_%": "9.2", "Wyong Creek": "0", "New South Wales": "239,625", "Wyong Creek_%": "0.0"}, "Number of motor vehicles not stated": {"Australia": "285,197", "Australia_%": "3.4", "New South Wales_%": "3.7", "Wyong Creek": "7", "New South Wales": "95,623", "Wyong Creek_%": "4.6"}, "1 motor vehicle": {"Australia": "2,881,485", "Australia_%": "34.8", "New South Wales_%": "36.3", "Wyong Creek": "32", "New South Wales": "946,159", "Wyong Creek_%": "21.2"}, "3 or more vehicles": {"Australia": "1,496,382", "Australia_%": "18.1", "New South Wales_%": "16.7", "Wyong Creek": "59", "New South Wales": "435,053", "Wyong Creek_%": "39.1"}}, "Employment status of parents in couple families": {"Labour force status not stated (by one or both parents in a couple family)": {"Australia": "311,381", "Australia_%": "6.2", "New South Wales_%": "5.7", "Wyong Creek": "8", "New South Wales": "90,630", "Wyong Creek_%": "7.5"}, "One employed full-time, one part-time": {"Australia": "1,086,460", "Australia_%": "21.7", "New South Wales_%": "20.6", "Wyong Creek": "29", "New South Wales": "329,567", "Wyong Creek_%": "27.1"}, "One employed part-time, other not working": {"Australia": "302,037", "Australia_%": "6.0", "New South Wales_%": "6.1", "Wyong Creek": "7", "New South Wales": "96,933", "Wyong Creek_%": "6.5"}, "Other (includes away from work)": {"Australia": "264,145", "Australia_%": "5.3", "New South Wales_%": "5.1", "Wyong Creek": "3", "New South Wales": "80,905", "Wyong Creek_%": "2.8"}, "Both employed, worked full-time": {"Australia": "1,084,006", "Australia_%": "21.6", "New South Wales_%": "22.6", "Wyong Creek": "24", "New South Wales": "360,916", "Wyong Creek_%": "22.4"}, "One employed full-time, other not working": {"Australia": "749,886", "Australia_%": "15.0", "New South Wales_%": "15.0", "Wyong Creek": "10", "New South Wales": "240,084", "Wyong Creek_%": "9.3"}, "Both employed, worked part-time": {"Australia": "203,596", "Australia_%": "4.1", "New South Wales_%": "4.0", "Wyong Creek": "9", "New South Wales": "63,106", "Wyong Creek_%": "8.4"}, "Both not working": {"Australia": "1,006,697", "Australia_%": "20.1", "New South Wales_%": "21.0", "Wyong Creek": "17", "New South Wales": "334,742", "Wyong Creek_%": "15.9"}}, "Country of birth of mother, stated responses": {"New Zealand": {"Australia": "608,329", "Australia_%": "2.6", "New South Wales_%": "1.9", "Wyong Creek": "7", "New South Wales": "139,899", "Wyong Creek_%": "1.7"}, "Australia": {"Australia": "12,643,365", "Australia_%": "54.0", "New South Wales_%": "51.9", "Wyong Creek": "307", "New South Wales": "3,884,762", "Wyong Creek_%": "73.6"}, "England": {"Australia": "1,302,147", "Australia_%": "5.6", "New South Wales_%": "4.3", "Wyong Creek": "27", "New South Wales": "322,472", "Wyong Creek_%": "6.5"}, "United Kingdom, Channel Islands and Isle of Man, nfd": {"Australia": "155,231", "Australia_%": "0.7", "New South Wales_%": "0.5", "Wyong Creek": "4", "New South Wales": "38,504", "Wyong Creek_%": "1.0"}, "Ireland": {"Australia": "147,423", "Australia_%": "0.6", "New South Wales_%": "0.6", "Wyong Creek": "4", "New South Wales": "45,638", "Wyong Creek_%": "1.0"}}, "Dwelling structure": {"Other dwelling": {"Australia": "64,425", "Australia_%": "0.8", "New South Wales_%": "0.9", "Wyong Creek": "0", "New South Wales": "23,580", "Wyong Creek_%": "0.0"}, "Semi-detached, row or terrace house, townhouse etc": {"Australia": "1,055,016", "Australia_%": "12.7", "New South Wales_%": "12.2", "Wyong Creek": "0", "New South Wales": "317,453", "Wyong Creek_%": "0.0"}, "Separate house": {"Australia": "6,041,788", "Australia_%": "72.9", "New South Wales_%": "66.4", "Wyong Creek": "141", "New South Wales": "1,729,820", "Wyong Creek_%": "100.0"}, "Flat or apartment": {"Australia": "1,087,434", "Australia_%": "13.1", "New South Wales_%": "19.9", "Wyong Creek": "0", "New South Wales": "519,390", "Wyong Creek_%": "0.0"}}, "Number of bedrooms": {"1 bedroom": {"Australia": "411,252", "Australia_%": "5.0", "New South Wales_%": "6.0", "Wyong Creek": "8", "New South Wales": "157,194", "Wyong Creek_%": "5.7"}, "3 bedrooms": {"Australia": "3,403,190", "Australia_%": "41.1", "New South Wales_%": "37.2", "Wyong Creek": "48", "New South Wales": "970,001", "Wyong Creek_%": "34.0"}, "Average number of people per household": {"Australia": "2.6", "Australia_%": "--", "New South Wales_%": "--", "Wyong Creek": "2.8", "New South Wales": "2.6", "Wyong Creek_%": "--"}, "2 bedrooms": {"Australia": "1,562,759", "Australia_%": "18.9", "New South Wales_%": "22.2", "Wyong Creek": "9", "New South Wales": "577,675", "Wyong Creek_%": "6.4"}, "4 or more bedrooms": {"Australia": "2,670,758", "Australia_%": "32.2", "New South Wales_%": "31.3", "Wyong Creek": "73", "New South Wales": "816,405", "Wyong Creek_%": "51.8"}, "None (includes bedsitters)": {"Australia": "39,769", "Australia_%": "0.5", "New South Wales_%": "0.7", "Wyong Creek": "0", "New South Wales": "17,157", "Wyong Creek_%": "0.0"}, "Number of bedrooms not stated": {"Australia": "198,351", "Australia_%": "2.4", "New South Wales_%": "2.5", "Wyong Creek": "3", "New South Wales": "65,888", "Wyong Creek_%": "2.1"}, "Average number of bedrooms per dwelling": {"Australia": "3.1", "Australia_%": "--", "New South Wales_%": "--", "Wyong Creek": "3.6", "New South Wales": "3", "Wyong Creek_%": "--"}}, "summaryTable_qsFamilies": {"for all families": "0.8", "for families with children": "2.1", "Families": "118", "Average children per family": "None"}, "People characteristics": {"Male": {"Australia": "322,171", "Australia_%": "49.6", "New South Wales_%": "49.7", "Wyong Creek": "7", "New South Wales": "107,368", "Wyong Creek_%": "33.3"}, "Median age": {"Australia": "23", "Australia_%": "--", "New South Wales_%": "--", "Wyong Creek": "36", "New South Wales": "22", "Wyong Creek_%": "--"}, "Female": {"Australia": "326,996", "Australia_%": "50.4", "New South Wales_%": "50.3", "Wyong Creek": "14", "New South Wales": "108,809", "Wyong Creek_%": "66.7"}}, "Dwelling count": {"Unoccupied private dwellings": {"Australia": "1,039,874", "Australia_%": "11.2", "New South Wales_%": "9.9", "Wyong Creek": "15", "New South Wales": "284,741", "Wyong Creek_%": "9.6"}, "Occupied private dwellings": {"Australia": "8,286,073", "Australia_%": "88.8", "New South Wales_%": "90.1", "Wyong Creek": "141", "New South Wales": "2,604,320", "Wyong Creek_%": "90.4"}}, "Level of highest educational attainment": {"Certificate level III": {"Australia": "2,442,203", "Australia_%": "12.8", "New South Wales_%": "12.0", "Wyong Creek": "62", "New South Wales": "730,498", "Wyong Creek_%": "17.2"}, "Certificate level II": {"Australia": "13,454", "Australia_%": "0.1", "New South Wales_%": "0.1", "Wyong Creek": "0", "New South Wales": "4,849", "Wyong Creek_%": "0.0"}, "No educational attainment": {"Australia": "145,844", "Australia_%": "0.8", "New South Wales_%": "0.9", "Wyong Creek": "0", "New South Wales": "54,870", "Wyong Creek_%": "0.0"}, "Bachelor Degree level and above": {"Australia": "4,181,406", "Australia_%": "22.0", "New South Wales_%": "23.4", "Wyong Creek": "73", "New South Wales": "1,424,716", "Wyong Creek_%": "20.2"}, "Certificate level I": {"Australia": "2,176", "Australia_%": "0.0", "New South Wales_%": "0.0", "Wyong Creek": "0", "New South Wales": "625", "Wyong Creek_%": "0.0"}, "Year 11": {"Australia": "941,531", "Australia_%": "4.9", "New South Wales_%": "3.3", "Wyong Creek": "6", "New South Wales": "203,574", "Wyong Creek_%": "1.7"}, "Not stated": {"Australia": "1,974,794", "Australia_%": "10.4", "New South Wales_%": "10.3", "Wyong Creek": "48", "New South Wales": "627,465", "Wyong Creek_%": "13.3"}, "Year 9 or below": {"Australia": "1,529,897", "Australia_%": "8.0", "New South Wales_%": "8.4", "Wyong Creek": "27", "New South Wales": "513,209", "Wyong Creek_%": "7.5"}, "Certificate level IV": {"Australia": "551,767", "Australia_%": "2.9", "New South Wales_%": "2.8", "Wyong Creek": "15", "New South Wales": "167,947", "Wyong Creek_%": "4.2"}, "Year 10": {"Australia": "2,054,331", "Australia_%": "10.8", "New South Wales_%": "11.5", "Wyong Creek": "54", "New South Wales": "702,178", "Wyong Creek_%": "15.0"}, "Year 12": {"Australia": "2,994,097", "Australia_%": "15.7", "New South Wales_%": "15.3", "Wyong Creek": "46", "New South Wales": "930,654", "Wyong Creek_%": "12.7"}, "Advanced Diploma and Diploma level": {"Australia": "1,687,893", "Australia_%": "8.9", "New South Wales_%": "8.9", "Wyong Creek": "33", "New South Wales": "543,142", "Wyong Creek_%": "9.1"}}, "Median weekly incomes": {"Personal": {"Australia": "662", "Australia_%": "--", "New South Wales_%": "--", "Wyong Creek": "727", "New South Wales": "664", "Wyong Creek_%": "--"}, "Household": {"Australia": "1,438", "Australia_%": "--", "New South Wales_%": "--", "Wyong Creek": "1,589", "New South Wales": "1,486", "Wyong Creek_%": "--"}, "Family": {"Australia": "1,734", "Australia_%": "--", "New South Wales_%": "--", "Wyong Creek": "1,906", "New South Wales": "1,780", "Wyong Creek_%": "--"}}, "Family composition": {"Other family": {"Australia": "102,559", "Australia_%": "1.7", "New South Wales_%": "1.7", "Wyong Creek": "0", "New South Wales": "32,438", "Wyong Creek_%": "0.0"}, "Couple family with children": {"Australia": "2,716,224", "Australia_%": "44.7", "New South Wales_%": "45.7", "Wyong Creek": "49", "New South Wales": "887,358", "Wyong Creek_%": "43.4"}, "Couple family without children": {"Australia": "2,291,987", "Australia_%": "37.8", "New South Wales_%": "36.6", "Wyong Creek": "54", "New South Wales": "709,524", "Wyong Creek_%": "47.8"}, "One parent family": {"Australia": "959,543", "Australia_%": "15.8", "New South Wales_%": "16.0", "Wyong Creek": "10", "New South Wales": "310,906", "Wyong Creek_%": "8.8"}}, "Dwelling internet connection": {"Not stated": {"Australia": "221,494", "Australia_%": "2.7", "New South Wales_%": "2.8", "Wyong Creek": "7", "New South Wales": "73,565", "Wyong Creek_%": "4.8"}, "Internet not accessed from dwelling": {"Australia": "1,172,415", "Australia_%": "14.1", "New South Wales_%": "14.7", "Wyong Creek": "13", "New South Wales": "381,709", "Wyong Creek_%": "8.9"}, "Internet accessed from dwelling": {"Australia": "6,892,165", "Australia_%": "83.2", "New South Wales_%": "82.5", "Wyong Creek": "126", "New South Wales": "2,149,040", "Wyong Creek_%": "86.3"}}, "Social marital status": {"Not married": {"Australia": "7,024,973", "Australia_%": "41.9", "New South Wales_%": "42.3", "Wyong Creek": "109", "New South Wales": "2,290,887", "Wyong Creek_%": "33.9"}, "De facto marriage": {"Australia": "1,751,731", "Australia_%": "10.4", "New South Wales_%": "9.4", "Wyong Creek": "41", "New South Wales": "506,133", "Wyong Creek_%": "12.7"}, "Registered marriage": {"Australia": "8,001,141", "Australia_%": "47.7", "New South Wales_%": "48.3", "Wyong Creek": "172", "New South Wales": "2,612,630", "Wyong Creek_%": "53.4"}}, "Household composition": {"Family households": {"Australia": "5,907,625", "Australia_%": "71.3", "New South Wales_%": "72.0", "Wyong Creek": "103", "New South Wales": "1,874,524", "Wyong Creek_%": "72.5"}, "Group households": {"Australia": "354,917", "Australia_%": "4.3", "New South Wales_%": "4.2", "Wyong Creek": "4", "New South Wales": "109,004", "Wyong Creek_%": "2.8"}, "Single (or lone) person households": {"Australia": "2,023,542", "Australia_%": "24.4", "New South Wales_%": "23.8", "Wyong Creek": "35", "New South Wales": "620,778", "Wyong Creek_%": "24.6"}}, "People": {"Male": {"Australia": "11,546,638", "Australia_%": "49.3", "New South Wales_%": "49.3", "Wyong Creek": "227", "New South Wales": "3,686,014", "Wyong Creek_%": "52.1"}, "Aboriginal and/or Torres Strait Islander people": {"Australia": "649,171", "Australia_%": "2.8", "New South Wales_%": "2.9", "Wyong Creek": "17", "New South Wales": "216,176", "Wyong Creek_%": "3.9"}, "Female": {"Australia": "11,855,248", "Australia_%": "50.7", "New South Wales_%": "50.7", "Wyong Creek": "209", "New South Wales": "3,794,217", "Wyong Creek_%": "47.9"}}, "Language, top responses (other than English)": {"German": {"Australia": "79,353", "Australia_%": "0.3", "New South Wales_%": "0.3", "Wyong Creek": "8", "New South Wales": "23,033", "Wyong Creek_%": "1.9"}, "Households where a non English language is spoken": {"Australia": "1,971,011", "Australia_%": "22.2", "New South Wales_%": "26.5", "Wyong Creek": "14", "New South Wales": "735,563", "Wyong Creek_%": "9.0"}, "Arabic": {"Australia": "321,728", "Australia_%": "1.4", "New South Wales_%": "2.7", "Wyong Creek": "3", "New South Wales": "200,825", "Wyong Creek_%": "0.7"}, "null": {"Australia": "None", "Australia_%": "None", "New South Wales_%": "None", "Wyong Creek": null, "New South Wales": "None", "Wyong Creek_%": null}, "English only spoken at home": {"Australia": "17,020,417", "Australia_%": "72.7", "New South Wales_%": "68.5", "Wyong Creek": "371", "New South Wales": "5,126,633", "Wyong Creek_%": "87.9"}}, "summaryTable_qsDwelling": {"Median monthly mortgage repayments": "$2,229", "All private dwellings": "167", "Average people per household": "2.8", "Median weekly household income": "$1,589", "Median weekly rent": "$350", "Average motor vehicles per dwelling": "2.4"}, "Household income": {"Less than $650 gross weekly income": {"Australia": "--", "Australia_%": "20.0", "New South Wales_%": "19.7", "Wyong Creek": "--", "New South Wales": "--", "Wyong Creek_%": "15.9"}, "More than $3000 gross weekly income": {"Australia": "--", "Australia_%": "16.4", "New South Wales_%": "18.7", "Wyong Creek": "--", "New South Wales": "--", "Wyong Creek_%": "22.2"}}, "Country of birth": {"Other top responses": {"Wyong Creek": "None", "Wyong Creek_%": "None"}, "Germany": {"Australia": "102,595", "Australia_%": "0.4", "New South Wales_%": "0.4", "Wyong Creek": "3", "New South Wales": "29,541", "Wyong Creek_%": "0.7"}, "New Zealand": {"Australia": "518,466", "Australia_%": "2.2", "New South Wales_%": "1.6", "Wyong Creek": "8", "New South Wales": "117,136", "Wyong Creek_%": "1.9"}, "Australia": {"Australia": "15,614,835", "Australia_%": "66.7", "New South Wales_%": "65.5", "Wyong Creek": "352", "New South Wales": "4,899,090", "Wyong Creek_%": "84.0"}, "England": {"Australia": "907,570", "Australia_%": "3.9", "New South Wales_%": "3.0", "Wyong Creek": "17", "New South Wales": "226,564", "Wyong Creek_%": "4.1"}}, "Religious affiliation, top responses": {"No Religion, so described": {"Australia": "6,933,708", "Australia_%": "29.6", "New South Wales_%": "25.1", "Wyong Creek": "104", "New South Wales": "1,879,562", "Wyong Creek_%": "24.2"}, "Anglican": {"Australia": "3,101,185", "Australia_%": "13.3", "New South Wales_%": "15.5", "Wyong Creek": "109", "New South Wales": "1,161,810", "Wyong Creek_%": "25.3"}, "Not stated": {"Australia": "2,238,735", "Australia_%": "9.6", "New South Wales_%": "9.2", "Wyong Creek": "49", "New South Wales": "684,969", "Wyong Creek_%": "11.4"}, "Christian, nfd": {"Australia": "612,371", "Australia_%": "2.6", "New South Wales_%": "2.2", "Wyong Creek": "15", "New South Wales": "165,351", "Wyong Creek_%": "3.5"}, "Catholic": {"Australia": "5,291,834", "Australia_%": "22.6", "New South Wales_%": "24.7", "Wyong Creek": "102", "New South Wales": "1,846,443", "Wyong Creek_%": "23.7"}}, "Ancestry, top responses": {"German": {"Australia": "982,226", "Australia_%": "3.1", "New South Wales_%": "2.4", "Wyong Creek": "22", "New South Wales": "236,146", "Wyong Creek_%": "3.6"}, "Australian": {"Australia": "7,298,243", "Australia_%": "23.3", "New South Wales_%": "22.9", "Wyong Creek": "168", "New South Wales": "2,261,062", "Wyong Creek_%": "27.7"}, "Scottish": {"Australia": "2,023,470", "Australia_%": "6.4", "New South Wales_%": "5.9", "Wyong Creek": "43", "New South Wales": "587,052", "Wyong Creek_%": "7.1"}, "Irish": {"Australia": "2,388,058", "Australia_%": "7.6", "New South Wales_%": "7.5", "Wyong Creek": "72", "New South Wales": "741,671", "Wyong Creek_%": "11.9"}, "English": {"Australia": "7,852,224", "Australia_%": "25.0", "New South Wales_%": "23.3", "Wyong Creek": "202", "New South Wales": "2,302,481", "Wyong Creek_%": "33.3"}}, "Age": {"35-39 years": {"Australia": "1,561,679", "Australia_%": "6.7", "New South Wales_%": "6.7", "Wyong Creek": "16", "New South Wales": "499,724", "Wyong Creek_%": "3.6"}, "60-64 years": {"Australia": "1,299,397", "Australia_%": "5.6", "New South Wales_%": "5.6", "Wyong Creek": "27", "New South Wales": "420,044", "Wyong Creek_%": "6.1"}, "30-34 years": {"Australia": "1,703,847", "Australia_%": "7.3", "New South Wales_%": "7.2", "Wyong Creek": "23", "New South Wales": "540,360", "Wyong Creek_%": "5.2"}, "0-4 years": {"Australia": "1,464,779", "Australia_%": "6.3", "New South Wales_%": "6.2", "Wyong Creek": "22", "New South Wales": "465,135", "Wyong Creek_%": "4.9"}, "25-29 years": {"Australia": "1,664,602", "Australia_%": "7.1", "New South Wales_%": "7.0", "Wyong Creek": "20", "New South Wales": "527,161", "Wyong Creek_%": "4.5"}, "10-14 years": {"Australia": "1,397,183", "Australia_%": "6.0", "New South Wales_%": "5.9", "Wyong Creek": "25", "New South Wales": "443,009", "Wyong Creek_%": "5.6"}, "5-9 years": {"Australia": "1,502,646", "Australia_%": "6.4", "New South Wales_%": "6.4", "Wyong Creek": "22", "New South Wales": "478,184", "Wyong Creek_%": "4.9"}, "Median age": {"Australia": "38", "Australia_%": "--", "New South Wales_%": "--", "Wyong Creek": "47", "New South Wales": "38", "Wyong Creek_%": "--"}, "50-54 years": {"Australia": "1,523,551", "Australia_%": "6.5", "New South Wales_%": "6.5", "Wyong Creek": "42", "New South Wales": "485,546", "Wyong Creek_%": "9.4"}, "80-84 years": {"Australia": "460,549", "Australia_%": "2.0", "New South Wales_%": "2.1", "Wyong Creek": "9", "New South Wales": "155,806", "Wyong Creek_%": "2.0"}, "40-44 years": {"Australia": "1,583,257", "Australia_%": "6.8", "New South Wales_%": "6.7", "Wyong Creek": "27", "New South Wales": "503,169", "Wyong Creek_%": "6.1"}, "70-74 years": {"Australia": "887,716", "Australia_%": "3.8", "New South Wales_%": "3.9", "Wyong Creek": "21", "New South Wales": "292,556", "Wyong Creek_%": "4.7"}, "15-19 years": {"Australia": "1,421,595", "Australia_%": "6.1", "New South Wales_%": "6.0", "Wyong Creek": "36", "New South Wales": "448,425", "Wyong Creek_%": "8.1"}, "65-69 years": {"Australia": "1,188,999", "Australia_%": "5.1", "New South Wales_%": "5.1", "Wyong Creek": "38", "New South Wales": "384,470", "Wyong Creek_%": "8.5"}, "20-24 years": {"Australia": "1,566,793", "Australia_%": "6.7", "New South Wales_%": "6.5", "Wyong Creek": "18", "New South Wales": "489,673", "Wyong Creek_%": "4.0"}, "55-59 years": {"Australia": "1,454,332", "Australia_%": "6.2", "New South Wales_%": "6.3", "Wyong Creek": "51", "New South Wales": "469,726", "Wyong Creek_%": "11.4"}, "75-79 years": {"Australia": "652,657", "Australia_%": "2.8", "New South Wales_%": "2.9", "Wyong Creek": "11", "New South Wales": "217,308", "Wyong Creek_%": "2.5"}, "45-49 years": {"Australia": "1,581,455", "Australia_%": "6.8", "New South Wales_%": "6.6", "Wyong Creek": "35", "New South Wales": "492,440", "Wyong Creek_%": "7.8"}, "85 years and over": {"Australia": "486,842", "Australia_%": "2.1", "New South Wales_%": "2.2", "Wyong Creek": "3", "New South Wales": "167,506", "Wyong Creek_%": "0.7"}}, "Single (or lone) parents": {"Male": {"Australia": "--", "Australia_%": "18.2", "New South Wales_%": "17.8", "Wyong Creek": "--", "New South Wales": "--", "Wyong Creek_%": "0.0"}, "Female": {"Australia": "--", "Australia_%": "81.8", "New South Wales_%": "82.2", "Wyong Creek": "--", "New South Wales": "--", "Wyong Creek_%": "100.0"}}, "Mortgage monthly repayments": {"Median mortgage repayments": {"Australia": "1,755", "Australia_%": "--", "New South Wales_%": "--", "Wyong Creek": "2,229", "New South Wales": "1,986", "Wyong Creek_%": "--"}, "Households where mortgage repayments are less than 30% of household income": {"Australia": "--", "Australia_%": "92.8", "New South Wales_%": "92.6", "Wyong Creek": "--", "New South Wales": "--", "Wyong Creek_%": "85.7"}, "Households with mortgage repayments greater than or equal to 30% of household income": {"Australia": "--", "Australia_%": "7.2", "New South Wales_%": "7.4", "Wyong Creek": "--", "New South Wales": "--", "Wyong Creek_%": "14.3"}}, "Mortgage and rent": {"Median monthly mortgage repayments": {"Australia": "1,660", "Australia_%": "--", "New South Wales_%": "--", "Wyong Creek": "0", "New South Wales": "1,733", "Wyong Creek_%": "--"}, "Median weekly rent": {"Australia": "250", "Australia_%": "--", "New South Wales_%": "--", "Wyong Creek": "0", "New South Wales": "270", "Wyong Creek_%": "--"}}, "Tenure": {"Rented": {"Australia": "2,561,302", "Australia_%": "30.9", "New South Wales_%": "31.8", "Wyong Creek": "15", "New South Wales": "826,922", "Wyong Creek_%": "10.3"}, "Owned outright": {"Australia": "2,565,695", "Australia_%": "31.0", "New South Wales_%": "32.2", "Wyong Creek": "72", "New South Wales": "839,665", "Wyong Creek_%": "49.3"}, "Owned with a mortgage": {"Australia": "2,855,222", "Australia_%": "34.5", "New South Wales_%": "32.3", "Wyong Creek": "51", "New South Wales": "840,004", "Wyong Creek_%": "34.9"}, "Tenure type not stated": {"Australia": "224,869", "Australia_%": "2.7", "New South Wales_%": "2.8", "Wyong Creek": "5", "New South Wales": "73,763", "Wyong Creek_%": "3.4"}, "Other tenure type": {"Australia": "78,994", "Australia_%": "1.0", "New South Wales_%": "0.9", "Wyong Creek": "3", "New South Wales": "23,968", "Wyong Creek_%": "2.1"}}, "Country of birth of father, stated responses": {"Germany": {"Australia": "170,571", "Australia_%": "0.7", "New South Wales_%": "0.6", "Wyong Creek": "6", "New South Wales": "47,543", "Wyong Creek_%": "1.4"}, "New Zealand": {"Australia": "617,331", "Australia_%": "2.6", "New South Wales_%": "1.9", "Wyong Creek": "17", "New South Wales": "143,450", "Wyong Creek_%": "3.9"}, "Australia": {"Australia": "12,231,150", "Australia_%": "52.3", "New South Wales_%": "50.1", "Wyong Creek": "294", "New South Wales": "3,745,787", "Wyong Creek_%": "68.1"}, "England": {"Australia": "1,403,096", "Australia_%": "6.0", "New South Wales_%": "4.8", "Wyong Creek": "35", "New South Wales": "359,370", "Wyong Creek_%": "8.1"}, "Greece": {"Australia": "226,920", "Australia_%": "1.0", "New South Wales_%": "1.0", "Wyong Creek": "7", "New South Wales": "72,635", "Wyong Creek_%": "1.6"}}, "Country of birth of father and/or mother, stated responses": {"Father only born overseas": {"Australia": "1,488,092", "Australia_%": "6.4", "New South Wales_%": "6.1", "Wyong Creek": "46", "New South Wales": "458,394", "Wyong Creek_%": "10.5"}, "Mother only born overseas": {"Australia": "1,094,591", "Australia_%": "4.7", "New South Wales_%": "4.3", "Wyong Creek": "30", "New South Wales": "325,182", "Wyong Creek_%": "6.9"}, "Both parents born overseas": {"Australia": "8,051,196", "Australia_%": "34.4", "New South Wales_%": "37.0", "Wyong Creek": "59", "New South Wales": "2,764,170", "Wyong Creek_%": "13.5"}, "Both parents born in Australia": {"Australia": "11,070,538", "Australia_%": "47.3", "New South Wales_%": "45.4", "Wyong Creek": "256", "New South Wales": "3,399,725", "Wyong Creek_%": "58.6"}}, "Rent weekly payments": {"Households where rent payments are less than 30% of household income": {"Australia": "--", "Australia_%": "88.5", "New South Wales_%": "87.1", "Wyong Creek": "--", "New South Wales": "--", "Wyong Creek_%": "92.3"}, "Households with rent payments greater than or equal to 30% of household income": {"Australia": "--", "Australia_%": "11.5", "New South Wales_%": "12.9", "Wyong Creek": "--", "New South Wales": "--", "Wyong Creek_%": "7.7"}, "Median rent": {"Australia": "335", "Australia_%": "--", "New South Wales_%": "--", "Wyong Creek": "350", "New South Wales": "380", "Wyong Creek_%": "--"}}, "Registered marital status": {"Separated": {"Australia": "608,059", "Australia_%": "3.2", "New South Wales_%": "3.1", "Wyong Creek": "7", "New South Wales": "190,198", "Wyong Creek_%": "1.9"}, "Widowed": {"Australia": "985,204", "Australia_%": "5.2", "New South Wales_%": "5.4", "Wyong Creek": "10", "New South Wales": "331,653", "Wyong Creek_%": "2.7"}, "Married": {"Australia": "9,148,218", "Australia_%": "48.1", "New South Wales_%": "48.7", "Wyong Creek": "203", "New South Wales": "2,965,280", "Wyong Creek_%": "54.3"}, "Divorced": {"Australia": "1,626,890", "Australia_%": "8.5", "New South Wales_%": "8.4", "Wyong Creek": "38", "New South Wales": "512,298", "Wyong Creek_%": "10.2"}, "Never married": {"Australia": "6,668,910", "Australia_%": "35.0", "New South Wales_%": "34.4", "Wyong Creek": "116", "New South Wales": "2,094,460", "Wyong Creek_%": "31.0"}}, "summaryTable_qsPeople": {"Male": "52.1%", "Median age": "47", "Female": "47.9%", "People": "434"}, "Dwelling characteristics": {"Average number of people per household": {"Australia": "3.2", "Australia_%": "--", "New South Wales_%": "--", "Wyong Creek": "1.5", "New South Wales": "3.1", "Wyong Creek_%": "--"}, "Average number of persons per bedroom": {"Australia": "1", "Australia_%": "--", "New South Wales_%": "--", "Wyong Creek": "0.8", "New South Wales": "1", "Wyong Creek_%": "--"}, "Median weekly household income": {"Australia": "1,203", "Australia_%": "--", "New South Wales_%": "--", "Wyong Creek": "1,375", "New South Wales": "1,214", "Wyong Creek_%": "--"}}, "Unpaid work": {"Did unpaid domestic work (last week)": {"Australia": "13,143,914", "Australia_%": "69.0", "New South Wales_%": "67.7", "Wyong Creek": "276", "New South Wales": "4,127,723", "Wyong Creek_%": "75.4"}, "Provided unpaid assistance to a person with a disability (last two weeks)": {"Australia": "2,145,203", "Australia_%": "11.3", "New South Wales_%": "11.6", "Wyong Creek": "54", "New South Wales": "709,415", "Wyong Creek_%": "14.7"}, "Did voluntary work through an organisation or group (last 12 months)": {"Australia": "3,620,726", "Australia_%": "19.0", "New South Wales_%": "18.1", "Wyong Creek": "96", "New South Wales": "1,103,790", "Wyong Creek_%": "25.8"}, "Cared for child/children (last two weeks)": {"Australia": "5,259,400", "Australia_%": "27.6", "New South Wales_%": "27.2", "Wyong Creek": "102", "New South Wales": "1,659,250", "Wyong Creek_%": "27.7"}}, "Unpaid domestic work, number of hours": {"5 to 14 hours per week": {"Australia": "4,944,578", "Australia_%": "26.0", "New South Wales_%": "25.1", "Wyong Creek": "104", "New South Wales": "1,531,206", "Wyong Creek_%": "28.4"}, "30 hours or more per week": {"Australia": "1,710,970", "Australia_%": "9.0", "New South Wales_%": "9.0", "Wyong Creek": "46", "New South Wales": "545,925", "Wyong Creek_%": "12.6"}, "Less than 5 hours per week": {"Australia": "4,298,593", "Australia_%": "22.6", "New South Wales_%": "22.3", "Wyong Creek": "72", "New South Wales": "1,359,656", "Wyong Creek_%": "19.7"}, "15 to 29 hours per week": {"Australia": "2,189,776", "Australia_%": "11.5", "New South Wales_%": "11.3", "Wyong Creek": "54", "New South Wales": "690,934", "Wyong Creek_%": "14.8"}}, "Industry of employment, top responses": {"Primary Education": {"Australia": "231,198", "Australia_%": "2.2", "New South Wales_%": "1.9", "Wyong Creek": "9", "New South Wales": "65,204", "Wyong Creek_%": "5.4"}, "Nature Reserves and Conservation Parks Operation": {"Australia": "9,123", "Australia_%": "0.1", "New South Wales_%": "0.1", "Wyong Creek": "8", "New South Wales": "2,206", "Wyong Creek_%": "4.8"}, "Other Horse and Dog Racing Activities": {"Australia": "7,173", "Australia_%": "0.1", "New South Wales_%": "0.1", "Wyong Creek": "5", "New South Wales": "2,112", "Wyong Creek_%": "3.0"}, "Carpentry Services": {"Australia": "55,885", "Australia_%": "0.5", "New South Wales_%": "0.6", "Wyong Creek": "5", "New South Wales": "18,609", "Wyong Creek_%": "3.0"}, "Accommodation": {"Australia": "113,377", "Australia_%": "1.1", "New South Wales_%": "1.0", "Wyong Creek": "5", "New South Wales": "34,450", "Wyong Creek_%": "3.0"}}, "GeoInfo": {"city": "Wyong Creek"}, "Education": {"University or tertiary institution": {"Australia": "1,160,626", "Australia_%": "16.1", "New South Wales_%": "16.2", "Wyong Creek": "15", "New South Wales": "376,133", "Wyong Creek_%": "10.5"}, "Secondary - Catholic": {"Australia": "338,384", "Australia_%": "4.7", "New South Wales_%": "5.1", "Wyong Creek": "7", "New South Wales": "117,689", "Wyong Creek_%": "4.9"}, "Secondary - other non Government": {"Australia": "280,618", "Australia_%": "3.9", "New South Wales_%": "3.4", "Wyong Creek": "8", "New South Wales": "79,915", "Wyong Creek_%": "5.6"}, "Primary - Catholic": {"Australia": "380,604", "Australia_%": "5.3", "New South Wales_%": "5.3", "Wyong Creek": "5", "New South Wales": "122,099", "Wyong Creek_%": "3.5"}, "Primary - Government": {"Australia": "1,314,787", "Australia_%": "18.2", "New South Wales_%": "18.0", "Wyong Creek": "15", "New South Wales": "417,465", "Wyong Creek_%": "10.5"}, "Other": {"Australia": "198,383", "Australia_%": "2.8", "New South Wales_%": "2.7", "Wyong Creek": "3", "New South Wales": "63,673", "Wyong Creek_%": "2.1"}, "Technical or further education institution": {"Australia": "424,869", "Australia_%": "5.9", "New South Wales_%": "6.2", "Wyong Creek": "12", "New South Wales": "144,103", "Wyong Creek_%": "8.4"}, "Secondary - Government": {"Australia": "827,505", "Australia_%": "11.5", "New South Wales_%": "11.6", "Wyong Creek": "13", "New South Wales": "269,249", "Wyong Creek_%": "9.1"}, "Primary - other non Government": {"Australia": "231,490", "Australia_%": "3.2", "New South Wales_%": "2.9", "Wyong Creek": "10", "New South Wales": "67,611", "Wyong Creek_%": "7.0"}, "Not stated": {"Australia": "1,707,023", "Australia_%": "23.7", "New South Wales_%": "23.0", "Wyong Creek": "47", "New South Wales": "535,266", "Wyong Creek_%": "32.9"}, "Preschool": {"Australia": "347,621", "Australia_%": "4.8", "New South Wales_%": "5.7", "Wyong Creek": "8", "New South Wales": "132,047", "Wyong Creek_%": "5.6"}}, "Employment": {"Unemployed": {"Australia": "787,452", "Australia_%": "6.9", "New South Wales_%": "6.3", "Wyong Creek": "0", "New South Wales": "225,546", "Wyong Creek_%": "0.0"}, "Worked part-time": {"Australia": "3,491,503", "Australia_%": "30.4", "New South Wales_%": "29.7", "Wyong Creek": "95", "New South Wales": "1,071,151", "Wyong Creek_%": "41.1"}, "Away from work": {"Australia": "569,276", "Australia_%": "5.0", "New South Wales_%": "4.8", "Wyong Creek": "9", "New South Wales": "174,654", "Wyong Creek_%": "3.9"}, "Worked full-time": {"Australia": "6,623,065", "Australia_%": "57.7", "New South Wales_%": "59.2", "Wyong Creek": "127", "New South Wales": "2,134,521", "Wyong Creek_%": "55.0"}}, "Travel to work, top responses": {"Walked only": {"Australia": "370,427", "Australia_%": "3.5", "New South Wales_%": "3.9", "Wyong Creek": "6", "New South Wales": "130,957", "Wyong Creek_%": "2.9"}, "Worked at home": {"Australia": "503,582", "Australia_%": "4.7", "New South Wales_%": "4.8", "Wyong Creek": "21", "New South Wales": "163,026", "Wyong Creek_%": "10.1"}, "People who travelled to work by car as driver or passenger": {"Australia": "7,305,271", "Australia_%": "68.4", "New South Wales_%": "64.6", "Wyong Creek": "156", "New South Wales": "2,182,854", "Wyong Creek_%": "70.9"}, "null": {"Australia": "None", "Australia_%": "None", "New South Wales_%": "None", "Wyong Creek": null, "New South Wales": "None", "Wyong Creek_%": null}, "People who travelled to work by public transport": {"Australia": "1,225,668", "Australia_%": "11.5", "New South Wales_%": "16.0", "Wyong Creek": "14", "New South Wales": "540,215", "Wyong Creek_%": "6.2"}, "Car, as driver": {"Australia": "6,574,571", "Australia_%": "61.5", "New South Wales_%": "57.8", "Wyong Creek": "131", "New South Wales": "1,953,399", "Wyong Creek_%": "63.0"}, "Train": {"Australia": "488,012", "Australia_%": "4.6", "New South Wales_%": "7.5", "Wyong Creek": "3", "New South Wales": "252,786", "Wyong Creek_%": "1.4"}, "Car, as passenger": {"Australia": "489,922", "Australia_%": "4.6", "New South Wales_%": "4.3", "Wyong Creek": "18", "New South Wales": "144,820", "Wyong Creek_%": "8.7"}}, "Occupation": {"Professionals": {"Australia": "2,370,966", "Australia_%": "22.2", "New South Wales_%": "23.6", "Wyong Creek": "42", "New South Wales": "798,126", "Wyong Creek_%": "17.6"}, "Technicians and Trades Workers": {"Australia": "1,447,414", "Australia_%": "13.5", "New South Wales_%": "12.7", "Wyong Creek": "28", "New South Wales": "429,239", "Wyong Creek_%": "11.8"}, "Community and Personal Service Workers": {"Australia": "1,157,003", "Australia_%": "10.8", "New South Wales_%": "10.4", "Wyong Creek": "22", "New South Wales": "350,261", "Wyong Creek_%": "9.2"}, "Clerical and Administrative Workers": {"Australia": "1,449,681", "Australia_%": "13.6", "New South Wales_%": "13.8", "Wyong Creek": "30", "New South Wales": "467,977", "Wyong Creek_%": "12.6"}, "Machinery Operators and Drivers": {"Australia": "670,106", "Australia_%": "6.3", "New South Wales_%": "6.1", "Wyong Creek": "14", "New South Wales": "206,839", "Wyong Creek_%": "5.9"}, "Labourers": {"Australia": "1,011,520", "Australia_%": "9.5", "New South Wales_%": "8.8", "Wyong Creek": "29", "New South Wales": "297,887", "Wyong Creek_%": "12.2"}, "Sales Workers": {"Australia": "1,000,955", "Australia_%": "9.4", "New South Wales_%": "9.2", "Wyong Creek": "17", "New South Wales": "311,414", "Wyong Creek_%": "7.1"}, "Managers": {"Australia": "1,390,047", "Australia_%": "13.0", "New South Wales_%": "13.5", "Wyong Creek": "53", "New South Wales": "456,084", "Wyong Creek_%": "22.3"}}}