{"Employment - hours worked": {"40 hours or more per week": {"Australia": "4,591,801", "Barden Ridge_%": "47.9", "Australia_%": "43.0", "New South Wales_%": "44.1", "Barden Ridge": "1,205", "New South Wales": "1,489,099"}, "25-34 hours per week": {"Australia": "1,193,445", "Barden Ridge_%": "10.4", "Australia_%": "11.2", "New South Wales_%": "10.5", "Barden Ridge": "261", "New South Wales": "353,702"}, "16-24 hours per week": {"Australia": "1,079,236", "Barden Ridge_%": "11.2", "Australia_%": "10.1", "New South Wales_%": "10.4", "Barden Ridge": "281", "New South Wales": "352,817"}, "35-39 hours per week": {"Australia": "2,031,263", "Barden Ridge_%": "15.6", "Australia_%": "19.0", "New South Wales_%": "19.1", "Barden Ridge": "393", "New South Wales": "645,428"}, "1-15 hours per week": {"Australia": "1,218,823", "Barden Ridge_%": "11.5", "Australia_%": "11.4", "New South Wales_%": "10.8", "Barden Ridge": "288", "New South Wales": "364,637"}}, "Number of registered motor vehicles": {"2 motor vehicles": {"Australia": "2,999,184", "Barden Ridge_%": "43.1", "Australia_%": "36.2", "New South Wales_%": "34.1", "Barden Ridge": "515", "New South Wales": "887,849"}, "None": {"Australia": "623,829", "Barden Ridge_%": "0.9", "Australia_%": "7.5", "New South Wales_%": "9.2", "Barden Ridge": "11", "New South Wales": "239,625"}, "Number of motor vehicles not stated": {"Australia": "285,197", "Barden Ridge_%": "0.8", "Australia_%": "3.4", "New South Wales_%": "3.7", "Barden Ridge": "10", "New South Wales": "95,623"}, "1 motor vehicle": {"Australia": "2,881,485", "Barden Ridge_%": "12.5", "Australia_%": "34.8", "New South Wales_%": "36.3", "Barden Ridge": "149", "New South Wales": "946,159"}, "3 or more vehicles": {"Australia": "1,496,382", "Barden Ridge_%": "42.7", "Australia_%": "18.1", "New South Wales_%": "16.7", "Barden Ridge": "510", "New South Wales": "435,053"}}, "Employment status of parents in couple families": {"Labour force status not stated (by one or both parents in a couple family)": {"Australia": "311,381", "Barden Ridge_%": "5.0", "Australia_%": "6.2", "New South Wales_%": "5.7", "Barden Ridge": "51", "New South Wales": "90,630"}, "One employed full-time, one part-time": {"Australia": "1,086,460", "Barden Ridge_%": "32.1", "Australia_%": "21.7", "New South Wales_%": "20.6", "Barden Ridge": "326", "New South Wales": "329,567"}, "One employed part-time, other not working": {"Australia": "302,037", "Barden Ridge_%": "4.7", "Australia_%": "6.0", "New South Wales_%": "6.1", "Barden Ridge": "48", "New South Wales": "96,933"}, "Other (includes away from work)": {"Australia": "264,145", "Barden Ridge_%": "4.7", "Australia_%": "5.3", "New South Wales_%": "5.1", "Barden Ridge": "48", "New South Wales": "80,905"}, "Both employed, worked full-time": {"Australia": "1,084,006", "Barden Ridge_%": "27.8", "Australia_%": "21.6", "New South Wales_%": "22.6", "Barden Ridge": "282", "New South Wales": "360,916"}, "One employed full-time, other not working": {"Australia": "749,886", "Barden Ridge_%": "13.1", "Australia_%": "15.0", "New South Wales_%": "15.0", "Barden Ridge": "133", "New South Wales": "240,084"}, "Both employed, worked part-time": {"Australia": "203,596", "Barden Ridge_%": "3.0", "Australia_%": "4.1", "New South Wales_%": "4.0", "Barden Ridge": "30", "New South Wales": "63,106"}, "Both not working": {"Australia": "1,006,697", "Barden Ridge_%": "9.6", "Australia_%": "20.1", "New South Wales_%": "21.0", "Barden Ridge": "98", "New South Wales": "334,742"}}, "Country of birth of mother, stated responses": {"Italy": {"Australia": "395,775", "Barden Ridge_%": "1.5", "Australia_%": "1.7", "New South Wales_%": "1.4", "Barden Ridge": "63", "New South Wales": "107,243"}, "New Zealand": {"Australia": "608,329", "Barden Ridge_%": "1.6", "Australia_%": "2.6", "New South Wales_%": "1.9", "Barden Ridge": "71", "New South Wales": "139,899"}, "Australia": {"Australia": "12,643,365", "Barden Ridge_%": "67.9", "Australia_%": "54.0", "New South Wales_%": "51.9", "Barden Ridge": "2,935", "New South Wales": "3,884,762"}, "England": {"Australia": "1,302,147", "Barden Ridge_%": "4.8", "Australia_%": "5.6", "New South Wales_%": "4.3", "Barden Ridge": "209", "New South Wales": "322,472"}, "China (excludes SARs and Taiwan)": {"Australia": "699,074", "Barden Ridge_%": "1.6", "Australia_%": "3.0", "New South Wales_%": "4.4", "Barden Ridge": "71", "New South Wales": "329,967"}}, "Dwelling structure": {"Other dwelling": {"Australia": "64,425", "Barden Ridge_%": "0.0", "Australia_%": "0.8", "New South Wales_%": "0.9", "Barden Ridge": "0", "New South Wales": "23,580"}, "Semi-detached, row or terrace house, townhouse etc": {"Australia": "1,055,016", "Barden Ridge_%": "7.8", "Australia_%": "12.7", "New South Wales_%": "12.2", "Barden Ridge": "93", "New South Wales": "317,453"}, "Separate house": {"Australia": "6,041,788", "Barden Ridge_%": "91.9", "Australia_%": "72.9", "New South Wales_%": "66.4", "Barden Ridge": "1,099", "New South Wales": "1,729,820"}, "Flat or apartment": {"Australia": "1,087,434", "Barden Ridge_%": "0.0", "Australia_%": "13.1", "New South Wales_%": "19.9", "Barden Ridge": "0", "New South Wales": "519,390"}}, "Number of bedrooms": {"1 bedroom": {"Australia": "411,252", "Barden Ridge_%": "0.0", "Australia_%": "5.0", "New South Wales_%": "6.0", "Barden Ridge": "0", "New South Wales": "157,194"}, "3 bedrooms": {"Australia": "3,403,190", "Barden Ridge_%": "18.0", "Australia_%": "41.1", "New South Wales_%": "37.2", "Barden Ridge": "214", "New South Wales": "970,001"}, "Average number of people per household": {"Australia": "2.6", "Barden Ridge_%": "--", "Australia_%": "--", "New South Wales_%": "--", "Barden Ridge": "3.5", "New South Wales": "2.6"}, "2 bedrooms": {"Australia": "1,562,759", "Barden Ridge_%": "1.3", "Australia_%": "18.9", "New South Wales_%": "22.2", "Barden Ridge": "15", "New South Wales": "577,675"}, "4 or more bedrooms": {"Australia": "2,670,758", "Barden Ridge_%": "80.1", "Australia_%": "32.2", "New South Wales_%": "31.3", "Barden Ridge": "954", "New South Wales": "816,405"}, "None (includes bedsitters)": {"Australia": "39,769", "Barden Ridge_%": "0.0", "Australia_%": "0.5", "New South Wales_%": "0.7", "Barden Ridge": "0", "New South Wales": "17,157"}, "Number of bedrooms not stated": {"Australia": "198,351", "Barden Ridge_%": "0.7", "Australia_%": "2.4", "New South Wales_%": "2.5", "Barden Ridge": "8", "New South Wales": "65,888"}, "Average number of bedrooms per dwelling": {"Australia": "3.1", "Barden Ridge_%": "--", "Australia_%": "--", "New South Wales_%": "--", "Barden Ridge": "4", "New South Wales": "3"}}, "summaryTable_qsFamilies": {"for all families": "1.4", "for families with children": "2.1", "Families": "1,156", "Average children per family": "None"}, "People characteristics": {"Male": {"Australia": "322,171", "Barden Ridge_%": "48.9", "Australia_%": "49.6", "New South Wales_%": "49.7", "Barden Ridge": "22", "New South Wales": "107,368"}, "Median age": {"Australia": "23", "Barden Ridge_%": "--", "Australia_%": "--", "New South Wales_%": "--", "Barden Ridge": "21", "New South Wales": "22"}, "Female": {"Australia": "326,996", "Barden Ridge_%": "51.1", "Australia_%": "50.4", "New South Wales_%": "50.3", "Barden Ridge": "23", "New South Wales": "108,809"}}, "Dwelling count": {"Unoccupied private dwellings": {"Australia": "1,039,874", "Barden Ridge_%": "3.2", "Australia_%": "11.2", "New South Wales_%": "9.9", "Barden Ridge": "39", "New South Wales": "284,741"}, "Occupied private dwellings": {"Australia": "8,286,073", "Barden Ridge_%": "96.8", "Australia_%": "88.8", "New South Wales_%": "90.1", "Barden Ridge": "1,196", "New South Wales": "2,604,320"}}, "Level of highest educational attainment": {"Certificate level III": {"Australia": "2,442,203", "Barden Ridge_%": "15.3", "Australia_%": "12.8", "New South Wales_%": "12.0", "Barden Ridge": "535", "New South Wales": "730,498"}, "Certificate level II": {"Australia": "13,454", "Barden Ridge_%": "0.0", "Australia_%": "0.1", "New South Wales_%": "0.1", "Barden Ridge": "0", "New South Wales": "4,849"}, "No educational attainment": {"Australia": "145,844", "Barden Ridge_%": "0.3", "Australia_%": "0.8", "New South Wales_%": "0.9", "Barden Ridge": "11", "New South Wales": "54,870"}, "Bachelor Degree level and above": {"Australia": "4,181,406", "Barden Ridge_%": "20.6", "Australia_%": "22.0", "New South Wales_%": "23.4", "Barden Ridge": "718", "New South Wales": "1,424,716"}, "Certificate level I": {"Australia": "2,176", "Barden Ridge_%": "0.0", "Australia_%": "0.0", "New South Wales_%": "0.0", "Barden Ridge": "0", "New South Wales": "625"}, "Year 11": {"Australia": "941,531", "Barden Ridge_%": "4.1", "Australia_%": "4.9", "New South Wales_%": "3.3", "Barden Ridge": "144", "New South Wales": "203,574"}, "Not stated": {"Australia": "1,974,794", "Barden Ridge_%": "4.6", "Australia_%": "10.4", "New South Wales_%": "10.3", "Barden Ridge": "161", "New South Wales": "627,465"}, "Year 9 or below": {"Australia": "1,529,897", "Barden Ridge_%": "5.9", "Australia_%": "8.0", "New South Wales_%": "8.4", "Barden Ridge": "207", "New South Wales": "513,209"}, "Certificate level IV": {"Australia": "551,767", "Barden Ridge_%": "3.2", "Australia_%": "2.9", "New South Wales_%": "2.8", "Barden Ridge": "113", "New South Wales": "167,947"}, "Year 10": {"Australia": "2,054,331", "Barden Ridge_%": "11.0", "Australia_%": "10.8", "New South Wales_%": "11.5", "Barden Ridge": "383", "New South Wales": "702,178"}, "Year 12": {"Australia": "2,994,097", "Barden Ridge_%": "18.5", "Australia_%": "15.7", "New South Wales_%": "15.3", "Barden Ridge": "646", "New South Wales": "930,654"}, "Advanced Diploma and Diploma level": {"Australia": "1,687,893", "Barden Ridge_%": "11.8", "Australia_%": "8.9", "New South Wales_%": "8.9", "Barden Ridge": "411", "New South Wales": "543,142"}}, "Median weekly incomes": {"Personal": {"Australia": "662", "Barden Ridge_%": "--", "Australia_%": "--", "New South Wales_%": "--", "Barden Ridge": "849", "New South Wales": "664"}, "Household": {"Australia": "1,438", "Barden Ridge_%": "--", "Australia_%": "--", "New South Wales_%": "--", "Barden Ridge": "2,772", "New South Wales": "1,486"}, "Family": {"Australia": "1,734", "Barden Ridge_%": "--", "Australia_%": "--", "New South Wales_%": "--", "Barden Ridge": "2,775", "New South Wales": "1,780"}}, "Family composition": {"Other family": {"Australia": "102,559", "Barden Ridge_%": "1.0", "Australia_%": "1.7", "New South Wales_%": "1.7", "Barden Ridge": "11", "New South Wales": "32,438"}, "Couple family with children": {"Australia": "2,716,224", "Barden Ridge_%": "66.2", "Australia_%": "44.7", "New South Wales_%": "45.7", "Barden Ridge": "765", "New South Wales": "887,358"}, "Couple family without children": {"Australia": "2,291,987", "Barden Ridge_%": "22.7", "Australia_%": "37.8", "New South Wales_%": "36.6", "Barden Ridge": "262", "New South Wales": "709,524"}, "One parent family": {"Australia": "959,543", "Barden Ridge_%": "10.2", "Australia_%": "15.8", "New South Wales_%": "16.0", "Barden Ridge": "118", "New South Wales": "310,906"}}, "Dwelling internet connection": {"Not stated": {"Australia": "221,494", "Barden Ridge_%": "1.1", "Australia_%": "2.7", "New South Wales_%": "2.8", "Barden Ridge": "13", "New South Wales": "73,565"}, "Internet not accessed from dwelling": {"Australia": "1,172,415", "Barden Ridge_%": "3.5", "Australia_%": "14.1", "New South Wales_%": "14.7", "Barden Ridge": "42", "New South Wales": "381,709"}, "Internet accessed from dwelling": {"Australia": "6,892,165", "Barden Ridge_%": "95.4", "Australia_%": "83.2", "New South Wales_%": "82.5", "Barden Ridge": "1,145", "New South Wales": "2,149,040"}}, "Social marital status": {"Not married": {"Australia": "7,024,973", "Barden Ridge_%": "38.3", "Australia_%": "41.9", "New South Wales_%": "42.3", "Barden Ridge": "1,240", "New South Wales": "2,290,887"}, "De facto marriage": {"Australia": "1,751,731", "Barden Ridge_%": "4.2", "Australia_%": "10.4", "New South Wales_%": "9.4", "Barden Ridge": "135", "New South Wales": "506,133"}, "Registered marriage": {"Australia": "8,001,141", "Barden Ridge_%": "57.5", "Australia_%": "47.7", "New South Wales_%": "48.3", "Barden Ridge": "1,864", "New South Wales": "2,612,630"}}, "Household composition": {"Family households": {"Australia": "5,907,625", "Barden Ridge_%": "93.1", "Australia_%": "71.3", "New South Wales_%": "72.0", "Barden Ridge": "1,114", "New South Wales": "1,874,524"}, "Group households": {"Australia": "354,917", "Barden Ridge_%": "0.4", "Australia_%": "4.3", "New South Wales_%": "4.2", "Barden Ridge": "5", "New South Wales": "109,004"}, "Single (or lone) person households": {"Australia": "2,023,542", "Barden Ridge_%": "6.4", "Australia_%": "24.4", "New South Wales_%": "23.8", "Barden Ridge": "77", "New South Wales": "620,778"}}, "People": {"Male": {"Australia": "11,546,638", "Barden Ridge_%": "49.3", "Australia_%": "49.3", "New South Wales_%": "49.3", "Barden Ridge": "2,135", "New South Wales": "3,686,014"}, "Aboriginal and/or Torres Strait Islander people": {"Australia": "649,171", "Barden Ridge_%": "0.9", "Australia_%": "2.8", "New South Wales_%": "2.9", "Barden Ridge": "41", "New South Wales": "216,176"}, "Female": {"Australia": "11,855,248", "Barden Ridge_%": "50.7", "Australia_%": "50.7", "New South Wales_%": "50.7", "Barden Ridge": "2,196", "New South Wales": "3,794,217"}}, "Language, top responses (other than English)": {"Macedonian": {"Australia": "66,019", "Barden Ridge_%": "1.0", "Australia_%": "0.3", "New South Wales_%": "0.4", "Barden Ridge": "42", "New South Wales": "28,144"}, "null": {"Australia": "None", "Barden Ridge_%": null, "Australia_%": "None", "New South Wales_%": "None", "Barden Ridge": null, "New South Wales": "None"}, "Spanish": {"Australia": "140,817", "Barden Ridge_%": "1.5", "Australia_%": "0.6", "New South Wales_%": "0.8", "Barden Ridge": "63", "New South Wales": "63,527"}, "English only spoken at home": {"Australia": "17,020,417", "Barden Ridge_%": "85.0", "Australia_%": "72.7", "New South Wales_%": "68.5", "Barden Ridge": "3,660", "New South Wales": "5,126,633"}, "Greek": {"Australia": "237,588", "Barden Ridge_%": "1.9", "Australia_%": "1.0", "New South Wales_%": "1.1", "Barden Ridge": "82", "New South Wales": "81,683"}, "Cantonese": {"Australia": "280,943", "Barden Ridge_%": "1.3", "Australia_%": "1.2", "New South Wales_%": "1.9", "Barden Ridge": "55", "New South Wales": "143,333"}, "Households where a non English language is spoken": {"Australia": "1,971,011", "Barden Ridge_%": "19.9", "Australia_%": "22.2", "New South Wales_%": "26.5", "Barden Ridge": "242", "New South Wales": "735,563"}, "Arabic": {"Australia": "321,728", "Barden Ridge_%": "1.7", "Australia_%": "1.4", "New South Wales_%": "2.7", "Barden Ridge": "73", "New South Wales": "200,825"}}, "summaryTable_qsDwelling": {"Median monthly mortgage repayments": "$2,383", "All private dwellings": "1,247", "Average people per household": "3.5", "Median weekly household income": "$2,772", "Median weekly rent": "$615", "Average motor vehicles per dwelling": "2.6"}, "Household income": {"Less than $650 gross weekly income": {"Australia": "--", "Barden Ridge_%": "6.2", "Australia_%": "20.0", "New South Wales_%": "19.7", "Barden Ridge": "--", "New South Wales": "--"}, "More than $3000 gross weekly income": {"Australia": "--", "Barden Ridge_%": "43.5", "Australia_%": "16.4", "New South Wales_%": "18.7", "Barden Ridge": "--", "New South Wales": "--"}}, "Country of birth": {"Other top responses": {"Barden Ridge": "None", "Barden Ridge_%": "None"}, "Australia": {"Australia": "15,614,835", "Barden Ridge_%": "83.0", "Australia_%": "66.7", "New South Wales_%": "65.5", "Barden Ridge": "3,573", "New South Wales": "4,899,090"}, "England": {"Australia": "907,570", "Barden Ridge_%": "2.8", "Australia_%": "3.9", "New South Wales_%": "3.0", "Barden Ridge": "121", "New South Wales": "226,564"}, "South Africa": {"Australia": "162,449", "Barden Ridge_%": "1.0", "Australia_%": "0.7", "New South Wales_%": "0.6", "Barden Ridge": "45", "New South Wales": "43,058"}, "Egypt": {"Australia": "39,779", "Barden Ridge_%": "0.7", "Australia_%": "0.2", "New South Wales_%": "0.3", "Barden Ridge": "28", "New South Wales": "19,724"}, "China (excludes SARs and Taiwan)": {"Australia": "509,555", "Barden Ridge_%": "1.0", "Australia_%": "2.2", "New South Wales_%": "3.1", "Barden Ridge": "42", "New South Wales": "234,508"}, "New Zealand": {"Australia": "518,466", "Barden Ridge_%": "1.0", "Australia_%": "2.2", "New South Wales_%": "1.6", "Barden Ridge": "42", "New South Wales": "117,136"}}, "Religious affiliation, top responses": {"No Religion, so described": {"Australia": "6,933,708", "Barden Ridge_%": "16.9", "Australia_%": "29.6", "New South Wales_%": "25.1", "Barden Ridge": "732", "New South Wales": "1,879,562"}, "Catholic": {"Australia": "5,291,834", "Barden Ridge_%": "29.9", "Australia_%": "22.6", "New South Wales_%": "24.7", "Barden Ridge": "1,294", "New South Wales": "1,846,443"}, "Not stated": {"Australia": "2,238,735", "Barden Ridge_%": "4.5", "Australia_%": "9.6", "New South Wales_%": "9.2", "Barden Ridge": "196", "New South Wales": "684,969"}, "Eastern Orthodox": {"Australia": "502,801", "Barden Ridge_%": "5.0", "Australia_%": "2.1", "New South Wales_%": "2.5", "Barden Ridge": "218", "New South Wales": "188,442"}, "Anglican": {"Australia": "3,101,185", "Barden Ridge_%": "22.9", "Australia_%": "13.3", "New South Wales_%": "15.5", "Barden Ridge": "992", "New South Wales": "1,161,810"}}, "Ancestry, top responses": {"Australian": {"Australia": "7,298,243", "Barden Ridge_%": "29.1", "Australia_%": "23.3", "New South Wales_%": "22.9", "Barden Ridge": "1,739", "New South Wales": "2,261,062"}, "Scottish": {"Australia": "2,023,470", "Barden Ridge_%": "6.5", "Australia_%": "6.4", "New South Wales_%": "5.9", "Barden Ridge": "389", "New South Wales": "587,052"}, "Irish": {"Australia": "2,388,058", "Barden Ridge_%": "7.8", "Australia_%": "7.6", "New South Wales_%": "7.5", "Barden Ridge": "469", "New South Wales": "741,671"}, "Italian": {"Australia": "1,000,006", "Barden Ridge_%": "3.6", "Australia_%": "3.2", "New South Wales_%": "2.8", "Barden Ridge": "218", "New South Wales": "272,124"}, "English": {"Australia": "7,852,224", "Barden Ridge_%": "27.4", "Australia_%": "25.0", "New South Wales_%": "23.3", "Barden Ridge": "1,640", "New South Wales": "2,302,481"}}, "Age": {"35-39 years": {"Australia": "1,561,679", "Barden Ridge_%": "4.8", "Australia_%": "6.7", "New South Wales_%": "6.7", "Barden Ridge": "207", "New South Wales": "499,724"}, "60-64 years": {"Australia": "1,299,397", "Barden Ridge_%": "5.9", "Australia_%": "5.6", "New South Wales_%": "5.6", "Barden Ridge": "255", "New South Wales": "420,044"}, "30-34 years": {"Australia": "1,703,847", "Barden Ridge_%": "3.9", "Australia_%": "7.3", "New South Wales_%": "7.2", "Barden Ridge": "170", "New South Wales": "540,360"}, "0-4 years": {"Australia": "1,464,779", "Barden Ridge_%": "4.5", "Australia_%": "6.3", "New South Wales_%": "6.2", "Barden Ridge": "196", "New South Wales": "465,135"}, "25-29 years": {"Australia": "1,664,602", "Barden Ridge_%": "4.9", "Australia_%": "7.1", "New South Wales_%": "7.0", "Barden Ridge": "213", "New South Wales": "527,161"}, "10-14 years": {"Australia": "1,397,183", "Barden Ridge_%": "8.3", "Australia_%": "6.0", "New South Wales_%": "5.9", "Barden Ridge": "360", "New South Wales": "443,009"}, "5-9 years": {"Australia": "1,502,646", "Barden Ridge_%": "6.5", "Australia_%": "6.4", "New South Wales_%": "6.4", "Barden Ridge": "279", "New South Wales": "478,184"}, "Median age": {"Australia": "38", "Barden Ridge_%": "--", "Australia_%": "--", "New South Wales_%": "--", "Barden Ridge": "37", "New South Wales": "38"}, "50-54 years": {"Australia": "1,523,551", "Barden Ridge_%": "9.3", "Australia_%": "6.5", "New South Wales_%": "6.5", "Barden Ridge": "402", "New South Wales": "485,546"}, "80-84 years": {"Australia": "460,549", "Barden Ridge_%": "0.6", "Australia_%": "2.0", "New South Wales_%": "2.1", "Barden Ridge": "26", "New South Wales": "155,806"}, "40-44 years": {"Australia": "1,583,257", "Barden Ridge_%": "6.3", "Australia_%": "6.8", "New South Wales_%": "6.7", "Barden Ridge": "271", "New South Wales": "503,169"}, "70-74 years": {"Australia": "887,716", "Barden Ridge_%": "2.1", "Australia_%": "3.8", "New South Wales_%": "3.9", "Barden Ridge": "90", "New South Wales": "292,556"}, "15-19 years": {"Australia": "1,421,595", "Barden Ridge_%": "9.8", "Australia_%": "6.1", "New South Wales_%": "6.0", "Barden Ridge": "425", "New South Wales": "448,425"}, "65-69 years": {"Australia": "1,188,999", "Barden Ridge_%": "3.5", "Australia_%": "5.1", "New South Wales_%": "5.1", "Barden Ridge": "150", "New South Wales": "384,470"}, "20-24 years": {"Australia": "1,566,793", "Barden Ridge_%": "9.8", "Australia_%": "6.7", "New South Wales_%": "6.5", "Barden Ridge": "421", "New South Wales": "489,673"}, "55-59 years": {"Australia": "1,454,332", "Barden Ridge_%": "8.5", "Australia_%": "6.2", "New South Wales_%": "6.3", "Barden Ridge": "366", "New South Wales": "469,726"}, "75-79 years": {"Australia": "652,657", "Barden Ridge_%": "1.1", "Australia_%": "2.8", "New South Wales_%": "2.9", "Barden Ridge": "47", "New South Wales": "217,308"}, "45-49 years": {"Australia": "1,581,455", "Barden Ridge_%": "8.5", "Australia_%": "6.8", "New South Wales_%": "6.6", "Barden Ridge": "365", "New South Wales": "492,440"}, "85 years and over": {"Australia": "486,842", "Barden Ridge_%": "1.7", "Australia_%": "2.1", "New South Wales_%": "2.2", "Barden Ridge": "72", "New South Wales": "167,506"}}, "Single (or lone) parents": {"Male": {"Australia": "--", "Barden Ridge_%": "19.0", "Australia_%": "18.2", "New South Wales_%": "17.8", "Barden Ridge": "--", "New South Wales": "--"}, "Female": {"Australia": "--", "Barden Ridge_%": "81.0", "Australia_%": "81.8", "New South Wales_%": "82.2", "Barden Ridge": "--", "New South Wales": "--"}}, "Mortgage monthly repayments": {"Median mortgage repayments": {"Australia": "1,755", "Barden Ridge_%": "--", "Australia_%": "--", "New South Wales_%": "--", "Barden Ridge": "2,383", "New South Wales": "1,986"}, "Households where mortgage repayments are less than 30% of household income": {"Australia": "--", "Barden Ridge_%": "90.7", "Australia_%": "92.8", "New South Wales_%": "92.6", "Barden Ridge": "--", "New South Wales": "--"}, "Households with mortgage repayments greater than or equal to 30% of household income": {"Australia": "--", "Barden Ridge_%": "9.3", "Australia_%": "7.2", "New South Wales_%": "7.4", "Barden Ridge": "--", "New South Wales": "--"}}, "Mortgage and rent": {"Median monthly mortgage repayments": {"Australia": "1,660", "Barden Ridge_%": "--", "Australia_%": "--", "New South Wales_%": "--", "Barden Ridge": "2,000", "New South Wales": "1,733"}, "Median weekly rent": {"Australia": "250", "Barden Ridge_%": "--", "Australia_%": "--", "New South Wales_%": "--", "Barden Ridge": "0", "New South Wales": "270"}}, "Tenure": {"Rented": {"Australia": "2,561,302", "Barden Ridge_%": "6.0", "Australia_%": "30.9", "New South Wales_%": "31.8", "Barden Ridge": "72", "New South Wales": "826,922"}, "Owned outright": {"Australia": "2,565,695", "Barden Ridge_%": "36.7", "Australia_%": "31.0", "New South Wales_%": "32.2", "Barden Ridge": "437", "New South Wales": "839,665"}, "Owned with a mortgage": {"Australia": "2,855,222", "Barden Ridge_%": "56.7", "Australia_%": "34.5", "New South Wales_%": "32.3", "Barden Ridge": "676", "New South Wales": "840,004"}, "Tenure type not stated": {"Australia": "224,869", "Barden Ridge_%": "0.6", "Australia_%": "2.7", "New South Wales_%": "2.8", "Barden Ridge": "7", "New South Wales": "73,763"}, "Other tenure type": {"Australia": "78,994", "Barden Ridge_%": "0.0", "Australia_%": "1.0", "New South Wales_%": "0.9", "Barden Ridge": "0", "New South Wales": "23,968"}}, "Country of birth of father, stated responses": {"Italy": {"Australia": "470,138", "Barden Ridge_%": "2.0", "Australia_%": "2.0", "New South Wales_%": "1.7", "Barden Ridge": "85", "New South Wales": "128,148"}, "New Zealand": {"Australia": "617,331", "Barden Ridge_%": "1.8", "Australia_%": "2.6", "New South Wales_%": "1.9", "Barden Ridge": "76", "New South Wales": "143,450"}, "Australia": {"Australia": "12,231,150", "Barden Ridge_%": "65.9", "Australia_%": "52.3", "New South Wales_%": "50.1", "Barden Ridge": "2,839", "New South Wales": "3,745,787"}, "England": {"Australia": "1,403,096", "Barden Ridge_%": "5.6", "Australia_%": "6.0", "New South Wales_%": "4.8", "Barden Ridge": "240", "New South Wales": "359,370"}, "China (excludes SARs and Taiwan)": {"Australia": "704,658", "Barden Ridge_%": "1.8", "Australia_%": "3.0", "New South Wales_%": "4.4", "Barden Ridge": "76", "New South Wales": "332,465"}}, "Country of birth of father and/or mother, stated responses": {"Father only born overseas": {"Australia": "1,488,092", "Barden Ridge_%": "8.3", "Australia_%": "6.4", "New South Wales_%": "6.1", "Barden Ridge": "361", "New South Wales": "458,394"}, "Mother only born overseas": {"Australia": "1,094,591", "Barden Ridge_%": "6.0", "Australia_%": "4.7", "New South Wales_%": "4.3", "Barden Ridge": "259", "New South Wales": "325,182"}, "Both parents born overseas": {"Australia": "8,051,196", "Barden Ridge_%": "23.3", "Australia_%": "34.4", "New South Wales_%": "37.0", "Barden Ridge": "1,007", "New South Wales": "2,764,170"}, "Both parents born in Australia": {"Australia": "11,070,538", "Barden Ridge_%": "59.3", "Australia_%": "47.3", "New South Wales_%": "45.4", "Barden Ridge": "2,567", "New South Wales": "3,399,725"}}, "Rent weekly payments": {"Households where rent payments are less than 30% of household income": {"Australia": "--", "Barden Ridge_%": "98.5", "Australia_%": "88.5", "New South Wales_%": "87.1", "Barden Ridge": "--", "New South Wales": "--"}, "Households with rent payments greater than or equal to 30% of household income": {"Australia": "--", "Barden Ridge_%": "1.5", "Australia_%": "11.5", "New South Wales_%": "12.9", "Barden Ridge": "--", "New South Wales": "--"}, "Median rent": {"Australia": "335", "Barden Ridge_%": "--", "Australia_%": "--", "New South Wales_%": "--", "Barden Ridge": "615", "New South Wales": "380"}}, "Registered marital status": {"Separated": {"Australia": "608,059", "Barden Ridge_%": "1.8", "Australia_%": "3.2", "New South Wales_%": "3.1", "Barden Ridge": "64", "New South Wales": "190,198"}, "Widowed": {"Australia": "985,204", "Barden Ridge_%": "3.9", "Australia_%": "5.2", "New South Wales_%": "5.4", "Barden Ridge": "135", "New South Wales": "331,653"}, "Married": {"Australia": "9,148,218", "Barden Ridge_%": "56.6", "Australia_%": "48.1", "New South Wales_%": "48.7", "Barden Ridge": "1,982", "New South Wales": "2,965,280"}, "Divorced": {"Australia": "1,626,890", "Barden Ridge_%": "4.8", "Australia_%": "8.5", "New South Wales_%": "8.4", "Barden Ridge": "169", "New South Wales": "512,298"}, "Never married": {"Australia": "6,668,910", "Barden Ridge_%": "32.9", "Australia_%": "35.0", "New South Wales_%": "34.4", "Barden Ridge": "1,153", "New South Wales": "2,094,460"}}, "summaryTable_qsPeople": {"Male": "49.3%", "Median age": "37", "Female": "50.7%", "People": "4,329"}, "Dwelling characteristics": {"Average number of people per household": {"Australia": "3.2", "Barden Ridge_%": "--", "Australia_%": "--", "New South Wales_%": "--", "Barden Ridge": "3.6", "New South Wales": "3.1"}, "Average number of persons per bedroom": {"Australia": "1", "Barden Ridge_%": "--", "Australia_%": "--", "New South Wales_%": "--", "Barden Ridge": "0.9", "New South Wales": "1"}, "Median weekly household income": {"Australia": "1,203", "Barden Ridge_%": "--", "Australia_%": "--", "New South Wales_%": "--", "Barden Ridge": "2,666", "New South Wales": "1,214"}}, "Unpaid work": {"Did unpaid domestic work (last week)": {"Australia": "13,143,914", "Barden Ridge_%": "75.6", "Australia_%": "69.0", "New South Wales_%": "67.7", "Barden Ridge": "2,640", "New South Wales": "4,127,723"}, "Provided unpaid assistance to a person with a disability (last two weeks)": {"Australia": "2,145,203", "Barden Ridge_%": "11.0", "Australia_%": "11.3", "New South Wales_%": "11.6", "Barden Ridge": "383", "New South Wales": "709,415"}, "Did voluntary work through an organisation or group (last 12 months)": {"Australia": "3,620,726", "Barden Ridge_%": "20.3", "Australia_%": "19.0", "New South Wales_%": "18.1", "Barden Ridge": "709", "New South Wales": "1,103,790"}, "Cared for child/children (last two weeks)": {"Australia": "5,259,400", "Barden Ridge_%": "29.8", "Australia_%": "27.6", "New South Wales_%": "27.2", "Barden Ridge": "1,041", "New South Wales": "1,659,250"}}, "Unpaid domestic work, number of hours": {"5 to 14 hours per week": {"Australia": "4,944,578", "Barden Ridge_%": "26.3", "Australia_%": "26.0", "New South Wales_%": "25.1", "Barden Ridge": "920", "New South Wales": "1,531,206"}, "30 hours or more per week": {"Australia": "1,710,970", "Barden Ridge_%": "7.4", "Australia_%": "9.0", "New South Wales_%": "9.0", "Barden Ridge": "259", "New South Wales": "545,925"}, "Less than 5 hours per week": {"Australia": "4,298,593", "Barden Ridge_%": "28.2", "Australia_%": "22.6", "New South Wales_%": "22.3", "Barden Ridge": "985", "New South Wales": "1,359,656"}, "15 to 29 hours per week": {"Australia": "2,189,776", "Barden Ridge_%": "13.6", "Australia_%": "11.5", "New South Wales_%": "11.3", "Barden Ridge": "475", "New South Wales": "690,934"}}, "Industry of employment, top responses": {"Combined Primary and Secondary Education": {"Australia": "122,286", "Barden Ridge_%": "2.4", "Australia_%": "1.1", "New South Wales_%": "1.0", "Barden Ridge": "57", "New South Wales": "34,152"}, "Primary Education": {"Australia": "231,198", "Barden Ridge_%": "3.3", "Australia_%": "2.2", "New South Wales_%": "1.9", "Barden Ridge": "81", "New South Wales": "65,204"}, "Hospitals (except Psychiatric Hospitals)": {"Australia": "411,808", "Barden Ridge_%": "3.1", "Australia_%": "3.9", "New South Wales_%": "3.5", "Barden Ridge": "74", "New South Wales": "119,350"}, "Secondary Education": {"Australia": "177,487", "Barden Ridge_%": "1.9", "Australia_%": "1.7", "New South Wales_%": "1.7", "Barden Ridge": "47", "New South Wales": "58,072"}, "Supermarket and Grocery Stores": {"Australia": "254,275", "Barden Ridge_%": "2.4", "Australia_%": "2.4", "New South Wales_%": "2.2", "Barden Ridge": "57", "New South Wales": "74,487"}}, "GeoInfo": {"city": "Barden Ridge"}, "Education": {"University or tertiary institution": {"Australia": "1,160,626", "Barden Ridge_%": "18.6", "Australia_%": "16.1", "New South Wales_%": "16.2", "Barden Ridge": "265", "New South Wales": "376,133"}, "Secondary - Catholic": {"Australia": "338,384", "Barden Ridge_%": "8.0", "Australia_%": "4.7", "New South Wales_%": "5.1", "Barden Ridge": "114", "New South Wales": "117,689"}, "Secondary - other non Government": {"Australia": "280,618", "Barden Ridge_%": "6.1", "Australia_%": "3.9", "New South Wales_%": "3.4", "Barden Ridge": "87", "New South Wales": "79,915"}, "Primary - Catholic": {"Australia": "380,604", "Barden Ridge_%": "7.7", "Australia_%": "5.3", "New South Wales_%": "5.3", "Barden Ridge": "110", "New South Wales": "122,099"}, "Primary - Government": {"Australia": "1,314,787", "Barden Ridge_%": "16.3", "Australia_%": "18.2", "New South Wales_%": "18.0", "Barden Ridge": "232", "New South Wales": "417,465"}, "Other": {"Australia": "198,383", "Barden Ridge_%": "1.7", "Australia_%": "2.8", "New South Wales_%": "2.7", "Barden Ridge": "24", "New South Wales": "63,673"}, "Technical or further education institution": {"Australia": "424,869", "Barden Ridge_%": "6.4", "Australia_%": "5.9", "New South Wales_%": "6.2", "Barden Ridge": "92", "New South Wales": "144,103"}, "Secondary - Government": {"Australia": "827,505", "Barden Ridge_%": "16.1", "Australia_%": "11.5", "New South Wales_%": "11.6", "Barden Ridge": "230", "New South Wales": "269,249"}, "Primary - other non Government": {"Australia": "231,490", "Barden Ridge_%": "5.2", "Australia_%": "3.2", "New South Wales_%": "2.9", "Barden Ridge": "74", "New South Wales": "67,611"}, "Not stated": {"Australia": "1,707,023", "Barden Ridge_%": "8.1", "Australia_%": "23.7", "New South Wales_%": "23.0", "Barden Ridge": "116", "New South Wales": "535,266"}, "Preschool": {"Australia": "347,621", "Barden Ridge_%": "5.8", "Australia_%": "4.8", "New South Wales_%": "5.7", "Barden Ridge": "83", "New South Wales": "132,047"}}, "Employment": {"Unemployed": {"Australia": "787,452", "Barden Ridge_%": "3.4", "Australia_%": "6.9", "New South Wales_%": "6.3", "Barden Ridge": "89", "New South Wales": "225,546"}, "Worked part-time": {"Australia": "3,491,503", "Barden Ridge_%": "31.9", "Australia_%": "30.4", "New South Wales_%": "29.7", "Barden Ridge": "834", "New South Wales": "1,071,151"}, "Away from work": {"Australia": "569,276", "Barden Ridge_%": "3.4", "Australia_%": "5.0", "New South Wales_%": "4.8", "Barden Ridge": "89", "New South Wales": "174,654"}, "Worked full-time": {"Australia": "6,623,065", "Barden Ridge_%": "61.3", "Australia_%": "57.7", "New South Wales_%": "59.2", "Barden Ridge": "1,601", "New South Wales": "2,134,521"}}, "Travel to work, top responses": {"Worked at home": {"Australia": "503,582", "Barden Ridge_%": "4.0", "Australia_%": "4.7", "New South Wales_%": "4.8", "Barden Ridge": "99", "New South Wales": "163,026"}, "People who travelled to work by car as driver or passenger": {"Australia": "7,305,271", "Barden Ridge_%": "79.1", "Australia_%": "68.4", "New South Wales_%": "64.6", "Barden Ridge": "1,990", "New South Wales": "2,182,854"}, "null": {"Australia": "None", "Barden Ridge_%": null, "Australia_%": "None", "New South Wales_%": "None", "Barden Ridge": null, "New South Wales": "None"}, "People who travelled to work by public transport": {"Australia": "1,225,668", "Barden Ridge_%": "11.9", "Australia_%": "11.5", "New South Wales_%": "16.0", "Barden Ridge": "300", "New South Wales": "540,215"}, "Car, as driver": {"Australia": "6,574,571", "Barden Ridge_%": "69.3", "Australia_%": "61.5", "New South Wales_%": "57.8", "Barden Ridge": "1,733", "New South Wales": "1,953,399"}, "Train": {"Australia": "488,012", "Barden Ridge_%": "4.2", "Australia_%": "4.6", "New South Wales_%": "7.5", "Barden Ridge": "106", "New South Wales": "252,786"}, "Train, car as driver": {"Australia": "86,003", "Barden Ridge_%": "4.8", "Australia_%": "0.8", "New South Wales_%": "1.0", "Barden Ridge": "121", "New South Wales": "34,213"}, "Car, as passenger": {"Australia": "489,922", "Barden Ridge_%": "3.5", "Australia_%": "4.6", "New South Wales_%": "4.3", "Barden Ridge": "88", "New South Wales": "144,820"}}, "Occupation": {"Professionals": {"Australia": "2,370,966", "Barden Ridge_%": "22.3", "Australia_%": "22.2", "New South Wales_%": "23.6", "Barden Ridge": "559", "New South Wales": "798,126"}, "Technicians and Trades Workers": {"Australia": "1,447,414", "Barden Ridge_%": "14.4", "Australia_%": "13.5", "New South Wales_%": "12.7", "Barden Ridge": "361", "New South Wales": "429,239"}, "Community and Personal Service Workers": {"Australia": "1,157,003", "Barden Ridge_%": "9.6", "Australia_%": "10.8", "New South Wales_%": "10.4", "Barden Ridge": "239", "New South Wales": "350,261"}, "Clerical and Administrative Workers": {"Australia": "1,449,681", "Barden Ridge_%": "17.5", "Australia_%": "13.6", "New South Wales_%": "13.8", "Barden Ridge": "438", "New South Wales": "467,977"}, "Machinery Operators and Drivers": {"Australia": "670,106", "Barden Ridge_%": "4.0", "Australia_%": "6.3", "New South Wales_%": "6.1", "Barden Ridge": "99", "New South Wales": "206,839"}, "Labourers": {"Australia": "1,011,520", "Barden Ridge_%": "5.5", "Australia_%": "9.5", "New South Wales_%": "8.8", "Barden Ridge": "138", "New South Wales": "297,887"}, "Sales Workers": {"Australia": "1,000,955", "Barden Ridge_%": "10.0", "Australia_%": "9.4", "New South Wales_%": "9.2", "Barden Ridge": "251", "New South Wales": "311,414"}, "Managers": {"Australia": "1,390,047", "Barden Ridge_%": "15.0", "Australia_%": "13.0", "New South Wales_%": "13.5", "Barden Ridge": "376", "New South Wales": "456,084"}}}