{"Employment - hours worked": {"40 hours or more per week": {"Belmont South": "158", "Australia": "4,591,801", "Australia_%": "43.0", "New South Wales_%": "44.1", "Belmont South_%": "37.5", "New South Wales": "1,489,099"}, "25-34 hours per week": {"Belmont South": "62", "Australia": "1,193,445", "Australia_%": "11.2", "New South Wales_%": "10.5", "Belmont South_%": "14.7", "New South Wales": "353,702"}, "16-24 hours per week": {"Belmont South": "50", "Australia": "1,079,236", "Australia_%": "10.1", "New South Wales_%": "10.4", "Belmont South_%": "11.9", "New South Wales": "352,817"}, "35-39 hours per week": {"Belmont South": "81", "Australia": "2,031,263", "Australia_%": "19.0", "New South Wales_%": "19.1", "Belmont South_%": "19.2", "New South Wales": "645,428"}, "1-15 hours per week": {"Belmont South": "45", "Australia": "1,218,823", "Australia_%": "11.4", "New South Wales_%": "10.8", "Belmont South_%": "10.7", "New South Wales": "364,637"}}, "Number of registered motor vehicles": {"2 motor vehicles": {"Belmont South": "132", "Australia": "2,999,184", "Australia_%": "36.2", "New South Wales_%": "34.1", "Belmont South_%": "32.0", "New South Wales": "887,849"}, "None": {"Belmont South": "41", "Australia": "623,829", "Australia_%": "7.5", "New South Wales_%": "9.2", "Belmont South_%": "10.0", "New South Wales": "239,625"}, "Number of motor vehicles not stated": {"Belmont South": "11", "Australia": "285,197", "Australia_%": "3.4", "New South Wales_%": "3.7", "Belmont South_%": "2.7", "New South Wales": "95,623"}, "1 motor vehicle": {"Belmont South": "162", "Australia": "2,881,485", "Australia_%": "34.8", "New South Wales_%": "36.3", "Belmont South_%": "39.3", "New South Wales": "946,159"}, "3 or more vehicles": {"Belmont South": "66", "Australia": "1,496,382", "Australia_%": "18.1", "New South Wales_%": "16.7", "Belmont South_%": "16.0", "New South Wales": "435,053"}}, "Employment status of parents in couple families": {"Labour force status not stated (by one or both parents in a couple family)": {"Belmont South": "15", "Australia": "311,381", "Australia_%": "6.2", "New South Wales_%": "5.7", "Belmont South_%": "7.1", "New South Wales": "90,630"}, "One employed full-time, one part-time": {"Belmont South": "42", "Australia": "1,086,460", "Australia_%": "21.7", "New South Wales_%": "20.6", "Belmont South_%": "19.9", "New South Wales": "329,567"}, "One employed part-time, other not working": {"Belmont South": "25", "Australia": "302,037", "Australia_%": "6.0", "New South Wales_%": "6.1", "Belmont South_%": "11.8", "New South Wales": "96,933"}, "Other (includes away from work)": {"Belmont South": "6", "Australia": "264,145", "Australia_%": "5.3", "New South Wales_%": "5.1", "Belmont South_%": "2.8", "New South Wales": "80,905"}, "Both employed, worked full-time": {"Belmont South": "33", "Australia": "1,084,006", "Australia_%": "21.6", "New South Wales_%": "22.6", "Belmont South_%": "15.6", "New South Wales": "360,916"}, "One employed full-time, other not working": {"Belmont South": "24", "Australia": "749,886", "Australia_%": "15.0", "New South Wales_%": "15.0", "Belmont South_%": "11.4", "New South Wales": "240,084"}, "Both employed, worked part-time": {"Belmont South": "3", "Australia": "203,596", "Australia_%": "4.1", "New South Wales_%": "4.0", "Belmont South_%": "1.4", "New South Wales": "63,106"}, "Both not working": {"Belmont South": "63", "Australia": "1,006,697", "Australia_%": "20.1", "New South Wales_%": "21.0", "Belmont South_%": "29.9", "New South Wales": "334,742"}}, "Country of birth of mother, stated responses": {"Scotland": {"Belmont South": "13", "Australia": "245,915", "Australia_%": "1.1", "New South Wales_%": "0.8", "Belmont South_%": "1.3", "New South Wales": "63,302"}, "New Zealand": {"Belmont South": "30", "Australia": "608,329", "Australia_%": "2.6", "New South Wales_%": "1.9", "Belmont South_%": "2.9", "New South Wales": "139,899"}, "Australia": {"Belmont South": "848", "Australia": "12,643,365", "Australia_%": "54.0", "New South Wales_%": "51.9", "Belmont South_%": "82.7", "New South Wales": "3,884,762"}, "England": {"Belmont South": "35", "Australia": "1,302,147", "Australia_%": "5.6", "New South Wales_%": "4.3", "Belmont South_%": "3.4", "New South Wales": "322,472"}, "South Africa": {"Belmont South": "7", "Australia": "193,412", "Australia_%": "0.8", "New South Wales_%": "0.7", "Belmont South_%": "0.7", "New South Wales": "52,673"}}, "Dwelling structure": {"Other dwelling": {"Belmont South": "11", "Australia": "64,425", "Australia_%": "0.8", "New South Wales_%": "0.9", "Belmont South_%": "2.6", "New South Wales": "23,580"}, "Semi-detached, row or terrace house, townhouse etc": {"Belmont South": "55", "Australia": "1,055,016", "Australia_%": "12.7", "New South Wales_%": "12.2", "Belmont South_%": "13.1", "New South Wales": "317,453"}, "Separate house": {"Belmont South": "336", "Australia": "6,041,788", "Australia_%": "72.9", "New South Wales_%": "66.4", "Belmont South_%": "79.8", "New South Wales": "1,729,820"}, "Flat or apartment": {"Belmont South": "19", "Australia": "1,087,434", "Australia_%": "13.1", "New South Wales_%": "19.9", "Belmont South_%": "4.5", "New South Wales": "519,390"}}, "Number of bedrooms": {"1 bedroom": {"Belmont South": "28", "Australia": "411,252", "Australia_%": "5.0", "New South Wales_%": "6.0", "Belmont South_%": "6.6", "New South Wales": "157,194"}, "3 bedrooms": {"Belmont South": "209", "Australia": "3,403,190", "Australia_%": "41.1", "New South Wales_%": "37.2", "Belmont South_%": "49.3", "New South Wales": "970,001"}, "Average number of people per household": {"Belmont South": "2.3", "Australia": "2.6", "Australia_%": "--", "New South Wales_%": "--", "Belmont South_%": "--", "New South Wales": "2.6"}, "2 bedrooms": {"Belmont South": "102", "Australia": "1,562,759", "Australia_%": "18.9", "New South Wales_%": "22.2", "Belmont South_%": "24.1", "New South Wales": "577,675"}, "4 or more bedrooms": {"Belmont South": "72", "Australia": "2,670,758", "Australia_%": "32.2", "New South Wales_%": "31.3", "Belmont South_%": "17.0", "New South Wales": "816,405"}, "None (includes bedsitters)": {"Belmont South": "4", "Australia": "39,769", "Australia_%": "0.5", "New South Wales_%": "0.7", "Belmont South_%": "0.9", "New South Wales": "17,157"}, "Number of bedrooms not stated": {"Belmont South": "9", "Australia": "198,351", "Australia_%": "2.4", "New South Wales_%": "2.5", "Belmont South_%": "2.1", "New South Wales": "65,888"}, "Average number of bedrooms per dwelling": {"Belmont South": "2.8", "Australia": "3.1", "Australia_%": "--", "New South Wales_%": "--", "Belmont South_%": "--", "New South Wales": "3"}}, "summaryTable_qsFamilies": {"for all families": "0.6", "for families with children": "1.7", "Families": "301", "Average children per family": "None"}, "People characteristics": {"Male": {"Belmont South": "34", "Australia": "322,171", "Australia_%": "49.6", "New South Wales_%": "49.7", "Belmont South_%": "49.3", "New South Wales": "107,368"}, "Median age": {"Belmont South": "21", "Australia": "23", "Australia_%": "--", "New South Wales_%": "--", "Belmont South_%": "--", "New South Wales": "22"}, "Female": {"Belmont South": "35", "Australia": "326,996", "Australia_%": "50.4", "New South Wales_%": "50.3", "Belmont South_%": "50.7", "New South Wales": "108,809"}}, "Dwelling count": {"Unoccupied private dwellings": {"Belmont South": "36", "Australia": "1,039,874", "Australia_%": "11.2", "New South Wales_%": "9.9", "Belmont South_%": "7.9", "New South Wales": "284,741"}, "Occupied private dwellings": {"Belmont South": "421", "Australia": "8,286,073", "Australia_%": "88.8", "New South Wales_%": "90.1", "Belmont South_%": "92.1", "New South Wales": "2,604,320"}}, "Level of highest educational attainment": {"Certificate level III": {"Belmont South": "176", "Australia": "2,442,203", "Australia_%": "12.8", "New South Wales_%": "12.0", "Belmont South_%": "19.7", "New South Wales": "730,498"}, "Certificate level II": {"Belmont South": "0", "Australia": "13,454", "Australia_%": "0.1", "New South Wales_%": "0.1", "Belmont South_%": "0.0", "New South Wales": "4,849"}, "No educational attainment": {"Belmont South": "3", "Australia": "145,844", "Australia_%": "0.8", "New South Wales_%": "0.9", "Belmont South_%": "0.3", "New South Wales": "54,870"}, "Bachelor Degree level and above": {"Belmont South": "71", "Australia": "4,181,406", "Australia_%": "22.0", "New South Wales_%": "23.4", "Belmont South_%": "7.9", "New South Wales": "1,424,716"}, "Certificate level I": {"Belmont South": "0", "Australia": "2,176", "Australia_%": "0.0", "New South Wales_%": "0.0", "Belmont South_%": "0.0", "New South Wales": "625"}, "Year 11": {"Belmont South": "41", "Australia": "941,531", "Australia_%": "4.9", "New South Wales_%": "3.3", "Belmont South_%": "4.6", "New South Wales": "203,574"}, "Not stated": {"Belmont South": "72", "Australia": "1,974,794", "Australia_%": "10.4", "New South Wales_%": "10.3", "Belmont South_%": "8.1", "New South Wales": "627,465"}, "Year 9 or below": {"Belmont South": "133", "Australia": "1,529,897", "Australia_%": "8.0", "New South Wales_%": "8.4", "Belmont South_%": "14.9", "New South Wales": "513,209"}, "Certificate level IV": {"Belmont South": "24", "Australia": "551,767", "Australia_%": "2.9", "New South Wales_%": "2.8", "Belmont South_%": "2.7", "New South Wales": "167,947"}, "Year 10": {"Belmont South": "187", "Australia": "2,054,331", "Australia_%": "10.8", "New South Wales_%": "11.5", "Belmont South_%": "20.9", "New South Wales": "702,178"}, "Year 12": {"Belmont South": "102", "Australia": "2,994,097", "Australia_%": "15.7", "New South Wales_%": "15.3", "Belmont South_%": "11.4", "New South Wales": "930,654"}, "Advanced Diploma and Diploma level": {"Belmont South": "59", "Australia": "1,687,893", "Australia_%": "8.9", "New South Wales_%": "8.9", "Belmont South_%": "6.6", "New South Wales": "543,142"}}, "Median weekly incomes": {"Personal": {"Belmont South": "511", "Australia": "662", "Australia_%": "--", "New South Wales_%": "--", "Belmont South_%": "--", "New South Wales": "664"}, "Household": {"Belmont South": "1,026", "Australia": "1,438", "Australia_%": "--", "New South Wales_%": "--", "Belmont South_%": "--", "New South Wales": "1,486"}, "Family": {"Belmont South": "1,254", "Australia": "1,734", "Australia_%": "--", "New South Wales_%": "--", "Belmont South_%": "--", "New South Wales": "1,780"}}, "Family composition": {"Other family": {"Belmont South": "12", "Australia": "102,559", "Australia_%": "1.7", "New South Wales_%": "1.7", "Belmont South_%": "4.0", "New South Wales": "32,438"}, "Couple family with children": {"Belmont South": "93", "Australia": "2,716,224", "Australia_%": "44.7", "New South Wales_%": "45.7", "Belmont South_%": "31.0", "New South Wales": "887,358"}, "Couple family without children": {"Belmont South": "115", "Australia": "2,291,987", "Australia_%": "37.8", "New South Wales_%": "36.6", "Belmont South_%": "38.3", "New South Wales": "709,524"}, "One parent family": {"Belmont South": "80", "Australia": "959,543", "Australia_%": "15.8", "New South Wales_%": "16.0", "Belmont South_%": "26.7", "New South Wales": "310,906"}}, "Dwelling internet connection": {"Not stated": {"Belmont South": "14", "Australia": "221,494", "Australia_%": "2.7", "New South Wales_%": "2.8", "Belmont South_%": "3.3", "New South Wales": "73,565"}, "Internet not accessed from dwelling": {"Belmont South": "84", "Australia": "1,172,415", "Australia_%": "14.1", "New South Wales_%": "14.7", "Belmont South_%": "19.7", "New South Wales": "381,709"}, "Internet accessed from dwelling": {"Belmont South": "328", "Australia": "6,892,165", "Australia_%": "83.2", "New South Wales_%": "82.5", "Belmont South_%": "77.0", "New South Wales": "2,149,040"}}, "Social marital status": {"Not married": {"Belmont South": "401", "Australia": "7,024,973", "Australia_%": "41.9", "New South Wales_%": "42.3", "Belmont South_%": "49.2", "New South Wales": "2,290,887"}, "De facto marriage": {"Belmont South": "95", "Australia": "1,751,731", "Australia_%": "10.4", "New South Wales_%": "9.4", "Belmont South_%": "11.7", "New South Wales": "506,133"}, "Registered marriage": {"Belmont South": "319", "Australia": "8,001,141", "Australia_%": "47.7", "New South Wales_%": "48.3", "Belmont South_%": "39.1", "New South Wales": "2,612,630"}}, "Household composition": {"Family households": {"Belmont South": "295", "Australia": "5,907,625", "Australia_%": "71.3", "New South Wales_%": "72.0", "Belmont South_%": "70.7", "New South Wales": "1,874,524"}, "Group households": {"Belmont South": "7", "Australia": "354,917", "Australia_%": "4.3", "New South Wales_%": "4.2", "Belmont South_%": "1.7", "New South Wales": "109,004"}, "Single (or lone) person households": {"Belmont South": "115", "Australia": "2,023,542", "Australia_%": "24.4", "New South Wales_%": "23.8", "Belmont South_%": "27.6", "New South Wales": "620,778"}}, "People": {"Male": {"Belmont South": "512", "Australia": "11,546,638", "Australia_%": "49.3", "New South Wales_%": "49.3", "Belmont South_%": "48.5", "New South Wales": "3,686,014"}, "Aboriginal and/or Torres Strait Islander people": {"Belmont South": "66", "Australia": "649,171", "Australia_%": "2.8", "New South Wales_%": "2.9", "Belmont South_%": "6.3", "New South Wales": "216,176"}, "Female": {"Belmont South": "544", "Australia": "11,855,248", "Australia_%": "50.7", "New South Wales_%": "50.7", "Belmont South_%": "51.5", "New South Wales": "3,794,217"}}, "Language, top responses (other than English)": {"Vietnamese": {"Belmont South": "3", "Australia": "277,400", "Australia_%": "1.2", "New South Wales_%": "1.4", "Belmont South_%": "0.3", "New South Wales": "102,896"}, "null": {"Belmont South": null, "Australia": "None", "Australia_%": "None", "New South Wales_%": "None", "Belmont South_%": null, "New South Wales": "None"}, "Samoan": {"Belmont South": "4", "Australia": "44,869", "Australia_%": "0.2", "New South Wales_%": "0.2", "Belmont South_%": "0.4", "New South Wales": "16,544"}, "English only spoken at home": {"Belmont South": "977", "Australia": "17,020,417", "Australia_%": "72.7", "New South Wales_%": "68.5", "Belmont South_%": "93.7", "New South Wales": "5,126,633"}, "Norwegian": {"Belmont South": "3", "Australia": "2,898", "Australia_%": "0.0", "New South Wales_%": "0.0", "Belmont South_%": "0.3", "New South Wales": "964"}, "Spanish": {"Belmont South": "3", "Australia": "140,817", "Australia_%": "0.6", "New South Wales_%": "0.8", "Belmont South_%": "0.3", "New South Wales": "63,527"}, "Households where a non English language is spoken": {"Belmont South": "16", "Australia": "1,971,011", "Australia_%": "22.2", "New South Wales_%": "26.5", "Belmont South_%": "3.5", "New South Wales": "735,563"}, "Afrikaans": {"Belmont South": "3", "Australia": "43,741", "Australia_%": "0.2", "New South Wales_%": "0.1", "Belmont South_%": "0.3", "New South Wales": "7,735"}}, "summaryTable_qsDwelling": {"Median monthly mortgage repayments": "$1,700", "All private dwellings": "499", "Average people per household": "2.3", "Median weekly household income": "$1,026", "Median weekly rent": "$250", "Average motor vehicles per dwelling": "1.6"}, "Household income": {"Less than $650 gross weekly income": {"Belmont South": "--", "Australia": "--", "Australia_%": "20.0", "New South Wales_%": "19.7", "Belmont South_%": "28.9", "New South Wales": "--"}, "More than $3000 gross weekly income": {"Belmont South": "--", "Australia": "--", "Australia_%": "16.4", "New South Wales_%": "18.7", "Belmont South_%": "5.8", "New South Wales": "--"}}, "Country of birth": {"Other top responses": {"Belmont South": "None", "Belmont South_%": "None"}, "Australia": {"Belmont South": "918", "Australia": "15,614,835", "Australia_%": "66.7", "New South Wales_%": "65.5", "Belmont South_%": "88.4", "New South Wales": "4,899,090"}, "England": {"Belmont South": "19", "Australia": "907,570", "Australia_%": "3.9", "New South Wales_%": "3.0", "Belmont South_%": "1.8", "New South Wales": "226,564"}, "South Africa": {"Belmont South": "4", "Australia": "162,449", "Australia_%": "0.7", "New South Wales_%": "0.6", "Belmont South_%": "0.4", "New South Wales": "43,058"}, "United States of America": {"Belmont South": "4", "Australia": "86,125", "Australia_%": "0.4", "New South Wales_%": "0.4", "Belmont South_%": "0.4", "New South Wales": "30,081"}, "Scotland": {"Belmont South": "6", "Australia": "119,417", "Australia_%": "0.5", "New South Wales_%": "0.4", "Belmont South_%": "0.6", "New South Wales": "28,579"}, "New Zealand": {"Belmont South": "16", "Australia": "518,466", "Australia_%": "2.2", "New South Wales_%": "1.6", "Belmont South_%": "1.5", "New South Wales": "117,136"}}, "Religious affiliation, top responses": {"No Religion, so described": {"Belmont South": "303", "Australia": "6,933,708", "Australia_%": "29.6", "New South Wales_%": "25.1", "Belmont South_%": "28.9", "New South Wales": "1,879,562"}, "Anglican": {"Belmont South": "266", "Australia": "3,101,185", "Australia_%": "13.3", "New South Wales_%": "15.5", "Belmont South_%": "25.4", "New South Wales": "1,161,810"}, "Not stated": {"Belmont South": "80", "Australia": "2,238,735", "Australia_%": "9.6", "New South Wales_%": "9.2", "Belmont South_%": "7.6", "New South Wales": "684,969"}, "Uniting Church": {"Belmont South": "72", "Australia": "870,183", "Australia_%": "3.7", "New South Wales_%": "2.9", "Belmont South_%": "6.9", "New South Wales": "217,258"}, "Catholic": {"Belmont South": "227", "Australia": "5,291,834", "Australia_%": "22.6", "New South Wales_%": "24.7", "Belmont South_%": "21.7", "New South Wales": "1,846,443"}}, "Ancestry, top responses": {"German": {"Belmont South": "32", "Australia": "982,226", "Australia_%": "3.1", "New South Wales_%": "2.4", "Belmont South_%": "2.3", "New South Wales": "236,146"}, "Australian": {"Belmont South": "459", "Australia": "7,298,243", "Australia_%": "23.3", "New South Wales_%": "22.9", "Belmont South_%": "33.0", "New South Wales": "2,261,062"}, "Scottish": {"Belmont South": "122", "Australia": "2,023,470", "Australia_%": "6.4", "New South Wales_%": "5.9", "Belmont South_%": "8.8", "New South Wales": "587,052"}, "Irish": {"Belmont South": "104", "Australia": "2,388,058", "Australia_%": "7.6", "New South Wales_%": "7.5", "Belmont South_%": "7.5", "New South Wales": "741,671"}, "English": {"Belmont South": "490", "Australia": "7,852,224", "Australia_%": "25.0", "New South Wales_%": "23.3", "Belmont South_%": "35.2", "New South Wales": "2,302,481"}}, "Age": {"35-39 years": {"Belmont South": "46", "Australia": "1,561,679", "Australia_%": "6.7", "New South Wales_%": "6.7", "Belmont South_%": "4.4", "New South Wales": "499,724"}, "60-64 years": {"Belmont South": "67", "Australia": "1,299,397", "Australia_%": "5.6", "New South Wales_%": "5.6", "Belmont South_%": "6.4", "New South Wales": "420,044"}, "30-34 years": {"Belmont South": "47", "Australia": "1,703,847", "Australia_%": "7.3", "New South Wales_%": "7.2", "Belmont South_%": "4.5", "New South Wales": "540,360"}, "0-4 years": {"Belmont South": "35", "Australia": "1,464,779", "Australia_%": "6.3", "New South Wales_%": "6.2", "Belmont South_%": "3.3", "New South Wales": "465,135"}, "25-29 years": {"Belmont South": "43", "Australia": "1,664,602", "Australia_%": "7.1", "New South Wales_%": "7.0", "Belmont South_%": "4.1", "New South Wales": "527,161"}, "10-14 years": {"Belmont South": "71", "Australia": "1,397,183", "Australia_%": "6.0", "New South Wales_%": "5.9", "Belmont South_%": "6.7", "New South Wales": "443,009"}, "5-9 years": {"Belmont South": "46", "Australia": "1,502,646", "Australia_%": "6.4", "New South Wales_%": "6.4", "Belmont South_%": "4.4", "New South Wales": "478,184"}, "Median age": {"Belmont South": "44", "Australia": "38", "Australia_%": "--", "New South Wales_%": "--", "Belmont South_%": "--", "New South Wales": "38"}, "50-54 years": {"Belmont South": "73", "Australia": "1,523,551", "Australia_%": "6.5", "New South Wales_%": "6.5", "Belmont South_%": "6.9", "New South Wales": "485,546"}, "80-84 years": {"Belmont South": "23", "Australia": "460,549", "Australia_%": "2.0", "New South Wales_%": "2.1", "Belmont South_%": "2.2", "New South Wales": "155,806"}, "40-44 years": {"Belmont South": "71", "Australia": "1,583,257", "Australia_%": "6.8", "New South Wales_%": "6.7", "Belmont South_%": "6.7", "New South Wales": "503,169"}, "70-74 years": {"Belmont South": "53", "Australia": "887,716", "Australia_%": "3.8", "New South Wales_%": "3.9", "Belmont South_%": "5.0", "New South Wales": "292,556"}, "15-19 years": {"Belmont South": "81", "Australia": "1,421,595", "Australia_%": "6.1", "New South Wales_%": "6.0", "Belmont South_%": "7.7", "New South Wales": "448,425"}, "65-69 years": {"Belmont South": "70", "Australia": "1,188,999", "Australia_%": "5.1", "New South Wales_%": "5.1", "Belmont South_%": "6.6", "New South Wales": "384,470"}, "20-24 years": {"Belmont South": "89", "Australia": "1,566,793", "Australia_%": "6.7", "New South Wales_%": "6.5", "Belmont South_%": "8.4", "New South Wales": "489,673"}, "55-59 years": {"Belmont South": "83", "Australia": "1,454,332", "Australia_%": "6.2", "New South Wales_%": "6.3", "Belmont South_%": "7.9", "New South Wales": "469,726"}, "75-79 years": {"Belmont South": "33", "Australia": "652,657", "Australia_%": "2.8", "New South Wales_%": "2.9", "Belmont South_%": "3.1", "New South Wales": "217,308"}, "45-49 years": {"Belmont South": "105", "Australia": "1,581,455", "Australia_%": "6.8", "New South Wales_%": "6.6", "Belmont South_%": "10.0", "New South Wales": "492,440"}, "85 years and over": {"Belmont South": "18", "Australia": "486,842", "Australia_%": "2.1", "New South Wales_%": "2.2", "Belmont South_%": "1.7", "New South Wales": "167,506"}}, "Single (or lone) parents": {"Male": {"Belmont South": "--", "Australia": "--", "Australia_%": "18.2", "New South Wales_%": "17.8", "Belmont South_%": "14.1", "New South Wales": "--"}, "Female": {"Belmont South": "--", "Australia": "--", "Australia_%": "81.8", "New South Wales_%": "82.2", "Belmont South_%": "85.9", "New South Wales": "--"}}, "Mortgage monthly repayments": {"Median mortgage repayments": {"Belmont South": "1,700", "Australia": "1,755", "Australia_%": "--", "New South Wales_%": "--", "Belmont South_%": "--", "New South Wales": "1,986"}, "Households where mortgage repayments are less than 30% of household income": {"Belmont South": "--", "Australia": "--", "Australia_%": "92.8", "New South Wales_%": "92.6", "Belmont South_%": "94.7", "New South Wales": "--"}, "Households with mortgage repayments greater than or equal to 30% of household income": {"Belmont South": "--", "Australia": "--", "Australia_%": "7.2", "New South Wales_%": "7.4", "Belmont South_%": "5.3", "New South Wales": "--"}}, "Mortgage and rent": {"Median monthly mortgage repayments": {"Belmont South": "1,640", "Australia": "1,660", "Australia_%": "--", "New South Wales_%": "--", "Belmont South_%": "--", "New South Wales": "1,733"}, "Median weekly rent": {"Belmont South": "235", "Australia": "250", "Australia_%": "--", "New South Wales_%": "--", "Belmont South_%": "--", "New South Wales": "270"}}, "Tenure": {"Rented": {"Belmont South": "168", "Australia": "2,561,302", "Australia_%": "30.9", "New South Wales_%": "31.8", "Belmont South_%": "39.4", "New South Wales": "826,922"}, "Owned outright": {"Belmont South": "131", "Australia": "2,565,695", "Australia_%": "31.0", "New South Wales_%": "32.2", "Belmont South_%": "30.8", "New South Wales": "839,665"}, "Owned with a mortgage": {"Belmont South": "112", "Australia": "2,855,222", "Australia_%": "34.5", "New South Wales_%": "32.3", "Belmont South_%": "26.3", "New South Wales": "840,004"}, "Tenure type not stated": {"Belmont South": "9", "Australia": "224,869", "Australia_%": "2.7", "New South Wales_%": "2.8", "Belmont South_%": "2.1", "New South Wales": "73,763"}, "Other tenure type": {"Belmont South": "6", "Australia": "78,994", "Australia_%": "1.0", "New South Wales_%": "0.9", "Belmont South_%": "1.4", "New South Wales": "23,968"}}, "Country of birth of father, stated responses": {"Scotland": {"Belmont South": "18", "Australia": "276,038", "Australia_%": "1.2", "New South Wales_%": "1.0", "Belmont South_%": "1.7", "New South Wales": "72,321"}, "New Zealand": {"Belmont South": "27", "Australia": "617,331", "Australia_%": "2.6", "New South Wales_%": "1.9", "Belmont South_%": "2.6", "New South Wales": "143,450"}, "Australia": {"Belmont South": "830", "Australia": "12,231,150", "Australia_%": "52.3", "New South Wales_%": "50.1", "Belmont South_%": "79.5", "New South Wales": "3,745,787"}, "England": {"Belmont South": "44", "Australia": "1,403,096", "Australia_%": "6.0", "New South Wales_%": "4.8", "Belmont South_%": "4.2", "New South Wales": "359,370"}, "United Kingdom, Channel Islands and Isle of Man, nfd": {"Belmont South": "9", "Australia": "177,536", "Australia_%": "0.8", "New South Wales_%": "0.6", "Belmont South_%": "0.9", "New South Wales": "45,238"}}, "Country of birth of father and/or mother, stated responses": {"Father only born overseas": {"Belmont South": "61", "Australia": "1,488,092", "Australia_%": "6.4", "New South Wales_%": "6.1", "Belmont South_%": "5.8", "New South Wales": "458,394"}, "Mother only born overseas": {"Belmont South": "46", "Australia": "1,094,591", "Australia_%": "4.7", "New South Wales_%": "4.3", "Belmont South_%": "4.4", "New South Wales": "325,182"}, "Both parents born overseas": {"Belmont South": "111", "Australia": "8,051,196", "Australia_%": "34.4", "New South Wales_%": "37.0", "Belmont South_%": "10.6", "New South Wales": "2,764,170"}, "Both parents born in Australia": {"Belmont South": "777", "Australia": "11,070,538", "Australia_%": "47.3", "New South Wales_%": "45.4", "Belmont South_%": "74.0", "New South Wales": "3,399,725"}}, "Rent weekly payments": {"Households where rent payments are less than 30% of household income": {"Belmont South": "--", "Australia": "--", "Australia_%": "88.5", "New South Wales_%": "87.1", "Belmont South_%": "82.8", "New South Wales": "--"}, "Households with rent payments greater than or equal to 30% of household income": {"Belmont South": "--", "Australia": "--", "Australia_%": "11.5", "New South Wales_%": "12.9", "Belmont South_%": "17.2", "New South Wales": "--"}, "Median rent": {"Belmont South": "250", "Australia": "335", "Australia_%": "--", "New South Wales_%": "--", "Belmont South_%": "--", "New South Wales": "380"}}, "Registered marital status": {"Separated": {"Belmont South": "45", "Australia": "608,059", "Australia_%": "3.2", "New South Wales_%": "3.1", "Belmont South_%": "4.9", "New South Wales": "190,198"}, "Widowed": {"Belmont South": "58", "Australia": "985,204", "Australia_%": "5.2", "New South Wales_%": "5.4", "Belmont South_%": "6.3", "New South Wales": "331,653"}, "Married": {"Belmont South": "339", "Australia": "9,148,218", "Australia_%": "48.1", "New South Wales_%": "48.7", "Belmont South_%": "37.1", "New South Wales": "2,965,280"}, "Divorced": {"Belmont South": "118", "Australia": "1,626,890", "Australia_%": "8.5", "New South Wales_%": "8.4", "Belmont South_%": "12.9", "New South Wales": "512,298"}, "Never married": {"Belmont South": "354", "Australia": "6,668,910", "Australia_%": "35.0", "New South Wales_%": "34.4", "Belmont South_%": "38.7", "New South Wales": "2,094,460"}}, "summaryTable_qsPeople": {"Male": "48.5%", "Median age": "44", "Female": "51.5%", "People": "1,054"}, "Dwelling characteristics": {"Average number of people per household": {"Belmont South": "2.5", "Australia": "3.2", "Australia_%": "--", "New South Wales_%": "--", "Belmont South_%": "--", "New South Wales": "3.1"}, "Average number of persons per bedroom": {"Belmont South": "1.1", "Australia": "1", "Australia_%": "--", "New South Wales_%": "--", "Belmont South_%": "--", "New South Wales": "1"}, "Median weekly household income": {"Belmont South": "1,083", "Australia": "1,203", "Australia_%": "--", "New South Wales_%": "--", "Belmont South_%": "--", "New South Wales": "1,214"}}, "Unpaid work": {"Did unpaid domestic work (last week)": {"Belmont South": "570", "Australia": "13,143,914", "Australia_%": "69.0", "New South Wales_%": "67.7", "Belmont South_%": "63.1", "New South Wales": "4,127,723"}, "Provided unpaid assistance to a person with a disability (last two weeks)": {"Belmont South": "111", "Australia": "2,145,203", "Australia_%": "11.3", "New South Wales_%": "11.6", "Belmont South_%": "12.4", "New South Wales": "709,415"}, "Did voluntary work through an organisation or group (last 12 months)": {"Belmont South": "133", "Australia": "3,620,726", "Australia_%": "19.0", "New South Wales_%": "18.1", "Belmont South_%": "14.8", "New South Wales": "1,103,790"}, "Cared for child/children (last two weeks)": {"Belmont South": "223", "Australia": "5,259,400", "Australia_%": "27.6", "New South Wales_%": "27.2", "Belmont South_%": "24.7", "New South Wales": "1,659,250"}}, "Unpaid domestic work, number of hours": {"5 to 14 hours per week": {"Belmont South": "217", "Australia": "4,944,578", "Australia_%": "26.0", "New South Wales_%": "25.1", "Belmont South_%": "24.0", "New South Wales": "1,531,206"}, "30 hours or more per week": {"Belmont South": "85", "Australia": "1,710,970", "Australia_%": "9.0", "New South Wales_%": "9.0", "Belmont South_%": "9.4", "New South Wales": "545,925"}, "Less than 5 hours per week": {"Belmont South": "173", "Australia": "4,298,593", "Australia_%": "22.6", "New South Wales_%": "22.3", "Belmont South_%": "19.1", "New South Wales": "1,359,656"}, "15 to 29 hours per week": {"Belmont South": "97", "Australia": "2,189,776", "Australia_%": "11.5", "New South Wales_%": "11.3", "Belmont South_%": "10.7", "New South Wales": "690,934"}}, "Industry of employment, top responses": {"Supermarket and Grocery Stores": {"Belmont South": "13", "Australia": "254,275", "Australia_%": "2.4", "New South Wales_%": "2.2", "Belmont South_%": "3.7", "New South Wales": "74,487"}, "Hospitals (except Psychiatric Hospitals)": {"Belmont South": "22", "Australia": "411,808", "Australia_%": "3.9", "New South Wales_%": "3.5", "Belmont South_%": "6.3", "New South Wales": "119,350"}, "Accommodation": {"Belmont South": "12", "Australia": "113,377", "Australia_%": "1.1", "New South Wales_%": "1.0", "Belmont South_%": "3.4", "New South Wales": "34,450"}, "Aged Care Residential Services": {"Belmont South": "18", "Australia": "211,621", "Australia_%": "2.0", "New South Wales_%": "2.0", "Belmont South_%": "5.1", "New South Wales": "67,209"}, "Other Social Assistance Services": {"Belmont South": "15", "Australia": "158,230", "Australia_%": "1.5", "New South Wales_%": "1.6", "Belmont South_%": "4.3", "New South Wales": "54,259"}}, "GeoInfo": {"city": "Belmont South"}, "Education": {"University or tertiary institution": {"Belmont South": "17", "Australia": "1,160,626", "Australia_%": "16.1", "New South Wales_%": "16.2", "Belmont South_%": "6.9", "New South Wales": "376,133"}, "Secondary - Catholic": {"Belmont South": "19", "Australia": "338,384", "Australia_%": "4.7", "New South Wales_%": "5.1", "Belmont South_%": "7.7", "New South Wales": "117,689"}, "Secondary - other non Government": {"Belmont South": "0", "Australia": "280,618", "Australia_%": "3.9", "New South Wales_%": "3.4", "Belmont South_%": "0.0", "New South Wales": "79,915"}, "Primary - Catholic": {"Belmont South": "10", "Australia": "380,604", "Australia_%": "5.3", "New South Wales_%": "5.3", "Belmont South_%": "4.0", "New South Wales": "122,099"}, "Primary - Government": {"Belmont South": "70", "Australia": "1,314,787", "Australia_%": "18.2", "New South Wales_%": "18.0", "Belmont South_%": "28.2", "New South Wales": "417,465"}, "Other": {"Belmont South": "7", "Australia": "198,383", "Australia_%": "2.8", "New South Wales_%": "2.7", "Belmont South_%": "2.8", "New South Wales": "63,673"}, "Technical or further education institution": {"Belmont South": "15", "Australia": "424,869", "Australia_%": "5.9", "New South Wales_%": "6.2", "Belmont South_%": "6.0", "New South Wales": "144,103"}, "Secondary - Government": {"Belmont South": "56", "Australia": "827,505", "Australia_%": "11.5", "New South Wales_%": "11.6", "Belmont South_%": "22.6", "New South Wales": "269,249"}, "Primary - other non Government": {"Belmont South": "0", "Australia": "231,490", "Australia_%": "3.2", "New South Wales_%": "2.9", "Belmont South_%": "0.0", "New South Wales": "67,611"}, "Not stated": {"Belmont South": "46", "Australia": "1,707,023", "Australia_%": "23.7", "New South Wales_%": "23.0", "Belmont South_%": "18.5", "New South Wales": "535,266"}, "Preschool": {"Belmont South": "8", "Australia": "347,621", "Australia_%": "4.8", "New South Wales_%": "5.7", "Belmont South_%": "3.2", "New South Wales": "132,047"}}, "Employment": {"Unemployed": {"Belmont South": "57", "Australia": "787,452", "Australia_%": "6.9", "New South Wales_%": "6.3", "Belmont South_%": "11.9", "New South Wales": "225,546"}, "Worked part-time": {"Belmont South": "153", "Australia": "3,491,503", "Australia_%": "30.4", "New South Wales_%": "29.7", "Belmont South_%": "32.0", "New South Wales": "1,071,151"}, "Away from work": {"Belmont South": "23", "Australia": "569,276", "Australia_%": "5.0", "New South Wales_%": "4.8", "Belmont South_%": "4.8", "New South Wales": "174,654"}, "Worked full-time": {"Belmont South": "245", "Australia": "6,623,065", "Australia_%": "57.7", "New South Wales_%": "59.2", "Belmont South_%": "51.3", "New South Wales": "2,134,521"}}, "Travel to work, top responses": {"Walked only": {"Belmont South": "11", "Australia": "370,427", "Australia_%": "3.5", "New South Wales_%": "3.9", "Belmont South_%": "2.6", "New South Wales": "130,957"}, "People who travelled to work by car as driver or passenger": {"Belmont South": "338", "Australia": "7,305,271", "Australia_%": "68.4", "New South Wales_%": "64.6", "Belmont South_%": "79.2", "New South Wales": "2,182,854"}, "Bus": {"Belmont South": "11", "Australia": "323,201", "Australia_%": "3.0", "New South Wales_%": "4.0", "Belmont South_%": "2.6", "New South Wales": "133,903"}, "null": {"Belmont South": null, "Australia": "None", "Australia_%": "None", "New South Wales_%": "None", "Belmont South_%": null, "New South Wales": "None"}, "People who travelled to work by public transport": {"Belmont South": "11", "Australia": "1,225,668", "Australia_%": "11.5", "New South Wales_%": "16.0", "Belmont South_%": "2.6", "New South Wales": "540,215"}, "Car, as driver": {"Belmont South": "312", "Australia": "6,574,571", "Australia_%": "61.5", "New South Wales_%": "57.8", "Belmont South_%": "73.1", "New South Wales": "1,953,399"}, "Truck": {"Belmont South": "8", "Australia": "85,892", "Australia_%": "0.8", "New South Wales_%": "1.0", "Belmont South_%": "1.9", "New South Wales": "32,908"}, "Car, as passenger": {"Belmont South": "21", "Australia": "489,922", "Australia_%": "4.6", "New South Wales_%": "4.3", "Belmont South_%": "4.9", "New South Wales": "144,820"}}, "Occupation": {"Professionals": {"Belmont South": "53", "Australia": "2,370,966", "Australia_%": "22.2", "New South Wales_%": "23.6", "Belmont South_%": "12.5", "New South Wales": "798,126"}, "Technicians and Trades Workers": {"Belmont South": "85", "Australia": "1,447,414", "Australia_%": "13.5", "New South Wales_%": "12.7", "Belmont South_%": "20.0", "New South Wales": "429,239"}, "Labourers": {"Belmont South": "58", "Australia": "1,011,520", "Australia_%": "9.5", "New South Wales_%": "8.8", "Belmont South_%": "13.6", "New South Wales": "297,887"}, "Clerical and Administrative Workers": {"Belmont South": "54", "Australia": "1,449,681", "Australia_%": "13.6", "New South Wales_%": "13.8", "Belmont South_%": "12.7", "New South Wales": "467,977"}, "Machinery Operators and Drivers": {"Belmont South": "27", "Australia": "670,106", "Australia_%": "6.3", "New South Wales_%": "6.1", "Belmont South_%": "6.4", "New South Wales": "206,839"}, "Community and Personal Service Workers": {"Belmont South": "67", "Australia": "1,157,003", "Australia_%": "10.8", "New South Wales_%": "10.4", "Belmont South_%": "15.8", "New South Wales": "350,261"}, "Sales Workers": {"Belmont South": "42", "Australia": "1,000,955", "Australia_%": "9.4", "New South Wales_%": "9.2", "Belmont South_%": "9.9", "New South Wales": "311,414"}, "Managers": {"Belmont South": "32", "Australia": "1,390,047", "Australia_%": "13.0", "New South Wales_%": "13.5", "Belmont South_%": "7.5", "New South Wales": "456,084"}}}