{"Employment - hours worked": {"40 hours or more per week": {"Australia": "4,591,801", "Binna Burra (NSW)": "29", "Binna Burra (NSW)_%": "35.4", "Australia_%": "43.0", "New South Wales_%": "44.1", "New South Wales": "1,489,099"}, "25-34 hours per week": {"Australia": "1,193,445", "Binna Burra (NSW)": "23", "Binna Burra (NSW)_%": "28.0", "Australia_%": "11.2", "New South Wales_%": "10.5", "New South Wales": "353,702"}, "16-24 hours per week": {"Australia": "1,079,236", "Binna Burra (NSW)": "14", "Binna Burra (NSW)_%": "17.1", "Australia_%": "10.1", "New South Wales_%": "10.4", "New South Wales": "352,817"}, "35-39 hours per week": {"Australia": "2,031,263", "Binna Burra (NSW)": "4", "Binna Burra (NSW)_%": "4.9", "Australia_%": "19.0", "New South Wales_%": "19.1", "New South Wales": "645,428"}, "1-15 hours per week": {"Australia": "1,218,823", "Binna Burra (NSW)": "9", "Binna Burra (NSW)_%": "11.0", "Australia_%": "11.4", "New South Wales_%": "10.8", "New South Wales": "364,637"}}, "Number of registered motor vehicles": {"2 motor vehicles": {"Australia": "2,999,184", "Binna Burra (NSW)": "21", "Binna Burra (NSW)_%": "34.4", "Australia_%": "36.2", "New South Wales_%": "34.1", "New South Wales": "887,849"}, "None": {"Australia": "623,829", "Binna Burra (NSW)": "0", "Binna Burra (NSW)_%": "0.0", "Australia_%": "7.5", "New South Wales_%": "9.2", "New South Wales": "239,625"}, "Number of motor vehicles not stated": {"Australia": "285,197", "Binna Burra (NSW)": "0", "Binna Burra (NSW)_%": "0.0", "Australia_%": "3.4", "New South Wales_%": "3.7", "New South Wales": "95,623"}, "1 motor vehicle": {"Australia": "2,881,485", "Binna Burra (NSW)": "20", "Binna Burra (NSW)_%": "32.8", "Australia_%": "34.8", "New South Wales_%": "36.3", "New South Wales": "946,159"}, "3 or more vehicles": {"Australia": "1,496,382", "Binna Burra (NSW)": "20", "Binna Burra (NSW)_%": "32.8", "Australia_%": "18.1", "New South Wales_%": "16.7", "New South Wales": "435,053"}}, "Employment status of parents in couple families": {"Labour force status not stated (by one or both parents in a couple family)": {"Australia": "311,381", "Binna Burra (NSW)": "4", "Binna Burra (NSW)_%": "10.3", "Australia_%": "6.2", "New South Wales_%": "5.7", "New South Wales": "90,630"}, "One employed full-time, one part-time": {"Australia": "1,086,460", "Binna Burra (NSW)": "7", "Binna Burra (NSW)_%": "17.9", "Australia_%": "21.7", "New South Wales_%": "20.6", "New South Wales": "329,567"}, "One employed part-time, other not working": {"Australia": "302,037", "Binna Burra (NSW)": "0", "Binna Burra (NSW)_%": "0.0", "Australia_%": "6.0", "New South Wales_%": "6.1", "New South Wales": "96,933"}, "Other (includes away from work)": {"Australia": "264,145", "Binna Burra (NSW)": "3", "Binna Burra (NSW)_%": "7.7", "Australia_%": "5.3", "New South Wales_%": "5.1", "New South Wales": "80,905"}, "Both employed, worked full-time": {"Australia": "1,084,006", "Binna Burra (NSW)": "6", "Binna Burra (NSW)_%": "15.4", "Australia_%": "21.6", "New South Wales_%": "22.6", "New South Wales": "360,916"}, "One employed full-time, other not working": {"Australia": "749,886", "Binna Burra (NSW)": "4", "Binna Burra (NSW)_%": "10.3", "Australia_%": "15.0", "New South Wales_%": "15.0", "New South Wales": "240,084"}, "Both employed, worked part-time": {"Australia": "203,596", "Binna Burra (NSW)": "7", "Binna Burra (NSW)_%": "17.9", "Australia_%": "4.1", "New South Wales_%": "4.0", "New South Wales": "63,106"}, "Both not working": {"Australia": "1,006,697", "Binna Burra (NSW)": "8", "Binna Burra (NSW)_%": "20.5", "Australia_%": "20.1", "New South Wales_%": "21.0", "New South Wales": "334,742"}}, "Country of birth of mother, stated responses": {"Germany": {"Australia": "169,618", "Binna Burra (NSW)": "4", "Binna Burra (NSW)_%": "1.9", "Australia_%": "0.7", "New South Wales_%": "0.6", "New South Wales": "47,489"}, "United Kingdom, Channel Islands and Isle of Man, nfd": {"Australia": "155,231", "Binna Burra (NSW)": "6", "Binna Burra (NSW)_%": "2.8", "Australia_%": "0.7", "New South Wales_%": "0.5", "New South Wales": "38,504"}, "Australia": {"Australia": "12,643,365", "Binna Burra (NSW)": "157", "Binna Burra (NSW)_%": "73.4", "Australia_%": "54.0", "New South Wales_%": "51.9", "New South Wales": "3,884,762"}, "England": {"Australia": "1,302,147", "Binna Burra (NSW)": "11", "Binna Burra (NSW)_%": "5.1", "Australia_%": "5.6", "New South Wales_%": "4.3", "New South Wales": "322,472"}, "New Zealand": {"Australia": "608,329", "Binna Burra (NSW)": "3", "Binna Burra (NSW)_%": "1.4", "Australia_%": "2.6", "New South Wales_%": "1.9", "New South Wales": "139,899"}}, "Dwelling structure": {"Other dwelling": {"Australia": "64,425", "Binna Burra (NSW)": "0", "Binna Burra (NSW)_%": "0.0", "Australia_%": "0.8", "New South Wales_%": "0.9", "New South Wales": "23,580"}, "Semi-detached, row or terrace house, townhouse etc": {"Australia": "1,055,016", "Binna Burra (NSW)": "0", "Binna Burra (NSW)_%": "0.0", "Australia_%": "12.7", "New South Wales_%": "12.2", "New South Wales": "317,453"}, "Separate house": {"Australia": "6,041,788", "Binna Burra (NSW)": "59", "Binna Burra (NSW)_%": "100.0", "Australia_%": "72.9", "New South Wales_%": "66.4", "New South Wales": "1,729,820"}, "Flat or apartment": {"Australia": "1,087,434", "Binna Burra (NSW)": "0", "Binna Burra (NSW)_%": "0.0", "Australia_%": "13.1", "New South Wales_%": "19.9", "New South Wales": "519,390"}}, "Number of bedrooms": {"1 bedroom": {"Australia": "411,252", "Binna Burra (NSW)": "4", "Binna Burra (NSW)_%": "6.6", "Australia_%": "5.0", "New South Wales_%": "6.0", "New South Wales": "157,194"}, "3 bedrooms": {"Australia": "3,403,190", "Binna Burra (NSW)": "24", "Binna Burra (NSW)_%": "39.3", "Australia_%": "41.1", "New South Wales_%": "37.2", "New South Wales": "970,001"}, "Average number of people per household": {"Australia": "2.6", "Binna Burra (NSW)": "2.7", "Binna Burra (NSW)_%": "--", "Australia_%": "--", "New South Wales_%": "--", "New South Wales": "2.6"}, "2 bedrooms": {"Australia": "1,562,759", "Binna Burra (NSW)": "14", "Binna Burra (NSW)_%": "23.0", "Australia_%": "18.9", "New South Wales_%": "22.2", "New South Wales": "577,675"}, "4 or more bedrooms": {"Australia": "2,670,758", "Binna Burra (NSW)": "19", "Binna Burra (NSW)_%": "31.1", "Australia_%": "32.2", "New South Wales_%": "31.3", "New South Wales": "816,405"}, "None (includes bedsitters)": {"Australia": "39,769", "Binna Burra (NSW)": "0", "Binna Burra (NSW)_%": "0.0", "Australia_%": "0.5", "New South Wales_%": "0.7", "New South Wales": "17,157"}, "Number of bedrooms not stated": {"Australia": "198,351", "Binna Burra (NSW)": "0", "Binna Burra (NSW)_%": "0.0", "Australia_%": "2.4", "New South Wales_%": "2.5", "New South Wales": "65,888"}, "Average number of bedrooms per dwelling": {"Australia": "3.1", "Binna Burra (NSW)": "3.1", "Binna Burra (NSW)_%": "--", "Australia_%": "--", "New South Wales_%": "--", "New South Wales": "3"}}, "summaryTable_qsFamilies": {"for all families": "1", "for families with children": "2", "Families": "48", "Average children per family": "None"}, "People characteristics": {"Male": {"Australia": "322,171", "Binna Burra (NSW)": "6", "Binna Burra (NSW)_%": "100.0", "Australia_%": "49.6", "New South Wales_%": "49.7", "New South Wales": "107,368"}, "Median age": {"Australia": "23", "Binna Burra (NSW)": "0", "Binna Burra (NSW)_%": "--", "Australia_%": "--", "New South Wales_%": "--", "New South Wales": "22"}, "Female": {"Australia": "326,996", "Binna Burra (NSW)": "0", "Binna Burra (NSW)_%": "0.0", "Australia_%": "50.4", "New South Wales_%": "50.3", "New South Wales": "108,809"}}, "Dwelling count": {"Unoccupied private dwellings": {"Australia": "1,039,874", "Binna Burra (NSW)": "16", "Binna Burra (NSW)_%": "21.3", "Australia_%": "11.2", "New South Wales_%": "9.9", "New South Wales": "284,741"}, "Occupied private dwellings": {"Australia": "8,286,073", "Binna Burra (NSW)": "59", "Binna Burra (NSW)_%": "78.7", "Australia_%": "88.8", "New South Wales_%": "90.1", "New South Wales": "2,604,320"}}, "Level of highest educational attainment": {"Certificate level III": {"Australia": "2,442,203", "Binna Burra (NSW)": "31", "Binna Burra (NSW)_%": "17.5", "Australia_%": "12.8", "New South Wales_%": "12.0", "New South Wales": "730,498"}, "Certificate level II": {"Australia": "13,454", "Binna Burra (NSW)": "0", "Binna Burra (NSW)_%": "0.0", "Australia_%": "0.1", "New South Wales_%": "0.1", "New South Wales": "4,849"}, "No educational attainment": {"Australia": "145,844", "Binna Burra (NSW)": "0", "Binna Burra (NSW)_%": "0.0", "Australia_%": "0.8", "New South Wales_%": "0.9", "New South Wales": "54,870"}, "Bachelor Degree level and above": {"Australia": "4,181,406", "Binna Burra (NSW)": "28", "Binna Burra (NSW)_%": "15.8", "Australia_%": "22.0", "New South Wales_%": "23.4", "New South Wales": "1,424,716"}, "Certificate level I": {"Australia": "2,176", "Binna Burra (NSW)": "0", "Binna Burra (NSW)_%": "0.0", "Australia_%": "0.0", "New South Wales_%": "0.0", "New South Wales": "625"}, "Year 11": {"Australia": "941,531", "Binna Burra (NSW)": "3", "Binna Burra (NSW)_%": "1.7", "Australia_%": "4.9", "New South Wales_%": "3.3", "New South Wales": "203,574"}, "Not stated": {"Australia": "1,974,794", "Binna Burra (NSW)": "27", "Binna Burra (NSW)_%": "15.3", "Australia_%": "10.4", "New South Wales_%": "10.3", "New South Wales": "627,465"}, "Year 9 or below": {"Australia": "1,529,897", "Binna Burra (NSW)": "11", "Binna Burra (NSW)_%": "6.2", "Australia_%": "8.0", "New South Wales_%": "8.4", "New South Wales": "513,209"}, "Certificate level IV": {"Australia": "551,767", "Binna Burra (NSW)": "4", "Binna Burra (NSW)_%": "2.3", "Australia_%": "2.9", "New South Wales_%": "2.8", "New South Wales": "167,947"}, "Year 10": {"Australia": "2,054,331", "Binna Burra (NSW)": "11", "Binna Burra (NSW)_%": "6.2", "Australia_%": "10.8", "New South Wales_%": "11.5", "New South Wales": "702,178"}, "Year 12": {"Australia": "2,994,097", "Binna Burra (NSW)": "25", "Binna Burra (NSW)_%": "14.1", "Australia_%": "15.7", "New South Wales_%": "15.3", "New South Wales": "930,654"}, "Advanced Diploma and Diploma level": {"Australia": "1,687,893", "Binna Burra (NSW)": "23", "Binna Burra (NSW)_%": "13.0", "Australia_%": "8.9", "New South Wales_%": "8.9", "New South Wales": "543,142"}}, "Median weekly incomes": {"Personal": {"Australia": "662", "Binna Burra (NSW)": "532", "Binna Burra (NSW)_%": "--", "Australia_%": "--", "New South Wales_%": "--", "New South Wales": "664"}, "Household": {"Australia": "1,438", "Binna Burra (NSW)": "1,312", "Binna Burra (NSW)_%": "--", "Australia_%": "--", "New South Wales_%": "--", "New South Wales": "1,486"}, "Family": {"Australia": "1,734", "Binna Burra (NSW)": "1,444", "Binna Burra (NSW)_%": "--", "Australia_%": "--", "New South Wales_%": "--", "New South Wales": "1,780"}}, "Family composition": {"Other family": {"Australia": "102,559", "Binna Burra (NSW)": "0", "Binna Burra (NSW)_%": "0.0", "Australia_%": "1.7", "New South Wales_%": "1.7", "New South Wales": "32,438"}, "Couple family with children": {"Australia": "2,716,224", "Binna Burra (NSW)": "21", "Binna Burra (NSW)_%": "38.9", "Australia_%": "44.7", "New South Wales_%": "45.7", "New South Wales": "887,358"}, "Couple family without children": {"Australia": "2,291,987", "Binna Burra (NSW)": "23", "Binna Burra (NSW)_%": "42.6", "Australia_%": "37.8", "New South Wales_%": "36.6", "New South Wales": "709,524"}, "One parent family": {"Australia": "959,543", "Binna Burra (NSW)": "10", "Binna Burra (NSW)_%": "18.5", "Australia_%": "15.8", "New South Wales_%": "16.0", "New South Wales": "310,906"}}, "Dwelling internet connection": {"Not stated": {"Australia": "221,494", "Binna Burra (NSW)": "0", "Binna Burra (NSW)_%": "0.0", "Australia_%": "2.7", "New South Wales_%": "2.8", "New South Wales": "73,565"}, "Internet not accessed from dwelling": {"Australia": "1,172,415", "Binna Burra (NSW)": "8", "Binna Burra (NSW)_%": "13.6", "Australia_%": "14.1", "New South Wales_%": "14.7", "New South Wales": "381,709"}, "Internet accessed from dwelling": {"Australia": "6,892,165", "Binna Burra (NSW)": "51", "Binna Burra (NSW)_%": "86.4", "Australia_%": "83.2", "New South Wales_%": "82.5", "New South Wales": "2,149,040"}}, "Social marital status": {"Not married": {"Australia": "7,024,973", "Binna Burra (NSW)": "54", "Binna Burra (NSW)_%": "39.1", "Australia_%": "41.9", "New South Wales_%": "42.3", "New South Wales": "2,290,887"}, "De facto marriage": {"Australia": "1,751,731", "Binna Burra (NSW)": "12", "Binna Burra (NSW)_%": "8.7", "Australia_%": "10.4", "New South Wales_%": "9.4", "New South Wales": "506,133"}, "Registered marriage": {"Australia": "8,001,141", "Binna Burra (NSW)": "72", "Binna Burra (NSW)_%": "52.2", "Australia_%": "47.7", "New South Wales_%": "48.3", "New South Wales": "2,612,630"}}, "Household composition": {"Family households": {"Australia": "5,907,625", "Binna Burra (NSW)": "51", "Binna Burra (NSW)_%": "83.6", "Australia_%": "71.3", "New South Wales_%": "72.0", "New South Wales": "1,874,524"}, "Group households": {"Australia": "354,917", "Binna Burra (NSW)": "0", "Binna Burra (NSW)_%": "0.0", "Australia_%": "4.3", "New South Wales_%": "4.2", "New South Wales": "109,004"}, "Single (or lone) person households": {"Australia": "2,023,542", "Binna Burra (NSW)": "10", "Binna Burra (NSW)_%": "16.4", "Australia_%": "24.4", "New South Wales_%": "23.8", "New South Wales": "620,778"}}, "People": {"Male": {"Australia": "11,546,638", "Binna Burra (NSW)": "118", "Binna Burra (NSW)_%": "53.4", "Australia_%": "49.3", "New South Wales_%": "49.3", "New South Wales": "3,686,014"}, "Aboriginal and/or Torres Strait Islander people": {"Australia": "649,171", "Binna Burra (NSW)": "6", "Binna Burra (NSW)_%": "2.8", "Australia_%": "2.8", "New South Wales_%": "2.9", "New South Wales": "216,176"}, "Female": {"Australia": "11,855,248", "Binna Burra (NSW)": "103", "Binna Burra (NSW)_%": "46.6", "Australia_%": "50.7", "New South Wales_%": "50.7", "New South Wales": "3,794,217"}}, "Language, top responses (other than English)": {"German": {"Australia": "79,353", "Binna Burra (NSW)": "3", "Binna Burra (NSW)_%": "1.4", "Australia_%": "0.3", "New South Wales_%": "0.3", "New South Wales": "23,033"}, "null": {"Australia": "None", "Binna Burra (NSW)": null, "Binna Burra (NSW)_%": null, "Australia_%": "None", "New South Wales_%": "None", "New South Wales": "None"}, "English only spoken at home": {"Australia": "17,020,417", "Binna Burra (NSW)": "182", "Binna Burra (NSW)_%": "82.4", "Australia_%": "72.7", "New South Wales_%": "68.5", "New South Wales": "5,126,633"}, "Dutch": {"Australia": "33,835", "Binna Burra (NSW)": "3", "Binna Burra (NSW)_%": "1.4", "Australia_%": "0.1", "New South Wales_%": "0.1", "New South Wales": "8,686"}, "Households where a non English language is spoken": {"Australia": "1,971,011", "Binna Burra (NSW)": "3", "Binna Burra (NSW)_%": "4.3", "Australia_%": "22.2", "New South Wales_%": "26.5", "New South Wales": "735,563"}, "Italian": {"Australia": "271,597", "Binna Burra (NSW)": "3", "Binna Burra (NSW)_%": "1.4", "Australia_%": "1.2", "New South Wales_%": "1.0", "New South Wales": "75,694"}}, "summaryTable_qsDwelling": {"Median monthly mortgage repayments": "$2,167", "All private dwellings": "84", "Average people per household": "2.7", "Median weekly household income": "$1,312", "Median weekly rent": "$315", "Average motor vehicles per dwelling": "2.1"}, "Household income": {"Less than $650 gross weekly income": {"Australia": "--", "Binna Burra (NSW)": "--", "Binna Burra (NSW)_%": "14.8", "Australia_%": "20.0", "New South Wales_%": "19.7", "New South Wales": "--"}, "More than $3000 gross weekly income": {"Australia": "--", "Binna Burra (NSW)": "--", "Binna Burra (NSW)_%": "14.8", "Australia_%": "16.4", "New South Wales_%": "18.7", "New South Wales": "--"}}, "Country of birth": {"Other top responses": {"Binna Burra (NSW)": "None", "Binna Burra (NSW)_%": "None"}, "Germany": {"Australia": "102,595", "Binna Burra (NSW)": "3", "Binna Burra (NSW)_%": "1.4", "Australia_%": "0.4", "New South Wales_%": "0.4", "New South Wales": "29,541"}, "New Zealand": {"Australia": "518,466", "Binna Burra (NSW)": "3", "Binna Burra (NSW)_%": "1.4", "Australia_%": "2.2", "New South Wales_%": "1.6", "New South Wales": "117,136"}, "Australia": {"Australia": "15,614,835", "Binna Burra (NSW)": "166", "Binna Burra (NSW)_%": "79.0", "Australia_%": "66.7", "New South Wales_%": "65.5", "New South Wales": "4,899,090"}, "England": {"Australia": "907,570", "Binna Burra (NSW)": "11", "Binna Burra (NSW)_%": "5.2", "Australia_%": "3.9", "New South Wales_%": "3.0", "New South Wales": "226,564"}}, "Religious affiliation, top responses": {"No Religion, so described": {"Australia": "6,933,708", "Binna Burra (NSW)": "101", "Binna Burra (NSW)_%": "48.8", "Australia_%": "29.6", "New South Wales_%": "25.1", "New South Wales": "1,879,562"}, "Catholic": {"Australia": "5,291,834", "Binna Burra (NSW)": "41", "Binna Burra (NSW)_%": "19.8", "Australia_%": "22.6", "New South Wales_%": "24.7", "New South Wales": "1,846,443"}, "Not stated": {"Australia": "2,238,735", "Binna Burra (NSW)": "34", "Binna Burra (NSW)_%": "16.4", "Australia_%": "9.6", "New South Wales_%": "9.2", "New South Wales": "684,969"}, "Uniting Church": {"Australia": "870,183", "Binna Burra (NSW)": "8", "Binna Burra (NSW)_%": "3.9", "Australia_%": "3.7", "New South Wales_%": "2.9", "New South Wales": "217,258"}, "Anglican": {"Australia": "3,101,185", "Binna Burra (NSW)": "17", "Binna Burra (NSW)_%": "8.2", "Australia_%": "13.3", "New South Wales_%": "15.5", "New South Wales": "1,161,810"}}, "Ancestry, top responses": {"German": {"Australia": "982,226", "Binna Burra (NSW)": "11", "Binna Burra (NSW)_%": "3.8", "Australia_%": "3.1", "New South Wales_%": "2.4", "New South Wales": "236,146"}, "Australian": {"Australia": "7,298,243", "Binna Burra (NSW)": "73", "Binna Burra (NSW)_%": "25.3", "Australia_%": "23.3", "New South Wales_%": "22.9", "New South Wales": "2,261,062"}, "Scottish": {"Australia": "2,023,470", "Binna Burra (NSW)": "25", "Binna Burra (NSW)_%": "8.7", "Australia_%": "6.4", "New South Wales_%": "5.9", "New South Wales": "587,052"}, "Irish": {"Australia": "2,388,058", "Binna Burra (NSW)": "37", "Binna Burra (NSW)_%": "12.8", "Australia_%": "7.6", "New South Wales_%": "7.5", "New South Wales": "741,671"}, "English": {"Australia": "7,852,224", "Binna Burra (NSW)": "90", "Binna Burra (NSW)_%": "31.2", "Australia_%": "25.0", "New South Wales_%": "23.3", "New South Wales": "2,302,481"}}, "Age": {"35-39 years": {"Australia": "1,561,679", "Binna Burra (NSW)": "11", "Binna Burra (NSW)_%": "4.9", "Australia_%": "6.7", "New South Wales_%": "6.7", "New South Wales": "499,724"}, "60-64 years": {"Australia": "1,299,397", "Binna Burra (NSW)": "20", "Binna Burra (NSW)_%": "9.0", "Australia_%": "5.6", "New South Wales_%": "5.6", "New South Wales": "420,044"}, "30-34 years": {"Australia": "1,703,847", "Binna Burra (NSW)": "15", "Binna Burra (NSW)_%": "6.7", "Australia_%": "7.3", "New South Wales_%": "7.2", "New South Wales": "540,360"}, "0-4 years": {"Australia": "1,464,779", "Binna Burra (NSW)": "11", "Binna Burra (NSW)_%": "4.9", "Australia_%": "6.3", "New South Wales_%": "6.2", "New South Wales": "465,135"}, "25-29 years": {"Australia": "1,664,602", "Binna Burra (NSW)": "11", "Binna Burra (NSW)_%": "4.9", "Australia_%": "7.1", "New South Wales_%": "7.0", "New South Wales": "527,161"}, "10-14 years": {"Australia": "1,397,183", "Binna Burra (NSW)": "18", "Binna Burra (NSW)_%": "8.1", "Australia_%": "6.0", "New South Wales_%": "5.9", "New South Wales": "443,009"}, "5-9 years": {"Australia": "1,502,646", "Binna Burra (NSW)": "8", "Binna Burra (NSW)_%": "3.6", "Australia_%": "6.4", "New South Wales_%": "6.4", "New South Wales": "478,184"}, "Median age": {"Australia": "38", "Binna Burra (NSW)": "42", "Binna Burra (NSW)_%": "--", "Australia_%": "--", "New South Wales_%": "--", "New South Wales": "38"}, "50-54 years": {"Australia": "1,523,551", "Binna Burra (NSW)": "29", "Binna Burra (NSW)_%": "13.0", "Australia_%": "6.5", "New South Wales_%": "6.5", "New South Wales": "485,546"}, "80-84 years": {"Australia": "460,549", "Binna Burra (NSW)": "3", "Binna Burra (NSW)_%": "1.3", "Australia_%": "2.0", "New South Wales_%": "2.1", "New South Wales": "155,806"}, "40-44 years": {"Australia": "1,583,257", "Binna Burra (NSW)": "22", "Binna Burra (NSW)_%": "9.9", "Australia_%": "6.8", "New South Wales_%": "6.7", "New South Wales": "503,169"}, "70-74 years": {"Australia": "887,716", "Binna Burra (NSW)": "6", "Binna Burra (NSW)_%": "2.7", "Australia_%": "3.8", "New South Wales_%": "3.9", "New South Wales": "292,556"}, "15-19 years": {"Australia": "1,421,595", "Binna Burra (NSW)": "18", "Binna Burra (NSW)_%": "8.1", "Australia_%": "6.1", "New South Wales_%": "6.0", "New South Wales": "448,425"}, "65-69 years": {"Australia": "1,188,999", "Binna Burra (NSW)": "11", "Binna Burra (NSW)_%": "4.9", "Australia_%": "5.1", "New South Wales_%": "5.1", "New South Wales": "384,470"}, "20-24 years": {"Australia": "1,566,793", "Binna Burra (NSW)": "10", "Binna Burra (NSW)_%": "4.5", "Australia_%": "6.7", "New South Wales_%": "6.5", "New South Wales": "489,673"}, "55-59 years": {"Australia": "1,454,332", "Binna Burra (NSW)": "7", "Binna Burra (NSW)_%": "3.1", "Australia_%": "6.2", "New South Wales_%": "6.3", "New South Wales": "469,726"}, "75-79 years": {"Australia": "652,657", "Binna Burra (NSW)": "5", "Binna Burra (NSW)_%": "2.2", "Australia_%": "2.8", "New South Wales_%": "2.9", "New South Wales": "217,308"}, "45-49 years": {"Australia": "1,581,455", "Binna Burra (NSW)": "13", "Binna Burra (NSW)_%": "5.8", "Australia_%": "6.8", "New South Wales_%": "6.6", "New South Wales": "492,440"}, "85 years and over": {"Australia": "486,842", "Binna Burra (NSW)": "5", "Binna Burra (NSW)_%": "2.2", "Australia_%": "2.1", "New South Wales_%": "2.2", "New South Wales": "167,506"}}, "Single (or lone) parents": {"Male": {"Australia": "--", "Binna Burra (NSW)": "--", "Binna Burra (NSW)_%": "33.3", "Australia_%": "18.2", "New South Wales_%": "17.8", "New South Wales": "--"}, "Female": {"Australia": "--", "Binna Burra (NSW)": "--", "Binna Burra (NSW)_%": "66.7", "Australia_%": "81.8", "New South Wales_%": "82.2", "New South Wales": "--"}}, "Mortgage monthly repayments": {"Median mortgage repayments": {"Australia": "1,755", "Binna Burra (NSW)": "2,167", "Binna Burra (NSW)_%": "--", "Australia_%": "--", "New South Wales_%": "--", "New South Wales": "1,986"}, "Households where mortgage repayments are less than 30% of household income": {"Australia": "--", "Binna Burra (NSW)": "--", "Binna Burra (NSW)_%": "95.2", "Australia_%": "92.8", "New South Wales_%": "92.6", "New South Wales": "--"}, "Households with mortgage repayments greater than or equal to 30% of household income": {"Australia": "--", "Binna Burra (NSW)": "--", "Binna Burra (NSW)_%": "4.8", "Australia_%": "7.2", "New South Wales_%": "7.4", "New South Wales": "--"}}, "Mortgage and rent": {"Median monthly mortgage repayments": {"Australia": "1,660", "Binna Burra (NSW)": "0", "Binna Burra (NSW)_%": "--", "Australia_%": "--", "New South Wales_%": "--", "New South Wales": "1,733"}, "Median weekly rent": {"Australia": "250", "Binna Burra (NSW)": "0", "Binna Burra (NSW)_%": "--", "Australia_%": "--", "New South Wales_%": "--", "New South Wales": "270"}}, "Tenure": {"Rented": {"Australia": "2,561,302", "Binna Burra (NSW)": "18", "Binna Burra (NSW)_%": "26.1", "Australia_%": "30.9", "New South Wales_%": "31.8", "New South Wales": "826,922"}, "Owned outright": {"Australia": "2,565,695", "Binna Burra (NSW)": "29", "Binna Burra (NSW)_%": "42.0", "Australia_%": "31.0", "New South Wales_%": "32.2", "New South Wales": "839,665"}, "Owned with a mortgage": {"Australia": "2,855,222", "Binna Burra (NSW)": "19", "Binna Burra (NSW)_%": "27.5", "Australia_%": "34.5", "New South Wales_%": "32.3", "New South Wales": "840,004"}, "Tenure type not stated": {"Australia": "224,869", "Binna Burra (NSW)": "0", "Binna Burra (NSW)_%": "0.0", "Australia_%": "2.7", "New South Wales_%": "2.8", "New South Wales": "73,763"}, "Other tenure type": {"Australia": "78,994", "Binna Burra (NSW)": "3", "Binna Burra (NSW)_%": "4.3", "Australia_%": "1.0", "New South Wales_%": "0.9", "New South Wales": "23,968"}}, "Country of birth of father, stated responses": {"Germany": {"Australia": "170,571", "Binna Burra (NSW)": "3", "Binna Burra (NSW)_%": "1.5", "Australia_%": "0.7", "New South Wales_%": "0.6", "New South Wales": "47,543"}, "United Kingdom, Channel Islands and Isle of Man, nfd": {"Australia": "177,536", "Binna Burra (NSW)": "6", "Binna Burra (NSW)_%": "3.0", "Australia_%": "0.8", "New South Wales_%": "0.6", "New South Wales": "45,238"}, "Australia": {"Australia": "12,231,150", "Binna Burra (NSW)": "141", "Binna Burra (NSW)_%": "71.6", "Australia_%": "52.3", "New South Wales_%": "50.1", "New South Wales": "3,745,787"}, "England": {"Australia": "1,403,096", "Binna Burra (NSW)": "11", "Binna Burra (NSW)_%": "5.6", "Australia_%": "6.0", "New South Wales_%": "4.8", "New South Wales": "359,370"}, "New Zealand": {"Australia": "617,331", "Binna Burra (NSW)": "3", "Binna Burra (NSW)_%": "1.5", "Australia_%": "2.6", "New South Wales_%": "1.9", "New South Wales": "143,450"}}, "Country of birth of father and/or mother, stated responses": {"Father only born overseas": {"Australia": "1,488,092", "Binna Burra (NSW)": "17", "Binna Burra (NSW)_%": "7.7", "Australia_%": "6.4", "New South Wales_%": "6.1", "New South Wales": "458,394"}, "Mother only born overseas": {"Australia": "1,094,591", "Binna Burra (NSW)": "3", "Binna Burra (NSW)_%": "1.4", "Australia_%": "4.7", "New South Wales_%": "4.3", "New South Wales": "325,182"}, "Both parents born overseas": {"Australia": "8,051,196", "Binna Burra (NSW)": "32", "Binna Burra (NSW)_%": "14.5", "Australia_%": "34.4", "New South Wales_%": "37.0", "New South Wales": "2,764,170"}, "Both parents born in Australia": {"Australia": "11,070,538", "Binna Burra (NSW)": "139", "Binna Burra (NSW)_%": "63.2", "Australia_%": "47.3", "New South Wales_%": "45.4", "New South Wales": "3,399,725"}}, "Rent weekly payments": {"Households where rent payments are less than 30% of household income": {"Australia": "--", "Binna Burra (NSW)": "--", "Binna Burra (NSW)_%": "89.3", "Australia_%": "88.5", "New South Wales_%": "87.1", "New South Wales": "--"}, "Households with rent payments greater than or equal to 30% of household income": {"Australia": "--", "Binna Burra (NSW)": "--", "Binna Burra (NSW)_%": "10.7", "Australia_%": "11.5", "New South Wales_%": "12.9", "New South Wales": "--"}, "Median rent": {"Australia": "335", "Binna Burra (NSW)": "315", "Binna Burra (NSW)_%": "--", "Australia_%": "--", "New South Wales_%": "--", "New South Wales": "380"}}, "Registered marital status": {"Separated": {"Australia": "608,059", "Binna Burra (NSW)": "6", "Binna Burra (NSW)_%": "3.3", "Australia_%": "3.2", "New South Wales_%": "3.1", "New South Wales": "190,198"}, "Widowed": {"Australia": "985,204", "Binna Burra (NSW)": "6", "Binna Burra (NSW)_%": "3.3", "Australia_%": "5.2", "New South Wales_%": "5.4", "New South Wales": "331,653"}, "Married": {"Australia": "9,148,218", "Binna Burra (NSW)": "84", "Binna Burra (NSW)_%": "46.7", "Australia_%": "48.1", "New South Wales_%": "48.7", "New South Wales": "2,965,280"}, "Divorced": {"Australia": "1,626,890", "Binna Burra (NSW)": "22", "Binna Burra (NSW)_%": "12.2", "Australia_%": "8.5", "New South Wales_%": "8.4", "New South Wales": "512,298"}, "Never married": {"Australia": "6,668,910", "Binna Burra (NSW)": "62", "Binna Burra (NSW)_%": "34.4", "Australia_%": "35.0", "New South Wales_%": "34.4", "New South Wales": "2,094,460"}}, "summaryTable_qsPeople": {"Male": "53.4%", "Median age": "42", "Female": "46.6%", "People": "218"}, "Dwelling characteristics": {"Average number of people per household": {"Australia": "3.2", "Binna Burra (NSW)": "0", "Binna Burra (NSW)_%": "--", "Australia_%": "--", "New South Wales_%": "--", "New South Wales": "3.1"}, "Average number of persons per bedroom": {"Australia": "1", "Binna Burra (NSW)": "0", "Binna Burra (NSW)_%": "--", "Australia_%": "--", "New South Wales_%": "--", "New South Wales": "1"}, "Median weekly household income": {"Australia": "1,203", "Binna Burra (NSW)": "0", "Binna Burra (NSW)_%": "--", "Australia_%": "--", "New South Wales_%": "--", "New South Wales": "1,214"}}, "Unpaid work": {"Did unpaid domestic work (last week)": {"Australia": "13,143,914", "Binna Burra (NSW)": "136", "Binna Burra (NSW)_%": "78.6", "Australia_%": "69.0", "New South Wales_%": "67.7", "New South Wales": "4,127,723"}, "Provided unpaid assistance to a person with a disability (last two weeks)": {"Australia": "2,145,203", "Binna Burra (NSW)": "18", "Binna Burra (NSW)_%": "10.3", "Australia_%": "11.3", "New South Wales_%": "11.6", "New South Wales": "709,415"}, "Did voluntary work through an organisation or group (last 12 months)": {"Australia": "3,620,726", "Binna Burra (NSW)": "42", "Binna Burra (NSW)_%": "24.0", "Australia_%": "19.0", "New South Wales_%": "18.1", "New South Wales": "1,103,790"}, "Cared for child/children (last two weeks)": {"Australia": "5,259,400", "Binna Burra (NSW)": "36", "Binna Burra (NSW)_%": "21.4", "Australia_%": "27.6", "New South Wales_%": "27.2", "New South Wales": "1,659,250"}}, "Unpaid domestic work, number of hours": {"5 to 14 hours per week": {"Australia": "4,944,578", "Binna Burra (NSW)": "52", "Binna Burra (NSW)_%": "30.4", "Australia_%": "26.0", "New South Wales_%": "25.1", "New South Wales": "1,531,206"}, "30 hours or more per week": {"Australia": "1,710,970", "Binna Burra (NSW)": "18", "Binna Burra (NSW)_%": "10.5", "Australia_%": "9.0", "New South Wales_%": "9.0", "New South Wales": "545,925"}, "Less than 5 hours per week": {"Australia": "4,298,593", "Binna Burra (NSW)": "41", "Binna Burra (NSW)_%": "24.0", "Australia_%": "22.6", "New South Wales_%": "22.3", "New South Wales": "1,359,656"}, "15 to 29 hours per week": {"Australia": "2,189,776", "Binna Burra (NSW)": "23", "Binna Burra (NSW)_%": "13.5", "Australia_%": "11.5", "New South Wales_%": "11.3", "New South Wales": "690,934"}}, "Industry of employment, top responses": {"Cafes and Restaurants": {"Australia": "253,385", "Binna Burra (NSW)": "4", "Binna Burra (NSW)_%": "6.9", "Australia_%": "2.4", "New South Wales_%": "2.4", "New South Wales": "80,552"}, "Legal Services": {"Australia": "104,051", "Binna Burra (NSW)": "4", "Binna Burra (NSW)_%": "6.9", "Australia_%": "1.0", "New South Wales_%": "1.2", "New South Wales": "39,267"}, "Carpentry Services": {"Australia": "55,885", "Binna Burra (NSW)": "3", "Binna Burra (NSW)_%": "5.2", "Australia_%": "0.5", "New South Wales_%": "0.6", "New South Wales": "18,609"}, "Beef Cattle Farming (Specialised)": {"Australia": "44,309", "Binna Burra (NSW)": "7", "Binna Burra (NSW)_%": "12.1", "Australia_%": "0.4", "New South Wales_%": "0.4", "New South Wales": "13,478"}, "Sports and Physical Recreation Instruction": {"Australia": "27,463", "Binna Burra (NSW)": "6", "Binna Burra (NSW)_%": "10.3", "Australia_%": "0.3", "New South Wales_%": "0.3", "New South Wales": "8,790"}}, "GeoInfo": {"city": "Binna Burra (NSW)"}, "Education": {"University or tertiary institution": {"Australia": "1,160,626", "Binna Burra (NSW)": "6", "Binna Burra (NSW)_%": "7.5", "Australia_%": "16.1", "New South Wales_%": "16.2", "New South Wales": "376,133"}, "Secondary - Catholic": {"Australia": "338,384", "Binna Burra (NSW)": "11", "Binna Burra (NSW)_%": "13.8", "Australia_%": "4.7", "New South Wales_%": "5.1", "New South Wales": "117,689"}, "Secondary - other non Government": {"Australia": "280,618", "Binna Burra (NSW)": "3", "Binna Burra (NSW)_%": "3.8", "Australia_%": "3.9", "New South Wales_%": "3.4", "New South Wales": "79,915"}, "Primary - Catholic": {"Australia": "380,604", "Binna Burra (NSW)": "4", "Binna Burra (NSW)_%": "5.0", "Australia_%": "5.3", "New South Wales_%": "5.3", "New South Wales": "122,099"}, "Primary - Government": {"Australia": "1,314,787", "Binna Burra (NSW)": "12", "Binna Burra (NSW)_%": "15.0", "Australia_%": "18.2", "New South Wales_%": "18.0", "New South Wales": "417,465"}, "Other": {"Australia": "198,383", "Binna Burra (NSW)": "0", "Binna Burra (NSW)_%": "0.0", "Australia_%": "2.8", "New South Wales_%": "2.7", "New South Wales": "63,673"}, "Technical or further education institution": {"Australia": "424,869", "Binna Burra (NSW)": "3", "Binna Burra (NSW)_%": "3.8", "Australia_%": "5.9", "New South Wales_%": "6.2", "New South Wales": "144,103"}, "Secondary - Government": {"Australia": "827,505", "Binna Burra (NSW)": "7", "Binna Burra (NSW)_%": "8.8", "Australia_%": "11.5", "New South Wales_%": "11.6", "New South Wales": "269,249"}, "Primary - other non Government": {"Australia": "231,490", "Binna Burra (NSW)": "0", "Binna Burra (NSW)_%": "0.0", "Australia_%": "3.2", "New South Wales_%": "2.9", "New South Wales": "67,611"}, "Not stated": {"Australia": "1,707,023", "Binna Burra (NSW)": "31", "Binna Burra (NSW)_%": "38.8", "Australia_%": "23.7", "New South Wales_%": "23.0", "New South Wales": "535,266"}, "Preschool": {"Australia": "347,621", "Binna Burra (NSW)": "3", "Binna Burra (NSW)_%": "3.8", "Australia_%": "4.8", "New South Wales_%": "5.7", "New South Wales": "132,047"}}, "Employment": {"Unemployed": {"Australia": "787,452", "Binna Burra (NSW)": "3", "Binna Burra (NSW)_%": "3.6", "Australia_%": "6.9", "New South Wales_%": "6.3", "New South Wales": "225,546"}, "Worked part-time": {"Australia": "3,491,503", "Binna Burra (NSW)": "47", "Binna Burra (NSW)_%": "56.6", "Australia_%": "30.4", "New South Wales_%": "29.7", "New South Wales": "1,071,151"}, "Away from work": {"Australia": "569,276", "Binna Burra (NSW)": "4", "Binna Burra (NSW)_%": "4.8", "Australia_%": "5.0", "New South Wales_%": "4.8", "New South Wales": "174,654"}, "Worked full-time": {"Australia": "6,623,065", "Binna Burra (NSW)": "29", "Binna Burra (NSW)_%": "34.9", "Australia_%": "57.7", "New South Wales_%": "59.2", "New South Wales": "2,134,521"}}, "Travel to work, top responses": {"People who travelled to work by car as driver or passenger": {"Australia": "7,305,271", "Binna Burra (NSW)": "49", "Binna Burra (NSW)_%": "59.0", "Australia_%": "68.4", "New South Wales_%": "64.6", "New South Wales": "2,182,854"}, "Car, as driver": {"Australia": "6,574,571", "Binna Burra (NSW)": "51", "Binna Burra (NSW)_%": "65.4", "Australia_%": "61.5", "New South Wales_%": "57.8", "New South Wales": "1,953,399"}, "Truck": {"Australia": "85,892", "Binna Burra (NSW)": "3", "Binna Burra (NSW)_%": "3.8", "Australia_%": "0.8", "New South Wales_%": "1.0", "New South Wales": "32,908"}, "null": {"Australia": "None", "Binna Burra (NSW)": null, "Binna Burra (NSW)_%": null, "Australia_%": "None", "New South Wales_%": "None", "New South Wales": "None"}, "Worked at home": {"Australia": "503,582", "Binna Burra (NSW)": "16", "Binna Burra (NSW)_%": "20.5", "Australia_%": "4.7", "New South Wales_%": "4.8", "New South Wales": "163,026"}}, "Occupation": {"Professionals": {"Australia": "2,370,966", "Binna Burra (NSW)": "20", "Binna Burra (NSW)_%": "23.5", "Australia_%": "22.2", "New South Wales_%": "23.6", "New South Wales": "798,126"}, "Technicians and Trades Workers": {"Australia": "1,447,414", "Binna Burra (NSW)": "16", "Binna Burra (NSW)_%": "18.8", "Australia_%": "13.5", "New South Wales_%": "12.7", "New South Wales": "429,239"}, "Community and Personal Service Workers": {"Australia": "1,157,003", "Binna Burra (NSW)": "10", "Binna Burra (NSW)_%": "11.8", "Australia_%": "10.8", "New South Wales_%": "10.4", "New South Wales": "350,261"}, "Clerical and Administrative Workers": {"Australia": "1,449,681", "Binna Burra (NSW)": "13", "Binna Burra (NSW)_%": "15.3", "Australia_%": "13.6", "New South Wales_%": "13.8", "New South Wales": "467,977"}, "Labourers": {"Australia": "1,011,520", "Binna Burra (NSW)": "3", "Binna Burra (NSW)_%": "3.5", "Australia_%": "9.5", "New South Wales_%": "8.8", "New South Wales": "297,887"}, "Sales Workers": {"Australia": "1,000,955", "Binna Burra (NSW)": "6", "Binna Burra (NSW)_%": "7.1", "Australia_%": "9.4", "New South Wales_%": "9.2", "New South Wales": "311,414"}, "Managers": {"Australia": "1,390,047", "Binna Burra (NSW)": "17", "Binna Burra (NSW)_%": "20.0", "Australia_%": "13.0", "New South Wales_%": "13.5", "New South Wales": "456,084"}}}