{"Employment - hours worked": {"40 hours or more per week": {"Australia": "4,591,801", "Boorooma_%": "43.9", "Australia_%": "43.0", "Boorooma": "210", "New South Wales_%": "44.1", "New South Wales": "1,489,099"}, "25-34 hours per week": {"Australia": "1,193,445", "Boorooma_%": "6.5", "Australia_%": "11.2", "Boorooma": "31", "New South Wales_%": "10.5", "New South Wales": "353,702"}, "16-24 hours per week": {"Australia": "1,079,236", "Boorooma_%": "10.0", "Australia_%": "10.1", "Boorooma": "48", "New South Wales_%": "10.4", "New South Wales": "352,817"}, "35-39 hours per week": {"Australia": "2,031,263", "Boorooma_%": "22.0", "Australia_%": "19.0", "Boorooma": "105", "New South Wales_%": "19.1", "New South Wales": "645,428"}, "1-15 hours per week": {"Australia": "1,218,823", "Boorooma_%": "13.4", "Australia_%": "11.4", "Boorooma": "64", "New South Wales_%": "10.8", "New South Wales": "364,637"}}, "Number of registered motor vehicles": {"2 motor vehicles": {"Australia": "2,999,184", "Boorooma_%": "56.7", "Australia_%": "36.2", "Boorooma": "152", "New South Wales_%": "34.1", "New South Wales": "887,849"}, "None": {"Australia": "623,829", "Boorooma_%": "0.0", "Australia_%": "7.5", "Boorooma": "0", "New South Wales_%": "9.2", "New South Wales": "239,625"}, "Number of motor vehicles not stated": {"Australia": "285,197", "Boorooma_%": "1.9", "Australia_%": "3.4", "Boorooma": "5", "New South Wales_%": "3.7", "New South Wales": "95,623"}, "1 motor vehicle": {"Australia": "2,881,485", "Boorooma_%": "20.1", "Australia_%": "34.8", "Boorooma": "54", "New South Wales_%": "36.3", "New South Wales": "946,159"}, "3 or more vehicles": {"Australia": "1,496,382", "Boorooma_%": "21.3", "Australia_%": "18.1", "Boorooma": "57", "New South Wales_%": "16.7", "New South Wales": "435,053"}}, "Employment status of parents in couple families": {"Labour force status not stated (by one or both parents in a couple family)": {"Australia": "311,381", "Boorooma_%": "5.7", "Australia_%": "6.2", "Boorooma": "10", "New South Wales_%": "5.7", "New South Wales": "90,630"}, "One employed full-time, one part-time": {"Australia": "1,086,460", "Boorooma_%": "26.4", "Australia_%": "21.7", "Boorooma": "46", "New South Wales_%": "20.6", "New South Wales": "329,567"}, "One employed part-time, other not working": {"Australia": "302,037", "Boorooma_%": "1.7", "Australia_%": "6.0", "Boorooma": "3", "New South Wales_%": "6.1", "New South Wales": "96,933"}, "Other (includes away from work)": {"Australia": "264,145", "Boorooma_%": "7.5", "Australia_%": "5.3", "Boorooma": "13", "New South Wales_%": "5.1", "New South Wales": "80,905"}, "Both employed, worked full-time": {"Australia": "1,084,006", "Boorooma_%": "37.9", "Australia_%": "21.6", "Boorooma": "66", "New South Wales_%": "22.6", "New South Wales": "360,916"}, "One employed full-time, other not working": {"Australia": "749,886", "Boorooma_%": "14.4", "Australia_%": "15.0", "Boorooma": "25", "New South Wales_%": "15.0", "New South Wales": "240,084"}, "Both employed, worked part-time": {"Australia": "203,596", "Boorooma_%": "2.3", "Australia_%": "4.1", "Boorooma": "4", "New South Wales_%": "4.0", "New South Wales": "63,106"}, "Both not working": {"Australia": "1,006,697", "Boorooma_%": "4.0", "Australia_%": "20.1", "Boorooma": "7", "New South Wales_%": "21.0", "New South Wales": "334,742"}}, "Country of birth of mother, stated responses": {"England": {"Australia": "1,302,147", "Boorooma_%": "2.1", "Australia_%": "5.6", "Boorooma": "18", "New South Wales_%": "4.3", "New South Wales": "322,472"}, "Philippines": {"Australia": "325,049", "Boorooma_%": "3.2", "Australia_%": "1.4", "Boorooma": "27", "New South Wales_%": "1.7", "New South Wales": "124,029"}, "Australia": {"Australia": "12,643,365", "Boorooma_%": "67.6", "Australia_%": "54.0", "Boorooma": "579", "New South Wales_%": "51.9", "New South Wales": "3,884,762"}, "India": {"Australia": "605,777", "Boorooma_%": "6.3", "Australia_%": "2.6", "Boorooma": "54", "New South Wales_%": "2.6", "New South Wales": "191,594"}, "China (excludes SARs and Taiwan)": {"Australia": "699,074", "Boorooma_%": "2.5", "Australia_%": "3.0", "Boorooma": "21", "New South Wales_%": "4.4", "New South Wales": "329,967"}}, "Dwelling structure": {"Other dwelling": {"Australia": "64,425", "Boorooma_%": "0.0", "Australia_%": "0.8", "Boorooma": "0", "New South Wales_%": "0.9", "New South Wales": "23,580"}, "Semi-detached, row or terrace house, townhouse etc": {"Australia": "1,055,016", "Boorooma_%": "1.1", "Australia_%": "12.7", "Boorooma": "3", "New South Wales_%": "12.2", "New South Wales": "317,453"}, "Separate house": {"Australia": "6,041,788", "Boorooma_%": "94.0", "Australia_%": "72.9", "Boorooma": "250", "New South Wales_%": "66.4", "New South Wales": "1,729,820"}, "Flat or apartment": {"Australia": "1,087,434", "Boorooma_%": "1.5", "Australia_%": "13.1", "Boorooma": "4", "New South Wales_%": "19.9", "New South Wales": "519,390"}}, "Number of bedrooms": {"1 bedroom": {"Australia": "411,252", "Boorooma_%": "1.1", "Australia_%": "5.0", "Boorooma": "3", "New South Wales_%": "6.0", "New South Wales": "157,194"}, "3 bedrooms": {"Australia": "3,403,190", "Boorooma_%": "25.0", "Australia_%": "41.1", "Boorooma": "66", "New South Wales_%": "37.2", "New South Wales": "970,001"}, "Average number of people per household": {"Australia": "2.6", "Boorooma_%": "--", "Australia_%": "--", "Boorooma": "3", "New South Wales_%": "--", "New South Wales": "2.6"}, "2 bedrooms": {"Australia": "1,562,759", "Boorooma_%": "2.7", "Australia_%": "18.9", "Boorooma": "7", "New South Wales_%": "22.2", "New South Wales": "577,675"}, "4 or more bedrooms": {"Australia": "2,670,758", "Boorooma_%": "68.6", "Australia_%": "32.2", "Boorooma": "181", "New South Wales_%": "31.3", "New South Wales": "816,405"}, "None (includes bedsitters)": {"Australia": "39,769", "Boorooma_%": "0.0", "Australia_%": "0.5", "Boorooma": "0", "New South Wales_%": "0.7", "New South Wales": "17,157"}, "Number of bedrooms not stated": {"Australia": "198,351", "Boorooma_%": "2.7", "Australia_%": "2.4", "Boorooma": "7", "New South Wales_%": "2.5", "New South Wales": "65,888"}, "Average number of bedrooms per dwelling": {"Australia": "3.1", "Boorooma_%": "--", "Australia_%": "--", "Boorooma": "3.7", "New South Wales_%": "--", "New South Wales": "3"}}, "summaryTable_qsFamilies": {"for all families": "0.9", "for families with children": "1.9", "Families": "215", "Average children per family": "None"}, "People characteristics": {"Male": {"Australia": "322,171", "Boorooma_%": "34.8", "Australia_%": "49.6", "Boorooma": "8", "New South Wales_%": "49.7", "New South Wales": "107,368"}, "Median age": {"Australia": "23", "Boorooma_%": "--", "Australia_%": "--", "Boorooma": "22", "New South Wales_%": "--", "New South Wales": "22"}, "Female": {"Australia": "326,996", "Boorooma_%": "65.2", "Australia_%": "50.4", "Boorooma": "15", "New South Wales_%": "50.3", "New South Wales": "108,809"}}, "Dwelling count": {"Unoccupied private dwellings": {"Australia": "1,039,874", "Boorooma_%": "6.7", "Australia_%": "11.2", "Boorooma": "19", "New South Wales_%": "9.9", "New South Wales": "284,741"}, "Occupied private dwellings": {"Australia": "8,286,073", "Boorooma_%": "93.3", "Australia_%": "88.8", "Boorooma": "266", "New South Wales_%": "90.1", "New South Wales": "2,604,320"}}, "Level of highest educational attainment": {"Certificate level III": {"Australia": "2,442,203", "Boorooma_%": "12.8", "Australia_%": "12.8", "Boorooma": "83", "New South Wales_%": "12.0", "New South Wales": "730,498"}, "Certificate level II": {"Australia": "13,454", "Boorooma_%": "0.0", "Australia_%": "0.1", "Boorooma": "0", "New South Wales_%": "0.1", "New South Wales": "4,849"}, "No educational attainment": {"Australia": "145,844", "Boorooma_%": "0.5", "Australia_%": "0.8", "Boorooma": "3", "New South Wales_%": "0.9", "New South Wales": "54,870"}, "Bachelor Degree level and above": {"Australia": "4,181,406", "Boorooma_%": "30.8", "Australia_%": "22.0", "Boorooma": "199", "New South Wales_%": "23.4", "New South Wales": "1,424,716"}, "Certificate level I": {"Australia": "2,176", "Boorooma_%": "0.0", "Australia_%": "0.0", "Boorooma": "0", "New South Wales_%": "0.0", "New South Wales": "625"}, "Year 11": {"Australia": "941,531", "Boorooma_%": "3.1", "Australia_%": "4.9", "Boorooma": "20", "New South Wales_%": "3.3", "New South Wales": "203,574"}, "Not stated": {"Australia": "1,974,794", "Boorooma_%": "4.8", "Australia_%": "10.4", "Boorooma": "31", "New South Wales_%": "10.3", "New South Wales": "627,465"}, "Year 9 or below": {"Australia": "1,529,897", "Boorooma_%": "4.3", "Australia_%": "8.0", "Boorooma": "28", "New South Wales_%": "8.4", "New South Wales": "513,209"}, "Certificate level IV": {"Australia": "551,767", "Boorooma_%": "3.7", "Australia_%": "2.9", "Boorooma": "24", "New South Wales_%": "2.8", "New South Wales": "167,947"}, "Year 10": {"Australia": "2,054,331", "Boorooma_%": "7.6", "Australia_%": "10.8", "Boorooma": "49", "New South Wales_%": "11.5", "New South Wales": "702,178"}, "Year 12": {"Australia": "2,994,097", "Boorooma_%": "23.1", "Australia_%": "15.7", "Boorooma": "149", "New South Wales_%": "15.3", "New South Wales": "930,654"}, "Advanced Diploma and Diploma level": {"Australia": "1,687,893", "Boorooma_%": "8.4", "Australia_%": "8.9", "Boorooma": "54", "New South Wales_%": "8.9", "New South Wales": "543,142"}}, "Median weekly incomes": {"Personal": {"Australia": "662", "Boorooma_%": "--", "Australia_%": "--", "Boorooma": "803", "New South Wales_%": "--", "New South Wales": "664"}, "Household": {"Australia": "1,438", "Boorooma_%": "--", "Australia_%": "--", "Boorooma": "2,078", "New South Wales_%": "--", "New South Wales": "1,486"}, "Family": {"Australia": "1,734", "Boorooma_%": "--", "Australia_%": "--", "Boorooma": "2,125", "New South Wales_%": "--", "New South Wales": "1,780"}}, "Family composition": {"Other family": {"Australia": "102,559", "Boorooma_%": "1.5", "Australia_%": "1.7", "Boorooma": "3", "New South Wales_%": "1.7", "New South Wales": "32,438"}, "Couple family with children": {"Australia": "2,716,224", "Boorooma_%": "57.4", "Australia_%": "44.7", "Boorooma": "116", "New South Wales_%": "45.7", "New South Wales": "887,358"}, "Couple family without children": {"Australia": "2,291,987", "Boorooma_%": "33.7", "Australia_%": "37.8", "Boorooma": "68", "New South Wales_%": "36.6", "New South Wales": "709,524"}, "One parent family": {"Australia": "959,543", "Boorooma_%": "7.4", "Australia_%": "15.8", "Boorooma": "15", "New South Wales_%": "16.0", "New South Wales": "310,906"}}, "Dwelling internet connection": {"Not stated": {"Australia": "221,494", "Boorooma_%": "2.0", "Australia_%": "2.7", "Boorooma": "5", "New South Wales_%": "2.8", "New South Wales": "73,565"}, "Internet not accessed from dwelling": {"Australia": "1,172,415", "Boorooma_%": "3.5", "Australia_%": "14.1", "Boorooma": "9", "New South Wales_%": "14.7", "New South Wales": "381,709"}, "Internet accessed from dwelling": {"Australia": "6,892,165", "Boorooma_%": "94.5", "Australia_%": "83.2", "Boorooma": "241", "New South Wales_%": "82.5", "New South Wales": "2,149,040"}}, "Social marital status": {"Not married": {"Australia": "7,024,973", "Boorooma_%": "36.6", "Australia_%": "41.9", "Boorooma": "209", "New South Wales_%": "42.3", "New South Wales": "2,290,887"}, "De facto marriage": {"Australia": "1,751,731", "Boorooma_%": "14.0", "Australia_%": "10.4", "Boorooma": "80", "New South Wales_%": "9.4", "New South Wales": "506,133"}, "Registered marriage": {"Australia": "8,001,141", "Boorooma_%": "49.4", "Australia_%": "47.7", "Boorooma": "282", "New South Wales_%": "48.3", "New South Wales": "2,612,630"}}, "Household composition": {"Family households": {"Australia": "5,907,625", "Boorooma_%": "79.2", "Australia_%": "71.3", "Boorooma": "205", "New South Wales_%": "72.0", "New South Wales": "1,874,524"}, "Group households": {"Australia": "354,917", "Boorooma_%": "11.2", "Australia_%": "4.3", "Boorooma": "29", "New South Wales_%": "4.2", "New South Wales": "109,004"}, "Single (or lone) person households": {"Australia": "2,023,542", "Boorooma_%": "9.7", "Australia_%": "24.4", "Boorooma": "25", "New South Wales_%": "23.8", "New South Wales": "620,778"}}, "People": {"Male": {"Australia": "11,546,638", "Boorooma_%": "48.3", "Australia_%": "49.3", "Boorooma": "417", "New South Wales_%": "49.3", "New South Wales": "3,686,014"}, "Aboriginal and/or Torres Strait Islander people": {"Australia": "649,171", "Boorooma_%": "2.4", "Australia_%": "2.8", "Boorooma": "21", "New South Wales_%": "2.9", "New South Wales": "216,176"}, "Female": {"Australia": "11,855,248", "Boorooma_%": "51.7", "Australia_%": "50.7", "Boorooma": "447", "New South Wales_%": "50.7", "New South Wales": "3,794,217"}}, "Language, top responses (other than English)": {"null": {"Australia": "None", "Boorooma_%": null, "Australia_%": "None", "Boorooma": null, "New South Wales_%": "None", "New South Wales": "None"}, "English only spoken at home": {"Australia": "17,020,417", "Boorooma_%": "77.8", "Australia_%": "72.7", "Boorooma": "659", "New South Wales_%": "68.5", "New South Wales": "5,126,633"}, "Mandarin": {"Australia": "596,711", "Boorooma_%": "2.1", "Australia_%": "2.5", "Boorooma": "18", "New South Wales_%": "3.2", "New South Wales": "239,945"}, "Households where a non English language is spoken": {"Australia": "1,971,011", "Boorooma_%": "18.0", "Australia_%": "22.2", "Boorooma": "49", "New South Wales_%": "26.5", "New South Wales": "735,563"}, "Sinhalese": {"Australia": "64,612", "Boorooma_%": "1.2", "Australia_%": "0.3", "Boorooma": "10", "New South Wales_%": "0.2", "New South Wales": "11,234"}, "Malayalam": {"Australia": "53,206", "Boorooma_%": "3.4", "Australia_%": "0.2", "Boorooma": "29", "New South Wales_%": "0.2", "New South Wales": "13,881"}, "Urdu": {"Australia": "69,293", "Boorooma_%": "1.5", "Australia_%": "0.3", "Boorooma": "13", "New South Wales_%": "0.4", "New South Wales": "29,722"}, "Arabic": {"Australia": "321,728", "Boorooma_%": "1.4", "Australia_%": "1.4", "Boorooma": "12", "New South Wales_%": "2.7", "New South Wales": "200,825"}}, "summaryTable_qsDwelling": {"Median monthly mortgage repayments": "$1,818", "All private dwellings": "294", "Average people per household": "3", "Median weekly household income": "$2,078", "Median weekly rent": "$395", "Average motor vehicles per dwelling": "2"}, "Household income": {"Less than $650 gross weekly income": {"Australia": "--", "Boorooma_%": "1.3", "Australia_%": "20.0", "Boorooma": "--", "New South Wales_%": "19.7", "New South Wales": "--"}, "More than $3000 gross weekly income": {"Australia": "--", "Boorooma_%": "19.6", "Australia_%": "16.4", "Boorooma": "--", "New South Wales_%": "18.7", "New South Wales": "--"}}, "Country of birth": {"Other top responses": {"Boorooma_%": "None", "Boorooma": "None"}, "Australia": {"Australia": "15,614,835", "Boorooma_%": "76.2", "Australia_%": "66.7", "Boorooma": "649", "New South Wales_%": "65.5", "New South Wales": "4,899,090"}, "England": {"Australia": "907,570", "Boorooma_%": "1.6", "Australia_%": "3.9", "Boorooma": "14", "New South Wales_%": "3.0", "New South Wales": "226,564"}, "Philippines": {"Australia": "232,386", "Boorooma_%": "2.9", "Australia_%": "1.0", "Boorooma": "25", "New South Wales_%": "1.2", "New South Wales": "86,749"}, "India": {"Australia": "455,389", "Boorooma_%": "3.9", "Australia_%": "1.9", "Boorooma": "33", "New South Wales_%": "1.9", "New South Wales": "143,459"}, "China (excludes SARs and Taiwan)": {"Australia": "509,555", "Boorooma_%": "1.8", "Australia_%": "2.2", "Boorooma": "15", "New South Wales_%": "3.1", "New South Wales": "234,508"}, "New Zealand": {"Australia": "518,466", "Boorooma_%": "1.2", "Australia_%": "2.2", "Boorooma": "10", "New South Wales_%": "1.6", "New South Wales": "117,136"}}, "Religious affiliation, top responses": {"No Religion, so described": {"Australia": "6,933,708", "Boorooma_%": "21.9", "Australia_%": "29.6", "Boorooma": "188", "New South Wales_%": "25.1", "New South Wales": "1,879,562"}, "Catholic": {"Australia": "5,291,834", "Boorooma_%": "29.7", "Australia_%": "22.6", "Boorooma": "255", "New South Wales_%": "24.7", "New South Wales": "1,846,443"}, "Not stated": {"Australia": "2,238,735", "Boorooma_%": "5.8", "Australia_%": "9.6", "Boorooma": "50", "New South Wales_%": "9.2", "New South Wales": "684,969"}, "Uniting Church": {"Australia": "870,183", "Boorooma_%": "3.4", "Australia_%": "3.7", "Boorooma": "29", "New South Wales_%": "2.9", "New South Wales": "217,258"}, "Anglican": {"Australia": "3,101,185", "Boorooma_%": "16.4", "Australia_%": "13.3", "Boorooma": "141", "New South Wales_%": "15.5", "New South Wales": "1,161,810"}}, "Ancestry, top responses": {"Indian": {"Australia": "619,164", "Boorooma_%": "4.5", "Australia_%": "2.0", "Boorooma": "51", "New South Wales_%": "2.1", "New South Wales": "211,927"}, "Australian": {"Australia": "7,298,243", "Boorooma_%": "32.6", "Australia_%": "23.3", "Boorooma": "367", "New South Wales_%": "22.9", "New South Wales": "2,261,062"}, "Scottish": {"Australia": "2,023,470", "Boorooma_%": "6.6", "Australia_%": "6.4", "Boorooma": "74", "New South Wales_%": "5.9", "New South Wales": "587,052"}, "Irish": {"Australia": "2,388,058", "Boorooma_%": "8.8", "Australia_%": "7.6", "Boorooma": "99", "New South Wales_%": "7.5", "New South Wales": "741,671"}, "English": {"Australia": "7,852,224", "Boorooma_%": "25.5", "Australia_%": "25.0", "Boorooma": "287", "New South Wales_%": "23.3", "New South Wales": "2,302,481"}}, "Age": {"35-39 years": {"Australia": "1,561,679", "Boorooma_%": "8.4", "Australia_%": "6.7", "Boorooma": "72", "New South Wales_%": "6.7", "New South Wales": "499,724"}, "60-64 years": {"Australia": "1,299,397", "Boorooma_%": "1.6", "Australia_%": "5.6", "Boorooma": "14", "New South Wales_%": "5.6", "New South Wales": "420,044"}, "30-34 years": {"Australia": "1,703,847", "Boorooma_%": "11.7", "Australia_%": "7.3", "Boorooma": "100", "New South Wales_%": "7.2", "New South Wales": "540,360"}, "0-4 years": {"Australia": "1,464,779", "Boorooma_%": "10.6", "Australia_%": "6.3", "Boorooma": "91", "New South Wales_%": "6.2", "New South Wales": "465,135"}, "25-29 years": {"Australia": "1,664,602", "Boorooma_%": "15.1", "Australia_%": "7.1", "Boorooma": "129", "New South Wales_%": "7.0", "New South Wales": "527,161"}, "10-14 years": {"Australia": "1,397,183", "Boorooma_%": "6.3", "Australia_%": "6.0", "Boorooma": "54", "New South Wales_%": "5.9", "New South Wales": "443,009"}, "5-9 years": {"Australia": "1,502,646", "Boorooma_%": "7.0", "Australia_%": "6.4", "Boorooma": "60", "New South Wales_%": "6.4", "New South Wales": "478,184"}, "Median age": {"Australia": "38", "Boorooma_%": "--", "Australia_%": "--", "Boorooma": "26", "New South Wales_%": "--", "New South Wales": "38"}, "50-54 years": {"Australia": "1,523,551", "Boorooma_%": "2.2", "Australia_%": "6.5", "Boorooma": "19", "New South Wales_%": "6.5", "New South Wales": "485,546"}, "80-84 years": {"Australia": "460,549", "Boorooma_%": "0.0", "Australia_%": "2.0", "Boorooma": "0", "New South Wales_%": "2.1", "New South Wales": "155,806"}, "40-44 years": {"Australia": "1,583,257", "Boorooma_%": "5.5", "Australia_%": "6.8", "Boorooma": "47", "New South Wales_%": "6.7", "New South Wales": "503,169"}, "70-74 years": {"Australia": "887,716", "Boorooma_%": "0.9", "Australia_%": "3.8", "Boorooma": "8", "New South Wales_%": "3.9", "New South Wales": "292,556"}, "15-19 years": {"Australia": "1,421,595", "Boorooma_%": "4.9", "Australia_%": "6.1", "Boorooma": "42", "New South Wales_%": "6.0", "New South Wales": "448,425"}, "65-69 years": {"Australia": "1,188,999", "Boorooma_%": "2.0", "Australia_%": "5.1", "Boorooma": "17", "New South Wales_%": "5.1", "New South Wales": "384,470"}, "20-24 years": {"Australia": "1,566,793", "Boorooma_%": "15.3", "Australia_%": "6.7", "Boorooma": "131", "New South Wales_%": "6.5", "New South Wales": "489,673"}, "55-59 years": {"Australia": "1,454,332", "Boorooma_%": "2.7", "Australia_%": "6.2", "Boorooma": "23", "New South Wales_%": "6.3", "New South Wales": "469,726"}, "75-79 years": {"Australia": "652,657", "Boorooma_%": "0.4", "Australia_%": "2.8", "Boorooma": "3", "New South Wales_%": "2.9", "New South Wales": "217,308"}, "45-49 years": {"Australia": "1,581,455", "Boorooma_%": "4.8", "Australia_%": "6.8", "Boorooma": "41", "New South Wales_%": "6.6", "New South Wales": "492,440"}, "85 years and over": {"Australia": "486,842", "Boorooma_%": "0.7", "Australia_%": "2.1", "Boorooma": "6", "New South Wales_%": "2.2", "New South Wales": "167,506"}}, "Single (or lone) parents": {"Male": {"Australia": "--", "Boorooma_%": "0.0", "Australia_%": "18.2", "Boorooma": "--", "New South Wales_%": "17.8", "New South Wales": "--"}, "Female": {"Australia": "--", "Boorooma_%": "100.0", "Australia_%": "81.8", "Boorooma": "--", "New South Wales_%": "82.2", "New South Wales": "--"}}, "Mortgage monthly repayments": {"Median mortgage repayments": {"Australia": "1,755", "Boorooma_%": "--", "Australia_%": "--", "Boorooma": "1,818", "New South Wales_%": "--", "New South Wales": "1,986"}, "Households where mortgage repayments are less than 30% of household income": {"Australia": "--", "Boorooma_%": "93.6", "Australia_%": "92.8", "Boorooma": "--", "New South Wales_%": "92.6", "New South Wales": "--"}, "Households with mortgage repayments greater than or equal to 30% of household income": {"Australia": "--", "Boorooma_%": "6.4", "Australia_%": "7.2", "Boorooma": "--", "New South Wales_%": "7.4", "New South Wales": "--"}}, "Mortgage and rent": {"Median monthly mortgage repayments": {"Australia": "1,660", "Boorooma_%": "--", "Australia_%": "--", "Boorooma": "1,916", "New South Wales_%": "--", "New South Wales": "1,733"}, "Median weekly rent": {"Australia": "250", "Boorooma_%": "--", "Australia_%": "--", "Boorooma": "0", "New South Wales_%": "--", "New South Wales": "270"}}, "Tenure": {"Rented": {"Australia": "2,561,302", "Boorooma_%": "24.3", "Australia_%": "30.9", "Boorooma": "65", "New South Wales_%": "31.8", "New South Wales": "826,922"}, "Owned outright": {"Australia": "2,565,695", "Boorooma_%": "7.1", "Australia_%": "31.0", "Boorooma": "19", "New South Wales_%": "32.2", "New South Wales": "839,665"}, "Owned with a mortgage": {"Australia": "2,855,222", "Boorooma_%": "63.7", "Australia_%": "34.5", "Boorooma": "170", "New South Wales_%": "32.3", "New South Wales": "840,004"}, "Tenure type not stated": {"Australia": "224,869", "Boorooma_%": "4.9", "Australia_%": "2.7", "Boorooma": "13", "New South Wales_%": "2.8", "New South Wales": "73,763"}, "Other tenure type": {"Australia": "78,994", "Boorooma_%": "0.0", "Australia_%": "1.0", "Boorooma": "0", "New South Wales_%": "0.9", "New South Wales": "23,968"}}, "Country of birth of father, stated responses": {"England": {"Australia": "1,403,096", "Boorooma_%": "2.3", "Australia_%": "6.0", "Boorooma": "19", "New South Wales_%": "4.8", "New South Wales": "359,370"}, "Philippines": {"Australia": "270,177", "Boorooma_%": "2.9", "Australia_%": "1.2", "Boorooma": "24", "New South Wales_%": "1.4", "New South Wales": "106,423"}, "Australia": {"Australia": "12,231,150", "Boorooma_%": "69.6", "Australia_%": "52.3", "Boorooma": "586", "New South Wales_%": "50.1", "New South Wales": "3,745,787"}, "India": {"Australia": "616,939", "Boorooma_%": "7.1", "Australia_%": "2.6", "Boorooma": "60", "New South Wales_%": "2.6", "New South Wales": "195,217"}, "China (excludes SARs and Taiwan)": {"Australia": "704,658", "Boorooma_%": "2.6", "Australia_%": "3.0", "Boorooma": "22", "New South Wales_%": "4.4", "New South Wales": "332,465"}}, "Country of birth of father and/or mother, stated responses": {"Father only born overseas": {"Australia": "1,488,092", "Boorooma_%": "4.3", "Australia_%": "6.4", "Boorooma": "37", "New South Wales_%": "6.1", "New South Wales": "458,394"}, "Mother only born overseas": {"Australia": "1,094,591", "Boorooma_%": "4.5", "Australia_%": "4.7", "Boorooma": "39", "New South Wales_%": "4.3", "New South Wales": "325,182"}, "Both parents born overseas": {"Australia": "8,051,196", "Boorooma_%": "24.2", "Australia_%": "34.4", "Boorooma": "209", "New South Wales_%": "37.0", "New South Wales": "2,764,170"}, "Both parents born in Australia": {"Australia": "11,070,538", "Boorooma_%": "63.0", "Australia_%": "47.3", "Boorooma": "544", "New South Wales_%": "45.4", "New South Wales": "3,399,725"}}, "Rent weekly payments": {"Households where rent payments are less than 30% of household income": {"Australia": "--", "Boorooma_%": "92.7", "Australia_%": "88.5", "Boorooma": "--", "New South Wales_%": "87.1", "New South Wales": "--"}, "Households with rent payments greater than or equal to 30% of household income": {"Australia": "--", "Boorooma_%": "7.3", "Australia_%": "11.5", "Boorooma": "--", "New South Wales_%": "12.9", "New South Wales": "--"}, "Median rent": {"Australia": "335", "Boorooma_%": "--", "Australia_%": "--", "Boorooma": "395", "New South Wales_%": "--", "New South Wales": "380"}}, "Registered marital status": {"Separated": {"Australia": "608,059", "Boorooma_%": "0.6", "Australia_%": "3.2", "Boorooma": "4", "New South Wales_%": "3.1", "New South Wales": "190,198"}, "Widowed": {"Australia": "985,204", "Boorooma_%": "0.9", "Australia_%": "5.2", "Boorooma": "6", "New South Wales_%": "5.4", "New South Wales": "331,653"}, "Married": {"Australia": "9,148,218", "Boorooma_%": "48.7", "Australia_%": "48.1", "Boorooma": "315", "New South Wales_%": "48.7", "New South Wales": "2,965,280"}, "Divorced": {"Australia": "1,626,890", "Boorooma_%": "2.5", "Australia_%": "8.5", "Boorooma": "16", "New South Wales_%": "8.4", "New South Wales": "512,298"}, "Never married": {"Australia": "6,668,910", "Boorooma_%": "47.3", "Australia_%": "35.0", "Boorooma": "306", "New South Wales_%": "34.4", "New South Wales": "2,094,460"}}, "summaryTable_qsPeople": {"Male": "48.3%", "Median age": "26", "Female": "51.7%", "People": "863"}, "Dwelling characteristics": {"Average number of people per household": {"Australia": "3.2", "Boorooma_%": "--", "Australia_%": "--", "Boorooma": "3.3", "New South Wales_%": "--", "New South Wales": "3.1"}, "Average number of persons per bedroom": {"Australia": "1", "Boorooma_%": "--", "Australia_%": "--", "Boorooma": "0.7", "New South Wales_%": "--", "New South Wales": "1"}, "Median weekly household income": {"Australia": "1,203", "Boorooma_%": "--", "Australia_%": "--", "Boorooma": "1,874", "New South Wales_%": "--", "New South Wales": "1,214"}}, "Unpaid work": {"Did unpaid domestic work (last week)": {"Australia": "13,143,914", "Boorooma_%": "80.7", "Australia_%": "69.0", "Boorooma": "532", "New South Wales_%": "67.7", "New South Wales": "4,127,723"}, "Provided unpaid assistance to a person with a disability (last two weeks)": {"Australia": "2,145,203", "Boorooma_%": "9.6", "Australia_%": "11.3", "Boorooma": "63", "New South Wales_%": "11.6", "New South Wales": "709,415"}, "Did voluntary work through an organisation or group (last 12 months)": {"Australia": "3,620,726", "Boorooma_%": "25.5", "Australia_%": "19.0", "Boorooma": "167", "New South Wales_%": "18.1", "New South Wales": "1,103,790"}, "Cared for child/children (last two weeks)": {"Australia": "5,259,400", "Boorooma_%": "36.1", "Australia_%": "27.6", "Boorooma": "239", "New South Wales_%": "27.2", "New South Wales": "1,659,250"}}, "Unpaid domestic work, number of hours": {"5 to 14 hours per week": {"Australia": "4,944,578", "Boorooma_%": "30.4", "Australia_%": "26.0", "Boorooma": "200", "New South Wales_%": "25.1", "New South Wales": "1,531,206"}, "30 hours or more per week": {"Australia": "1,710,970", "Boorooma_%": "7.9", "Australia_%": "9.0", "Boorooma": "52", "New South Wales_%": "9.0", "New South Wales": "545,925"}, "Less than 5 hours per week": {"Australia": "4,298,593", "Boorooma_%": "30.0", "Australia_%": "22.6", "Boorooma": "197", "New South Wales_%": "22.3", "New South Wales": "1,359,656"}, "15 to 29 hours per week": {"Australia": "2,189,776", "Boorooma_%": "12.3", "Australia_%": "11.5", "Boorooma": "81", "New South Wales_%": "11.3", "New South Wales": "690,934"}}, "Industry of employment, top responses": {"Cafes and Restaurants": {"Australia": "253,385", "Boorooma_%": "4.7", "Australia_%": "2.4", "Boorooma": "19", "New South Wales_%": "2.4", "New South Wales": "80,552"}, "Meat Processing": {"Australia": "28,852", "Boorooma_%": "6.0", "Australia_%": "0.3", "Boorooma": "24", "New South Wales_%": "0.2", "New South Wales": "7,100"}, "Higher Education": {"Australia": "155,985", "Boorooma_%": "4.2", "Australia_%": "1.5", "Boorooma": "17", "New South Wales_%": "1.4", "New South Wales": "46,246"}, "Hospitals (except Psychiatric Hospitals)": {"Australia": "411,808", "Boorooma_%": "10.0", "Australia_%": "3.9", "Boorooma": "40", "New South Wales_%": "3.5", "New South Wales": "119,350"}, "Secondary Education": {"Australia": "177,487", "Boorooma_%": "3.7", "Australia_%": "1.7", "Boorooma": "15", "New South Wales_%": "1.7", "New South Wales": "58,072"}}, "GeoInfo": {"city": "Boorooma"}, "Education": {"University or tertiary institution": {"Australia": "1,160,626", "Boorooma_%": "33.8", "Australia_%": "16.1", "Boorooma": "121", "New South Wales_%": "16.2", "New South Wales": "376,133"}, "Secondary - Catholic": {"Australia": "338,384", "Boorooma_%": "4.2", "Australia_%": "4.7", "Boorooma": "15", "New South Wales_%": "5.1", "New South Wales": "117,689"}, "Secondary - other non Government": {"Australia": "280,618", "Boorooma_%": "3.9", "Australia_%": "3.9", "Boorooma": "14", "New South Wales_%": "3.4", "New South Wales": "79,915"}, "Primary - Catholic": {"Australia": "380,604", "Boorooma_%": "7.0", "Australia_%": "5.3", "Boorooma": "25", "New South Wales_%": "5.3", "New South Wales": "122,099"}, "Primary - Government": {"Australia": "1,314,787", "Boorooma_%": "12.3", "Australia_%": "18.2", "Boorooma": "44", "New South Wales_%": "18.0", "New South Wales": "417,465"}, "Other": {"Australia": "198,383", "Boorooma_%": "5.0", "Australia_%": "2.8", "Boorooma": "18", "New South Wales_%": "2.7", "New South Wales": "63,673"}, "Technical or further education institution": {"Australia": "424,869", "Boorooma_%": "6.4", "Australia_%": "5.9", "Boorooma": "23", "New South Wales_%": "6.2", "New South Wales": "144,103"}, "Secondary - Government": {"Australia": "827,505", "Boorooma_%": "7.8", "Australia_%": "11.5", "Boorooma": "28", "New South Wales_%": "11.6", "New South Wales": "269,249"}, "Primary - other non Government": {"Australia": "231,490", "Boorooma_%": "0.8", "Australia_%": "3.2", "Boorooma": "3", "New South Wales_%": "2.9", "New South Wales": "67,611"}, "Not stated": {"Australia": "1,707,023", "Boorooma_%": "10.6", "Australia_%": "23.7", "Boorooma": "38", "New South Wales_%": "23.0", "New South Wales": "535,266"}, "Preschool": {"Australia": "347,621", "Boorooma_%": "8.1", "Australia_%": "4.8", "Boorooma": "29", "New South Wales_%": "5.7", "New South Wales": "132,047"}}, "Employment": {"Unemployed": {"Australia": "787,452", "Boorooma_%": "1.4", "Australia_%": "6.9", "Boorooma": "7", "New South Wales_%": "6.3", "New South Wales": "225,546"}, "Worked part-time": {"Australia": "3,491,503", "Boorooma_%": "29.3", "Australia_%": "30.4", "Boorooma": "143", "New South Wales_%": "29.7", "New South Wales": "1,071,151"}, "Away from work": {"Australia": "569,276", "Boorooma_%": "4.1", "Australia_%": "5.0", "Boorooma": "20", "New South Wales_%": "4.8", "New South Wales": "174,654"}, "Worked full-time": {"Australia": "6,623,065", "Boorooma_%": "65.2", "Australia_%": "57.7", "Boorooma": "318", "New South Wales_%": "59.2", "New South Wales": "2,134,521"}}, "Travel to work, top responses": {"Walked only": {"Australia": "370,427", "Boorooma_%": "1.5", "Australia_%": "3.5", "Boorooma": "7", "New South Wales_%": "3.9", "New South Wales": "130,957"}, "Worked at home": {"Australia": "503,582", "Boorooma_%": "1.3", "Australia_%": "4.7", "Boorooma": "6", "New South Wales_%": "4.8", "New South Wales": "163,026"}, "People who travelled to work by car as driver or passenger": {"Australia": "7,305,271", "Boorooma_%": "82.5", "Australia_%": "68.4", "Boorooma": "401", "New South Wales_%": "64.6", "New South Wales": "2,182,854"}, "Bus": {"Australia": "323,201", "Boorooma_%": "0.6", "Australia_%": "3.0", "Boorooma": "3", "New South Wales_%": "4.0", "New South Wales": "133,903"}, "null": {"Australia": "None", "Boorooma_%": null, "Australia_%": "None", "Boorooma": null, "New South Wales_%": "None", "New South Wales": "None"}, "People who travelled to work by public transport": {"Australia": "1,225,668", "Boorooma_%": "0.6", "Australia_%": "11.5", "Boorooma": "3", "New South Wales_%": "16.0", "New South Wales": "540,215"}, "Car, as driver": {"Australia": "6,574,571", "Boorooma_%": "77.1", "Australia_%": "61.5", "Boorooma": "368", "New South Wales_%": "57.8", "New South Wales": "1,953,399"}, "Car, as passenger": {"Australia": "489,922", "Boorooma_%": "5.5", "Australia_%": "4.6", "Boorooma": "26", "New South Wales_%": "4.3", "New South Wales": "144,820"}}, "Occupation": {"Professionals": {"Australia": "2,370,966", "Boorooma_%": "27.5", "Australia_%": "22.2", "Boorooma": "133", "New South Wales_%": "23.6", "New South Wales": "798,126"}, "Technicians and Trades Workers": {"Australia": "1,447,414", "Boorooma_%": "13.5", "Australia_%": "13.5", "Boorooma": "65", "New South Wales_%": "12.7", "New South Wales": "429,239"}, "Labourers": {"Australia": "1,011,520", "Boorooma_%": "9.9", "Australia_%": "9.5", "Boorooma": "48", "New South Wales_%": "8.8", "New South Wales": "297,887"}, "Clerical and Administrative Workers": {"Australia": "1,449,681", "Boorooma_%": "10.4", "Australia_%": "13.6", "Boorooma": "50", "New South Wales_%": "13.8", "New South Wales": "467,977"}, "Machinery Operators and Drivers": {"Australia": "670,106", "Boorooma_%": "3.1", "Australia_%": "6.3", "Boorooma": "15", "New South Wales_%": "6.1", "New South Wales": "206,839"}, "Community and Personal Service Workers": {"Australia": "1,157,003", "Boorooma_%": "19.3", "Australia_%": "10.8", "Boorooma": "93", "New South Wales_%": "10.4", "New South Wales": "350,261"}, "Sales Workers": {"Australia": "1,000,955", "Boorooma_%": "9.5", "Australia_%": "9.4", "Boorooma": "46", "New South Wales_%": "9.2", "New South Wales": "311,414"}, "Managers": {"Australia": "1,390,047", "Boorooma_%": "6.8", "Australia_%": "13.0", "Boorooma": "33", "New South Wales_%": "13.5", "New South Wales": "456,084"}}}