{"Employment - hours worked": {"40 hours or more per week": {"Australia": "4,591,801", "Campsie_%": "34.1", "Australia_%": "43.0", "New South Wales_%": "44.1", "Campsie": "3,739", "New South Wales": "1,489,099"}, "25-34 hours per week": {"Australia": "1,193,445", "Campsie_%": "10.8", "Australia_%": "11.2", "New South Wales_%": "10.5", "Campsie": "1,186", "New South Wales": "353,702"}, "16-24 hours per week": {"Australia": "1,079,236", "Campsie_%": "15.2", "Australia_%": "10.1", "New South Wales_%": "10.4", "Campsie": "1,668", "New South Wales": "352,817"}, "35-39 hours per week": {"Australia": "2,031,263", "Campsie_%": "24.7", "Australia_%": "19.0", "New South Wales_%": "19.1", "Campsie": "2,716", "New South Wales": "645,428"}, "1-15 hours per week": {"Australia": "1,218,823", "Campsie_%": "10.1", "Australia_%": "11.4", "New South Wales_%": "10.8", "Campsie": "1,109", "New South Wales": "364,637"}}, "Number of registered motor vehicles": {"2 motor vehicles": {"Australia": "2,999,184", "Campsie_%": "23.0", "Australia_%": "36.2", "New South Wales_%": "34.1", "Campsie": "1,834", "New South Wales": "887,849"}, "None": {"Australia": "623,829", "Campsie_%": "17.8", "Australia_%": "7.5", "New South Wales_%": "9.2", "Campsie": "1,415", "New South Wales": "239,625"}, "Number of motor vehicles not stated": {"Australia": "285,197", "Campsie_%": "4.4", "Australia_%": "3.4", "New South Wales_%": "3.7", "Campsie": "352", "New South Wales": "95,623"}, "1 motor vehicle": {"Australia": "2,881,485", "Campsie_%": "46.7", "Australia_%": "34.8", "New South Wales_%": "36.3", "Campsie": "3,718", "New South Wales": "946,159"}, "3 or more vehicles": {"Australia": "1,496,382", "Campsie_%": "8.1", "Australia_%": "18.1", "New South Wales_%": "16.7", "Campsie": "646", "New South Wales": "435,053"}}, "Employment status of parents in couple families": {"Labour force status not stated (by one or both parents in a couple family)": {"Australia": "311,381", "Campsie_%": "5.4", "Australia_%": "6.2", "New South Wales_%": "5.7", "Campsie": "277", "New South Wales": "90,630"}, "One employed full-time, one part-time": {"Australia": "1,086,460", "Campsie_%": "14.5", "Australia_%": "21.7", "New South Wales_%": "20.6", "Campsie": "747", "New South Wales": "329,567"}, "One employed part-time, other not working": {"Australia": "302,037", "Campsie_%": "9.5", "Australia_%": "6.0", "New South Wales_%": "6.1", "Campsie": "491", "New South Wales": "96,933"}, "Other (includes away from work)": {"Australia": "264,145", "Campsie_%": "5.0", "Australia_%": "5.3", "New South Wales_%": "5.1", "Campsie": "257", "New South Wales": "80,905"}, "Both employed, worked full-time": {"Australia": "1,084,006", "Campsie_%": "18.8", "Australia_%": "21.6", "New South Wales_%": "22.6", "Campsie": "972", "New South Wales": "360,916"}, "One employed full-time, other not working": {"Australia": "749,886", "Campsie_%": "20.1", "Australia_%": "15.0", "New South Wales_%": "15.0", "Campsie": "1,039", "New South Wales": "240,084"}, "Both employed, worked part-time": {"Australia": "203,596", "Campsie_%": "6.2", "Australia_%": "4.1", "New South Wales_%": "4.0", "Campsie": "318", "New South Wales": "63,106"}, "Both not working": {"Australia": "1,006,697", "Campsie_%": "20.6", "Australia_%": "20.1", "New South Wales_%": "21.0", "Campsie": "1,063", "New South Wales": "334,742"}}, "Country of birth of mother, stated responses": {"Lebanon": {"Australia": "176,241", "Campsie_%": "5.7", "Australia_%": "0.8", "New South Wales_%": "1.7", "Campsie": "1,398", "New South Wales": "129,707"}, "Australia": {"Australia": "12,643,365", "Campsie_%": "8.8", "Australia_%": "54.0", "New South Wales_%": "51.9", "Campsie": "2,160", "New South Wales": "3,884,762"}, "China (excludes SARs and Taiwan)": {"Australia": "699,074", "Campsie_%": "28.0", "Australia_%": "3.0", "New South Wales_%": "4.4", "Campsie": "6,879", "New South Wales": "329,967"}, "Nepal": {"Australia": "60,021", "Campsie_%": "7.9", "Australia_%": "0.3", "New South Wales_%": "0.5", "Campsie": "1,935", "New South Wales": "36,096"}, "Vietnam": {"Australia": "335,060", "Campsie_%": "5.4", "Australia_%": "1.4", "New South Wales_%": "1.7", "Campsie": "1,318", "New South Wales": "127,352"}}, "Dwelling structure": {"Other dwelling": {"Australia": "64,425", "Campsie_%": "0.2", "Australia_%": "0.8", "New South Wales_%": "0.9", "Campsie": "18", "New South Wales": "23,580"}, "Semi-detached, row or terrace house, townhouse etc": {"Australia": "1,055,016", "Campsie_%": "11.3", "Australia_%": "12.7", "New South Wales_%": "12.2", "Campsie": "902", "New South Wales": "317,453"}, "Separate house": {"Australia": "6,041,788", "Campsie_%": "23.1", "Australia_%": "72.9", "New South Wales_%": "66.4", "Campsie": "1,836", "New South Wales": "1,729,820"}, "Flat or apartment": {"Australia": "1,087,434", "Campsie_%": "65.0", "Australia_%": "13.1", "New South Wales_%": "19.9", "Campsie": "5,174", "New South Wales": "519,390"}}, "Number of bedrooms": {"1 bedroom": {"Australia": "411,252", "Campsie_%": "6.3", "Australia_%": "5.0", "New South Wales_%": "6.0", "Campsie": "503", "New South Wales": "157,194"}, "3 bedrooms": {"Australia": "3,403,190", "Campsie_%": "20.1", "Australia_%": "41.1", "New South Wales_%": "37.2", "Campsie": "1,602", "New South Wales": "970,001"}, "Average number of people per household": {"Australia": "2.6", "Campsie_%": "--", "Australia_%": "--", "New South Wales_%": "--", "Campsie": "2.9", "New South Wales": "2.6"}, "2 bedrooms": {"Australia": "1,562,759", "Campsie_%": "57.8", "Australia_%": "18.9", "New South Wales_%": "22.2", "Campsie": "4,606", "New South Wales": "577,675"}, "4 or more bedrooms": {"Australia": "2,670,758", "Campsie_%": "12.2", "Australia_%": "32.2", "New South Wales_%": "31.3", "Campsie": "971", "New South Wales": "816,405"}, "None (includes bedsitters)": {"Australia": "39,769", "Campsie_%": "0.5", "Australia_%": "0.5", "New South Wales_%": "0.7", "Campsie": "43", "New South Wales": "17,157"}, "Number of bedrooms not stated": {"Australia": "198,351", "Campsie_%": "3.0", "Australia_%": "2.4", "New South Wales_%": "2.5", "Campsie": "238", "New South Wales": "65,888"}, "Average number of bedrooms per dwelling": {"Australia": "3.1", "Campsie_%": "--", "Australia_%": "--", "New South Wales_%": "--", "Campsie": "2.4", "New South Wales": "3"}}, "summaryTable_qsFamilies": {"for all families": "0.7", "for families with children": "1.6", "Families": "6,460", "Average children per family": "None"}, "People characteristics": {"Male": {"Australia": "322,171", "Campsie_%": "39.3", "Australia_%": "49.6", "New South Wales_%": "49.7", "Campsie": "42", "New South Wales": "107,368"}, "Median age": {"Australia": "23", "Campsie_%": "--", "Australia_%": "--", "New South Wales_%": "--", "Campsie": "22", "New South Wales": "22"}, "Female": {"Australia": "326,996", "Campsie_%": "60.7", "Australia_%": "50.4", "New South Wales_%": "50.3", "Campsie": "65", "New South Wales": "108,809"}}, "Dwelling count": {"Unoccupied private dwellings": {"Australia": "1,039,874", "Campsie_%": "5.9", "Australia_%": "11.2", "New South Wales_%": "9.9", "Campsie": "501", "New South Wales": "284,741"}, "Occupied private dwellings": {"Australia": "8,286,073", "Campsie_%": "94.1", "Australia_%": "88.8", "New South Wales_%": "90.1", "Campsie": "7,961", "New South Wales": "2,604,320"}}, "Level of highest educational attainment": {"Certificate level III": {"Australia": "2,442,203", "Campsie_%": "5.7", "Australia_%": "12.8", "New South Wales_%": "12.0", "Campsie": "1,176", "New South Wales": "730,498"}, "Certificate level II": {"Australia": "13,454", "Campsie_%": "0.0", "Australia_%": "0.1", "New South Wales_%": "0.1", "Campsie": "8", "New South Wales": "4,849"}, "No educational attainment": {"Australia": "145,844", "Campsie_%": "2.9", "Australia_%": "0.8", "New South Wales_%": "0.9", "Campsie": "612", "New South Wales": "54,870"}, "Bachelor Degree level and above": {"Australia": "4,181,406", "Campsie_%": "25.0", "Australia_%": "22.0", "New South Wales_%": "23.4", "Campsie": "5,207", "New South Wales": "1,424,716"}, "Certificate level I": {"Australia": "2,176", "Campsie_%": "0.0", "Australia_%": "0.0", "New South Wales_%": "0.0", "Campsie": "0", "New South Wales": "625"}, "Year 11": {"Australia": "941,531", "Campsie_%": "2.7", "Australia_%": "4.9", "New South Wales_%": "3.3", "Campsie": "554", "New South Wales": "203,574"}, "Not stated": {"Australia": "1,974,794", "Campsie_%": "8.5", "Australia_%": "10.4", "New South Wales_%": "10.3", "Campsie": "1,769", "New South Wales": "627,465"}, "Year 9 or below": {"Australia": "1,529,897", "Campsie_%": "8.4", "Australia_%": "8.0", "New South Wales_%": "8.4", "Campsie": "1,743", "New South Wales": "513,209"}, "Certificate level IV": {"Australia": "551,767", "Campsie_%": "1.5", "Australia_%": "2.9", "New South Wales_%": "2.8", "Campsie": "306", "New South Wales": "167,947"}, "Year 10": {"Australia": "2,054,331", "Campsie_%": "7.3", "Australia_%": "10.8", "New South Wales_%": "11.5", "Campsie": "1,508", "New South Wales": "702,178"}, "Year 12": {"Australia": "2,994,097", "Campsie_%": "26.5", "Australia_%": "15.7", "New South Wales_%": "15.3", "Campsie": "5,515", "New South Wales": "930,654"}, "Advanced Diploma and Diploma level": {"Australia": "1,687,893", "Campsie_%": "9.0", "Australia_%": "8.9", "New South Wales_%": "8.9", "Campsie": "1,879", "New South Wales": "543,142"}}, "Median weekly incomes": {"Personal": {"Australia": "662", "Campsie_%": "--", "Australia_%": "--", "New South Wales_%": "--", "Campsie": "486", "New South Wales": "664"}, "Household": {"Australia": "1,438", "Campsie_%": "--", "Australia_%": "--", "New South Wales_%": "--", "Campsie": "1,239", "New South Wales": "1,486"}, "Family": {"Australia": "1,734", "Campsie_%": "--", "Australia_%": "--", "New South Wales_%": "--", "Campsie": "1,274", "New South Wales": "1,780"}}, "Family composition": {"Other family": {"Australia": "102,559", "Campsie_%": "2.9", "Australia_%": "1.7", "New South Wales_%": "1.7", "Campsie": "185", "New South Wales": "32,438"}, "Couple family with children": {"Australia": "2,716,224", "Campsie_%": "44.9", "Australia_%": "44.7", "New South Wales_%": "45.7", "Campsie": "2,899", "New South Wales": "887,358"}, "Couple family without children": {"Australia": "2,291,987", "Campsie_%": "35.1", "Australia_%": "37.8", "New South Wales_%": "36.6", "Campsie": "2,270", "New South Wales": "709,524"}, "One parent family": {"Australia": "959,543", "Campsie_%": "17.1", "Australia_%": "15.8", "New South Wales_%": "16.0", "Campsie": "1,106", "New South Wales": "310,906"}}, "Dwelling internet connection": {"Not stated": {"Australia": "221,494", "Campsie_%": "3.8", "Australia_%": "2.7", "New South Wales_%": "2.8", "Campsie": "299", "New South Wales": "73,565"}, "Internet not accessed from dwelling": {"Australia": "1,172,415", "Campsie_%": "13.7", "Australia_%": "14.1", "New South Wales_%": "14.7", "Campsie": "1,088", "New South Wales": "381,709"}, "Internet accessed from dwelling": {"Australia": "6,892,165", "Campsie_%": "82.6", "Australia_%": "83.2", "New South Wales_%": "82.5", "Campsie": "6,574", "New South Wales": "2,149,040"}}, "Social marital status": {"Not married": {"Australia": "7,024,973", "Campsie_%": "46.8", "Australia_%": "41.9", "New South Wales_%": "42.3", "Campsie": "8,929", "New South Wales": "2,290,887"}, "De facto marriage": {"Australia": "1,751,731", "Campsie_%": "5.6", "Australia_%": "10.4", "New South Wales_%": "9.4", "Campsie": "1,069", "New South Wales": "506,133"}, "Registered marriage": {"Australia": "8,001,141", "Campsie_%": "47.6", "Australia_%": "47.7", "New South Wales_%": "48.3", "Campsie": "9,073", "New South Wales": "2,612,630"}}, "Household composition": {"Family households": {"Australia": "5,907,625", "Campsie_%": "76.1", "Australia_%": "71.3", "New South Wales_%": "72.0", "Campsie": "6,052", "New South Wales": "1,874,524"}, "Group households": {"Australia": "354,917", "Campsie_%": "7.0", "Australia_%": "4.3", "New South Wales_%": "4.2", "Campsie": "554", "New South Wales": "109,004"}, "Single (or lone) person households": {"Australia": "2,023,542", "Campsie_%": "16.9", "Australia_%": "24.4", "New South Wales_%": "23.8", "Campsie": "1,348", "New South Wales": "620,778"}}, "People": {"Male": {"Australia": "11,546,638", "Campsie_%": "50.2", "Australia_%": "49.3", "New South Wales_%": "49.3", "Campsie": "12,319", "New South Wales": "3,686,014"}, "Aboriginal and/or Torres Strait Islander people": {"Australia": "649,171", "Campsie_%": "0.4", "Australia_%": "2.8", "New South Wales_%": "2.9", "Campsie": "102", "New South Wales": "216,176"}, "Female": {"Australia": "11,855,248", "Campsie_%": "49.8", "Australia_%": "50.7", "New South Wales_%": "50.7", "Campsie": "12,219", "New South Wales": "3,794,217"}}, "Language, top responses (other than English)": {"Nepali": {"Australia": "62,005", "Campsie_%": "7.4", "Australia_%": "0.3", "New South Wales_%": "0.5", "Campsie": "1,822", "New South Wales": "34,606"}, "null": {"Australia": "None", "Campsie_%": null, "Australia_%": "None", "New South Wales_%": "None", "Campsie": null, "New South Wales": "None"}, "English only spoken at home": {"Australia": "17,020,417", "Campsie_%": "17.9", "Australia_%": "72.7", "New South Wales_%": "68.5", "Campsie": "4,382", "New South Wales": "5,126,633"}, "Households where a non English language is spoken": {"Australia": "1,971,011", "Campsie_%": "80.0", "Australia_%": "22.2", "New South Wales_%": "26.5", "Campsie": "6,744", "New South Wales": "735,563"}, "Cantonese": {"Australia": "280,943", "Campsie_%": "10.1", "Australia_%": "1.2", "New South Wales_%": "1.9", "Campsie": "2,476", "New South Wales": "143,333"}, "Mandarin": {"Australia": "596,711", "Campsie_%": "21.1", "Australia_%": "2.5", "New South Wales_%": "3.2", "Campsie": "5,167", "New South Wales": "239,945"}, "Arabic": {"Australia": "321,728", "Campsie_%": "6.1", "Australia_%": "1.4", "New South Wales_%": "2.7", "Campsie": "1,491", "New South Wales": "200,825"}, "Korean": {"Australia": "108,997", "Campsie_%": "4.5", "Australia_%": "0.5", "New South Wales_%": "0.8", "Campsie": "1,109", "New South Wales": "59,912"}}, "summaryTable_qsDwelling": {"Median monthly mortgage repayments": "$1,742", "All private dwellings": "8,918", "Average people per household": "2.9", "Median weekly household income": "$1,239", "Median weekly rent": "$395", "Average motor vehicles per dwelling": "1.3"}, "Household income": {"Less than $650 gross weekly income": {"Australia": "--", "Campsie_%": "22.3", "Australia_%": "20.0", "New South Wales_%": "19.7", "Campsie": "--", "New South Wales": "--"}, "More than $3000 gross weekly income": {"Australia": "--", "Campsie_%": "8.8", "Australia_%": "16.4", "New South Wales_%": "18.7", "Campsie": "--", "New South Wales": "--"}}, "Country of birth": {"Other top responses": {"Campsie": "None", "Campsie_%": "None"}, "Australia": {"Australia": "15,614,835", "Campsie_%": "28.4", "Australia_%": "66.7", "New South Wales_%": "65.5", "Campsie": "6,954", "New South Wales": "4,899,090"}, "Nepal": {"Australia": "54,754", "Campsie_%": "7.2", "Australia_%": "0.2", "New South Wales_%": "0.4", "Campsie": "1,756", "New South Wales": "32,117"}, "India": {"Australia": "455,389", "Campsie_%": "3.2", "Australia_%": "1.9", "New South Wales_%": "1.9", "Campsie": "792", "New South Wales": "143,459"}, "China (excludes SARs and Taiwan)": {"Australia": "509,555", "Campsie_%": "22.0", "Australia_%": "2.2", "New South Wales_%": "3.1", "Campsie": "5,391", "New South Wales": "234,508"}, "Vietnam": {"Australia": "219,355", "Campsie_%": "4.0", "Australia_%": "0.9", "New South Wales_%": "1.1", "Campsie": "980", "New South Wales": "84,130"}, "Korea, Republic of (South)": {"Australia": "98,776", "Campsie_%": "3.6", "Australia_%": "0.4", "New South Wales_%": "0.7", "Campsie": "875", "New South Wales": "51,816"}}, "Religious affiliation, top responses": {"No Religion, so described": {"Australia": "6,933,708", "Campsie_%": "29.3", "Australia_%": "29.6", "New South Wales_%": "25.1", "Campsie": "7,198", "New South Wales": "1,879,562"}, "Catholic": {"Australia": "5,291,834", "Campsie_%": "18.4", "Australia_%": "22.6", "New South Wales_%": "24.7", "Campsie": "4,505", "New South Wales": "1,846,443"}, "Buddhism": {"Australia": "563,674", "Campsie_%": "10.9", "Australia_%": "2.4", "New South Wales_%": "2.8", "Campsie": "2,673", "New South Wales": "207,956"}, "Not stated": {"Australia": "2,238,735", "Campsie_%": "8.4", "Australia_%": "9.6", "New South Wales_%": "9.2", "Campsie": "2,063", "New South Wales": "684,969"}, "Hinduism": {"Australia": "440,300", "Campsie_%": "9.2", "Australia_%": "1.9", "New South Wales_%": "2.4", "Campsie": "2,268", "New South Wales": "181,402"}}, "Ancestry, top responses": {"Lebanese": {"Australia": "230,869", "Campsie_%": "5.8", "Australia_%": "0.7", "New South Wales_%": "1.7", "Campsie": "1,607", "New South Wales": "166,591"}, "Australian": {"Australia": "7,298,243", "Campsie_%": "5.2", "Australia_%": "23.3", "New South Wales_%": "22.9", "Campsie": "1,448", "New South Wales": "2,261,062"}, "English": {"Australia": "7,852,224", "Campsie_%": "5.5", "Australia_%": "25.0", "New South Wales_%": "23.3", "Campsie": "1,511", "New South Wales": "2,302,481"}, "Chinese": {"Australia": "1,213,903", "Campsie_%": "31.0", "Australia_%": "3.9", "New South Wales_%": "5.2", "Campsie": "8,550", "New South Wales": "514,594"}, "Nepalese": {"Australia": "62,806", "Campsie_%": "6.9", "Australia_%": "0.2", "New South Wales_%": "0.4", "Campsie": "1,910", "New South Wales": "36,248"}}, "Age": {"35-39 years": {"Australia": "1,561,679", "Campsie_%": "7.6", "Australia_%": "6.7", "New South Wales_%": "6.7", "Campsie": "1,875", "New South Wales": "499,724"}, "60-64 years": {"Australia": "1,299,397", "Campsie_%": "4.8", "Australia_%": "5.6", "New South Wales_%": "5.6", "Campsie": "1,180", "New South Wales": "420,044"}, "30-34 years": {"Australia": "1,703,847", "Campsie_%": "11.0", "Australia_%": "7.3", "New South Wales_%": "7.2", "Campsie": "2,689", "New South Wales": "540,360"}, "0-4 years": {"Australia": "1,464,779", "Campsie_%": "6.1", "Australia_%": "6.3", "New South Wales_%": "6.2", "Campsie": "1,489", "New South Wales": "465,135"}, "25-29 years": {"Australia": "1,664,602", "Campsie_%": "11.4", "Australia_%": "7.1", "New South Wales_%": "7.0", "Campsie": "2,794", "New South Wales": "527,161"}, "10-14 years": {"Australia": "1,397,183", "Campsie_%": "4.2", "Australia_%": "6.0", "New South Wales_%": "5.9", "Campsie": "1,038", "New South Wales": "443,009"}, "5-9 years": {"Australia": "1,502,646", "Campsie_%": "4.9", "Australia_%": "6.4", "New South Wales_%": "6.4", "Campsie": "1,214", "New South Wales": "478,184"}, "Median age": {"Australia": "38", "Campsie_%": "--", "Australia_%": "--", "New South Wales_%": "--", "Campsie": "34", "New South Wales": "38"}, "50-54 years": {"Australia": "1,523,551", "Campsie_%": "6.5", "Australia_%": "6.5", "New South Wales_%": "6.5", "Campsie": "1,599", "New South Wales": "485,546"}, "80-84 years": {"Australia": "460,549", "Campsie_%": "1.6", "Australia_%": "2.0", "New South Wales_%": "2.1", "Campsie": "396", "New South Wales": "155,806"}, "40-44 years": {"Australia": "1,583,257", "Campsie_%": "6.4", "Australia_%": "6.8", "New South Wales_%": "6.7", "Campsie": "1,574", "New South Wales": "503,169"}, "70-74 years": {"Australia": "887,716", "Campsie_%": "2.6", "Australia_%": "3.8", "New South Wales_%": "3.9", "Campsie": "628", "New South Wales": "292,556"}, "15-19 years": {"Australia": "1,421,595", "Campsie_%": "5.4", "Australia_%": "6.1", "New South Wales_%": "6.0", "Campsie": "1,326", "New South Wales": "448,425"}, "65-69 years": {"Australia": "1,188,999", "Campsie_%": "3.2", "Australia_%": "5.1", "New South Wales_%": "5.1", "Campsie": "789", "New South Wales": "384,470"}, "20-24 years": {"Australia": "1,566,793", "Campsie_%": "8.5", "Australia_%": "6.7", "New South Wales_%": "6.5", "Campsie": "2,091", "New South Wales": "489,673"}, "55-59 years": {"Australia": "1,454,332", "Campsie_%": "5.8", "Australia_%": "6.2", "New South Wales_%": "6.3", "Campsie": "1,421", "New South Wales": "469,726"}, "75-79 years": {"Australia": "652,657", "Campsie_%": "2.2", "Australia_%": "2.8", "New South Wales_%": "2.9", "Campsie": "536", "New South Wales": "217,308"}, "45-49 years": {"Australia": "1,581,455", "Campsie_%": "6.2", "Australia_%": "6.8", "New South Wales_%": "6.6", "Campsie": "1,510", "New South Wales": "492,440"}, "85 years and over": {"Australia": "486,842", "Campsie_%": "1.6", "Australia_%": "2.1", "New South Wales_%": "2.2", "Campsie": "391", "New South Wales": "167,506"}}, "Single (or lone) parents": {"Male": {"Australia": "--", "Campsie_%": "18.8", "Australia_%": "18.2", "New South Wales_%": "17.8", "Campsie": "--", "New South Wales": "--"}, "Female": {"Australia": "--", "Campsie_%": "81.2", "Australia_%": "81.8", "New South Wales_%": "82.2", "Campsie": "--", "New South Wales": "--"}}, "Mortgage monthly repayments": {"Median mortgage repayments": {"Australia": "1,755", "Campsie_%": "--", "Australia_%": "--", "New South Wales_%": "--", "Campsie": "1,742", "New South Wales": "1,986"}, "Households where mortgage repayments are less than 30% of household income": {"Australia": "--", "Campsie_%": "91.6", "Australia_%": "92.8", "New South Wales_%": "92.6", "Campsie": "--", "New South Wales": "--"}, "Households with mortgage repayments greater than or equal to 30% of household income": {"Australia": "--", "Campsie_%": "8.4", "Australia_%": "7.2", "New South Wales_%": "7.4", "Campsie": "--", "New South Wales": "--"}}, "Mortgage and rent": {"Median monthly mortgage repayments": {"Australia": "1,660", "Campsie_%": "--", "Australia_%": "--", "New South Wales_%": "--", "Campsie": "2,700", "New South Wales": "1,733"}, "Median weekly rent": {"Australia": "250", "Campsie_%": "--", "Australia_%": "--", "New South Wales_%": "--", "Campsie": "425", "New South Wales": "270"}}, "Tenure": {"Rented": {"Australia": "2,561,302", "Campsie_%": "52.7", "Australia_%": "30.9", "New South Wales_%": "31.8", "Campsie": "4,197", "New South Wales": "826,922"}, "Owned outright": {"Australia": "2,565,695", "Campsie_%": "21.2", "Australia_%": "31.0", "New South Wales_%": "32.2", "Campsie": "1,685", "New South Wales": "839,665"}, "Owned with a mortgage": {"Australia": "2,855,222", "Campsie_%": "22.1", "Australia_%": "34.5", "New South Wales_%": "32.3", "Campsie": "1,760", "New South Wales": "840,004"}, "Tenure type not stated": {"Australia": "224,869", "Campsie_%": "3.3", "Australia_%": "2.7", "New South Wales_%": "2.8", "Campsie": "266", "New South Wales": "73,763"}, "Other tenure type": {"Australia": "78,994", "Campsie_%": "0.6", "Australia_%": "1.0", "New South Wales_%": "0.9", "Campsie": "51", "New South Wales": "23,968"}}, "Country of birth of father, stated responses": {"Lebanon": {"Australia": "196,333", "Campsie_%": "5.8", "Australia_%": "0.8", "New South Wales_%": "1.9", "Campsie": "1,432", "New South Wales": "143,993"}, "Australia": {"Australia": "12,231,150", "Campsie_%": "8.4", "Australia_%": "52.3", "New South Wales_%": "50.1", "Campsie": "2,073", "New South Wales": "3,745,787"}, "China (excludes SARs and Taiwan)": {"Australia": "704,658", "Campsie_%": "28.2", "Australia_%": "3.0", "New South Wales_%": "4.4", "Campsie": "6,916", "New South Wales": "332,465"}, "Nepal": {"Australia": "60,678", "Campsie_%": "7.9", "Australia_%": "0.3", "New South Wales_%": "0.5", "Campsie": "1,950", "New South Wales": "36,554"}, "Vietnam": {"Australia": "320,208", "Campsie_%": "5.0", "Australia_%": "1.4", "New South Wales_%": "1.6", "Campsie": "1,238", "New South Wales": "121,066"}}, "Country of birth of father and/or mother, stated responses": {"Father only born overseas": {"Australia": "1,488,092", "Campsie_%": "2.4", "Australia_%": "6.4", "New South Wales_%": "6.1", "Campsie": "591", "New South Wales": "458,394"}, "Mother only born overseas": {"Australia": "1,094,591", "Campsie_%": "2.1", "Australia_%": "4.7", "New South Wales_%": "4.3", "Campsie": "515", "New South Wales": "325,182"}, "Both parents born overseas": {"Australia": "8,051,196", "Campsie_%": "83.0", "Australia_%": "34.4", "New South Wales_%": "37.0", "Campsie": "20,360", "New South Wales": "2,764,170"}, "Both parents born in Australia": {"Australia": "11,070,538", "Campsie_%": "6.3", "Australia_%": "47.3", "New South Wales_%": "45.4", "Campsie": "1,544", "New South Wales": "3,399,725"}}, "Rent weekly payments": {"Households where rent payments are less than 30% of household income": {"Australia": "--", "Campsie_%": "73.3", "Australia_%": "88.5", "New South Wales_%": "87.1", "Campsie": "--", "New South Wales": "--"}, "Households with rent payments greater than or equal to 30% of household income": {"Australia": "--", "Campsie_%": "26.7", "Australia_%": "11.5", "New South Wales_%": "12.9", "Campsie": "--", "New South Wales": "--"}, "Median rent": {"Australia": "335", "Campsie_%": "--", "Australia_%": "--", "New South Wales_%": "--", "Campsie": "395", "New South Wales": "380"}}, "Registered marital status": {"Separated": {"Australia": "608,059", "Campsie_%": "3.0", "Australia_%": "3.2", "New South Wales_%": "3.1", "Campsie": "629", "New South Wales": "190,198"}, "Widowed": {"Australia": "985,204", "Campsie_%": "3.8", "Australia_%": "5.2", "New South Wales_%": "5.4", "Campsie": "780", "New South Wales": "331,653"}, "Married": {"Australia": "9,148,218", "Campsie_%": "52.8", "Australia_%": "48.1", "New South Wales_%": "48.7", "Campsie": "10,971", "New South Wales": "2,965,280"}, "Divorced": {"Australia": "1,626,890", "Campsie_%": "8.3", "Australia_%": "8.5", "New South Wales_%": "8.4", "Campsie": "1,736", "New South Wales": "512,298"}, "Never married": {"Australia": "6,668,910", "Campsie_%": "32.1", "Australia_%": "35.0", "New South Wales_%": "34.4", "Campsie": "6,676", "New South Wales": "2,094,460"}}, "summaryTable_qsPeople": {"Male": "50.2%", "Median age": "34", "Female": "49.8%", "People": "24,541"}, "Dwelling characteristics": {"Average number of people per household": {"Australia": "3.2", "Campsie_%": "--", "Australia_%": "--", "New South Wales_%": "--", "Campsie": "3.2", "New South Wales": "3.1"}, "Average number of persons per bedroom": {"Australia": "1", "Campsie_%": "--", "Australia_%": "--", "New South Wales_%": "--", "Campsie": "1.1", "New South Wales": "1"}, "Median weekly household income": {"Australia": "1,203", "Campsie_%": "--", "Australia_%": "--", "New South Wales_%": "--", "Campsie": "1,449", "New South Wales": "1,214"}}, "Unpaid work": {"Did unpaid domestic work (last week)": {"Australia": "13,143,914", "Campsie_%": "55.8", "Australia_%": "69.0", "New South Wales_%": "67.7", "Campsie": "11,610", "New South Wales": "4,127,723"}, "Provided unpaid assistance to a person with a disability (last two weeks)": {"Australia": "2,145,203", "Campsie_%": "9.8", "Australia_%": "11.3", "New South Wales_%": "11.6", "Campsie": "2,048", "New South Wales": "709,415"}, "Did voluntary work through an organisation or group (last 12 months)": {"Australia": "3,620,726", "Campsie_%": "9.4", "Australia_%": "19.0", "New South Wales_%": "18.1", "Campsie": "1,953", "New South Wales": "1,103,790"}, "Cared for child/children (last two weeks)": {"Australia": "5,259,400", "Campsie_%": "22.4", "Australia_%": "27.6", "New South Wales_%": "27.2", "Campsie": "4,668", "New South Wales": "1,659,250"}}, "Unpaid domestic work, number of hours": {"5 to 14 hours per week": {"Australia": "4,944,578", "Campsie_%": "19.0", "Australia_%": "26.0", "New South Wales_%": "25.1", "Campsie": "3,957", "New South Wales": "1,531,206"}, "30 hours or more per week": {"Australia": "1,710,970", "Campsie_%": "7.3", "Australia_%": "9.0", "New South Wales_%": "9.0", "Campsie": "1,525", "New South Wales": "545,925"}, "Less than 5 hours per week": {"Australia": "4,298,593", "Campsie_%": "21.5", "Australia_%": "22.6", "New South Wales_%": "22.3", "Campsie": "4,468", "New South Wales": "1,359,656"}, "15 to 29 hours per week": {"Australia": "2,189,776", "Campsie_%": "8.0", "Australia_%": "11.5", "New South Wales_%": "11.3", "Campsie": "1,669", "New South Wales": "690,934"}}, "Industry of employment, top responses": {"Cafes and Restaurants": {"Australia": "253,385", "Campsie_%": "5.9", "Australia_%": "2.4", "New South Wales_%": "2.4", "Campsie": "644", "New South Wales": "80,552"}, "Supermarket and Grocery Stores": {"Australia": "254,275", "Campsie_%": "3.1", "Australia_%": "2.4", "New South Wales_%": "2.2", "Campsie": "342", "New South Wales": "74,487"}, "Hospitals (except Psychiatric Hospitals)": {"Australia": "411,808", "Campsie_%": "3.0", "Australia_%": "3.9", "New South Wales_%": "3.5", "Campsie": "328", "New South Wales": "119,350"}, "Aged Care Residential Services": {"Australia": "211,621", "Campsie_%": "3.5", "Australia_%": "2.0", "New South Wales_%": "2.0", "Campsie": "379", "New South Wales": "67,209"}, "Building and Other Industrial Cleaning Services": {"Australia": "131,908", "Campsie_%": "4.5", "Australia_%": "1.2", "New South Wales_%": "1.2", "Campsie": "493", "New South Wales": "41,390"}}, "GeoInfo": {"city": "Campsie"}, "Education": {"University or tertiary institution": {"Australia": "1,160,626", "Campsie_%": "25.9", "Australia_%": "16.1", "New South Wales_%": "16.2", "Campsie": "2,032", "New South Wales": "376,133"}, "Secondary - Catholic": {"Australia": "338,384", "Campsie_%": "3.1", "Australia_%": "4.7", "New South Wales_%": "5.1", "Campsie": "246", "New South Wales": "117,689"}, "Secondary - other non Government": {"Australia": "280,618", "Campsie_%": "1.2", "Australia_%": "3.9", "New South Wales_%": "3.4", "Campsie": "94", "New South Wales": "79,915"}, "Primary - Catholic": {"Australia": "380,604", "Campsie_%": "3.9", "Australia_%": "5.3", "New South Wales_%": "5.3", "Campsie": "309", "New South Wales": "122,099"}, "Primary - Government": {"Australia": "1,314,787", "Campsie_%": "14.3", "Australia_%": "18.2", "New South Wales_%": "18.0", "Campsie": "1,121", "New South Wales": "417,465"}, "Other": {"Australia": "198,383", "Campsie_%": "7.2", "Australia_%": "2.8", "New South Wales_%": "2.7", "Campsie": "561", "New South Wales": "63,673"}, "Technical or further education institution": {"Australia": "424,869", "Campsie_%": "7.7", "Australia_%": "5.9", "New South Wales_%": "6.2", "Campsie": "602", "New South Wales": "144,103"}, "Secondary - Government": {"Australia": "827,505", "Campsie_%": "12.3", "Australia_%": "11.5", "New South Wales_%": "11.6", "Campsie": "965", "New South Wales": "269,249"}, "Primary - other non Government": {"Australia": "231,490", "Campsie_%": "0.9", "Australia_%": "3.2", "New South Wales_%": "2.9", "Campsie": "70", "New South Wales": "67,611"}, "Not stated": {"Australia": "1,707,023", "Campsie_%": "20.1", "Australia_%": "23.7", "New South Wales_%": "23.0", "Campsie": "1,577", "New South Wales": "535,266"}, "Preschool": {"Australia": "347,621", "Campsie_%": "3.3", "Australia_%": "4.8", "New South Wales_%": "5.7", "Campsie": "256", "New South Wales": "132,047"}}, "Employment": {"Unemployed": {"Australia": "787,452", "Campsie_%": "9.3", "Australia_%": "6.9", "New South Wales_%": "6.3", "Campsie": "1,128", "New South Wales": "225,546"}, "Worked part-time": {"Australia": "3,491,503", "Campsie_%": "32.8", "Australia_%": "30.4", "New South Wales_%": "29.7", "Campsie": "3,967", "New South Wales": "1,071,151"}, "Away from work": {"Australia": "569,276", "Campsie_%": "4.6", "Australia_%": "5.0", "New South Wales_%": "4.8", "Campsie": "562", "New South Wales": "174,654"}, "Worked full-time": {"Australia": "6,623,065", "Campsie_%": "53.3", "Australia_%": "57.7", "New South Wales_%": "59.2", "Campsie": "6,451", "New South Wales": "2,134,521"}}, "Travel to work, top responses": {"People who travelled to work by car as driver or passenger": {"Australia": "7,305,271", "Campsie_%": "51.7", "Australia_%": "68.4", "New South Wales_%": "64.6", "Campsie": "5,679", "New South Wales": "2,182,854"}, "Bus": {"Australia": "323,201", "Campsie_%": "4.6", "Australia_%": "3.0", "New South Wales_%": "4.0", "Campsie": "503", "New South Wales": "133,903"}, "null": {"Australia": "None", "Campsie_%": null, "Australia_%": "None", "New South Wales_%": "None", "Campsie": null, "New South Wales": "None"}, "People who travelled to work by public transport": {"Australia": "1,225,668", "Campsie_%": "35.1", "Australia_%": "11.5", "New South Wales_%": "16.0", "Campsie": "3,857", "New South Wales": "540,215"}, "Car, as driver": {"Australia": "6,574,571", "Campsie_%": "43.8", "Australia_%": "61.5", "New South Wales_%": "57.8", "Campsie": "4,810", "New South Wales": "1,953,399"}, "Train": {"Australia": "488,012", "Campsie_%": "22.1", "Australia_%": "4.6", "New South Wales_%": "7.5", "Campsie": "2,429", "New South Wales": "252,786"}, "Train, bus": {"Australia": "104,122", "Campsie_%": "4.9", "Australia_%": "1.0", "New South Wales_%": "1.8", "Campsie": "538", "New South Wales": "60,155"}, "Car, as passenger": {"Australia": "489,922", "Campsie_%": "5.0", "Australia_%": "4.6", "New South Wales_%": "4.3", "Campsie": "550", "New South Wales": "144,820"}}, "Occupation": {"Professionals": {"Australia": "2,370,966", "Campsie_%": "16.2", "Australia_%": "22.2", "New South Wales_%": "23.6", "Campsie": "1,783", "New South Wales": "798,126"}, "Technicians and Trades Workers": {"Australia": "1,447,414", "Campsie_%": "14.9", "Australia_%": "13.5", "New South Wales_%": "12.7", "Campsie": "1,635", "New South Wales": "429,239"}, "Community and Personal Service Workers": {"Australia": "1,157,003", "Campsie_%": "12.3", "Australia_%": "10.8", "New South Wales_%": "10.4", "Campsie": "1,347", "New South Wales": "350,261"}, "Clerical and Administrative Workers": {"Australia": "1,449,681", "Campsie_%": "11.6", "Australia_%": "13.6", "New South Wales_%": "13.8", "Campsie": "1,269", "New South Wales": "467,977"}, "Machinery Operators and Drivers": {"Australia": "670,106", "Campsie_%": "7.5", "Australia_%": "6.3", "New South Wales_%": "6.1", "Campsie": "828", "New South Wales": "206,839"}, "Labourers": {"Australia": "1,011,520", "Campsie_%": "15.9", "Australia_%": "9.5", "New South Wales_%": "8.8", "Campsie": "1,743", "New South Wales": "297,887"}, "Sales Workers": {"Australia": "1,000,955", "Campsie_%": "10.8", "Australia_%": "9.4", "New South Wales_%": "9.2", "Campsie": "1,190", "New South Wales": "311,414"}, "Managers": {"Australia": "1,390,047", "Campsie_%": "8.1", "Australia_%": "13.0", "New South Wales_%": "13.5", "Campsie": "885", "New South Wales": "456,084"}}}