{"Employment - hours worked": {"40 hours or more per week": {"Australia": "4,591,801", "Captains Flat": "140", "Australia_%": "43.0", "New South Wales_%": "44.1", "New South Wales": "1,489,099", "Captains Flat_%": "49.5"}, "25-34 hours per week": {"Australia": "1,193,445", "Captains Flat": "18", "Australia_%": "11.2", "New South Wales_%": "10.5", "New South Wales": "353,702", "Captains Flat_%": "6.4"}, "16-24 hours per week": {"Australia": "1,079,236", "Captains Flat": "14", "Australia_%": "10.1", "New South Wales_%": "10.4", "New South Wales": "352,817", "Captains Flat_%": "4.9"}, "35-39 hours per week": {"Australia": "2,031,263", "Captains Flat": "70", "Australia_%": "19.0", "New South Wales_%": "19.1", "New South Wales": "645,428", "Captains Flat_%": "24.7"}, "1-15 hours per week": {"Australia": "1,218,823", "Captains Flat": "21", "Australia_%": "11.4", "New South Wales_%": "10.8", "New South Wales": "364,637", "Captains Flat_%": "7.4"}}, "Number of registered motor vehicles": {"2 motor vehicles": {"Australia": "2,999,184", "Captains Flat": "85", "Australia_%": "36.2", "New South Wales_%": "34.1", "New South Wales": "887,849", "Captains Flat_%": "36.6"}, "None": {"Australia": "623,829", "Captains Flat": "6", "Australia_%": "7.5", "New South Wales_%": "9.2", "New South Wales": "239,625", "Captains Flat_%": "2.6"}, "Number of motor vehicles not stated": {"Australia": "285,197", "Captains Flat": "13", "Australia_%": "3.4", "New South Wales_%": "3.7", "New South Wales": "95,623", "Captains Flat_%": "5.6"}, "1 motor vehicle": {"Australia": "2,881,485", "Captains Flat": "88", "Australia_%": "34.8", "New South Wales_%": "36.3", "New South Wales": "946,159", "Captains Flat_%": "37.9"}, "3 or more vehicles": {"Australia": "1,496,382", "Captains Flat": "40", "Australia_%": "18.1", "New South Wales_%": "16.7", "New South Wales": "435,053", "Captains Flat_%": "17.2"}}, "Employment status of parents in couple families": {"Labour force status not stated (by one or both parents in a couple family)": {"Australia": "311,381", "Captains Flat": "8", "Australia_%": "6.2", "New South Wales_%": "5.7", "New South Wales": "90,630", "Captains Flat_%": "6.3"}, "One employed full-time, one part-time": {"Australia": "1,086,460", "Captains Flat": "24", "Australia_%": "21.7", "New South Wales_%": "20.6", "New South Wales": "329,567", "Captains Flat_%": "18.9"}, "One employed part-time, other not working": {"Australia": "302,037", "Captains Flat": "3", "Australia_%": "6.0", "New South Wales_%": "6.1", "New South Wales": "96,933", "Captains Flat_%": "2.4"}, "Other (includes away from work)": {"Australia": "264,145", "Captains Flat": "9", "Australia_%": "5.3", "New South Wales_%": "5.1", "New South Wales": "80,905", "Captains Flat_%": "7.1"}, "Both employed, worked full-time": {"Australia": "1,084,006", "Captains Flat": "40", "Australia_%": "21.6", "New South Wales_%": "22.6", "New South Wales": "360,916", "Captains Flat_%": "31.5"}, "One employed full-time, other not working": {"Australia": "749,886", "Captains Flat": "25", "Australia_%": "15.0", "New South Wales_%": "15.0", "New South Wales": "240,084", "Captains Flat_%": "19.7"}, "Both employed, worked part-time": {"Australia": "203,596", "Captains Flat": "0", "Australia_%": "4.1", "New South Wales_%": "4.0", "New South Wales": "63,106", "Captains Flat_%": "0.0"}, "Both not working": {"Australia": "1,006,697", "Captains Flat": "18", "Australia_%": "20.1", "New South Wales_%": "21.0", "New South Wales": "334,742", "Captains Flat_%": "14.2"}}, "Country of birth of mother, stated responses": {"Germany": {"Australia": "169,618", "Captains Flat": "11", "Australia_%": "0.7", "New South Wales_%": "0.6", "New South Wales": "47,489", "Captains Flat_%": "1.8"}, "New Zealand": {"Australia": "608,329", "Captains Flat": "10", "Australia_%": "2.6", "New South Wales_%": "1.9", "New South Wales": "139,899", "Captains Flat_%": "1.6"}, "Australia": {"Australia": "12,643,365", "Captains Flat": "415", "Australia_%": "54.0", "New South Wales_%": "51.9", "New South Wales": "3,884,762", "Captains Flat_%": "67.7"}, "England": {"Australia": "1,302,147", "Captains Flat": "56", "Australia_%": "5.6", "New South Wales_%": "4.3", "New South Wales": "322,472", "Captains Flat_%": "9.1"}, "Scotland": {"Australia": "245,915", "Captains Flat": "7", "Australia_%": "1.1", "New South Wales_%": "0.8", "New South Wales": "63,302", "Captains Flat_%": "1.1"}}, "Dwelling structure": {"Other dwelling": {"Australia": "64,425", "Captains Flat": "3", "Australia_%": "0.8", "New South Wales_%": "0.9", "New South Wales": "23,580", "Captains Flat_%": "1.3"}, "Semi-detached, row or terrace house, townhouse etc": {"Australia": "1,055,016", "Captains Flat": "0", "Australia_%": "12.7", "New South Wales_%": "12.2", "New South Wales": "317,453", "Captains Flat_%": "0.0"}, "Separate house": {"Australia": "6,041,788", "Captains Flat": "225", "Australia_%": "72.9", "New South Wales_%": "66.4", "New South Wales": "1,729,820", "Captains Flat_%": "96.6"}, "Flat or apartment": {"Australia": "1,087,434", "Captains Flat": "5", "Australia_%": "13.1", "New South Wales_%": "19.9", "New South Wales": "519,390", "Captains Flat_%": "2.1"}}, "Number of bedrooms": {"1 bedroom": {"Australia": "411,252", "Captains Flat": "13", "Australia_%": "5.0", "New South Wales_%": "6.0", "New South Wales": "157,194", "Captains Flat_%": "5.4"}, "3 bedrooms": {"Australia": "3,403,190", "Captains Flat": "114", "Australia_%": "41.1", "New South Wales_%": "37.2", "New South Wales": "970,001", "Captains Flat_%": "47.5"}, "Average number of people per household": {"Australia": "2.6", "Captains Flat": "2.2", "Australia_%": "--", "New South Wales_%": "--", "New South Wales": "2.6", "Captains Flat_%": "--"}, "2 bedrooms": {"Australia": "1,562,759", "Captains Flat": "66", "Australia_%": "18.9", "New South Wales_%": "22.2", "New South Wales": "577,675", "Captains Flat_%": "27.5"}, "4 or more bedrooms": {"Australia": "2,670,758", "Captains Flat": "41", "Australia_%": "32.2", "New South Wales_%": "31.3", "New South Wales": "816,405", "Captains Flat_%": "17.1"}, "None (includes bedsitters)": {"Australia": "39,769", "Captains Flat": "0", "Australia_%": "0.5", "New South Wales_%": "0.7", "New South Wales": "17,157", "Captains Flat_%": "0.0"}, "Number of bedrooms not stated": {"Australia": "198,351", "Captains Flat": "6", "Australia_%": "2.4", "New South Wales_%": "2.5", "New South Wales": "65,888", "Captains Flat_%": "2.5"}, "Average number of bedrooms per dwelling": {"Australia": "3.1", "Captains Flat": "2.8", "Australia_%": "--", "New South Wales_%": "--", "New South Wales": "3", "Captains Flat_%": "--"}}, "summaryTable_qsFamilies": {"for all families": "0.7", "for families with children": "1.8", "Families": "153", "Average children per family": "None"}, "People characteristics": {"Male": {"Australia": "322,171", "Captains Flat": "6", "Australia_%": "49.6", "New South Wales_%": "49.7", "New South Wales": "107,368", "Captains Flat_%": "28.6"}, "Median age": {"Australia": "23", "Captains Flat": "11", "Australia_%": "--", "New South Wales_%": "--", "New South Wales": "22", "Captains Flat_%": "--"}, "Female": {"Australia": "326,996", "Captains Flat": "15", "Australia_%": "50.4", "New South Wales_%": "50.3", "New South Wales": "108,809", "Captains Flat_%": "71.4"}}, "Dwelling count": {"Unoccupied private dwellings": {"Australia": "1,039,874", "Captains Flat": "40", "Australia_%": "11.2", "New South Wales_%": "9.9", "New South Wales": "284,741", "Captains Flat_%": "14.7"}, "Occupied private dwellings": {"Australia": "8,286,073", "Captains Flat": "233", "Australia_%": "88.8", "New South Wales_%": "90.1", "New South Wales": "2,604,320", "Captains Flat_%": "85.3"}}, "Level of highest educational attainment": {"Certificate level III": {"Australia": "2,442,203", "Captains Flat": "85", "Australia_%": "12.8", "New South Wales_%": "12.0", "New South Wales": "730,498", "Captains Flat_%": "17.7"}, "Certificate level II": {"Australia": "13,454", "Captains Flat": "0", "Australia_%": "0.1", "New South Wales_%": "0.1", "New South Wales": "4,849", "Captains Flat_%": "0.0"}, "No educational attainment": {"Australia": "145,844", "Captains Flat": "3", "Australia_%": "0.8", "New South Wales_%": "0.9", "New South Wales": "54,870", "Captains Flat_%": "0.6"}, "Bachelor Degree level and above": {"Australia": "4,181,406", "Captains Flat": "68", "Australia_%": "22.0", "New South Wales_%": "23.4", "New South Wales": "1,424,716", "Captains Flat_%": "14.2"}, "Certificate level I": {"Australia": "2,176", "Captains Flat": "0", "Australia_%": "0.0", "New South Wales_%": "0.0", "New South Wales": "625", "Captains Flat_%": "0.0"}, "Year 11": {"Australia": "941,531", "Captains Flat": "15", "Australia_%": "4.9", "New South Wales_%": "3.3", "New South Wales": "203,574", "Captains Flat_%": "3.1"}, "Not stated": {"Australia": "1,974,794", "Captains Flat": "53", "Australia_%": "10.4", "New South Wales_%": "10.3", "New South Wales": "627,465", "Captains Flat_%": "11.0"}, "Year 9 or below": {"Australia": "1,529,897", "Captains Flat": "46", "Australia_%": "8.0", "New South Wales_%": "8.4", "New South Wales": "513,209", "Captains Flat_%": "9.6"}, "Certificate level IV": {"Australia": "551,767", "Captains Flat": "21", "Australia_%": "2.9", "New South Wales_%": "2.8", "New South Wales": "167,947", "Captains Flat_%": "4.4"}, "Year 10": {"Australia": "2,054,331", "Captains Flat": "67", "Australia_%": "10.8", "New South Wales_%": "11.5", "New South Wales": "702,178", "Captains Flat_%": "14.0"}, "Year 12": {"Australia": "2,994,097", "Captains Flat": "57", "Australia_%": "15.7", "New South Wales_%": "15.3", "New South Wales": "930,654", "Captains Flat_%": "11.9"}, "Advanced Diploma and Diploma level": {"Australia": "1,687,893", "Captains Flat": "49", "Australia_%": "8.9", "New South Wales_%": "8.9", "New South Wales": "543,142", "Captains Flat_%": "10.2"}}, "Median weekly incomes": {"Personal": {"Australia": "662", "Captains Flat": "827", "Australia_%": "--", "New South Wales_%": "--", "New South Wales": "664", "Captains Flat_%": "--"}, "Household": {"Australia": "1,438", "Captains Flat": "1,388", "Australia_%": "--", "New South Wales_%": "--", "New South Wales": "1,486", "Captains Flat_%": "--"}, "Family": {"Australia": "1,734", "Captains Flat": "1,932", "Australia_%": "--", "New South Wales_%": "--", "New South Wales": "1,780", "Captains Flat_%": "--"}}, "Family composition": {"Other family": {"Australia": "102,559", "Captains Flat": "0", "Australia_%": "1.7", "New South Wales_%": "1.7", "New South Wales": "32,438", "Captains Flat_%": "0.0"}, "Couple family with children": {"Australia": "2,716,224", "Captains Flat": "64", "Australia_%": "44.7", "New South Wales_%": "45.7", "New South Wales": "887,358", "Captains Flat_%": "42.7"}, "Couple family without children": {"Australia": "2,291,987", "Captains Flat": "63", "Australia_%": "37.8", "New South Wales_%": "36.6", "New South Wales": "709,524", "Captains Flat_%": "42.0"}, "One parent family": {"Australia": "959,543", "Captains Flat": "23", "Australia_%": "15.8", "New South Wales_%": "16.0", "New South Wales": "310,906", "Captains Flat_%": "15.3"}}, "Dwelling internet connection": {"Not stated": {"Australia": "221,494", "Captains Flat": "7", "Australia_%": "2.7", "New South Wales_%": "2.8", "New South Wales": "73,565", "Captains Flat_%": "3.0"}, "Internet not accessed from dwelling": {"Australia": "1,172,415", "Captains Flat": "37", "Australia_%": "14.1", "New South Wales_%": "14.7", "New South Wales": "381,709", "Captains Flat_%": "15.6"}, "Internet accessed from dwelling": {"Australia": "6,892,165", "Captains Flat": "193", "Australia_%": "83.2", "New South Wales_%": "82.5", "New South Wales": "2,149,040", "Captains Flat_%": "81.4"}}, "Social marital status": {"Not married": {"Australia": "7,024,973", "Captains Flat": "163", "Australia_%": "41.9", "New South Wales_%": "42.3", "New South Wales": "2,290,887", "Captains Flat_%": "39.0"}, "De facto marriage": {"Australia": "1,751,731", "Captains Flat": "83", "Australia_%": "10.4", "New South Wales_%": "9.4", "New South Wales": "506,133", "Captains Flat_%": "19.9"}, "Registered marriage": {"Australia": "8,001,141", "Captains Flat": "172", "Australia_%": "47.7", "New South Wales_%": "48.3", "New South Wales": "2,612,630", "Captains Flat_%": "41.1"}}, "Household composition": {"Family households": {"Australia": "5,907,625", "Captains Flat": "151", "Australia_%": "71.3", "New South Wales_%": "72.0", "New South Wales": "1,874,524", "Captains Flat_%": "63.4"}, "Group households": {"Australia": "354,917", "Captains Flat": "8", "Australia_%": "4.3", "New South Wales_%": "4.2", "New South Wales": "109,004", "Captains Flat_%": "3.4"}, "Single (or lone) person households": {"Australia": "2,023,542", "Captains Flat": "79", "Australia_%": "24.4", "New South Wales_%": "23.8", "New South Wales": "620,778", "Captains Flat_%": "33.2"}}, "People": {"Male": {"Australia": "11,546,638", "Captains Flat": "326", "Australia_%": "49.3", "New South Wales_%": "49.3", "New South Wales": "3,686,014", "Captains Flat_%": "53.2"}, "Aboriginal and/or Torres Strait Islander people": {"Australia": "649,171", "Captains Flat": "22", "Australia_%": "2.8", "New South Wales_%": "2.9", "New South Wales": "216,176", "Captains Flat_%": "3.6"}, "Female": {"Australia": "11,855,248", "Captains Flat": "287", "Australia_%": "50.7", "New South Wales_%": "50.7", "New South Wales": "3,794,217", "Captains Flat_%": "46.8"}}, "Language, top responses (other than English)": {"null": {"Australia": "None", "Captains Flat": null, "Australia_%": "None", "New South Wales_%": "None", "New South Wales": "None", "Captains Flat_%": null}, "Key Word Sign Australia": {"Australia": "218", "Captains Flat": "3", "Australia_%": "0.0", "New South Wales_%": "0.0", "New South Wales": "54", "Captains Flat_%": "0.5"}, "Macedonian": {"Australia": "66,019", "Captains Flat": "3", "Australia_%": "0.3", "New South Wales_%": "0.4", "New South Wales": "28,144", "Captains Flat_%": "0.5"}, "Households where a non English language is spoken": {"Australia": "1,971,011", "Captains Flat": "21", "Australia_%": "22.2", "New South Wales_%": "26.5", "New South Wales": "735,563", "Captains Flat_%": "8.0"}, "English only spoken at home": {"Australia": "17,020,417", "Captains Flat": "525", "Australia_%": "72.7", "New South Wales_%": "68.5", "New South Wales": "5,126,633", "Captains Flat_%": "87.6"}, "Cantonese": {"Australia": "280,943", "Captains Flat": "3", "Australia_%": "1.2", "New South Wales_%": "1.9", "New South Wales": "143,333", "Captains Flat_%": "0.5"}, "Mandarin": {"Australia": "596,711", "Captains Flat": "5", "Australia_%": "2.5", "New South Wales_%": "3.2", "New South Wales": "239,945", "Captains Flat_%": "0.8"}, "Afrikaans": {"Australia": "43,741", "Captains Flat": "3", "Australia_%": "0.2", "New South Wales_%": "0.1", "New South Wales": "7,735", "Captains Flat_%": "0.5"}}, "summaryTable_qsDwelling": {"Median monthly mortgage repayments": "$1,417", "All private dwellings": "299", "Average people per household": "2.2", "Median weekly household income": "$1,388", "Median weekly rent": "$285", "Average motor vehicles per dwelling": "1.8"}, "Household income": {"Less than $650 gross weekly income": {"Australia": "--", "Captains Flat": "--", "Australia_%": "20.0", "New South Wales_%": "19.7", "New South Wales": "--", "Captains Flat_%": "21.1"}, "More than $3000 gross weekly income": {"Australia": "--", "Captains Flat": "--", "Australia_%": "16.4", "New South Wales_%": "18.7", "New South Wales": "--", "Captains Flat_%": "12.2"}}, "Country of birth": {"Other top responses": {"Captains Flat": "None", "Captains Flat_%": "None"}, "Australia": {"Australia": "15,614,835", "Captains Flat": "472", "Australia_%": "66.7", "New South Wales_%": "65.5", "New South Wales": "4,899,090", "Captains Flat_%": "79.1"}, "England": {"Australia": "907,570", "Captains Flat": "21", "Australia_%": "3.9", "New South Wales_%": "3.0", "New South Wales": "226,564", "Captains Flat_%": "3.5"}, "Austria": {"Australia": "15,384", "Captains Flat": "4", "Australia_%": "0.1", "New South Wales_%": "0.1", "New South Wales": "5,172", "Captains Flat_%": "0.7"}, "Germany": {"Australia": "102,595", "Captains Flat": "9", "Australia_%": "0.4", "New South Wales_%": "0.4", "New South Wales": "29,541", "Captains Flat_%": "1.5"}, "Ireland": {"Australia": "74,888", "Captains Flat": "3", "Australia_%": "0.3", "New South Wales_%": "0.3", "New South Wales": "24,038", "Captains Flat_%": "0.5"}, "New Zealand": {"Australia": "518,466", "Captains Flat": "12", "Australia_%": "2.2", "New South Wales_%": "1.6", "New South Wales": "117,136", "Captains Flat_%": "2.0"}}, "Religious affiliation, top responses": {"No Religion, so described": {"Australia": "6,933,708", "Captains Flat": "258", "Australia_%": "29.6", "New South Wales_%": "25.1", "New South Wales": "1,879,562", "Captains Flat_%": "42.0"}, "Anglican": {"Australia": "3,101,185", "Captains Flat": "110", "Australia_%": "13.3", "New South Wales_%": "15.5", "New South Wales": "1,161,810", "Captains Flat_%": "17.9"}, "Not stated": {"Australia": "2,238,735", "Captains Flat": "62", "Australia_%": "9.6", "New South Wales_%": "9.2", "New South Wales": "684,969", "Captains Flat_%": "10.1"}, "Christian, nfd": {"Australia": "612,371", "Captains Flat": "16", "Australia_%": "2.6", "New South Wales_%": "2.2", "New South Wales": "165,351", "Captains Flat_%": "2.6"}, "Catholic": {"Australia": "5,291,834", "Captains Flat": "105", "Australia_%": "22.6", "New South Wales_%": "24.7", "New South Wales": "1,846,443", "Captains Flat_%": "17.1"}}, "Ancestry, top responses": {"German": {"Australia": "982,226", "Captains Flat": "27", "Australia_%": "3.1", "New South Wales_%": "2.4", "New South Wales": "236,146", "Captains Flat_%": "3.3"}, "Australian": {"Australia": "7,298,243", "Captains Flat": "268", "Australia_%": "23.3", "New South Wales_%": "22.9", "New South Wales": "2,261,062", "Captains Flat_%": "32.9"}, "Scottish": {"Australia": "2,023,470", "Captains Flat": "66", "Australia_%": "6.4", "New South Wales_%": "5.9", "New South Wales": "587,052", "Captains Flat_%": "8.1"}, "Irish": {"Australia": "2,388,058", "Captains Flat": "109", "Australia_%": "7.6", "New South Wales_%": "7.5", "New South Wales": "741,671", "Captains Flat_%": "13.4"}, "English": {"Australia": "7,852,224", "Captains Flat": "221", "Australia_%": "25.0", "New South Wales_%": "23.3", "New South Wales": "2,302,481", "Captains Flat_%": "27.1"}}, "Age": {"35-39 years": {"Australia": "1,561,679", "Captains Flat": "41", "Australia_%": "6.7", "New South Wales_%": "6.7", "New South Wales": "499,724", "Captains Flat_%": "6.8"}, "60-64 years": {"Australia": "1,299,397", "Captains Flat": "39", "Australia_%": "5.6", "New South Wales_%": "5.6", "New South Wales": "420,044", "Captains Flat_%": "6.5"}, "30-34 years": {"Australia": "1,703,847", "Captains Flat": "59", "Australia_%": "7.3", "New South Wales_%": "7.2", "New South Wales": "540,360", "Captains Flat_%": "9.8"}, "0-4 years": {"Australia": "1,464,779", "Captains Flat": "50", "Australia_%": "6.3", "New South Wales_%": "6.2", "New South Wales": "465,135", "Captains Flat_%": "8.3"}, "25-29 years": {"Australia": "1,664,602", "Captains Flat": "27", "Australia_%": "7.1", "New South Wales_%": "7.0", "New South Wales": "527,161", "Captains Flat_%": "4.5"}, "10-14 years": {"Australia": "1,397,183", "Captains Flat": "37", "Australia_%": "6.0", "New South Wales_%": "5.9", "New South Wales": "443,009", "Captains Flat_%": "6.1"}, "5-9 years": {"Australia": "1,502,646", "Captains Flat": "42", "Australia_%": "6.4", "New South Wales_%": "6.4", "New South Wales": "478,184", "Captains Flat_%": "7.0"}, "Median age": {"Australia": "38", "Captains Flat": "38", "Australia_%": "--", "New South Wales_%": "--", "New South Wales": "38", "Captains Flat_%": "--"}, "50-54 years": {"Australia": "1,523,551", "Captains Flat": "54", "Australia_%": "6.5", "New South Wales_%": "6.5", "New South Wales": "485,546", "Captains Flat_%": "9.0"}, "80-84 years": {"Australia": "460,549", "Captains Flat": "3", "Australia_%": "2.0", "New South Wales_%": "2.1", "New South Wales": "155,806", "Captains Flat_%": "0.5"}, "40-44 years": {"Australia": "1,583,257", "Captains Flat": "53", "Australia_%": "6.8", "New South Wales_%": "6.7", "New South Wales": "503,169", "Captains Flat_%": "8.8"}, "70-74 years": {"Australia": "887,716", "Captains Flat": "12", "Australia_%": "3.8", "New South Wales_%": "3.9", "New South Wales": "292,556", "Captains Flat_%": "2.0"}, "15-19 years": {"Australia": "1,421,595", "Captains Flat": "26", "Australia_%": "6.1", "New South Wales_%": "6.0", "New South Wales": "448,425", "Captains Flat_%": "4.3"}, "65-69 years": {"Australia": "1,188,999", "Captains Flat": "36", "Australia_%": "5.1", "New South Wales_%": "5.1", "New South Wales": "384,470", "Captains Flat_%": "6.0"}, "20-24 years": {"Australia": "1,566,793", "Captains Flat": "30", "Australia_%": "6.7", "New South Wales_%": "6.5", "New South Wales": "489,673", "Captains Flat_%": "5.0"}, "55-59 years": {"Australia": "1,454,332", "Captains Flat": "44", "Australia_%": "6.2", "New South Wales_%": "6.3", "New South Wales": "469,726", "Captains Flat_%": "7.3"}, "75-79 years": {"Australia": "652,657", "Captains Flat": "10", "Australia_%": "2.8", "New South Wales_%": "2.9", "New South Wales": "217,308", "Captains Flat_%": "1.7"}, "45-49 years": {"Australia": "1,581,455", "Captains Flat": "36", "Australia_%": "6.8", "New South Wales_%": "6.6", "New South Wales": "492,440", "Captains Flat_%": "6.0"}, "85 years and over": {"Australia": "486,842", "Captains Flat": "3", "Australia_%": "2.1", "New South Wales_%": "2.2", "New South Wales": "167,506", "Captains Flat_%": "0.5"}}, "Single (or lone) parents": {"Male": {"Australia": "--", "Captains Flat": "--", "Australia_%": "18.2", "New South Wales_%": "17.8", "New South Wales": "--", "Captains Flat_%": "25.0"}, "Female": {"Australia": "--", "Captains Flat": "--", "Australia_%": "81.8", "New South Wales_%": "82.2", "New South Wales": "--", "Captains Flat_%": "75.0"}}, "Mortgage monthly repayments": {"Median mortgage repayments": {"Australia": "1,755", "Captains Flat": "1,417", "Australia_%": "--", "New South Wales_%": "--", "New South Wales": "1,986", "Captains Flat_%": "--"}, "Households where mortgage repayments are less than 30% of household income": {"Australia": "--", "Captains Flat": "--", "Australia_%": "92.8", "New South Wales_%": "92.6", "New South Wales": "--", "Captains Flat_%": "89.2"}, "Households with mortgage repayments greater than or equal to 30% of household income": {"Australia": "--", "Captains Flat": "--", "Australia_%": "7.2", "New South Wales_%": "7.4", "New South Wales": "--", "Captains Flat_%": "10.8"}}, "Mortgage and rent": {"Median monthly mortgage repayments": {"Australia": "1,660", "Captains Flat": "1,816", "Australia_%": "--", "New South Wales_%": "--", "New South Wales": "1,733", "Captains Flat_%": "--"}, "Median weekly rent": {"Australia": "250", "Captains Flat": "0", "Australia_%": "--", "New South Wales_%": "--", "New South Wales": "270", "Captains Flat_%": "--"}}, "Tenure": {"Rented": {"Australia": "2,561,302", "Captains Flat": "41", "Australia_%": "30.9", "New South Wales_%": "31.8", "New South Wales": "826,922", "Captains Flat_%": "17.6"}, "Owned outright": {"Australia": "2,565,695", "Captains Flat": "73", "Australia_%": "31.0", "New South Wales_%": "32.2", "New South Wales": "839,665", "Captains Flat_%": "31.3"}, "Owned with a mortgage": {"Australia": "2,855,222", "Captains Flat": "114", "Australia_%": "34.5", "New South Wales_%": "32.3", "New South Wales": "840,004", "Captains Flat_%": "48.9"}, "Tenure type not stated": {"Australia": "224,869", "Captains Flat": "5", "Australia_%": "2.7", "New South Wales_%": "2.8", "New South Wales": "73,763", "Captains Flat_%": "2.1"}, "Other tenure type": {"Australia": "78,994", "Captains Flat": "0", "Australia_%": "1.0", "New South Wales_%": "0.9", "New South Wales": "23,968", "Captains Flat_%": "0.0"}}, "Country of birth of father, stated responses": {"Germany": {"Australia": "170,571", "Captains Flat": "10", "Australia_%": "0.7", "New South Wales_%": "0.6", "New South Wales": "47,543", "Captains Flat_%": "1.7"}, "New Zealand": {"Australia": "617,331", "Captains Flat": "13", "Australia_%": "2.6", "New South Wales_%": "1.9", "New South Wales": "143,450", "Captains Flat_%": "2.1"}, "Australia": {"Australia": "12,231,150", "Captains Flat": "414", "Australia_%": "52.3", "New South Wales_%": "50.1", "New South Wales": "3,745,787", "Captains Flat_%": "68.3"}, "England": {"Australia": "1,403,096", "Captains Flat": "47", "Australia_%": "6.0", "New South Wales_%": "4.8", "New South Wales": "359,370", "Captains Flat_%": "7.8"}, "Austria": {"Australia": "32,514", "Captains Flat": "7", "Australia_%": "0.1", "New South Wales_%": "0.1", "New South Wales": "10,704", "Captains Flat_%": "1.2"}}, "Country of birth of father and/or mother, stated responses": {"Father only born overseas": {"Australia": "1,488,092", "Captains Flat": "36", "Australia_%": "6.4", "New South Wales_%": "6.1", "New South Wales": "458,394", "Captains Flat_%": "5.8"}, "Mother only born overseas": {"Australia": "1,094,591", "Captains Flat": "42", "Australia_%": "4.7", "New South Wales_%": "4.3", "New South Wales": "325,182", "Captains Flat_%": "6.8"}, "Both parents born overseas": {"Australia": "8,051,196", "Captains Flat": "104", "Australia_%": "34.4", "New South Wales_%": "37.0", "New South Wales": "2,764,170", "Captains Flat_%": "16.9"}, "Both parents born in Australia": {"Australia": "11,070,538", "Captains Flat": "374", "Australia_%": "47.3", "New South Wales_%": "45.4", "New South Wales": "3,399,725", "Captains Flat_%": "60.7"}}, "Rent weekly payments": {"Households where rent payments are less than 30% of household income": {"Australia": "--", "Captains Flat": "--", "Australia_%": "88.5", "New South Wales_%": "87.1", "New South Wales": "--", "Captains Flat_%": "93.1"}, "Households with rent payments greater than or equal to 30% of household income": {"Australia": "--", "Captains Flat": "--", "Australia_%": "11.5", "New South Wales_%": "12.9", "New South Wales": "--", "Captains Flat_%": "6.9"}, "Median rent": {"Australia": "335", "Captains Flat": "285", "Australia_%": "--", "New South Wales_%": "--", "New South Wales": "380", "Captains Flat_%": "--"}}, "Registered marital status": {"Separated": {"Australia": "608,059", "Captains Flat": "14", "Australia_%": "3.2", "New South Wales_%": "3.1", "New South Wales": "190,198", "Captains Flat_%": "2.9"}, "Widowed": {"Australia": "985,204", "Captains Flat": "19", "Australia_%": "5.2", "New South Wales_%": "5.4", "New South Wales": "331,653", "Captains Flat_%": "4.0"}, "Married": {"Australia": "9,148,218", "Captains Flat": "203", "Australia_%": "48.1", "New South Wales_%": "48.7", "New South Wales": "2,965,280", "Captains Flat_%": "42.4"}, "Divorced": {"Australia": "1,626,890", "Captains Flat": "59", "Australia_%": "8.5", "New South Wales_%": "8.4", "New South Wales": "512,298", "Captains Flat_%": "12.3"}, "Never married": {"Australia": "6,668,910", "Captains Flat": "184", "Australia_%": "35.0", "New South Wales_%": "34.4", "New South Wales": "2,094,460", "Captains Flat_%": "38.4"}}, "summaryTable_qsPeople": {"Male": "53.2%", "Median age": "38", "Female": "46.8%", "People": "610"}, "Dwelling characteristics": {"Average number of people per household": {"Australia": "3.2", "Captains Flat": "3", "Australia_%": "--", "New South Wales_%": "--", "New South Wales": "3.1", "Captains Flat_%": "--"}, "Average number of persons per bedroom": {"Australia": "1", "Captains Flat": "1", "Australia_%": "--", "New South Wales_%": "--", "New South Wales": "1", "Captains Flat_%": "--"}, "Median weekly household income": {"Australia": "1,203", "Captains Flat": "1,499", "Australia_%": "--", "New South Wales_%": "--", "New South Wales": "1,214", "Captains Flat_%": "--"}}, "Unpaid work": {"Did unpaid domestic work (last week)": {"Australia": "13,143,914", "Captains Flat": "345", "Australia_%": "69.0", "New South Wales_%": "67.7", "New South Wales": "4,127,723", "Captains Flat_%": "72.0"}, "Provided unpaid assistance to a person with a disability (last two weeks)": {"Australia": "2,145,203", "Captains Flat": "53", "Australia_%": "11.3", "New South Wales_%": "11.6", "New South Wales": "709,415", "Captains Flat_%": "11.1"}, "Did voluntary work through an organisation or group (last 12 months)": {"Australia": "3,620,726", "Captains Flat": "83", "Australia_%": "19.0", "New South Wales_%": "18.1", "New South Wales": "1,103,790", "Captains Flat_%": "17.3"}, "Cared for child/children (last two weeks)": {"Australia": "5,259,400", "Captains Flat": "137", "Australia_%": "27.6", "New South Wales_%": "27.2", "New South Wales": "1,659,250", "Captains Flat_%": "28.2"}}, "Unpaid domestic work, number of hours": {"5 to 14 hours per week": {"Australia": "4,944,578", "Captains Flat": "138", "Australia_%": "26.0", "New South Wales_%": "25.1", "New South Wales": "1,531,206", "Captains Flat_%": "28.8"}, "30 hours or more per week": {"Australia": "1,710,970", "Captains Flat": "48", "Australia_%": "9.0", "New South Wales_%": "9.0", "New South Wales": "545,925", "Captains Flat_%": "10.0"}, "Less than 5 hours per week": {"Australia": "4,298,593", "Captains Flat": "99", "Australia_%": "22.6", "New South Wales_%": "22.3", "New South Wales": "1,359,656", "Captains Flat_%": "20.7"}, "15 to 29 hours per week": {"Australia": "2,189,776", "Captains Flat": "60", "Australia_%": "11.5", "New South Wales_%": "11.3", "New South Wales": "690,934", "Captains Flat_%": "12.5"}}, "Industry of employment, top responses": {"Computer System Design and Related Services": {"Australia": "162,884", "Captains Flat": "8", "Australia_%": "1.5", "New South Wales_%": "1.9", "New South Wales": "63,717", "Captains Flat_%": "3.6"}, "Road and Bridge Construction": {"Australia": "31,049", "Captains Flat": "10", "Australia_%": "0.3", "New South Wales_%": "0.3", "New South Wales": "10,242", "Captains Flat_%": "4.4"}, "Defence": {"Australia": "75,462", "Captains Flat": "15", "Australia_%": "0.7", "New South Wales_%": "0.6", "New South Wales": "21,848", "Captains Flat_%": "6.7"}, "Hospitals (except Psychiatric Hospitals)": {"Australia": "411,808", "Captains Flat": "6", "Australia_%": "3.9", "New South Wales_%": "3.5", "New South Wales": "119,350", "Captains Flat_%": "2.7"}, "Central Government Administration": {"Australia": "127,598", "Captains Flat": "23", "Australia_%": "1.2", "New South Wales_%": "0.9", "New South Wales": "29,932", "Captains Flat_%": "10.2"}}, "GeoInfo": {"city": "Captains Flat"}, "Education": {"University or tertiary institution": {"Australia": "1,160,626", "Captains Flat": "6", "Australia_%": "16.1", "New South Wales_%": "16.2", "New South Wales": "376,133", "Captains Flat_%": "3.5"}, "Secondary - Catholic": {"Australia": "338,384", "Captains Flat": "4", "Australia_%": "4.7", "New South Wales_%": "5.1", "New South Wales": "117,689", "Captains Flat_%": "2.3"}, "Secondary - other non Government": {"Australia": "280,618", "Captains Flat": "0", "Australia_%": "3.9", "New South Wales_%": "3.4", "New South Wales": "79,915", "Captains Flat_%": "0.0"}, "Primary - Catholic": {"Australia": "380,604", "Captains Flat": "4", "Australia_%": "5.3", "New South Wales_%": "5.3", "New South Wales": "122,099", "Captains Flat_%": "2.3"}, "Primary - Government": {"Australia": "1,314,787", "Captains Flat": "47", "Australia_%": "18.2", "New South Wales_%": "18.0", "New South Wales": "417,465", "Captains Flat_%": "27.3"}, "Other": {"Australia": "198,383", "Captains Flat": "3", "Australia_%": "2.8", "New South Wales_%": "2.7", "New South Wales": "63,673", "Captains Flat_%": "1.7"}, "Technical or further education institution": {"Australia": "424,869", "Captains Flat": "13", "Australia_%": "5.9", "New South Wales_%": "6.2", "New South Wales": "144,103", "Captains Flat_%": "7.6"}, "Secondary - Government": {"Australia": "827,505", "Captains Flat": "19", "Australia_%": "11.5", "New South Wales_%": "11.6", "New South Wales": "269,249", "Captains Flat_%": "11.0"}, "Primary - other non Government": {"Australia": "231,490", "Captains Flat": "0", "Australia_%": "3.2", "New South Wales_%": "2.9", "New South Wales": "67,611", "Captains Flat_%": "0.0"}, "Not stated": {"Australia": "1,707,023", "Captains Flat": "65", "Australia_%": "23.7", "New South Wales_%": "23.0", "New South Wales": "535,266", "Captains Flat_%": "37.8"}, "Preschool": {"Australia": "347,621", "Captains Flat": "11", "Australia_%": "4.8", "New South Wales_%": "5.7", "New South Wales": "132,047", "Captains Flat_%": "6.4"}}, "Employment": {"Unemployed": {"Australia": "787,452", "Captains Flat": "20", "Australia_%": "6.9", "New South Wales_%": "6.3", "New South Wales": "225,546", "Captains Flat_%": "6.5"}, "Worked part-time": {"Australia": "3,491,503", "Captains Flat": "55", "Australia_%": "30.4", "New South Wales_%": "29.7", "New South Wales": "1,071,151", "Captains Flat_%": "17.9"}, "Away from work": {"Australia": "569,276", "Captains Flat": "21", "Australia_%": "5.0", "New South Wales_%": "4.8", "New South Wales": "174,654", "Captains Flat_%": "6.8"}, "Worked full-time": {"Australia": "6,623,065", "Captains Flat": "211", "Australia_%": "57.7", "New South Wales_%": "59.2", "New South Wales": "2,134,521", "Captains Flat_%": "68.7"}}, "Travel to work, top responses": {"Walked only": {"Australia": "370,427", "Captains Flat": "13", "Australia_%": "3.5", "New South Wales_%": "3.9", "New South Wales": "130,957", "Captains Flat_%": "4.8"}, "Worked at home": {"Australia": "503,582", "Captains Flat": "11", "Australia_%": "4.7", "New South Wales_%": "4.8", "New South Wales": "163,026", "Captains Flat_%": "4.0"}, "People who travelled to work by car as driver or passenger": {"Australia": "7,305,271", "Captains Flat": "222", "Australia_%": "68.4", "New South Wales_%": "64.6", "New South Wales": "2,182,854", "Captains Flat_%": "77.4"}, "Bus": {"Australia": "323,201", "Captains Flat": "3", "Australia_%": "3.0", "New South Wales_%": "4.0", "New South Wales": "133,903", "Captains Flat_%": "1.1"}, "null": {"Australia": "None", "Captains Flat": null, "Australia_%": "None", "New South Wales_%": "None", "New South Wales": "None", "Captains Flat_%": null}, "People who travelled to work by public transport": {"Australia": "1,225,668", "Captains Flat": "6", "Australia_%": "11.5", "New South Wales_%": "16.0", "New South Wales": "540,215", "Captains Flat_%": "2.1"}, "Car, as driver": {"Australia": "6,574,571", "Captains Flat": "198", "Australia_%": "61.5", "New South Wales_%": "57.8", "New South Wales": "1,953,399", "Captains Flat_%": "72.5"}, "Car, as passenger": {"Australia": "489,922", "Captains Flat": "19", "Australia_%": "4.6", "New South Wales_%": "4.3", "New South Wales": "144,820", "Captains Flat_%": "7.0"}}, "Occupation": {"Professionals": {"Australia": "2,370,966", "Captains Flat": "42", "Australia_%": "22.2", "New South Wales_%": "23.6", "New South Wales": "798,126", "Captains Flat_%": "14.7"}, "Managers": {"Australia": "1,390,047", "Captains Flat": "41", "Australia_%": "13.0", "New South Wales_%": "13.5", "New South Wales": "456,084", "Captains Flat_%": "14.3"}, "Community and Personal Service Workers": {"Australia": "1,157,003", "Captains Flat": "30", "Australia_%": "10.8", "New South Wales_%": "10.4", "New South Wales": "350,261", "Captains Flat_%": "10.5"}, "Clerical and Administrative Workers": {"Australia": "1,449,681", "Captains Flat": "41", "Australia_%": "13.6", "New South Wales_%": "13.8", "New South Wales": "467,977", "Captains Flat_%": "14.3"}, "Machinery Operators and Drivers": {"Australia": "670,106", "Captains Flat": "25", "Australia_%": "6.3", "New South Wales_%": "6.1", "New South Wales": "206,839", "Captains Flat_%": "8.7"}, "Labourers": {"Australia": "1,011,520", "Captains Flat": "32", "Australia_%": "9.5", "New South Wales_%": "8.8", "New South Wales": "297,887", "Captains Flat_%": "11.2"}, "Sales Workers": {"Australia": "1,000,955", "Captains Flat": "11", "Australia_%": "9.4", "New South Wales_%": "9.2", "New South Wales": "311,414", "Captains Flat_%": "3.8"}, "Technicians and Trades Workers": {"Australia": "1,447,414", "Captains Flat": "53", "Australia_%": "13.5", "New South Wales_%": "12.7", "New South Wales": "429,239", "Captains Flat_%": "18.5"}}}