{"Employment - hours worked": {"40 hours or more per week": {"Carcoar_%": "41.7", "Australia": "4,591,801", "Australia_%": "43.0", "Carcoar": "48", "New South Wales_%": "44.1", "New South Wales": "1,489,099"}, "25-34 hours per week": {"Carcoar_%": "11.3", "Australia": "1,193,445", "Australia_%": "11.2", "Carcoar": "13", "New South Wales_%": "10.5", "New South Wales": "353,702"}, "16-24 hours per week": {"Carcoar_%": "11.3", "Australia": "1,079,236", "Australia_%": "10.1", "Carcoar": "13", "New South Wales_%": "10.4", "New South Wales": "352,817"}, "35-39 hours per week": {"Carcoar_%": "20.0", "Australia": "2,031,263", "Australia_%": "19.0", "Carcoar": "23", "New South Wales_%": "19.1", "New South Wales": "645,428"}, "1-15 hours per week": {"Carcoar_%": "6.1", "Australia": "1,218,823", "Australia_%": "11.4", "Carcoar": "7", "New South Wales_%": "10.8", "New South Wales": "364,637"}}, "Number of registered motor vehicles": {"2 motor vehicles": {"Carcoar_%": "39.3", "Australia": "2,999,184", "Australia_%": "36.2", "Carcoar": "42", "New South Wales_%": "34.1", "New South Wales": "887,849"}, "None": {"Carcoar_%": "2.8", "Australia": "623,829", "Australia_%": "7.5", "Carcoar": "3", "New South Wales_%": "9.2", "New South Wales": "239,625"}, "Number of motor vehicles not stated": {"Carcoar_%": "2.8", "Australia": "285,197", "Australia_%": "3.4", "Carcoar": "3", "New South Wales_%": "3.7", "New South Wales": "95,623"}, "1 motor vehicle": {"Carcoar_%": "34.6", "Australia": "2,881,485", "Australia_%": "34.8", "Carcoar": "37", "New South Wales_%": "36.3", "New South Wales": "946,159"}, "3 or more vehicles": {"Carcoar_%": "20.6", "Australia": "1,496,382", "Australia_%": "18.1", "Carcoar": "22", "New South Wales_%": "16.7", "New South Wales": "435,053"}}, "Employment status of parents in couple families": {"Labour force status not stated (by one or both parents in a couple family)": {"Carcoar_%": "0.0", "Australia": "311,381", "Australia_%": "6.2", "Carcoar": "0", "New South Wales_%": "5.7", "New South Wales": "90,630"}, "One employed full-time, one part-time": {"Carcoar_%": "27.9", "Australia": "1,086,460", "Australia_%": "21.7", "Carcoar": "17", "New South Wales_%": "20.6", "New South Wales": "329,567"}, "One employed part-time, other not working": {"Carcoar_%": "0.0", "Australia": "302,037", "Australia_%": "6.0", "Carcoar": "0", "New South Wales_%": "6.1", "New South Wales": "96,933"}, "Other (includes away from work)": {"Carcoar_%": "4.9", "Australia": "264,145", "Australia_%": "5.3", "Carcoar": "3", "New South Wales_%": "5.1", "New South Wales": "80,905"}, "Both employed, worked full-time": {"Carcoar_%": "16.4", "Australia": "1,084,006", "Australia_%": "21.6", "Carcoar": "10", "New South Wales_%": "22.6", "New South Wales": "360,916"}, "One employed full-time, other not working": {"Carcoar_%": "6.6", "Australia": "749,886", "Australia_%": "15.0", "Carcoar": "4", "New South Wales_%": "15.0", "New South Wales": "240,084"}, "Both employed, worked part-time": {"Carcoar_%": "0.0", "Australia": "203,596", "Australia_%": "4.1", "Carcoar": "0", "New South Wales_%": "4.0", "New South Wales": "63,106"}, "Both not working": {"Carcoar_%": "44.3", "Australia": "1,006,697", "Australia_%": "20.1", "Carcoar": "27", "New South Wales_%": "21.0", "New South Wales": "334,742"}}, "Country of birth of mother, stated responses": {"Scotland": {"Carcoar_%": "2.0", "Australia": "245,915", "Australia_%": "1.1", "Carcoar": "6", "New South Wales_%": "0.8", "New South Wales": "63,302"}, "Netherlands": {"Carcoar_%": "2.7", "Australia": "152,088", "Australia_%": "0.6", "Carcoar": "8", "New South Wales_%": "0.5", "New South Wales": "34,775"}, "Australia": {"Carcoar_%": "80.9", "Australia": "12,643,365", "Australia_%": "54.0", "Carcoar": "241", "New South Wales_%": "51.9", "New South Wales": "3,884,762"}, "England": {"Carcoar_%": "3.0", "Australia": "1,302,147", "Australia_%": "5.6", "Carcoar": "9", "New South Wales_%": "4.3", "New South Wales": "322,472"}, "New Zealand": {"Carcoar_%": "2.3", "Australia": "608,329", "Australia_%": "2.6", "Carcoar": "7", "New South Wales_%": "1.9", "New South Wales": "139,899"}}, "Dwelling structure": {"Other dwelling": {"Carcoar_%": "5.9", "Australia": "64,425", "Australia_%": "0.8", "Carcoar": "7", "New South Wales_%": "0.9", "New South Wales": "23,580"}, "Semi-detached, row or terrace house, townhouse etc": {"Carcoar_%": "6.8", "Australia": "1,055,016", "Australia_%": "12.7", "Carcoar": "8", "New South Wales_%": "12.2", "New South Wales": "317,453"}, "Separate house": {"Carcoar_%": "87.3", "Australia": "6,041,788", "Australia_%": "72.9", "Carcoar": "103", "New South Wales_%": "66.4", "New South Wales": "1,729,820"}, "Flat or apartment": {"Carcoar_%": "0.0", "Australia": "1,087,434", "Australia_%": "13.1", "Carcoar": "0", "New South Wales_%": "19.9", "New South Wales": "519,390"}}, "Number of bedrooms": {"1 bedroom": {"Carcoar_%": "4.3", "Australia": "411,252", "Australia_%": "5.0", "Carcoar": "5", "New South Wales_%": "6.0", "New South Wales": "157,194"}, "3 bedrooms": {"Carcoar_%": "38.8", "Australia": "3,403,190", "Australia_%": "41.1", "Carcoar": "45", "New South Wales_%": "37.2", "New South Wales": "970,001"}, "Average number of people per household": {"Carcoar_%": "--", "Australia": "2.6", "Australia_%": "--", "Carcoar": "2.3", "New South Wales_%": "--", "New South Wales": "2.6"}, "2 bedrooms": {"Carcoar_%": "12.9", "Australia": "1,562,759", "Australia_%": "18.9", "Carcoar": "15", "New South Wales_%": "22.2", "New South Wales": "577,675"}, "4 or more bedrooms": {"Carcoar_%": "41.4", "Australia": "2,670,758", "Australia_%": "32.2", "Carcoar": "48", "New South Wales_%": "31.3", "New South Wales": "816,405"}, "None (includes bedsitters)": {"Carcoar_%": "0.0", "Australia": "39,769", "Australia_%": "0.5", "Carcoar": "0", "New South Wales_%": "0.7", "New South Wales": "17,157"}, "Number of bedrooms not stated": {"Carcoar_%": "2.6", "Australia": "198,351", "Australia_%": "2.4", "Carcoar": "3", "New South Wales_%": "2.5", "New South Wales": "65,888"}, "Average number of bedrooms per dwelling": {"Carcoar_%": "--", "Australia": "3.1", "Australia_%": "--", "Carcoar": "3.3", "New South Wales_%": "--", "New South Wales": "3"}}, "summaryTable_qsFamilies": {"for all families": "0.5", "for families with children": "1.6", "Families": "75", "Average children per family": "None"}, "People characteristics": {"Male": {"Carcoar_%": "62.5", "Australia": "322,171", "Australia_%": "49.6", "Carcoar": "5", "New South Wales_%": "49.7", "New South Wales": "107,368"}, "Median age": {"Carcoar_%": "--", "Australia": "23", "Australia_%": "--", "Carcoar": "47", "New South Wales_%": "--", "New South Wales": "22"}, "Female": {"Carcoar_%": "37.5", "Australia": "326,996", "Australia_%": "50.4", "Carcoar": "3", "New South Wales_%": "50.3", "New South Wales": "108,809"}}, "Dwelling count": {"Unoccupied private dwellings": {"Carcoar_%": "18.6", "Australia": "1,039,874", "Australia_%": "11.2", "Carcoar": "27", "New South Wales_%": "9.9", "New South Wales": "284,741"}, "Occupied private dwellings": {"Carcoar_%": "81.4", "Australia": "8,286,073", "Australia_%": "88.8", "Carcoar": "118", "New South Wales_%": "90.1", "New South Wales": "2,604,320"}}, "Level of highest educational attainment": {"Certificate level III": {"Carcoar_%": "14.8", "Australia": "2,442,203", "Australia_%": "12.8", "Carcoar": "39", "New South Wales_%": "12.0", "New South Wales": "730,498"}, "Certificate level II": {"Carcoar_%": "0.0", "Australia": "13,454", "Australia_%": "0.1", "Carcoar": "0", "New South Wales_%": "0.1", "New South Wales": "4,849"}, "No educational attainment": {"Carcoar_%": "0.0", "Australia": "145,844", "Australia_%": "0.8", "Carcoar": "0", "New South Wales_%": "0.9", "New South Wales": "54,870"}, "Bachelor Degree level and above": {"Carcoar_%": "12.5", "Australia": "4,181,406", "Australia_%": "22.0", "Carcoar": "33", "New South Wales_%": "23.4", "New South Wales": "1,424,716"}, "Certificate level I": {"Carcoar_%": "0.0", "Australia": "2,176", "Australia_%": "0.0", "Carcoar": "0", "New South Wales_%": "0.0", "New South Wales": "625"}, "Year 11": {"Carcoar_%": "3.4", "Australia": "941,531", "Australia_%": "4.9", "Carcoar": "9", "New South Wales_%": "3.3", "New South Wales": "203,574"}, "Not stated": {"Carcoar_%": "14.8", "Australia": "1,974,794", "Australia_%": "10.4", "Carcoar": "39", "New South Wales_%": "10.3", "New South Wales": "627,465"}, "Year 9 or below": {"Carcoar_%": "13.3", "Australia": "1,529,897", "Australia_%": "8.0", "Carcoar": "35", "New South Wales_%": "8.4", "New South Wales": "513,209"}, "Certificate level IV": {"Carcoar_%": "3.0", "Australia": "551,767", "Australia_%": "2.9", "Carcoar": "8", "New South Wales_%": "2.8", "New South Wales": "167,947"}, "Year 10": {"Carcoar_%": "19.4", "Australia": "2,054,331", "Australia_%": "10.8", "Carcoar": "51", "New South Wales_%": "11.5", "New South Wales": "702,178"}, "Year 12": {"Carcoar_%": "9.9", "Australia": "2,994,097", "Australia_%": "15.7", "Carcoar": "26", "New South Wales_%": "15.3", "New South Wales": "930,654"}, "Advanced Diploma and Diploma level": {"Carcoar_%": "4.9", "Australia": "1,687,893", "Australia_%": "8.9", "Carcoar": "13", "New South Wales_%": "8.9", "New South Wales": "543,142"}}, "Median weekly incomes": {"Personal": {"Carcoar_%": "--", "Australia": "662", "Australia_%": "--", "Carcoar": "454", "New South Wales_%": "--", "New South Wales": "664"}, "Household": {"Carcoar_%": "--", "Australia": "1,438", "Australia_%": "--", "Carcoar": "833", "New South Wales_%": "--", "New South Wales": "1,486"}, "Family": {"Carcoar_%": "--", "Australia": "1,734", "Australia_%": "--", "Carcoar": "1,286", "New South Wales_%": "--", "New South Wales": "1,780"}}, "Family composition": {"Other family": {"Carcoar_%": "0.0", "Australia": "102,559", "Australia_%": "1.7", "Carcoar": "0", "New South Wales_%": "1.7", "New South Wales": "32,438"}, "Couple family with children": {"Carcoar_%": "30.5", "Australia": "2,716,224", "Australia_%": "44.7", "Carcoar": "25", "New South Wales_%": "45.7", "New South Wales": "887,358"}, "Couple family without children": {"Carcoar_%": "54.9", "Australia": "2,291,987", "Australia_%": "37.8", "Carcoar": "45", "New South Wales_%": "36.6", "New South Wales": "709,524"}, "One parent family": {"Carcoar_%": "14.6", "Australia": "959,543", "Australia_%": "15.8", "Carcoar": "12", "New South Wales_%": "16.0", "New South Wales": "310,906"}}, "Dwelling internet connection": {"Not stated": {"Carcoar_%": "2.5", "Australia": "221,494", "Australia_%": "2.7", "Carcoar": "3", "New South Wales_%": "2.8", "New South Wales": "73,565"}, "Internet not accessed from dwelling": {"Carcoar_%": "28.8", "Australia": "1,172,415", "Australia_%": "14.1", "Carcoar": "34", "New South Wales_%": "14.7", "New South Wales": "381,709"}, "Internet accessed from dwelling": {"Carcoar_%": "68.6", "Australia": "6,892,165", "Australia_%": "83.2", "Carcoar": "81", "New South Wales_%": "82.5", "New South Wales": "2,149,040"}}, "Social marital status": {"Not married": {"Carcoar_%": "38.3", "Australia": "7,024,973", "Australia_%": "41.9", "Carcoar": "77", "New South Wales_%": "42.3", "New South Wales": "2,290,887"}, "De facto marriage": {"Carcoar_%": "7.0", "Australia": "1,751,731", "Australia_%": "10.4", "Carcoar": "14", "New South Wales_%": "9.4", "New South Wales": "506,133"}, "Registered marriage": {"Carcoar_%": "54.7", "Australia": "8,001,141", "Australia_%": "47.7", "Carcoar": "110", "New South Wales_%": "48.3", "New South Wales": "2,612,630"}}, "Household composition": {"Family households": {"Carcoar_%": "68.5", "Australia": "5,907,625", "Australia_%": "71.3", "Carcoar": "74", "New South Wales_%": "72.0", "New South Wales": "1,874,524"}, "Group households": {"Carcoar_%": "2.8", "Australia": "354,917", "Australia_%": "4.3", "Carcoar": "3", "New South Wales_%": "4.2", "New South Wales": "109,004"}, "Single (or lone) person households": {"Carcoar_%": "28.7", "Australia": "2,023,542", "Australia_%": "24.4", "Carcoar": "31", "New South Wales_%": "23.8", "New South Wales": "620,778"}}, "People": {"Male": {"Carcoar_%": "48.7", "Australia": "11,546,638", "Australia_%": "49.3", "Carcoar": "148", "New South Wales_%": "49.3", "New South Wales": "3,686,014"}, "Aboriginal and/or Torres Strait Islander people": {"Carcoar_%": "2.7", "Australia": "649,171", "Australia_%": "2.8", "Carcoar": "8", "New South Wales_%": "2.9", "New South Wales": "216,176"}, "Female": {"Carcoar_%": "51.3", "Australia": "11,855,248", "Australia_%": "50.7", "Carcoar": "156", "New South Wales_%": "50.7", "New South Wales": "3,794,217"}}, "Language, top responses (other than English)": {"Households where a non English language is spoken": {"Carcoar_%": "3.2", "Australia": "1,971,011", "Australia_%": "22.2", "Carcoar": "4", "New South Wales_%": "26.5", "New South Wales": "735,563"}, "null": {"Carcoar_%": null, "Australia": "None", "Australia_%": "None", "Carcoar": null, "New South Wales_%": "None", "New South Wales": "None"}, "English only spoken at home": {"Carcoar_%": "91.9", "Australia": "17,020,417", "Australia_%": "72.7", "Carcoar": "271", "New South Wales_%": "68.5", "New South Wales": "5,126,633"}}, "summaryTable_qsDwelling": {"Median monthly mortgage repayments": "$1,257", "All private dwellings": "153", "Average people per household": "2.3", "Median weekly household income": "$833", "Median weekly rent": "$115", "Average motor vehicles per dwelling": "2"}, "Household income": {"Less than $650 gross weekly income": {"Carcoar_%": "33.0", "Australia": "--", "Australia_%": "20.0", "Carcoar": "--", "New South Wales_%": "19.7", "New South Wales": "--"}, "More than $3000 gross weekly income": {"Carcoar_%": "17.0", "Australia": "--", "Australia_%": "16.4", "Carcoar": "--", "New South Wales_%": "18.7", "New South Wales": "--"}}, "Country of birth": {"Other top responses": {"Carcoar_%": "None", "Carcoar": "None"}, "Australia": {"Carcoar_%": "85.4", "Australia": "15,614,835", "Australia_%": "66.7", "Carcoar": "251", "New South Wales_%": "65.5", "New South Wales": "4,899,090"}, "England": {"Carcoar_%": "2.7", "Australia": "907,570", "Australia_%": "3.9", "Carcoar": "8", "New South Wales_%": "3.0", "New South Wales": "226,564"}, "Tanzania": {"Carcoar_%": "1.0", "Australia": "3,830", "Australia_%": "0.0", "Carcoar": "3", "New South Wales_%": "0.0", "New South Wales": "797"}, "Scotland": {"Carcoar_%": "1.4", "Australia": "119,417", "Australia_%": "0.5", "Carcoar": "4", "New South Wales_%": "0.4", "New South Wales": "28,579"}, "Wales": {"Carcoar_%": "1.0", "Australia": "28,046", "Australia_%": "0.1", "Carcoar": "3", "New South Wales_%": "0.1", "New South Wales": "7,256"}, "New Zealand": {"Carcoar_%": "1.0", "Australia": "518,466", "Australia_%": "2.2", "Carcoar": "3", "New South Wales_%": "1.6", "New South Wales": "117,136"}}, "Religious affiliation, top responses": {"No Religion, so described": {"Carcoar_%": "16.6", "Australia": "6,933,708", "Australia_%": "29.6", "Carcoar": "49", "New South Wales_%": "25.1", "New South Wales": "1,879,562"}, "Anglican": {"Carcoar_%": "32.1", "Australia": "3,101,185", "Australia_%": "13.3", "Carcoar": "95", "New South Wales_%": "15.5", "New South Wales": "1,161,810"}, "Not stated": {"Carcoar_%": "8.1", "Australia": "2,238,735", "Australia_%": "9.6", "Carcoar": "24", "New South Wales_%": "9.2", "New South Wales": "684,969"}, "Uniting Church": {"Carcoar_%": "5.4", "Australia": "870,183", "Australia_%": "3.7", "Carcoar": "16", "New South Wales_%": "2.9", "New South Wales": "217,258"}, "Catholic": {"Carcoar_%": "30.7", "Australia": "5,291,834", "Australia_%": "22.6", "Carcoar": "91", "New South Wales_%": "24.7", "New South Wales": "1,846,443"}}, "Ancestry, top responses": {"German": {"Carcoar_%": "2.4", "Australia": "982,226", "Australia_%": "3.1", "Carcoar": "10", "New South Wales_%": "2.4", "New South Wales": "236,146"}, "Australian": {"Carcoar_%": "25.8", "Australia": "7,298,243", "Australia_%": "23.3", "Carcoar": "106", "New South Wales_%": "22.9", "New South Wales": "2,261,062"}, "Scottish": {"Carcoar_%": "10.5", "Australia": "2,023,470", "Australia_%": "6.4", "Carcoar": "43", "New South Wales_%": "5.9", "New South Wales": "587,052"}, "Irish": {"Carcoar_%": "12.4", "Australia": "2,388,058", "Australia_%": "7.6", "Carcoar": "51", "New South Wales_%": "7.5", "New South Wales": "741,671"}, "English": {"Carcoar_%": "34.1", "Australia": "7,852,224", "Australia_%": "25.0", "Carcoar": "140", "New South Wales_%": "23.3", "New South Wales": "2,302,481"}}, "Age": {"35-39 years": {"Carcoar_%": "2.0", "Australia": "1,561,679", "Australia_%": "6.7", "Carcoar": "6", "New South Wales_%": "6.7", "New South Wales": "499,724"}, "60-64 years": {"Carcoar_%": "10.2", "Australia": "1,299,397", "Australia_%": "5.6", "Carcoar": "30", "New South Wales_%": "5.6", "New South Wales": "420,044"}, "30-34 years": {"Carcoar_%": "2.7", "Australia": "1,703,847", "Australia_%": "7.3", "Carcoar": "8", "New South Wales_%": "7.2", "New South Wales": "540,360"}, "0-4 years": {"Carcoar_%": "3.8", "Australia": "1,464,779", "Australia_%": "6.3", "Carcoar": "11", "New South Wales_%": "6.2", "New South Wales": "465,135"}, "25-29 years": {"Carcoar_%": "4.4", "Australia": "1,664,602", "Australia_%": "7.1", "Carcoar": "13", "New South Wales_%": "7.0", "New South Wales": "527,161"}, "10-14 years": {"Carcoar_%": "3.1", "Australia": "1,397,183", "Australia_%": "6.0", "Carcoar": "9", "New South Wales_%": "5.9", "New South Wales": "443,009"}, "5-9 years": {"Carcoar_%": "5.5", "Australia": "1,502,646", "Australia_%": "6.4", "Carcoar": "16", "New South Wales_%": "6.4", "New South Wales": "478,184"}, "Median age": {"Carcoar_%": "--", "Australia": "38", "Australia_%": "--", "Carcoar": "56", "New South Wales_%": "--", "New South Wales": "38"}, "50-54 years": {"Carcoar_%": "8.5", "Australia": "1,523,551", "Australia_%": "6.5", "Carcoar": "25", "New South Wales_%": "6.5", "New South Wales": "485,546"}, "80-84 years": {"Carcoar_%": "6.5", "Australia": "460,549", "Australia_%": "2.0", "Carcoar": "19", "New South Wales_%": "2.1", "New South Wales": "155,806"}, "40-44 years": {"Carcoar_%": "4.1", "Australia": "1,583,257", "Australia_%": "6.8", "Carcoar": "12", "New South Wales_%": "6.7", "New South Wales": "503,169"}, "70-74 years": {"Carcoar_%": "4.1", "Australia": "887,716", "Australia_%": "3.8", "Carcoar": "12", "New South Wales_%": "3.9", "New South Wales": "292,556"}, "15-19 years": {"Carcoar_%": "4.1", "Australia": "1,421,595", "Australia_%": "6.1", "Carcoar": "12", "New South Wales_%": "6.0", "New South Wales": "448,425"}, "65-69 years": {"Carcoar_%": "6.8", "Australia": "1,188,999", "Australia_%": "5.1", "Carcoar": "20", "New South Wales_%": "5.1", "New South Wales": "384,470"}, "20-24 years": {"Carcoar_%": "1.7", "Australia": "1,566,793", "Australia_%": "6.7", "Carcoar": "5", "New South Wales_%": "6.5", "New South Wales": "489,673"}, "55-59 years": {"Carcoar_%": "9.6", "Australia": "1,454,332", "Australia_%": "6.2", "Carcoar": "28", "New South Wales_%": "6.3", "New South Wales": "469,726"}, "75-79 years": {"Carcoar_%": "10.9", "Australia": "652,657", "Australia_%": "2.8", "Carcoar": "32", "New South Wales_%": "2.9", "New South Wales": "217,308"}, "45-49 years": {"Carcoar_%": "7.5", "Australia": "1,581,455", "Australia_%": "6.8", "Carcoar": "22", "New South Wales_%": "6.6", "New South Wales": "492,440"}, "85 years and over": {"Carcoar_%": "4.4", "Australia": "486,842", "Australia_%": "2.1", "Carcoar": "13", "New South Wales_%": "2.2", "New South Wales": "167,506"}}, "Single (or lone) parents": {"Male": {"Carcoar_%": "0.0", "Australia": "--", "Australia_%": "18.2", "Carcoar": "--", "New South Wales_%": "17.8", "New South Wales": "--"}, "Female": {"Carcoar_%": "100.0", "Australia": "--", "Australia_%": "81.8", "Carcoar": "--", "New South Wales_%": "82.2", "New South Wales": "--"}}, "Mortgage monthly repayments": {"Median mortgage repayments": {"Carcoar_%": "--", "Australia": "1,755", "Australia_%": "--", "Carcoar": "1,257", "New South Wales_%": "--", "New South Wales": "1,986"}, "Households where mortgage repayments are less than 30% of household income": {"Carcoar_%": "95.3", "Australia": "--", "Australia_%": "92.8", "Carcoar": "--", "New South Wales_%": "92.6", "New South Wales": "--"}, "Households with mortgage repayments greater than or equal to 30% of household income": {"Carcoar_%": "4.7", "Australia": "--", "Australia_%": "7.2", "Carcoar": "--", "New South Wales_%": "7.4", "New South Wales": "--"}}, "Mortgage and rent": {"Median monthly mortgage repayments": {"Carcoar_%": "--", "Australia": "1,660", "Australia_%": "--", "Carcoar": "0", "New South Wales_%": "--", "New South Wales": "1,733"}, "Median weekly rent": {"Carcoar_%": "--", "Australia": "250", "Australia_%": "--", "Carcoar": "0", "New South Wales_%": "--", "New South Wales": "270"}}, "Tenure": {"Rented": {"Carcoar_%": "17.0", "Australia": "2,561,302", "Australia_%": "30.9", "Carcoar": "19", "New South Wales_%": "31.8", "New South Wales": "826,922"}, "Owned outright": {"Carcoar_%": "52.7", "Australia": "2,565,695", "Australia_%": "31.0", "Carcoar": "59", "New South Wales_%": "32.2", "New South Wales": "839,665"}, "Owned with a mortgage": {"Carcoar_%": "27.7", "Australia": "2,855,222", "Australia_%": "34.5", "Carcoar": "31", "New South Wales_%": "32.3", "New South Wales": "840,004"}, "Tenure type not stated": {"Carcoar_%": "2.7", "Australia": "224,869", "Australia_%": "2.7", "Carcoar": "3", "New South Wales_%": "2.8", "New South Wales": "73,763"}, "Other tenure type": {"Carcoar_%": "0.0", "Australia": "78,994", "Australia_%": "1.0", "Carcoar": "0", "New South Wales_%": "0.9", "New South Wales": "23,968"}}, "Country of birth of father, stated responses": {"Italy": {"Carcoar_%": "1.8", "Australia": "470,138", "Australia_%": "2.0", "Carcoar": "5", "New South Wales_%": "1.7", "New South Wales": "128,148"}, "Scotland": {"Carcoar_%": "1.8", "Australia": "276,038", "Australia_%": "1.2", "Carcoar": "5", "New South Wales_%": "1.0", "New South Wales": "72,321"}, "New Zealand": {"Carcoar_%": "2.1", "Australia": "617,331", "Australia_%": "2.6", "Carcoar": "6", "New South Wales_%": "1.9", "New South Wales": "143,450"}, "Australia": {"Carcoar_%": "80.8", "Australia": "12,231,150", "Australia_%": "52.3", "Carcoar": "227", "New South Wales_%": "50.1", "New South Wales": "3,745,787"}, "England": {"Carcoar_%": "5.0", "Australia": "1,403,096", "Australia_%": "6.0", "Carcoar": "14", "New South Wales_%": "4.8", "New South Wales": "359,370"}}, "Country of birth of father and/or mother, stated responses": {"Father only born overseas": {"Carcoar_%": "6.8", "Australia": "1,488,092", "Australia_%": "6.4", "Carcoar": "20", "New South Wales_%": "6.1", "New South Wales": "458,394"}, "Mother only born overseas": {"Carcoar_%": "2.1", "Australia": "1,094,591", "Australia_%": "4.7", "Carcoar": "6", "New South Wales_%": "4.3", "New South Wales": "325,182"}, "Both parents born overseas": {"Carcoar_%": "9.9", "Australia": "8,051,196", "Australia_%": "34.4", "Carcoar": "29", "New South Wales_%": "37.0", "New South Wales": "2,764,170"}, "Both parents born in Australia": {"Carcoar_%": "74.3", "Australia": "11,070,538", "Australia_%": "47.3", "Carcoar": "217", "New South Wales_%": "45.4", "New South Wales": "3,399,725"}}, "Rent weekly payments": {"Households where rent payments are less than 30% of household income": {"Carcoar_%": "94.7", "Australia": "--", "Australia_%": "88.5", "Carcoar": "--", "New South Wales_%": "87.1", "New South Wales": "--"}, "Households with rent payments greater than or equal to 30% of household income": {"Carcoar_%": "5.3", "Australia": "--", "Australia_%": "11.5", "Carcoar": "--", "New South Wales_%": "12.9", "New South Wales": "--"}, "Median rent": {"Carcoar_%": "--", "Australia": "335", "Australia_%": "--", "Carcoar": "115", "New South Wales_%": "--", "New South Wales": "380"}}, "Registered marital status": {"Separated": {"Carcoar_%": "4.3", "Australia": "608,059", "Australia_%": "3.2", "Carcoar": "12", "New South Wales_%": "3.1", "New South Wales": "190,198"}, "Widowed": {"Carcoar_%": "9.0", "Australia": "985,204", "Australia_%": "5.2", "Carcoar": "25", "New South Wales_%": "5.4", "New South Wales": "331,653"}, "Married": {"Carcoar_%": "49.5", "Australia": "9,148,218", "Australia_%": "48.1", "Carcoar": "137", "New South Wales_%": "48.7", "New South Wales": "2,965,280"}, "Divorced": {"Carcoar_%": "11.6", "Australia": "1,626,890", "Australia_%": "8.5", "Carcoar": "32", "New South Wales_%": "8.4", "New South Wales": "512,298"}, "Never married": {"Carcoar_%": "25.6", "Australia": "6,668,910", "Australia_%": "35.0", "Carcoar": "71", "New South Wales_%": "34.4", "New South Wales": "2,094,460"}}, "summaryTable_qsPeople": {"Male": "48.7%", "Median age": "56", "Female": "51.3%", "People": "301"}, "Dwelling characteristics": {"Average number of people per household": {"Carcoar_%": "--", "Australia": "3.2", "Australia_%": "--", "Carcoar": "1", "New South Wales_%": "--", "New South Wales": "3.1"}, "Average number of persons per bedroom": {"Carcoar_%": "--", "Australia": "1", "Australia_%": "--", "Carcoar": "0", "New South Wales_%": "--", "New South Wales": "1"}, "Median weekly household income": {"Carcoar_%": "--", "Australia": "1,203", "Australia_%": "--", "Carcoar": "0", "New South Wales_%": "--", "New South Wales": "1,214"}}, "Unpaid work": {"Did unpaid domestic work (last week)": {"Carcoar_%": "66.3", "Australia": "13,143,914", "Australia_%": "69.0", "Carcoar": "175", "New South Wales_%": "67.7", "New South Wales": "4,127,723"}, "Provided unpaid assistance to a person with a disability (last two weeks)": {"Carcoar_%": "11.7", "Australia": "2,145,203", "Australia_%": "11.3", "Carcoar": "31", "New South Wales_%": "11.6", "New South Wales": "709,415"}, "Did voluntary work through an organisation or group (last 12 months)": {"Carcoar_%": "32.8", "Australia": "3,620,726", "Australia_%": "19.0", "Carcoar": "88", "New South Wales_%": "18.1", "New South Wales": "1,103,790"}, "Cared for child/children (last two weeks)": {"Carcoar_%": "17.5", "Australia": "5,259,400", "Australia_%": "27.6", "Carcoar": "47", "New South Wales_%": "27.2", "New South Wales": "1,659,250"}}, "Unpaid domestic work, number of hours": {"5 to 14 hours per week": {"Carcoar_%": "22.6", "Australia": "4,944,578", "Australia_%": "26.0", "Carcoar": "60", "New South Wales_%": "25.1", "New South Wales": "1,531,206"}, "30 hours or more per week": {"Carcoar_%": "5.3", "Australia": "1,710,970", "Australia_%": "9.0", "Carcoar": "14", "New South Wales_%": "9.0", "New South Wales": "545,925"}, "Less than 5 hours per week": {"Carcoar_%": "19.2", "Australia": "4,298,593", "Australia_%": "22.6", "Carcoar": "51", "New South Wales_%": "22.3", "New South Wales": "1,359,656"}, "15 to 29 hours per week": {"Carcoar_%": "19.2", "Australia": "2,189,776", "Australia_%": "11.5", "Carcoar": "51", "New South Wales_%": "11.3", "New South Wales": "690,934"}}, "Industry of employment, top responses": {"Supermarket and Grocery Stores": {"Carcoar_%": "16.9", "Australia": "254,275", "Australia_%": "2.4", "Carcoar": "10", "New South Wales_%": "2.2", "New South Wales": "74,487"}, "Hospitals (except Psychiatric Hospitals)": {"Carcoar_%": "8.5", "Australia": "411,808", "Australia_%": "3.9", "Carcoar": "5", "New South Wales_%": "3.5", "New South Wales": "119,350"}, "Local Government Administration": {"Carcoar_%": "10.2", "Australia": "142,724", "Australia_%": "1.3", "Carcoar": "6", "New South Wales_%": "1.3", "New South Wales": "43,378"}, "Beef Cattle Farming (Specialised)": {"Carcoar_%": "20.3", "Australia": "44,309", "Australia_%": "0.4", "Carcoar": "12", "New South Wales_%": "0.4", "New South Wales": "13,478"}, "Gold Ore Mining": {"Carcoar_%": "10.2", "Australia": "20,141", "Australia_%": "0.2", "Carcoar": "6", "New South Wales_%": "0.1", "New South Wales": "2,657"}}, "GeoInfo": {"city": "Carcoar"}, "Education": {"University or tertiary institution": {"Carcoar_%": "4.8", "Australia": "1,160,626", "Australia_%": "16.1", "Carcoar": "3", "New South Wales_%": "16.2", "New South Wales": "376,133"}, "Secondary - Catholic": {"Carcoar_%": "0.0", "Australia": "338,384", "Australia_%": "4.7", "Carcoar": "0", "New South Wales_%": "5.1", "New South Wales": "117,689"}, "Secondary - other non Government": {"Carcoar_%": "6.3", "Australia": "280,618", "Australia_%": "3.9", "Carcoar": "4", "New South Wales_%": "3.4", "New South Wales": "79,915"}, "Primary - Catholic": {"Carcoar_%": "0.0", "Australia": "380,604", "Australia_%": "5.3", "Carcoar": "0", "New South Wales_%": "5.3", "New South Wales": "122,099"}, "Primary - Government": {"Carcoar_%": "23.8", "Australia": "1,314,787", "Australia_%": "18.2", "Carcoar": "15", "New South Wales_%": "18.0", "New South Wales": "417,465"}, "Other": {"Carcoar_%": "4.8", "Australia": "198,383", "Australia_%": "2.8", "Carcoar": "3", "New South Wales_%": "2.7", "New South Wales": "63,673"}, "Technical or further education institution": {"Carcoar_%": "7.9", "Australia": "424,869", "Australia_%": "5.9", "Carcoar": "5", "New South Wales_%": "6.2", "New South Wales": "144,103"}, "Secondary - Government": {"Carcoar_%": "12.7", "Australia": "827,505", "Australia_%": "11.5", "Carcoar": "8", "New South Wales_%": "11.6", "New South Wales": "269,249"}, "Primary - other non Government": {"Carcoar_%": "0.0", "Australia": "231,490", "Australia_%": "3.2", "Carcoar": "0", "New South Wales_%": "2.9", "New South Wales": "67,611"}, "Not stated": {"Carcoar_%": "34.9", "Australia": "1,707,023", "Australia_%": "23.7", "Carcoar": "22", "New South Wales_%": "23.0", "New South Wales": "535,266"}, "Preschool": {"Carcoar_%": "4.8", "Australia": "347,621", "Australia_%": "4.8", "Carcoar": "3", "New South Wales_%": "5.7", "New South Wales": "132,047"}}, "Employment": {"Unemployed": {"Carcoar_%": "6.6", "Australia": "787,452", "Australia_%": "6.9", "Carcoar": "8", "New South Wales_%": "6.3", "New South Wales": "225,546"}, "Worked part-time": {"Carcoar_%": "29.5", "Australia": "3,491,503", "Australia_%": "30.4", "Carcoar": "36", "New South Wales_%": "29.7", "New South Wales": "1,071,151"}, "Away from work": {"Carcoar_%": "7.4", "Australia": "569,276", "Australia_%": "5.0", "Carcoar": "9", "New South Wales_%": "4.8", "New South Wales": "174,654"}, "Worked full-time": {"Carcoar_%": "56.6", "Australia": "6,623,065", "Australia_%": "57.7", "Carcoar": "69", "New South Wales_%": "59.2", "New South Wales": "2,134,521"}}, "Travel to work, top responses": {"Walked only": {"Carcoar_%": "3.8", "Australia": "370,427", "Australia_%": "3.5", "Carcoar": "4", "New South Wales_%": "3.9", "New South Wales": "130,957"}, "Worked at home": {"Carcoar_%": "15.2", "Australia": "503,582", "Australia_%": "4.7", "Carcoar": "16", "New South Wales_%": "4.8", "New South Wales": "163,026"}, "People who travelled to work by car as driver or passenger": {"Carcoar_%": "66.4", "Australia": "7,305,271", "Australia_%": "68.4", "Carcoar": "77", "New South Wales_%": "64.6", "New South Wales": "2,182,854"}, "null": {"Carcoar_%": null, "Australia": "None", "Australia_%": "None", "Carcoar": null, "New South Wales_%": "None", "New South Wales": "None"}, "Car, as driver": {"Carcoar_%": "65.7", "Australia": "6,574,571", "Australia_%": "61.5", "Carcoar": "69", "New South Wales_%": "57.8", "New South Wales": "1,953,399"}, "Other": {"Carcoar_%": "2.9", "Australia": "73,512", "Australia_%": "0.7", "Carcoar": "3", "New South Wales_%": "0.6", "New South Wales": "18,811"}}, "Occupation": {"Professionals": {"Carcoar_%": "12.3", "Australia": "2,370,966", "Australia_%": "22.2", "Carcoar": "13", "New South Wales_%": "23.6", "New South Wales": "798,126"}, "Technicians and Trades Workers": {"Carcoar_%": "8.5", "Australia": "1,447,414", "Australia_%": "13.5", "Carcoar": "9", "New South Wales_%": "12.7", "New South Wales": "429,239"}, "Labourers": {"Carcoar_%": "11.3", "Australia": "1,011,520", "Australia_%": "9.5", "Carcoar": "12", "New South Wales_%": "8.8", "New South Wales": "297,887"}, "Clerical and Administrative Workers": {"Carcoar_%": "13.2", "Australia": "1,449,681", "Australia_%": "13.6", "Carcoar": "14", "New South Wales_%": "13.8", "New South Wales": "467,977"}, "Machinery Operators and Drivers": {"Carcoar_%": "6.6", "Australia": "670,106", "Australia_%": "6.3", "Carcoar": "7", "New South Wales_%": "6.1", "New South Wales": "206,839"}, "Community and Personal Service Workers": {"Carcoar_%": "13.2", "Australia": "1,157,003", "Australia_%": "10.8", "Carcoar": "14", "New South Wales_%": "10.4", "New South Wales": "350,261"}, "Sales Workers": {"Carcoar_%": "8.5", "Australia": "1,000,955", "Australia_%": "9.4", "Carcoar": "9", "New South Wales_%": "9.2", "New South Wales": "311,414"}, "Managers": {"Carcoar_%": "26.4", "Australia": "1,390,047", "Australia_%": "13.0", "Carcoar": "28", "New South Wales_%": "13.5", "New South Wales": "456,084"}}}