{"Employment - hours worked": {"40 hours or more per week": {"Australia": "4,591,801", "Clandulla_%": "51.1", "Australia_%": "43.0", "Clandulla": "23", "New South Wales_%": "44.1", "New South Wales": "1,489,099"}, "25-34 hours per week": {"Australia": "1,193,445", "Clandulla_%": "15.6", "Australia_%": "11.2", "Clandulla": "7", "New South Wales_%": "10.5", "New South Wales": "353,702"}, "16-24 hours per week": {"Australia": "1,079,236", "Clandulla_%": "6.7", "Australia_%": "10.1", "Clandulla": "3", "New South Wales_%": "10.4", "New South Wales": "352,817"}, "35-39 hours per week": {"Australia": "2,031,263", "Clandulla_%": "11.1", "Australia_%": "19.0", "Clandulla": "5", "New South Wales_%": "19.1", "New South Wales": "645,428"}, "1-15 hours per week": {"Australia": "1,218,823", "Clandulla_%": "15.6", "Australia_%": "11.4", "Clandulla": "7", "New South Wales_%": "10.8", "New South Wales": "364,637"}}, "Number of registered motor vehicles": {"2 motor vehicles": {"Australia": "2,999,184", "Clandulla_%": "33.8", "Australia_%": "36.2", "Clandulla": "22", "New South Wales_%": "34.1", "New South Wales": "887,849"}, "None": {"Australia": "623,829", "Clandulla_%": "0.0", "Australia_%": "7.5", "Clandulla": "0", "New South Wales_%": "9.2", "New South Wales": "239,625"}, "Number of motor vehicles not stated": {"Australia": "285,197", "Clandulla_%": "0.0", "Australia_%": "3.4", "Clandulla": "0", "New South Wales_%": "3.7", "New South Wales": "95,623"}, "1 motor vehicle": {"Australia": "2,881,485", "Clandulla_%": "30.8", "Australia_%": "34.8", "Clandulla": "20", "New South Wales_%": "36.3", "New South Wales": "946,159"}, "3 or more vehicles": {"Australia": "1,496,382", "Clandulla_%": "35.4", "Australia_%": "18.1", "Clandulla": "23", "New South Wales_%": "16.7", "New South Wales": "435,053"}}, "Employment status of parents in couple families": {"Labour force status not stated (by one or both parents in a couple family)": {"Australia": "311,381", "Clandulla_%": "0.0", "Australia_%": "6.2", "Clandulla": "0", "New South Wales_%": "5.7", "New South Wales": "90,630"}, "One employed full-time, one part-time": {"Australia": "1,086,460", "Clandulla_%": "7.9", "Australia_%": "21.7", "Clandulla": "3", "New South Wales_%": "20.6", "New South Wales": "329,567"}, "One employed part-time, other not working": {"Australia": "302,037", "Clandulla_%": "0.0", "Australia_%": "6.0", "Clandulla": "0", "New South Wales_%": "6.1", "New South Wales": "96,933"}, "Other (includes away from work)": {"Australia": "264,145", "Clandulla_%": "13.2", "Australia_%": "5.3", "Clandulla": "5", "New South Wales_%": "5.1", "New South Wales": "80,905"}, "Both employed, worked full-time": {"Australia": "1,084,006", "Clandulla_%": "13.2", "Australia_%": "21.6", "Clandulla": "5", "New South Wales_%": "22.6", "New South Wales": "360,916"}, "One employed full-time, other not working": {"Australia": "749,886", "Clandulla_%": "10.5", "Australia_%": "15.0", "Clandulla": "4", "New South Wales_%": "15.0", "New South Wales": "240,084"}, "Both employed, worked part-time": {"Australia": "203,596", "Clandulla_%": "7.9", "Australia_%": "4.1", "Clandulla": "3", "New South Wales_%": "4.0", "New South Wales": "63,106"}, "Both not working": {"Australia": "1,006,697", "Clandulla_%": "47.4", "Australia_%": "20.1", "Clandulla": "18", "New South Wales_%": "21.0", "New South Wales": "334,742"}}, "Country of birth of mother, stated responses": {"Wales": {"Australia": "56,183", "Clandulla_%": "1.6", "Australia_%": "0.2", "Clandulla": "3", "New South Wales_%": "0.2", "New South Wales": "15,327"}, "New Zealand": {"Australia": "608,329", "Clandulla_%": "2.1", "Australia_%": "2.6", "Clandulla": "4", "New South Wales_%": "1.9", "New South Wales": "139,899"}, "Australia": {"Australia": "12,643,365", "Clandulla_%": "69.8", "Australia_%": "54.0", "Clandulla": "132", "New South Wales_%": "51.9", "New South Wales": "3,884,762"}, "England": {"Australia": "1,302,147", "Clandulla_%": "7.4", "Australia_%": "5.6", "Clandulla": "14", "New South Wales_%": "4.3", "New South Wales": "322,472"}, "Netherlands": {"Australia": "152,088", "Clandulla_%": "1.6", "Australia_%": "0.6", "Clandulla": "3", "New South Wales_%": "0.5", "New South Wales": "34,775"}}, "Dwelling structure": {"Other dwelling": {"Australia": "64,425", "Clandulla_%": "0.0", "Australia_%": "0.8", "Clandulla": "0", "New South Wales_%": "0.9", "New South Wales": "23,580"}, "Semi-detached, row or terrace house, townhouse etc": {"Australia": "1,055,016", "Clandulla_%": "0.0", "Australia_%": "12.7", "Clandulla": "0", "New South Wales_%": "12.2", "New South Wales": "317,453"}, "Separate house": {"Australia": "6,041,788", "Clandulla_%": "100.0", "Australia_%": "72.9", "Clandulla": "61", "New South Wales_%": "66.4", "New South Wales": "1,729,820"}, "Flat or apartment": {"Australia": "1,087,434", "Clandulla_%": "0.0", "Australia_%": "13.1", "Clandulla": "0", "New South Wales_%": "19.9", "New South Wales": "519,390"}}, "Number of bedrooms": {"1 bedroom": {"Australia": "411,252", "Clandulla_%": "8.5", "Australia_%": "5.0", "Clandulla": "5", "New South Wales_%": "6.0", "New South Wales": "157,194"}, "3 bedrooms": {"Australia": "3,403,190", "Clandulla_%": "50.8", "Australia_%": "41.1", "Clandulla": "30", "New South Wales_%": "37.2", "New South Wales": "970,001"}, "Average number of people per household": {"Australia": "2.6", "Clandulla_%": "--", "Australia_%": "--", "Clandulla": "2.4", "New South Wales_%": "--", "New South Wales": "2.6"}, "2 bedrooms": {"Australia": "1,562,759", "Clandulla_%": "13.6", "Australia_%": "18.9", "Clandulla": "8", "New South Wales_%": "22.2", "New South Wales": "577,675"}, "4 or more bedrooms": {"Australia": "2,670,758", "Clandulla_%": "27.1", "Australia_%": "32.2", "Clandulla": "16", "New South Wales_%": "31.3", "New South Wales": "816,405"}, "None (includes bedsitters)": {"Australia": "39,769", "Clandulla_%": "0.0", "Australia_%": "0.5", "Clandulla": "0", "New South Wales_%": "0.7", "New South Wales": "17,157"}, "Number of bedrooms not stated": {"Australia": "198,351", "Clandulla_%": "0.0", "Australia_%": "2.4", "Clandulla": "0", "New South Wales_%": "2.5", "New South Wales": "65,888"}, "Average number of bedrooms per dwelling": {"Australia": "3.1", "Clandulla_%": "--", "Australia_%": "--", "Clandulla": "3", "New South Wales_%": "--", "New South Wales": "3"}}, "summaryTable_qsFamilies": {"for all families": "0.7", "for families with children": "1.9", "Families": "48", "Average children per family": "None"}, "People characteristics": {"Male": {"Australia": "322,171", "Clandulla_%": "50.0", "Australia_%": "49.6", "Clandulla": "8", "New South Wales_%": "49.7", "New South Wales": "107,368"}, "Median age": {"Australia": "23", "Clandulla_%": "--", "Australia_%": "--", "Clandulla": "16", "New South Wales_%": "--", "New South Wales": "22"}, "Female": {"Australia": "326,996", "Clandulla_%": "50.0", "Australia_%": "50.4", "Clandulla": "8", "New South Wales_%": "50.3", "New South Wales": "108,809"}}, "Dwelling count": {"Unoccupied private dwellings": {"Australia": "1,039,874", "Clandulla_%": "26.5", "Australia_%": "11.2", "Clandulla": "22", "New South Wales_%": "9.9", "New South Wales": "284,741"}, "Occupied private dwellings": {"Australia": "8,286,073", "Clandulla_%": "73.5", "Australia_%": "88.8", "Clandulla": "61", "New South Wales_%": "90.1", "New South Wales": "2,604,320"}}, "Level of highest educational attainment": {"Certificate level III": {"Australia": "2,442,203", "Clandulla_%": "18.7", "Australia_%": "12.8", "Clandulla": "29", "New South Wales_%": "12.0", "New South Wales": "730,498"}, "Certificate level II": {"Australia": "13,454", "Clandulla_%": "0.0", "Australia_%": "0.1", "Clandulla": "0", "New South Wales_%": "0.1", "New South Wales": "4,849"}, "No educational attainment": {"Australia": "145,844", "Clandulla_%": "0.0", "Australia_%": "0.8", "Clandulla": "0", "New South Wales_%": "0.9", "New South Wales": "54,870"}, "Bachelor Degree level and above": {"Australia": "4,181,406", "Clandulla_%": "3.9", "Australia_%": "22.0", "Clandulla": "6", "New South Wales_%": "23.4", "New South Wales": "1,424,716"}, "Certificate level I": {"Australia": "2,176", "Clandulla_%": "0.0", "Australia_%": "0.0", "Clandulla": "0", "New South Wales_%": "0.0", "New South Wales": "625"}, "Year 11": {"Australia": "941,531", "Clandulla_%": "3.9", "Australia_%": "4.9", "Clandulla": "6", "New South Wales_%": "3.3", "New South Wales": "203,574"}, "Not stated": {"Australia": "1,974,794", "Clandulla_%": "19.4", "Australia_%": "10.4", "Clandulla": "30", "New South Wales_%": "10.3", "New South Wales": "627,465"}, "Year 9 or below": {"Australia": "1,529,897", "Clandulla_%": "17.4", "Australia_%": "8.0", "Clandulla": "27", "New South Wales_%": "8.4", "New South Wales": "513,209"}, "Certificate level IV": {"Australia": "551,767", "Clandulla_%": "3.9", "Australia_%": "2.9", "Clandulla": "6", "New South Wales_%": "2.8", "New South Wales": "167,947"}, "Year 10": {"Australia": "2,054,331", "Clandulla_%": "25.2", "Australia_%": "10.8", "Clandulla": "39", "New South Wales_%": "11.5", "New South Wales": "702,178"}, "Year 12": {"Australia": "2,994,097", "Clandulla_%": "10.3", "Australia_%": "15.7", "Clandulla": "16", "New South Wales_%": "15.3", "New South Wales": "930,654"}, "Advanced Diploma and Diploma level": {"Australia": "1,687,893", "Clandulla_%": "5.2", "Australia_%": "8.9", "Clandulla": "8", "New South Wales_%": "8.9", "New South Wales": "543,142"}}, "Median weekly incomes": {"Personal": {"Australia": "662", "Clandulla_%": "--", "Australia_%": "--", "Clandulla": "425", "New South Wales_%": "--", "New South Wales": "664"}, "Household": {"Australia": "1,438", "Clandulla_%": "--", "Australia_%": "--", "Clandulla": "900", "New South Wales_%": "--", "New South Wales": "1,486"}, "Family": {"Australia": "1,734", "Clandulla_%": "--", "Australia_%": "--", "Clandulla": "1,275", "New South Wales_%": "--", "New South Wales": "1,780"}}, "Family composition": {"Other family": {"Australia": "102,559", "Clandulla_%": "0.0", "Australia_%": "1.7", "Clandulla": "0", "New South Wales_%": "1.7", "New South Wales": "32,438"}, "Couple family with children": {"Australia": "2,716,224", "Clandulla_%": "38.0", "Australia_%": "44.7", "Clandulla": "19", "New South Wales_%": "45.7", "New South Wales": "887,358"}, "Couple family without children": {"Australia": "2,291,987", "Clandulla_%": "40.0", "Australia_%": "37.8", "Clandulla": "20", "New South Wales_%": "36.6", "New South Wales": "709,524"}, "One parent family": {"Australia": "959,543", "Clandulla_%": "22.0", "Australia_%": "15.8", "Clandulla": "11", "New South Wales_%": "16.0", "New South Wales": "310,906"}}, "Dwelling internet connection": {"Not stated": {"Australia": "221,494", "Clandulla_%": "0.0", "Australia_%": "2.7", "Clandulla": "0", "New South Wales_%": "2.8", "New South Wales": "73,565"}, "Internet not accessed from dwelling": {"Australia": "1,172,415", "Clandulla_%": "24.6", "Australia_%": "14.1", "Clandulla": "15", "New South Wales_%": "14.7", "New South Wales": "381,709"}, "Internet accessed from dwelling": {"Australia": "6,892,165", "Clandulla_%": "75.4", "Australia_%": "83.2", "Clandulla": "46", "New South Wales_%": "82.5", "New South Wales": "2,149,040"}}, "Social marital status": {"Not married": {"Australia": "7,024,973", "Clandulla_%": "45.5", "Australia_%": "41.9", "Clandulla": "55", "New South Wales_%": "42.3", "New South Wales": "2,290,887"}, "De facto marriage": {"Australia": "1,751,731", "Clandulla_%": "8.3", "Australia_%": "10.4", "Clandulla": "10", "New South Wales_%": "9.4", "New South Wales": "506,133"}, "Registered marriage": {"Australia": "8,001,141", "Clandulla_%": "46.3", "Australia_%": "47.7", "Clandulla": "56", "New South Wales_%": "48.3", "New South Wales": "2,612,630"}}, "Household composition": {"Family households": {"Australia": "5,907,625", "Clandulla_%": "66.1", "Australia_%": "71.3", "Clandulla": "41", "New South Wales_%": "72.0", "New South Wales": "1,874,524"}, "Group households": {"Australia": "354,917", "Clandulla_%": "0.0", "Australia_%": "4.3", "Clandulla": "0", "New South Wales_%": "4.2", "New South Wales": "109,004"}, "Single (or lone) person households": {"Australia": "2,023,542", "Clandulla_%": "33.9", "Australia_%": "24.4", "Clandulla": "21", "New South Wales_%": "23.8", "New South Wales": "620,778"}}, "People": {"Male": {"Australia": "11,546,638", "Clandulla_%": "54.0", "Australia_%": "49.3", "Clandulla": "102", "New South Wales_%": "49.3", "New South Wales": "3,686,014"}, "Aboriginal and/or Torres Strait Islander people": {"Australia": "649,171", "Clandulla_%": "9.0", "Australia_%": "2.8", "Clandulla": "18", "New South Wales_%": "2.9", "New South Wales": "216,176"}, "Female": {"Australia": "11,855,248", "Clandulla_%": "46.0", "Australia_%": "50.7", "Clandulla": "87", "New South Wales_%": "50.7", "New South Wales": "3,794,217"}}, "Language, top responses (other than English)": {"null": {"Australia": "None", "Clandulla_%": null, "Australia_%": "None", "Clandulla": null, "New South Wales_%": "None", "New South Wales": "None"}, "English only spoken at home": {"Australia": "17,020,417", "Clandulla_%": "85.4", "Australia_%": "72.7", "Clandulla": "158", "New South Wales_%": "68.5", "New South Wales": "5,126,633"}}, "summaryTable_qsDwelling": {"Median monthly mortgage repayments": "$1,300", "All private dwellings": "98", "Average people per household": "2.4", "Median weekly household income": "$900", "Median weekly rent": "$200", "Average motor vehicles per dwelling": "2.1"}, "Household income": {"Less than $650 gross weekly income": {"Australia": "--", "Clandulla_%": "37.9", "Australia_%": "20.0", "Clandulla": "--", "New South Wales_%": "19.7", "New South Wales": "--"}, "More than $3000 gross weekly income": {"Australia": "--", "Clandulla_%": "8.6", "Australia_%": "16.4", "Clandulla": "--", "New South Wales_%": "18.7", "New South Wales": "--"}}, "Country of birth": {"Other top responses": {"Clandulla_%": "None", "Clandulla": "None"}, "New Zealand": {"Australia": "518,466", "Clandulla_%": "1.6", "Australia_%": "2.2", "Clandulla": "3", "New South Wales_%": "1.6", "New South Wales": "117,136"}, "Australia": {"Australia": "15,614,835", "Clandulla_%": "75.6", "Australia_%": "66.7", "Clandulla": "146", "New South Wales_%": "65.5", "New South Wales": "4,899,090"}, "England": {"Australia": "907,570", "Clandulla_%": "6.2", "Australia_%": "3.9", "Clandulla": "12", "New South Wales_%": "3.0", "New South Wales": "226,564"}}, "Religious affiliation, top responses": {"No Religion, so described": {"Australia": "6,933,708", "Clandulla_%": "14.7", "Australia_%": "29.6", "Clandulla": "28", "New South Wales_%": "25.1", "New South Wales": "1,879,562"}, "Anglican": {"Australia": "3,101,185", "Clandulla_%": "34.2", "Australia_%": "13.3", "Clandulla": "65", "New South Wales_%": "15.5", "New South Wales": "1,161,810"}, "Not stated": {"Australia": "2,238,735", "Clandulla_%": "14.2", "Australia_%": "9.6", "Clandulla": "27", "New South Wales_%": "9.2", "New South Wales": "684,969"}, "Uniting Church": {"Australia": "870,183", "Clandulla_%": "8.4", "Australia_%": "3.7", "Clandulla": "16", "New South Wales_%": "2.9", "New South Wales": "217,258"}, "Catholic": {"Australia": "5,291,834", "Clandulla_%": "22.1", "Australia_%": "22.6", "Clandulla": "42", "New South Wales_%": "24.7", "New South Wales": "1,846,443"}}, "Ancestry, top responses": {"German": {"Australia": "982,226", "Clandulla_%": "6.6", "Australia_%": "3.1", "Clandulla": "15", "New South Wales_%": "2.4", "New South Wales": "236,146"}, "Maori": {"Australia": "142,107", "Clandulla_%": "1.8", "Australia_%": "0.5", "Clandulla": "4", "New South Wales_%": "0.3", "New South Wales": "33,159"}, "Australian": {"Australia": "7,298,243", "Clandulla_%": "37.9", "Australia_%": "23.3", "Clandulla": "86", "New South Wales_%": "22.9", "New South Wales": "2,261,062"}, "Scottish": {"Australia": "2,023,470", "Clandulla_%": "6.2", "Australia_%": "6.4", "Clandulla": "14", "New South Wales_%": "5.9", "New South Wales": "587,052"}, "English": {"Australia": "7,852,224", "Clandulla_%": "28.6", "Australia_%": "25.0", "Clandulla": "65", "New South Wales_%": "23.3", "New South Wales": "2,302,481"}}, "Age": {"35-39 years": {"Australia": "1,561,679", "Clandulla_%": "4.6", "Australia_%": "6.7", "Clandulla": "9", "New South Wales_%": "6.7", "New South Wales": "499,724"}, "60-64 years": {"Australia": "1,299,397", "Clandulla_%": "6.6", "Australia_%": "5.6", "Clandulla": "13", "New South Wales_%": "5.6", "New South Wales": "420,044"}, "30-34 years": {"Australia": "1,703,847", "Clandulla_%": "5.6", "Australia_%": "7.3", "Clandulla": "11", "New South Wales_%": "7.2", "New South Wales": "540,360"}, "0-4 years": {"Australia": "1,464,779", "Clandulla_%": "5.1", "Australia_%": "6.3", "Clandulla": "10", "New South Wales_%": "6.2", "New South Wales": "465,135"}, "25-29 years": {"Australia": "1,664,602", "Clandulla_%": "1.5", "Australia_%": "7.1", "Clandulla": "3", "New South Wales_%": "7.0", "New South Wales": "527,161"}, "10-14 years": {"Australia": "1,397,183", "Clandulla_%": "8.6", "Australia_%": "6.0", "Clandulla": "17", "New South Wales_%": "5.9", "New South Wales": "443,009"}, "5-9 years": {"Australia": "1,502,646", "Clandulla_%": "6.1", "Australia_%": "6.4", "Clandulla": "12", "New South Wales_%": "6.4", "New South Wales": "478,184"}, "Median age": {"Australia": "38", "Clandulla_%": "--", "Australia_%": "--", "Clandulla": "45", "New South Wales_%": "--", "New South Wales": "38"}, "50-54 years": {"Australia": "1,523,551", "Clandulla_%": "6.6", "Australia_%": "6.5", "Clandulla": "13", "New South Wales_%": "6.5", "New South Wales": "485,546"}, "80-84 years": {"Australia": "460,549", "Clandulla_%": "1.5", "Australia_%": "2.0", "Clandulla": "3", "New South Wales_%": "2.1", "New South Wales": "155,806"}, "40-44 years": {"Australia": "1,583,257", "Clandulla_%": "8.6", "Australia_%": "6.8", "Clandulla": "17", "New South Wales_%": "6.7", "New South Wales": "503,169"}, "70-74 years": {"Australia": "887,716", "Clandulla_%": "7.6", "Australia_%": "3.8", "Clandulla": "15", "New South Wales_%": "3.9", "New South Wales": "292,556"}, "15-19 years": {"Australia": "1,421,595", "Clandulla_%": "8.1", "Australia_%": "6.1", "Clandulla": "16", "New South Wales_%": "6.0", "New South Wales": "448,425"}, "65-69 years": {"Australia": "1,188,999", "Clandulla_%": "9.6", "Australia_%": "5.1", "Clandulla": "19", "New South Wales_%": "5.1", "New South Wales": "384,470"}, "20-24 years": {"Australia": "1,566,793", "Clandulla_%": "3.0", "Australia_%": "6.7", "Clandulla": "6", "New South Wales_%": "6.5", "New South Wales": "489,673"}, "55-59 years": {"Australia": "1,454,332", "Clandulla_%": "6.1", "Australia_%": "6.2", "Clandulla": "12", "New South Wales_%": "6.3", "New South Wales": "469,726"}, "75-79 years": {"Australia": "652,657", "Clandulla_%": "2.0", "Australia_%": "2.8", "Clandulla": "4", "New South Wales_%": "2.9", "New South Wales": "217,308"}, "45-49 years": {"Australia": "1,581,455", "Clandulla_%": "7.1", "Australia_%": "6.8", "Clandulla": "14", "New South Wales_%": "6.6", "New South Wales": "492,440"}, "85 years and over": {"Australia": "486,842", "Clandulla_%": "1.5", "Australia_%": "2.1", "Clandulla": "3", "New South Wales_%": "2.2", "New South Wales": "167,506"}}, "Single (or lone) parents": {"Male": {"Australia": "--", "Clandulla_%": "33.3", "Australia_%": "18.2", "Clandulla": "--", "New South Wales_%": "17.8", "New South Wales": "--"}, "Female": {"Australia": "--", "Clandulla_%": "66.7", "Australia_%": "81.8", "Clandulla": "--", "New South Wales_%": "82.2", "New South Wales": "--"}}, "Mortgage monthly repayments": {"Median mortgage repayments": {"Australia": "1,755", "Clandulla_%": "--", "Australia_%": "--", "Clandulla": "1,300", "New South Wales_%": "--", "New South Wales": "1,986"}, "Households where mortgage repayments are less than 30% of household income": {"Australia": "--", "Clandulla_%": "100.0", "Australia_%": "92.8", "Clandulla": "--", "New South Wales_%": "92.6", "New South Wales": "--"}, "Households with mortgage repayments greater than or equal to 30% of household income": {"Australia": "--", "Clandulla_%": "0.0", "Australia_%": "7.2", "Clandulla": "--", "New South Wales_%": "7.4", "New South Wales": "--"}}, "Mortgage and rent": {"Median monthly mortgage repayments": {"Australia": "1,660", "Clandulla_%": "--", "Australia_%": "--", "Clandulla": "0", "New South Wales_%": "--", "New South Wales": "1,733"}, "Median weekly rent": {"Australia": "250", "Clandulla_%": "--", "Australia_%": "--", "Clandulla": "0", "New South Wales_%": "--", "New South Wales": "270"}}, "Tenure": {"Rented": {"Australia": "2,561,302", "Clandulla_%": "11.3", "Australia_%": "30.9", "Clandulla": "7", "New South Wales_%": "31.8", "New South Wales": "826,922"}, "Owned outright": {"Australia": "2,565,695", "Clandulla_%": "54.8", "Australia_%": "31.0", "Clandulla": "34", "New South Wales_%": "32.2", "New South Wales": "839,665"}, "Owned with a mortgage": {"Australia": "2,855,222", "Clandulla_%": "33.9", "Australia_%": "34.5", "Clandulla": "21", "New South Wales_%": "32.3", "New South Wales": "840,004"}, "Tenure type not stated": {"Australia": "224,869", "Clandulla_%": "0.0", "Australia_%": "2.7", "Clandulla": "0", "New South Wales_%": "2.8", "New South Wales": "73,763"}, "Other tenure type": {"Australia": "78,994", "Clandulla_%": "0.0", "Australia_%": "1.0", "Clandulla": "0", "New South Wales_%": "0.9", "New South Wales": "23,968"}}, "Country of birth of father, stated responses": {"Germany": {"Australia": "170,571", "Clandulla_%": "1.5", "Australia_%": "0.7", "Clandulla": "3", "New South Wales_%": "0.6", "New South Wales": "47,543"}, "New Zealand": {"Australia": "617,331", "Clandulla_%": "2.1", "Australia_%": "2.6", "Clandulla": "4", "New South Wales_%": "1.9", "New South Wales": "143,450"}, "Australia": {"Australia": "12,231,150", "Clandulla_%": "70.6", "Australia_%": "52.3", "Clandulla": "137", "New South Wales_%": "50.1", "New South Wales": "3,745,787"}, "England": {"Australia": "1,403,096", "Clandulla_%": "5.2", "Australia_%": "6.0", "Clandulla": "10", "New South Wales_%": "4.8", "New South Wales": "359,370"}, "Ireland": {"Australia": "169,273", "Clandulla_%": "1.5", "Australia_%": "0.7", "Clandulla": "3", "New South Wales_%": "0.7", "New South Wales": "52,104"}}, "Country of birth of father and/or mother, stated responses": {"Father only born overseas": {"Australia": "1,488,092", "Clandulla_%": "3.6", "Australia_%": "6.4", "Clandulla": "7", "New South Wales_%": "6.1", "New South Wales": "458,394"}, "Mother only born overseas": {"Australia": "1,094,591", "Clandulla_%": "2.6", "Australia_%": "4.7", "Clandulla": "5", "New South Wales_%": "4.3", "New South Wales": "325,182"}, "Both parents born overseas": {"Australia": "8,051,196", "Clandulla_%": "11.4", "Australia_%": "34.4", "Clandulla": "22", "New South Wales_%": "37.0", "New South Wales": "2,764,170"}, "Both parents born in Australia": {"Australia": "11,070,538", "Clandulla_%": "66.8", "Australia_%": "47.3", "Clandulla": "129", "New South Wales_%": "45.4", "New South Wales": "3,399,725"}}, "Rent weekly payments": {"Households where rent payments are less than 30% of household income": {"Australia": "--", "Clandulla_%": "93.2", "Australia_%": "88.5", "Clandulla": "--", "New South Wales_%": "87.1", "New South Wales": "--"}, "Households with rent payments greater than or equal to 30% of household income": {"Australia": "--", "Clandulla_%": "6.8", "Australia_%": "11.5", "Clandulla": "--", "New South Wales_%": "12.9", "New South Wales": "--"}, "Median rent": {"Australia": "335", "Clandulla_%": "--", "Australia_%": "--", "Clandulla": "200", "New South Wales_%": "--", "New South Wales": "380"}}, "Registered marital status": {"Separated": {"Australia": "608,059", "Clandulla_%": "3.9", "Australia_%": "3.2", "Clandulla": "6", "New South Wales_%": "3.1", "New South Wales": "190,198"}, "Widowed": {"Australia": "985,204", "Clandulla_%": "5.2", "Australia_%": "5.2", "Clandulla": "8", "New South Wales_%": "5.4", "New South Wales": "331,653"}, "Married": {"Australia": "9,148,218", "Clandulla_%": "40.9", "Australia_%": "48.1", "Clandulla": "63", "New South Wales_%": "48.7", "New South Wales": "2,965,280"}, "Divorced": {"Australia": "1,626,890", "Clandulla_%": "5.8", "Australia_%": "8.5", "Clandulla": "9", "New South Wales_%": "8.4", "New South Wales": "512,298"}, "Never married": {"Australia": "6,668,910", "Clandulla_%": "44.2", "Australia_%": "35.0", "Clandulla": "68", "New South Wales_%": "34.4", "New South Wales": "2,094,460"}}, "summaryTable_qsPeople": {"Male": "54%", "Median age": "45", "Female": "46%", "People": "197"}, "Dwelling characteristics": {"Average number of people per household": {"Australia": "3.2", "Clandulla_%": "--", "Australia_%": "--", "Clandulla": "4.5", "New South Wales_%": "--", "New South Wales": "3.1"}, "Average number of persons per bedroom": {"Australia": "1", "Clandulla_%": "--", "Australia_%": "--", "Clandulla": "0", "New South Wales_%": "--", "New South Wales": "1"}, "Median weekly household income": {"Australia": "1,203", "Clandulla_%": "--", "Australia_%": "--", "Clandulla": "900", "New South Wales_%": "--", "New South Wales": "1,214"}}, "Unpaid work": {"Did unpaid domestic work (last week)": {"Australia": "13,143,914", "Clandulla_%": "58.0", "Australia_%": "69.0", "Clandulla": "94", "New South Wales_%": "67.7", "New South Wales": "4,127,723"}, "Provided unpaid assistance to a person with a disability (last two weeks)": {"Australia": "2,145,203", "Clandulla_%": "18.5", "Australia_%": "11.3", "Clandulla": "29", "New South Wales_%": "11.6", "New South Wales": "709,415"}, "Did voluntary work through an organisation or group (last 12 months)": {"Australia": "3,620,726", "Clandulla_%": "22.5", "Australia_%": "19.0", "Clandulla": "36", "New South Wales_%": "18.1", "New South Wales": "1,103,790"}, "Cared for child/children (last two weeks)": {"Australia": "5,259,400", "Clandulla_%": "25.0", "Australia_%": "27.6", "Clandulla": "38", "New South Wales_%": "27.2", "New South Wales": "1,659,250"}}, "Unpaid domestic work, number of hours": {"5 to 14 hours per week": {"Australia": "4,944,578", "Clandulla_%": "18.1", "Australia_%": "26.0", "Clandulla": "30", "New South Wales_%": "25.1", "New South Wales": "1,531,206"}, "30 hours or more per week": {"Australia": "1,710,970", "Clandulla_%": "19.3", "Australia_%": "9.0", "Clandulla": "32", "New South Wales_%": "9.0", "New South Wales": "545,925"}, "Less than 5 hours per week": {"Australia": "4,298,593", "Clandulla_%": "9.0", "Australia_%": "22.6", "Clandulla": "15", "New South Wales_%": "22.3", "New South Wales": "1,359,656"}, "15 to 29 hours per week": {"Australia": "2,189,776", "Clandulla_%": "12.7", "Australia_%": "11.5", "Clandulla": "21", "New South Wales_%": "11.3", "New South Wales": "690,934"}}, "Industry of employment, top responses": {"Coal Mining": {"Australia": "46,491", "Clandulla_%": "22.6", "Australia_%": "0.4", "Clandulla": "7", "New South Wales_%": "0.6", "New South Wales": "19,153"}, "Supermarket and Grocery Stores": {"Australia": "254,275", "Clandulla_%": "12.9", "Australia_%": "2.4", "Clandulla": "4", "New South Wales_%": "2.2", "New South Wales": "74,487"}, "Pubs, Taverns and Bars": {"Australia": "75,989", "Clandulla_%": "9.7", "Australia_%": "0.7", "Clandulla": "3", "New South Wales_%": "0.7", "New South Wales": "23,597"}, "Cafes and Restaurants": {"Australia": "253,385", "Clandulla_%": "9.7", "Australia_%": "2.4", "Clandulla": "3", "New South Wales_%": "2.4", "New South Wales": "80,552"}, "Beef Cattle Farming (Specialised)": {"Australia": "44,309", "Clandulla_%": "9.7", "Australia_%": "0.4", "Clandulla": "3", "New South Wales_%": "0.4", "New South Wales": "13,478"}}, "GeoInfo": {"city": "Clandulla"}, "Education": {"University or tertiary institution": {"Australia": "1,160,626", "Clandulla_%": "0.0", "Australia_%": "16.1", "Clandulla": "0", "New South Wales_%": "16.2", "New South Wales": "376,133"}, "Secondary - Catholic": {"Australia": "338,384", "Clandulla_%": "0.0", "Australia_%": "4.7", "Clandulla": "0", "New South Wales_%": "5.1", "New South Wales": "117,689"}, "Secondary - other non Government": {"Australia": "280,618", "Clandulla_%": "0.0", "Australia_%": "3.9", "Clandulla": "0", "New South Wales_%": "3.4", "New South Wales": "79,915"}, "Primary - Catholic": {"Australia": "380,604", "Clandulla_%": "0.0", "Australia_%": "5.3", "Clandulla": "0", "New South Wales_%": "5.3", "New South Wales": "122,099"}, "Primary - Government": {"Australia": "1,314,787", "Clandulla_%": "12.5", "Australia_%": "18.2", "Clandulla": "9", "New South Wales_%": "18.0", "New South Wales": "417,465"}, "Other": {"Australia": "198,383", "Clandulla_%": "0.0", "Australia_%": "2.8", "Clandulla": "0", "New South Wales_%": "2.7", "New South Wales": "63,673"}, "Technical or further education institution": {"Australia": "424,869", "Clandulla_%": "6.9", "Australia_%": "5.9", "Clandulla": "5", "New South Wales_%": "6.2", "New South Wales": "144,103"}, "Secondary - Government": {"Australia": "827,505", "Clandulla_%": "22.2", "Australia_%": "11.5", "Clandulla": "16", "New South Wales_%": "11.6", "New South Wales": "269,249"}, "Primary - other non Government": {"Australia": "231,490", "Clandulla_%": "0.0", "Australia_%": "3.2", "Clandulla": "0", "New South Wales_%": "2.9", "New South Wales": "67,611"}, "Not stated": {"Australia": "1,707,023", "Clandulla_%": "58.3", "Australia_%": "23.7", "Clandulla": "42", "New South Wales_%": "23.0", "New South Wales": "535,266"}, "Preschool": {"Australia": "347,621", "Clandulla_%": "0.0", "Australia_%": "4.8", "Clandulla": "0", "New South Wales_%": "5.7", "New South Wales": "132,047"}}, "Employment": {"Unemployed": {"Australia": "787,452", "Clandulla_%": "8.5", "Australia_%": "6.9", "Clandulla": "5", "New South Wales_%": "6.3", "New South Wales": "225,546"}, "Worked part-time": {"Australia": "3,491,503", "Clandulla_%": "32.2", "Australia_%": "30.4", "Clandulla": "19", "New South Wales_%": "29.7", "New South Wales": "1,071,151"}, "Away from work": {"Australia": "569,276", "Clandulla_%": "8.5", "Australia_%": "5.0", "Clandulla": "5", "New South Wales_%": "4.8", "New South Wales": "174,654"}, "Worked full-time": {"Australia": "6,623,065", "Clandulla_%": "50.8", "Australia_%": "57.7", "Clandulla": "30", "New South Wales_%": "59.2", "New South Wales": "2,134,521"}}, "Travel to work, top responses": {"People who travelled to work by car as driver or passenger": {"Australia": "7,305,271", "Clandulla_%": "75.0", "Australia_%": "68.4", "Clandulla": "33", "New South Wales_%": "64.6", "New South Wales": "2,182,854"}, "Car, as driver": {"Australia": "6,574,571", "Clandulla_%": "70.5", "Australia_%": "61.5", "Clandulla": "31", "New South Wales_%": "57.8", "New South Wales": "1,953,399"}, "null": {"Australia": "None", "Clandulla_%": null, "Australia_%": "None", "Clandulla": null, "New South Wales_%": "None", "New South Wales": "None"}, "Worked at home": {"Australia": "503,582", "Clandulla_%": "9.1", "Australia_%": "4.7", "Clandulla": "4", "New South Wales_%": "4.8", "New South Wales": "163,026"}, "Car, as passenger": {"Australia": "489,922", "Clandulla_%": "6.8", "Australia_%": "4.6", "Clandulla": "3", "New South Wales_%": "4.3", "New South Wales": "144,820"}}, "Occupation": {"Professionals": {"Australia": "2,370,966", "Clandulla_%": "6.2", "Australia_%": "22.2", "Clandulla": "3", "New South Wales_%": "23.6", "New South Wales": "798,126"}, "Managers": {"Australia": "1,390,047", "Clandulla_%": "8.3", "Australia_%": "13.0", "Clandulla": "4", "New South Wales_%": "13.5", "New South Wales": "456,084"}, "Community and Personal Service Workers": {"Australia": "1,157,003", "Clandulla_%": "14.6", "Australia_%": "10.8", "Clandulla": "7", "New South Wales_%": "10.4", "New South Wales": "350,261"}, "Clerical and Administrative Workers": {"Australia": "1,449,681", "Clandulla_%": "6.2", "Australia_%": "13.6", "Clandulla": "3", "New South Wales_%": "13.8", "New South Wales": "467,977"}, "Machinery Operators and Drivers": {"Australia": "670,106", "Clandulla_%": "10.4", "Australia_%": "6.3", "Clandulla": "5", "New South Wales_%": "6.1", "New South Wales": "206,839"}, "Labourers": {"Australia": "1,011,520", "Clandulla_%": "6.2", "Australia_%": "9.5", "Clandulla": "3", "New South Wales_%": "8.8", "New South Wales": "297,887"}, "Sales Workers": {"Australia": "1,000,955", "Clandulla_%": "20.8", "Australia_%": "9.4", "Clandulla": "10", "New South Wales_%": "9.2", "New South Wales": "311,414"}, "Technicians and Trades Workers": {"Australia": "1,447,414", "Clandulla_%": "27.1", "Australia_%": "13.5", "Clandulla": "13", "New South Wales_%": "12.7", "New South Wales": "429,239"}}}