{"Employment - hours worked": {"40 hours or more per week": {"New South Wales_%": "44.1", "Coomba Park_%": "41.3", "Australia": "4,591,801", "Australia_%": "43.0", "Coomba Park": "50", "New South Wales": "1,489,099"}, "25-34 hours per week": {"New South Wales_%": "10.5", "Coomba Park_%": "14.9", "Australia": "1,193,445", "Australia_%": "11.2", "Coomba Park": "18", "New South Wales": "353,702"}, "16-24 hours per week": {"New South Wales_%": "10.4", "Coomba Park_%": "14.0", "Australia": "1,079,236", "Australia_%": "10.1", "Coomba Park": "17", "New South Wales": "352,817"}, "35-39 hours per week": {"New South Wales_%": "19.1", "Coomba Park_%": "9.9", "Australia": "2,031,263", "Australia_%": "19.0", "Coomba Park": "12", "New South Wales": "645,428"}, "1-15 hours per week": {"New South Wales_%": "10.8", "Coomba Park_%": "16.5", "Australia": "1,218,823", "Australia_%": "11.4", "Coomba Park": "20", "New South Wales": "364,637"}}, "Number of registered motor vehicles": {"2 motor vehicles": {"New South Wales_%": "34.1", "Coomba Park_%": "32.2", "Australia": "2,999,184", "Australia_%": "36.2", "Coomba Park": "85", "New South Wales": "887,849"}, "None": {"New South Wales_%": "9.2", "Coomba Park_%": "4.2", "Australia": "623,829", "Australia_%": "7.5", "Coomba Park": "11", "New South Wales": "239,625"}, "Number of motor vehicles not stated": {"New South Wales_%": "3.7", "Coomba Park_%": "3.8", "Australia": "285,197", "Australia_%": "3.4", "Coomba Park": "10", "New South Wales": "95,623"}, "1 motor vehicle": {"New South Wales_%": "36.3", "Coomba Park_%": "44.7", "Australia": "2,881,485", "Australia_%": "34.8", "Coomba Park": "118", "New South Wales": "946,159"}, "3 or more vehicles": {"New South Wales_%": "16.7", "Coomba Park_%": "15.2", "Australia": "1,496,382", "Australia_%": "18.1", "Coomba Park": "40", "New South Wales": "435,053"}}, "Employment status of parents in couple families": {"Labour force status not stated (by one or both parents in a couple family)": {"New South Wales_%": "5.7", "Coomba Park_%": "7.7", "Australia": "311,381", "Australia_%": "6.2", "Coomba Park": "11", "New South Wales": "90,630"}, "One employed full-time, one part-time": {"New South Wales_%": "20.6", "Coomba Park_%": "5.6", "Australia": "1,086,460", "Australia_%": "21.7", "Coomba Park": "8", "New South Wales": "329,567"}, "One employed part-time, other not working": {"New South Wales_%": "6.1", "Coomba Park_%": "12.7", "Australia": "302,037", "Australia_%": "6.0", "Coomba Park": "18", "New South Wales": "96,933"}, "Other (includes away from work)": {"New South Wales_%": "5.1", "Coomba Park_%": "0.0", "Australia": "264,145", "Australia_%": "5.3", "Coomba Park": "0", "New South Wales": "80,905"}, "Both employed, worked full-time": {"New South Wales_%": "22.6", "Coomba Park_%": "2.8", "Australia": "1,084,006", "Australia_%": "21.6", "Coomba Park": "4", "New South Wales": "360,916"}, "One employed full-time, other not working": {"New South Wales_%": "15.0", "Coomba Park_%": "11.3", "Australia": "749,886", "Australia_%": "15.0", "Coomba Park": "16", "New South Wales": "240,084"}, "Both employed, worked part-time": {"New South Wales_%": "4.0", "Coomba Park_%": "2.1", "Australia": "203,596", "Australia_%": "4.1", "Coomba Park": "3", "New South Wales": "63,106"}, "Both not working": {"New South Wales_%": "21.0", "Coomba Park_%": "57.7", "Australia": "1,006,697", "Australia_%": "20.1", "Coomba Park": "82", "New South Wales": "334,742"}}, "Country of birth of mother, stated responses": {"Germany": {"New South Wales_%": "0.6", "Coomba Park_%": "1.7", "Australia": "169,618", "Australia_%": "0.7", "Coomba Park": "10", "New South Wales": "47,489"}, "New Zealand": {"New South Wales_%": "1.9", "Coomba Park_%": "3.2", "Australia": "608,329", "Australia_%": "2.6", "Coomba Park": "19", "New South Wales": "139,899"}, "Australia": {"New South Wales_%": "51.9", "Coomba Park_%": "62.6", "Australia": "12,643,365", "Australia_%": "54.0", "Coomba Park": "377", "New South Wales": "3,884,762"}, "England": {"New South Wales_%": "4.3", "Coomba Park_%": "9.3", "Australia": "1,302,147", "Australia_%": "5.6", "Coomba Park": "56", "New South Wales": "322,472"}, "Scotland": {"New South Wales_%": "0.8", "Coomba Park_%": "1.2", "Australia": "245,915", "Australia_%": "1.1", "Coomba Park": "7", "New South Wales": "63,302"}}, "Dwelling structure": {"Other dwelling": {"New South Wales_%": "0.9", "Coomba Park_%": "0.0", "Australia": "64,425", "Australia_%": "0.8", "Coomba Park": "0", "New South Wales": "23,580"}, "Semi-detached, row or terrace house, townhouse etc": {"New South Wales_%": "12.2", "Coomba Park_%": "0.0", "Australia": "1,055,016", "Australia_%": "12.7", "Coomba Park": "0", "New South Wales": "317,453"}, "Separate house": {"New South Wales_%": "66.4", "Coomba Park_%": "98.8", "Australia": "6,041,788", "Australia_%": "72.9", "Coomba Park": "257", "New South Wales": "1,729,820"}, "Flat or apartment": {"New South Wales_%": "19.9", "Coomba Park_%": "0.0", "Australia": "1,087,434", "Australia_%": "13.1", "Coomba Park": "0", "New South Wales": "519,390"}}, "Number of bedrooms": {"1 bedroom": {"New South Wales_%": "6.0", "Coomba Park_%": "4.2", "Australia": "411,252", "Australia_%": "5.0", "Coomba Park": "11", "New South Wales": "157,194"}, "3 bedrooms": {"New South Wales_%": "37.2", "Coomba Park_%": "48.3", "Australia": "3,403,190", "Australia_%": "41.1", "Coomba Park": "128", "New South Wales": "970,001"}, "Average number of people per household": {"New South Wales_%": "--", "Coomba Park_%": "--", "Australia": "2.6", "Australia_%": "--", "Coomba Park": "1.9", "New South Wales": "2.6"}, "2 bedrooms": {"New South Wales_%": "22.2", "Coomba Park_%": "27.9", "Australia": "1,562,759", "Australia_%": "18.9", "Coomba Park": "74", "New South Wales": "577,675"}, "4 or more bedrooms": {"New South Wales_%": "31.3", "Coomba Park_%": "16.2", "Australia": "2,670,758", "Australia_%": "32.2", "Coomba Park": "43", "New South Wales": "816,405"}, "None (includes bedsitters)": {"New South Wales_%": "0.7", "Coomba Park_%": "0.0", "Australia": "39,769", "Australia_%": "0.5", "Coomba Park": "0", "New South Wales": "17,157"}, "Number of bedrooms not stated": {"New South Wales_%": "2.5", "Coomba Park_%": "3.4", "Australia": "198,351", "Australia_%": "2.4", "Coomba Park": "9", "New South Wales": "65,888"}, "Average number of bedrooms per dwelling": {"New South Wales_%": "--", "Coomba Park_%": "--", "Australia": "3.1", "Australia_%": "--", "Coomba Park": "2.8", "New South Wales": "3"}}, "summaryTable_qsFamilies": {"for all families": "0.3", "for families with children": "1.6", "Families": "161", "Average children per family": "None"}, "People characteristics": {"Male": {"New South Wales_%": "49.7", "Coomba Park_%": "46.2", "Australia": "322,171", "Australia_%": "49.6", "Coomba Park": "12", "New South Wales": "107,368"}, "Median age": {"New South Wales_%": "--", "Coomba Park_%": "--", "Australia": "23", "Australia_%": "--", "Coomba Park": "35", "New South Wales": "22"}, "Female": {"New South Wales_%": "50.3", "Coomba Park_%": "53.8", "Australia": "326,996", "Australia_%": "50.4", "Coomba Park": "14", "New South Wales": "108,809"}}, "Dwelling count": {"Unoccupied private dwellings": {"New South Wales_%": "9.9", "Coomba Park_%": "35.2", "Australia": "1,039,874", "Australia_%": "11.2", "Coomba Park": "141", "New South Wales": "284,741"}, "Occupied private dwellings": {"New South Wales_%": "90.1", "Coomba Park_%": "64.8", "Australia": "8,286,073", "Australia_%": "88.8", "Coomba Park": "260", "New South Wales": "2,604,320"}}, "Level of highest educational attainment": {"Certificate level III": {"New South Wales_%": "12.0", "Coomba Park_%": "21.1", "Australia": "2,442,203", "Australia_%": "12.8", "Coomba Park": "118", "New South Wales": "730,498"}, "Certificate level II": {"New South Wales_%": "0.1", "Coomba Park_%": "0.0", "Australia": "13,454", "Australia_%": "0.1", "Coomba Park": "0", "New South Wales": "4,849"}, "No educational attainment": {"New South Wales_%": "0.9", "Coomba Park_%": "0.0", "Australia": "145,844", "Australia_%": "0.8", "Coomba Park": "0", "New South Wales": "54,870"}, "Bachelor Degree level and above": {"New South Wales_%": "23.4", "Coomba Park_%": "7.7", "Australia": "4,181,406", "Australia_%": "22.0", "Coomba Park": "43", "New South Wales": "1,424,716"}, "Certificate level I": {"New South Wales_%": "0.0", "Coomba Park_%": "0.0", "Australia": "2,176", "Australia_%": "0.0", "Coomba Park": "0", "New South Wales": "625"}, "Year 11": {"New South Wales_%": "3.3", "Coomba Park_%": "3.4", "Australia": "941,531", "Australia_%": "4.9", "Coomba Park": "19", "New South Wales": "203,574"}, "Not stated": {"New South Wales_%": "10.3", "Coomba Park_%": "17.5", "Australia": "1,974,794", "Australia_%": "10.4", "Coomba Park": "98", "New South Wales": "627,465"}, "Year 9 or below": {"New South Wales_%": "8.4", "Coomba Park_%": "14.8", "Australia": "1,529,897", "Australia_%": "8.0", "Coomba Park": "83", "New South Wales": "513,209"}, "Certificate level IV": {"New South Wales_%": "2.8", "Coomba Park_%": "2.7", "Australia": "551,767", "Australia_%": "2.9", "Coomba Park": "15", "New South Wales": "167,947"}, "Year 10": {"New South Wales_%": "11.5", "Coomba Park_%": "13.9", "Australia": "2,054,331", "Australia_%": "10.8", "Coomba Park": "78", "New South Wales": "702,178"}, "Year 12": {"New South Wales_%": "15.3", "Coomba Park_%": "8.9", "Australia": "2,994,097", "Australia_%": "15.7", "Coomba Park": "50", "New South Wales": "930,654"}, "Advanced Diploma and Diploma level": {"New South Wales_%": "8.9", "Coomba Park_%": "5.5", "Australia": "1,687,893", "Australia_%": "8.9", "Coomba Park": "31", "New South Wales": "543,142"}}, "Median weekly incomes": {"Personal": {"New South Wales_%": "--", "Coomba Park_%": "--", "Australia": "662", "Australia_%": "--", "Coomba Park": "410", "New South Wales": "664"}, "Household": {"New South Wales_%": "--", "Coomba Park_%": "--", "Australia": "1,438", "Australia_%": "--", "Coomba Park": "728", "New South Wales": "1,486"}, "Family": {"New South Wales_%": "--", "Coomba Park_%": "--", "Australia": "1,734", "Australia_%": "--", "Coomba Park": "907", "New South Wales": "1,780"}}, "Family composition": {"Other family": {"New South Wales_%": "1.7", "Coomba Park_%": "0.0", "Australia": "102,559", "Australia_%": "1.7", "Coomba Park": "0", "New South Wales": "32,438"}, "Couple family with children": {"New South Wales_%": "45.7", "Coomba Park_%": "21.0", "Australia": "2,716,224", "Australia_%": "44.7", "Coomba Park": "34", "New South Wales": "887,358"}, "Couple family without children": {"New South Wales_%": "36.6", "Coomba Park_%": "64.8", "Australia": "2,291,987", "Australia_%": "37.8", "Coomba Park": "105", "New South Wales": "709,524"}, "One parent family": {"New South Wales_%": "16.0", "Coomba Park_%": "14.2", "Australia": "959,543", "Australia_%": "15.8", "Coomba Park": "23", "New South Wales": "310,906"}}, "Dwelling internet connection": {"Not stated": {"New South Wales_%": "2.8", "Coomba Park_%": "1.5", "Australia": "221,494", "Australia_%": "2.7", "Coomba Park": "4", "New South Wales": "73,565"}, "Internet not accessed from dwelling": {"New South Wales_%": "14.7", "Coomba Park_%": "21.9", "Australia": "1,172,415", "Australia_%": "14.1", "Coomba Park": "57", "New South Wales": "381,709"}, "Internet accessed from dwelling": {"New South Wales_%": "82.5", "Coomba Park_%": "76.5", "Australia": "6,892,165", "Australia_%": "83.2", "Coomba Park": "199", "New South Wales": "2,149,040"}}, "Social marital status": {"Not married": {"New South Wales_%": "42.3", "Coomba Park_%": "39.2", "Australia": "7,024,973", "Australia_%": "41.9", "Coomba Park": "173", "New South Wales": "2,290,887"}, "De facto marriage": {"New South Wales_%": "9.4", "Coomba Park_%": "11.1", "Australia": "1,751,731", "Australia_%": "10.4", "Coomba Park": "49", "New South Wales": "506,133"}, "Registered marriage": {"New South Wales_%": "48.3", "Coomba Park_%": "49.7", "Australia": "8,001,141", "Australia_%": "47.7", "Coomba Park": "219", "New South Wales": "2,612,630"}}, "Household composition": {"Family households": {"New South Wales_%": "72.0", "Coomba Park_%": "61.2", "Australia": "5,907,625", "Australia_%": "71.3", "Coomba Park": "159", "New South Wales": "1,874,524"}, "Group households": {"New South Wales_%": "4.2", "Coomba Park_%": "3.1", "Australia": "354,917", "Australia_%": "4.3", "Coomba Park": "8", "New South Wales": "109,004"}, "Single (or lone) person households": {"New South Wales_%": "23.8", "Coomba Park_%": "35.8", "Australia": "2,023,542", "Australia_%": "24.4", "Coomba Park": "93", "New South Wales": "620,778"}}, "People": {"Male": {"New South Wales_%": "49.3", "Coomba Park_%": "52.8", "Australia": "11,546,638", "Australia_%": "49.3", "Coomba Park": "331", "New South Wales": "3,686,014"}, "Aboriginal and/or Torres Strait Islander people": {"New South Wales_%": "2.9", "Coomba Park_%": "4.0", "Australia": "649,171", "Australia_%": "2.8", "Coomba Park": "25", "New South Wales": "216,176"}, "Female": {"New South Wales_%": "50.7", "Coomba Park_%": "47.2", "Australia": "11,855,248", "Australia_%": "50.7", "Coomba Park": "296", "New South Wales": "3,794,217"}}, "Language, top responses (other than English)": {"Persian (excluding Dari)": {"New South Wales_%": "0.3", "Coomba Park_%": "0.5", "Australia": "58,313", "Australia_%": "0.2", "Coomba Park": "3", "New South Wales": "22,044"}, "Households where a non English language is spoken": {"New South Wales_%": "26.5", "Coomba Park_%": "3.6", "Australia": "1,971,011", "Australia_%": "22.2", "Coomba Park": "11", "New South Wales": "735,563"}, "null": {"New South Wales_%": "None", "Coomba Park_%": null, "Australia": "None", "Australia_%": "None", "Coomba Park": null, "New South Wales": "None"}, "Tagalog": {"New South Wales_%": "0.6", "Coomba Park_%": "0.5", "Australia": "111,273", "Australia_%": "0.5", "Coomba Park": "3", "New South Wales": "45,130"}, "English only spoken at home": {"New South Wales_%": "68.5", "Coomba Park_%": "85.2", "Australia": "17,020,417", "Australia_%": "72.7", "Coomba Park": "528", "New South Wales": "5,126,633"}}, "summaryTable_qsDwelling": {"Median monthly mortgage repayments": "$867", "All private dwellings": "445", "Average people per household": "1.9", "Median weekly household income": "$728", "Median weekly rent": "$250", "Average motor vehicles per dwelling": "1.6"}, "Household income": {"Less than $650 gross weekly income": {"New South Wales_%": "19.7", "Coomba Park_%": "42.0", "Australia": "--", "Australia_%": "20.0", "Coomba Park": "--", "New South Wales": "--"}, "More than $3000 gross weekly income": {"New South Wales_%": "18.7", "Coomba Park_%": "1.3", "Australia": "--", "Australia_%": "16.4", "Coomba Park": "--", "New South Wales": "--"}}, "Country of birth": {"Other top responses": {"Coomba Park": "None", "Coomba Park_%": "None"}, "Australia": {"New South Wales_%": "65.5", "Coomba Park_%": "69.7", "Australia": "15,614,835", "Australia_%": "66.7", "Coomba Park": "424", "New South Wales": "4,899,090"}, "England": {"New South Wales_%": "3.0", "Coomba Park_%": "6.6", "Australia": "907,570", "Australia_%": "3.9", "Coomba Park": "40", "New South Wales": "226,564"}, "Philippines": {"New South Wales_%": "1.2", "Coomba Park_%": "0.7", "Australia": "232,386", "Australia_%": "1.0", "Coomba Park": "4", "New South Wales": "86,749"}, "Netherlands": {"New South Wales_%": "0.2", "Coomba Park_%": "1.5", "Australia": "70,172", "Australia_%": "0.3", "Coomba Park": "9", "New South Wales": "16,900"}, "Germany": {"New South Wales_%": "0.4", "Coomba Park_%": "1.6", "Australia": "102,595", "Australia_%": "0.4", "Coomba Park": "10", "New South Wales": "29,541"}, "New Zealand": {"New South Wales_%": "1.6", "Coomba Park_%": "2.5", "Australia": "518,466", "Australia_%": "2.2", "Coomba Park": "15", "New South Wales": "117,136"}}, "Religious affiliation, top responses": {"No Religion, so described": {"New South Wales_%": "25.1", "Coomba Park_%": "28.3", "Australia": "6,933,708", "Australia_%": "29.6", "Coomba Park": "177", "New South Wales": "1,879,562"}, "Anglican": {"New South Wales_%": "15.5", "Coomba Park_%": "26.0", "Australia": "3,101,185", "Australia_%": "13.3", "Coomba Park": "163", "New South Wales": "1,161,810"}, "Not stated": {"New South Wales_%": "9.2", "Coomba Park_%": "16.8", "Australia": "2,238,735", "Australia_%": "9.6", "Coomba Park": "105", "New South Wales": "684,969"}, "Uniting Church": {"New South Wales_%": "2.9", "Coomba Park_%": "3.0", "Australia": "870,183", "Australia_%": "3.7", "Coomba Park": "19", "New South Wales": "217,258"}, "Catholic": {"New South Wales_%": "24.7", "Coomba Park_%": "17.4", "Australia": "5,291,834", "Australia_%": "22.6", "Coomba Park": "109", "New South Wales": "1,846,443"}}, "Ancestry, top responses": {"German": {"New South Wales_%": "2.4", "Coomba Park_%": "3.5", "Australia": "982,226", "Australia_%": "3.1", "Coomba Park": "28", "New South Wales": "236,146"}, "Australian": {"New South Wales_%": "22.9", "Coomba Park_%": "29.5", "Australia": "7,298,243", "Australia_%": "23.3", "Coomba Park": "236", "New South Wales": "2,261,062"}, "Scottish": {"New South Wales_%": "5.9", "Coomba Park_%": "7.4", "Australia": "2,023,470", "Australia_%": "6.4", "Coomba Park": "59", "New South Wales": "587,052"}, "Irish": {"New South Wales_%": "7.5", "Coomba Park_%": "7.1", "Australia": "2,388,058", "Australia_%": "7.6", "Coomba Park": "57", "New South Wales": "741,671"}, "English": {"New South Wales_%": "23.3", "Coomba Park_%": "33.1", "Australia": "7,852,224", "Australia_%": "25.0", "Coomba Park": "265", "New South Wales": "2,302,481"}}, "Age": {"35-39 years": {"New South Wales_%": "6.7", "Coomba Park_%": "4.2", "Australia": "1,561,679", "Australia_%": "6.7", "Coomba Park": "26", "New South Wales": "499,724"}, "60-64 years": {"New South Wales_%": "5.6", "Coomba Park_%": "12.5", "Australia": "1,299,397", "Australia_%": "5.6", "Coomba Park": "78", "New South Wales": "420,044"}, "30-34 years": {"New South Wales_%": "7.2", "Coomba Park_%": "1.9", "Australia": "1,703,847", "Australia_%": "7.3", "Coomba Park": "12", "New South Wales": "540,360"}, "0-4 years": {"New South Wales_%": "6.2", "Coomba Park_%": "1.6", "Australia": "1,464,779", "Australia_%": "6.3", "Coomba Park": "10", "New South Wales": "465,135"}, "25-29 years": {"New South Wales_%": "7.0", "Coomba Park_%": "1.3", "Australia": "1,664,602", "Australia_%": "7.1", "Coomba Park": "8", "New South Wales": "527,161"}, "10-14 years": {"New South Wales_%": "5.9", "Coomba Park_%": "4.6", "Australia": "1,397,183", "Australia_%": "6.0", "Coomba Park": "29", "New South Wales": "443,009"}, "5-9 years": {"New South Wales_%": "6.4", "Coomba Park_%": "3.7", "Australia": "1,502,646", "Australia_%": "6.4", "Coomba Park": "23", "New South Wales": "478,184"}, "Median age": {"New South Wales_%": "--", "Coomba Park_%": "--", "Australia": "38", "Australia_%": "--", "Coomba Park": "58", "New South Wales": "38"}, "50-54 years": {"New South Wales_%": "6.5", "Coomba Park_%": "8.5", "Australia": "1,523,551", "Australia_%": "6.5", "Coomba Park": "53", "New South Wales": "485,546"}, "80-84 years": {"New South Wales_%": "2.1", "Coomba Park_%": "3.4", "Australia": "460,549", "Australia_%": "2.0", "Coomba Park": "21", "New South Wales": "155,806"}, "40-44 years": {"New South Wales_%": "6.7", "Coomba Park_%": "4.2", "Australia": "1,583,257", "Australia_%": "6.8", "Coomba Park": "26", "New South Wales": "503,169"}, "70-74 years": {"New South Wales_%": "3.9", "Coomba Park_%": "9.9", "Australia": "887,716", "Australia_%": "3.8", "Coomba Park": "62", "New South Wales": "292,556"}, "15-19 years": {"New South Wales_%": "6.0", "Coomba Park_%": "3.7", "Australia": "1,421,595", "Australia_%": "6.1", "Coomba Park": "23", "New South Wales": "448,425"}, "65-69 years": {"New South Wales_%": "5.1", "Coomba Park_%": "13.9", "Australia": "1,188,999", "Australia_%": "5.1", "Coomba Park": "87", "New South Wales": "384,470"}, "20-24 years": {"New South Wales_%": "6.5", "Coomba Park_%": "1.8", "Australia": "1,566,793", "Australia_%": "6.7", "Coomba Park": "11", "New South Wales": "489,673"}, "55-59 years": {"New South Wales_%": "6.3", "Coomba Park_%": "13.0", "Australia": "1,454,332", "Australia_%": "6.2", "Coomba Park": "81", "New South Wales": "469,726"}, "75-79 years": {"New South Wales_%": "2.9", "Coomba Park_%": "6.1", "Australia": "652,657", "Australia_%": "2.8", "Coomba Park": "38", "New South Wales": "217,308"}, "45-49 years": {"New South Wales_%": "6.6", "Coomba Park_%": "4.5", "Australia": "1,581,455", "Australia_%": "6.8", "Coomba Park": "28", "New South Wales": "492,440"}, "85 years and over": {"New South Wales_%": "2.2", "Coomba Park_%": "1.3", "Australia": "486,842", "Australia_%": "2.1", "Coomba Park": "8", "New South Wales": "167,506"}}, "Single (or lone) parents": {"Male": {"New South Wales_%": "17.8", "Coomba Park_%": "14.3", "Australia": "--", "Australia_%": "18.2", "Coomba Park": "--", "New South Wales": "--"}, "Female": {"New South Wales_%": "82.2", "Coomba Park_%": "85.7", "Australia": "--", "Australia_%": "81.8", "Coomba Park": "--", "New South Wales": "--"}}, "Mortgage monthly repayments": {"Median mortgage repayments": {"New South Wales_%": "--", "Coomba Park_%": "--", "Australia": "1,755", "Australia_%": "--", "Coomba Park": "867", "New South Wales": "1,986"}, "Households where mortgage repayments are less than 30% of household income": {"New South Wales_%": "92.6", "Coomba Park_%": "88.4", "Australia": "--", "Australia_%": "92.8", "Coomba Park": "--", "New South Wales": "--"}, "Households with mortgage repayments greater than or equal to 30% of household income": {"New South Wales_%": "7.4", "Coomba Park_%": "11.6", "Australia": "--", "Australia_%": "7.2", "Coomba Park": "--", "New South Wales": "--"}}, "Mortgage and rent": {"Median monthly mortgage repayments": {"New South Wales_%": "--", "Coomba Park_%": "--", "Australia": "1,660", "Australia_%": "--", "Coomba Park": "900", "New South Wales": "1,733"}, "Median weekly rent": {"New South Wales_%": "--", "Coomba Park_%": "--", "Australia": "250", "Australia_%": "--", "Coomba Park": "333", "New South Wales": "270"}}, "Tenure": {"Rented": {"New South Wales_%": "31.8", "Coomba Park_%": "10.6", "Australia": "2,561,302", "Australia_%": "30.9", "Coomba Park": "28", "New South Wales": "826,922"}, "Owned outright": {"New South Wales_%": "32.2", "Coomba Park_%": "55.5", "Australia": "2,565,695", "Australia_%": "31.0", "Coomba Park": "146", "New South Wales": "839,665"}, "Owned with a mortgage": {"New South Wales_%": "32.3", "Coomba Park_%": "30.0", "Australia": "2,855,222", "Australia_%": "34.5", "Coomba Park": "79", "New South Wales": "840,004"}, "Tenure type not stated": {"New South Wales_%": "2.8", "Coomba Park_%": "3.8", "Australia": "224,869", "Australia_%": "2.7", "Coomba Park": "10", "New South Wales": "73,763"}, "Other tenure type": {"New South Wales_%": "0.9", "Coomba Park_%": "0.0", "Australia": "78,994", "Australia_%": "1.0", "Coomba Park": "0", "New South Wales": "23,968"}}, "Country of birth of father, stated responses": {"Netherlands": {"New South Wales_%": "0.5", "Coomba Park_%": "2.4", "Australia": "175,354", "Australia_%": "0.7", "Coomba Park": "15", "New South Wales": "40,444"}, "Australia": {"New South Wales_%": "50.1", "Coomba Park_%": "60.1", "Australia": "12,231,150", "Australia_%": "52.3", "Coomba Park": "374", "New South Wales": "3,745,787"}, "England": {"New South Wales_%": "4.8", "Coomba Park_%": "8.7", "Australia": "1,403,096", "Australia_%": "6.0", "Coomba Park": "54", "New South Wales": "359,370"}, "New Zealand": {"New South Wales_%": "1.9", "Coomba Park_%": "2.1", "Australia": "617,331", "Australia_%": "2.6", "Coomba Park": "13", "New South Wales": "143,450"}, "United Kingdom, Channel Islands and Isle of Man, nfd": {"New South Wales_%": "0.6", "Coomba Park_%": "1.9", "Australia": "177,536", "Australia_%": "0.8", "Coomba Park": "12", "New South Wales": "45,238"}}, "Country of birth of father and/or mother, stated responses": {"Father only born overseas": {"New South Wales_%": "6.1", "Coomba Park_%": "5.7", "Australia": "1,488,092", "Australia_%": "6.4", "Coomba Park": "36", "New South Wales": "458,394"}, "Mother only born overseas": {"New South Wales_%": "4.3", "Coomba Park_%": "4.4", "Australia": "1,094,591", "Australia_%": "4.7", "Coomba Park": "28", "New South Wales": "325,182"}, "Both parents born overseas": {"New South Wales_%": "37.0", "Coomba Park_%": "21.4", "Australia": "8,051,196", "Australia_%": "34.4", "Coomba Park": "135", "New South Wales": "2,764,170"}, "Both parents born in Australia": {"New South Wales_%": "45.4", "Coomba Park_%": "54.1", "Australia": "11,070,538", "Australia_%": "47.3", "Coomba Park": "342", "New South Wales": "3,399,725"}}, "Rent weekly payments": {"Households where rent payments are less than 30% of household income": {"New South Wales_%": "87.1", "Coomba Park_%": "95.5", "Australia": "--", "Australia_%": "88.5", "Coomba Park": "--", "New South Wales": "--"}, "Households with rent payments greater than or equal to 30% of household income": {"New South Wales_%": "12.9", "Coomba Park_%": "4.5", "Australia": "--", "Australia_%": "11.5", "Coomba Park": "--", "New South Wales": "--"}, "Median rent": {"New South Wales_%": "--", "Coomba Park_%": "--", "Australia": "335", "Australia_%": "--", "Coomba Park": "250", "New South Wales": "380"}}, "Registered marital status": {"Separated": {"New South Wales_%": "3.1", "Coomba Park_%": "3.1", "Australia": "608,059", "Australia_%": "3.2", "Coomba Park": "17", "New South Wales": "190,198"}, "Widowed": {"New South Wales_%": "5.4", "Coomba Park_%": "9.0", "Australia": "985,204", "Australia_%": "5.2", "Coomba Park": "50", "New South Wales": "331,653"}, "Married": {"New South Wales_%": "48.7", "Coomba Park_%": "53.2", "Australia": "9,148,218", "Australia_%": "48.1", "Coomba Park": "294", "New South Wales": "2,965,280"}, "Divorced": {"New South Wales_%": "8.4", "Coomba Park_%": "14.1", "Australia": "1,626,890", "Australia_%": "8.5", "Coomba Park": "78", "New South Wales": "512,298"}, "Never married": {"New South Wales_%": "34.4", "Coomba Park_%": "20.6", "Australia": "6,668,910", "Australia_%": "35.0", "Coomba Park": "114", "New South Wales": "2,094,460"}}, "summaryTable_qsPeople": {"Male": "52.8%", "Median age": "58", "Female": "47.2%", "People": "625"}, "Dwelling characteristics": {"Average number of people per household": {"New South Wales_%": "--", "Coomba Park_%": "--", "Australia": "3.2", "Australia_%": "--", "Coomba Park": "2.8", "New South Wales": "3.1"}, "Average number of persons per bedroom": {"New South Wales_%": "--", "Coomba Park_%": "--", "Australia": "1", "Australia_%": "--", "Coomba Park": "0.7", "New South Wales": "1"}, "Median weekly household income": {"New South Wales_%": "--", "Coomba Park_%": "--", "Australia": "1,203", "Australia_%": "--", "Coomba Park": "949", "New South Wales": "1,214"}}, "Unpaid work": {"Did unpaid domestic work (last week)": {"New South Wales_%": "67.7", "Coomba Park_%": "62.5", "Australia": "13,143,914", "Australia_%": "69.0", "Coomba Park": "350", "New South Wales": "4,127,723"}, "Provided unpaid assistance to a person with a disability (last two weeks)": {"New South Wales_%": "11.6", "Coomba Park_%": "16.1", "Australia": "2,145,203", "Australia_%": "11.3", "Coomba Park": "90", "New South Wales": "709,415"}, "Did voluntary work through an organisation or group (last 12 months)": {"New South Wales_%": "18.1", "Coomba Park_%": "21.9", "Australia": "3,620,726", "Australia_%": "19.0", "Coomba Park": "123", "New South Wales": "1,103,790"}, "Cared for child/children (last two weeks)": {"New South Wales_%": "27.2", "Coomba Park_%": "12.0", "Australia": "5,259,400", "Australia_%": "27.6", "Coomba Park": "67", "New South Wales": "1,659,250"}}, "Unpaid domestic work, number of hours": {"5 to 14 hours per week": {"New South Wales_%": "25.1", "Coomba Park_%": "20.8", "Australia": "4,944,578", "Australia_%": "26.0", "Coomba Park": "116", "New South Wales": "1,531,206"}, "30 hours or more per week": {"New South Wales_%": "9.0", "Coomba Park_%": "14.1", "Australia": "1,710,970", "Australia_%": "9.0", "Coomba Park": "79", "New South Wales": "545,925"}, "Less than 5 hours per week": {"New South Wales_%": "22.3", "Coomba Park_%": "12.7", "Australia": "4,298,593", "Australia_%": "22.6", "Coomba Park": "71", "New South Wales": "1,359,656"}, "15 to 29 hours per week": {"New South Wales_%": "11.3", "Coomba Park_%": "14.8", "Australia": "2,189,776", "Australia_%": "11.5", "Coomba Park": "83", "New South Wales": "690,934"}}, "Industry of employment, top responses": {"House Construction": {"New South Wales_%": "0.7", "Coomba Park_%": "4.2", "Australia": "86,030", "Australia_%": "0.8", "Coomba Park": "3", "New South Wales": "24,881"}, "Hardware and Building Supplies Retailing": {"New South Wales_%": "0.5", "Coomba Park_%": "5.6", "Australia": "57,056", "Australia_%": "0.5", "Coomba Park": "4", "New South Wales": "16,616"}, "Electrical Services": {"New South Wales_%": "0.8", "Coomba Park_%": "6.9", "Australia": "89,954", "Australia_%": "0.8", "Coomba Park": "5", "New South Wales": "27,238"}, "Aged Care Residential Services": {"New South Wales_%": "2.0", "Coomba Park_%": "5.6", "Australia": "211,621", "Australia_%": "2.0", "Coomba Park": "4", "New South Wales": "67,209"}, "Accommodation": {"New South Wales_%": "1.0", "Coomba Park_%": "6.9", "Australia": "113,377", "Australia_%": "1.1", "Coomba Park": "5", "New South Wales": "34,450"}}, "GeoInfo": {"city": "Coomba Park"}, "Education": {"University or tertiary institution": {"New South Wales_%": "16.2", "Coomba Park_%": "0.0", "Australia": "1,160,626", "Australia_%": "16.1", "Coomba Park": "0", "New South Wales": "376,133"}, "Secondary - Catholic": {"New South Wales_%": "5.1", "Coomba Park_%": "0.0", "Australia": "338,384", "Australia_%": "4.7", "Coomba Park": "0", "New South Wales": "117,689"}, "Secondary - other non Government": {"New South Wales_%": "3.4", "Coomba Park_%": "0.0", "Australia": "280,618", "Australia_%": "3.9", "Coomba Park": "0", "New South Wales": "79,915"}, "Primary - Catholic": {"New South Wales_%": "5.3", "Coomba Park_%": "0.0", "Australia": "380,604", "Australia_%": "5.3", "Coomba Park": "0", "New South Wales": "122,099"}, "Primary - Government": {"New South Wales_%": "18.0", "Coomba Park_%": "20.4", "Australia": "1,314,787", "Australia_%": "18.2", "Coomba Park": "32", "New South Wales": "417,465"}, "Other": {"New South Wales_%": "2.7", "Coomba Park_%": "3.8", "Australia": "198,383", "Australia_%": "2.8", "Coomba Park": "6", "New South Wales": "63,673"}, "Technical or further education institution": {"New South Wales_%": "6.2", "Coomba Park_%": "2.5", "Australia": "424,869", "Australia_%": "5.9", "Coomba Park": "4", "New South Wales": "144,103"}, "Secondary - Government": {"New South Wales_%": "11.6", "Coomba Park_%": "12.7", "Australia": "827,505", "Australia_%": "11.5", "Coomba Park": "20", "New South Wales": "269,249"}, "Primary - other non Government": {"New South Wales_%": "2.9", "Coomba Park_%": "0.0", "Australia": "231,490", "Australia_%": "3.2", "Coomba Park": "0", "New South Wales": "67,611"}, "Not stated": {"New South Wales_%": "23.0", "Coomba Park_%": "58.6", "Australia": "1,707,023", "Australia_%": "23.7", "Coomba Park": "92", "New South Wales": "535,266"}, "Preschool": {"New South Wales_%": "5.7", "Coomba Park_%": "1.9", "Australia": "347,621", "Australia_%": "4.8", "Coomba Park": "3", "New South Wales": "132,047"}}, "Employment": {"Unemployed": {"New South Wales_%": "6.3", "Coomba Park_%": "20.1", "Australia": "787,452", "Australia_%": "6.9", "Coomba Park": "32", "New South Wales": "225,546"}, "Worked part-time": {"New South Wales_%": "29.7", "Coomba Park_%": "38.4", "Australia": "3,491,503", "Australia_%": "30.4", "Coomba Park": "61", "New South Wales": "1,071,151"}, "Away from work": {"New South Wales_%": "4.8", "Coomba Park_%": "3.8", "Australia": "569,276", "Australia_%": "5.0", "Coomba Park": "6", "New South Wales": "174,654"}, "Worked full-time": {"New South Wales_%": "59.2", "Coomba Park_%": "37.7", "Australia": "6,623,065", "Australia_%": "57.7", "Coomba Park": "60", "New South Wales": "2,134,521"}}, "Travel to work, top responses": {"Walked only": {"New South Wales_%": "3.9", "Coomba Park_%": "4.8", "Australia": "370,427", "Australia_%": "3.5", "Coomba Park": "6", "New South Wales": "130,957"}, "Worked at home": {"New South Wales_%": "4.8", "Coomba Park_%": "6.5", "Australia": "503,582", "Australia_%": "4.7", "Coomba Park": "8", "New South Wales": "163,026"}, "People who travelled to work by car as driver or passenger": {"New South Wales_%": "64.6", "Coomba Park_%": "74.8", "Australia": "7,305,271", "Australia_%": "68.4", "Coomba Park": "98", "New South Wales": "2,182,854"}, "null": {"New South Wales_%": "None", "Coomba Park_%": null, "Australia": "None", "Australia_%": "None", "Coomba Park": null, "New South Wales": "None"}, "Car, as driver": {"New South Wales_%": "57.8", "Coomba Park_%": "69.4", "Australia": "6,574,571", "Australia_%": "61.5", "Coomba Park": "86", "New South Wales": "1,953,399"}, "Truck": {"New South Wales_%": "1.0", "Coomba Park_%": "4.8", "Australia": "85,892", "Australia_%": "0.8", "Coomba Park": "6", "New South Wales": "32,908"}, "Car, as passenger": {"New South Wales_%": "4.3", "Coomba Park_%": "5.6", "Australia": "489,922", "Australia_%": "4.6", "Coomba Park": "7", "New South Wales": "144,820"}}, "Occupation": {"Professionals": {"New South Wales_%": "23.6", "Coomba Park_%": "8.1", "Australia": "2,370,966", "Australia_%": "22.2", "Coomba Park": "10", "New South Wales": "798,126"}, "Managers": {"New South Wales_%": "13.5", "Coomba Park_%": "11.3", "Australia": "1,390,047", "Australia_%": "13.0", "Coomba Park": "14", "New South Wales": "456,084"}, "Community and Personal Service Workers": {"New South Wales_%": "10.4", "Coomba Park_%": "13.7", "Australia": "1,157,003", "Australia_%": "10.8", "Coomba Park": "17", "New South Wales": "350,261"}, "Clerical and Administrative Workers": {"New South Wales_%": "13.8", "Coomba Park_%": "5.6", "Australia": "1,449,681", "Australia_%": "13.6", "Coomba Park": "7", "New South Wales": "467,977"}, "Machinery Operators and Drivers": {"New South Wales_%": "6.1", "Coomba Park_%": "7.3", "Australia": "670,106", "Australia_%": "6.3", "Coomba Park": "9", "New South Wales": "206,839"}, "Labourers": {"New South Wales_%": "8.8", "Coomba Park_%": "17.7", "Australia": "1,011,520", "Australia_%": "9.5", "Coomba Park": "22", "New South Wales": "297,887"}, "Sales Workers": {"New South Wales_%": "9.2", "Coomba Park_%": "12.9", "Australia": "1,000,955", "Australia_%": "9.4", "Coomba Park": "16", "New South Wales": "311,414"}, "Technicians and Trades Workers": {"New South Wales_%": "12.7", "Coomba Park_%": "23.4", "Australia": "1,447,414", "Australia_%": "13.5", "Coomba Park": "29", "New South Wales": "429,239"}}}