{"Employment - hours worked": {"40 hours or more per week": {"Australia": "4,591,801", "Coraki_%": "33.6", "Australia_%": "43.0", "New South Wales_%": "44.1", "Coraki": "146", "New South Wales": "1,489,099"}, "25-34 hours per week": {"Australia": "1,193,445", "Coraki_%": "14.1", "Australia_%": "11.2", "New South Wales_%": "10.5", "Coraki": "61", "New South Wales": "353,702"}, "16-24 hours per week": {"Australia": "1,079,236", "Coraki_%": "10.6", "Australia_%": "10.1", "New South Wales_%": "10.4", "Coraki": "46", "New South Wales": "352,817"}, "35-39 hours per week": {"Australia": "2,031,263", "Coraki_%": "22.8", "Australia_%": "19.0", "New South Wales_%": "19.1", "Coraki": "99", "New South Wales": "645,428"}, "1-15 hours per week": {"Australia": "1,218,823", "Coraki_%": "12.2", "Australia_%": "11.4", "New South Wales_%": "10.8", "Coraki": "53", "New South Wales": "364,637"}}, "Number of registered motor vehicles": {"2 motor vehicles": {"Australia": "2,999,184", "Coraki_%": "34.1", "Australia_%": "36.2", "New South Wales_%": "34.1", "Coraki": "150", "New South Wales": "887,849"}, "None": {"Australia": "623,829", "Coraki_%": "5.9", "Australia_%": "7.5", "New South Wales_%": "9.2", "Coraki": "26", "New South Wales": "239,625"}, "Number of motor vehicles not stated": {"Australia": "285,197", "Coraki_%": "4.5", "Australia_%": "3.4", "New South Wales_%": "3.7", "Coraki": "20", "New South Wales": "95,623"}, "1 motor vehicle": {"Australia": "2,881,485", "Coraki_%": "36.8", "Australia_%": "34.8", "New South Wales_%": "36.3", "Coraki": "162", "New South Wales": "946,159"}, "3 or more vehicles": {"Australia": "1,496,382", "Coraki_%": "18.6", "Australia_%": "18.1", "New South Wales_%": "16.7", "Coraki": "82", "New South Wales": "435,053"}}, "Employment status of parents in couple families": {"Labour force status not stated (by one or both parents in a couple family)": {"Australia": "311,381", "Coraki_%": "6.8", "Australia_%": "6.2", "New South Wales_%": "5.7", "Coraki": "16", "New South Wales": "90,630"}, "One employed full-time, one part-time": {"Australia": "1,086,460", "Coraki_%": "17.3", "Australia_%": "21.7", "New South Wales_%": "20.6", "Coraki": "41", "New South Wales": "329,567"}, "One employed part-time, other not working": {"Australia": "302,037", "Coraki_%": "10.5", "Australia_%": "6.0", "New South Wales_%": "6.1", "Coraki": "25", "New South Wales": "96,933"}, "Other (includes away from work)": {"Australia": "264,145", "Coraki_%": "3.8", "Australia_%": "5.3", "New South Wales_%": "5.1", "Coraki": "9", "New South Wales": "80,905"}, "Both employed, worked full-time": {"Australia": "1,084,006", "Coraki_%": "14.8", "Australia_%": "21.6", "New South Wales_%": "22.6", "Coraki": "35", "New South Wales": "360,916"}, "One employed full-time, other not working": {"Australia": "749,886", "Coraki_%": "12.7", "Australia_%": "15.0", "New South Wales_%": "15.0", "Coraki": "30", "New South Wales": "240,084"}, "Both employed, worked part-time": {"Australia": "203,596", "Coraki_%": "3.8", "Australia_%": "4.1", "New South Wales_%": "4.0", "Coraki": "9", "New South Wales": "63,106"}, "Both not working": {"Australia": "1,006,697", "Coraki_%": "30.4", "Australia_%": "20.1", "New South Wales_%": "21.0", "Coraki": "72", "New South Wales": "334,742"}}, "Country of birth of mother, stated responses": {"New Zealand": {"Australia": "608,329", "Coraki_%": "1.0", "Australia_%": "2.6", "New South Wales_%": "1.9", "Coraki": "13", "New South Wales": "139,899"}, "Australia": {"Australia": "12,643,365", "Coraki_%": "79.7", "Australia_%": "54.0", "New South Wales_%": "51.9", "Coraki": "1,004", "New South Wales": "3,884,762"}, "England": {"Australia": "1,302,147", "Coraki_%": "2.9", "Australia_%": "5.6", "New South Wales_%": "4.3", "Coraki": "36", "New South Wales": "322,472"}, "Ireland": {"Australia": "147,423", "Coraki_%": "0.6", "Australia_%": "0.6", "New South Wales_%": "0.6", "Coraki": "7", "New South Wales": "45,638"}, "Netherlands": {"Australia": "152,088", "Coraki_%": "0.7", "Australia_%": "0.6", "New South Wales_%": "0.5", "Coraki": "9", "New South Wales": "34,775"}}, "Dwelling structure": {"Other dwelling": {"Australia": "64,425", "Coraki_%": "0.7", "Australia_%": "0.8", "New South Wales_%": "0.9", "Coraki": "3", "New South Wales": "23,580"}, "Semi-detached, row or terrace house, townhouse etc": {"Australia": "1,055,016", "Coraki_%": "2.3", "Australia_%": "12.7", "New South Wales_%": "12.2", "Coraki": "10", "New South Wales": "317,453"}, "Separate house": {"Australia": "6,041,788", "Coraki_%": "94.5", "Australia_%": "72.9", "New South Wales_%": "66.4", "Coraki": "412", "New South Wales": "1,729,820"}, "Flat or apartment": {"Australia": "1,087,434", "Coraki_%": "1.1", "Australia_%": "13.1", "New South Wales_%": "19.9", "Coraki": "5", "New South Wales": "519,390"}}, "Number of bedrooms": {"1 bedroom": {"Australia": "411,252", "Coraki_%": "0.7", "Australia_%": "5.0", "New South Wales_%": "6.0", "Coraki": "3", "New South Wales": "157,194"}, "3 bedrooms": {"Australia": "3,403,190", "Coraki_%": "54.1", "Australia_%": "41.1", "New South Wales_%": "37.2", "Coraki": "238", "New South Wales": "970,001"}, "Average number of people per household": {"Australia": "2.6", "Coraki_%": "--", "Australia_%": "--", "New South Wales_%": "--", "Coraki": "2.5", "New South Wales": "2.6"}, "2 bedrooms": {"Australia": "1,562,759", "Coraki_%": "15.0", "Australia_%": "18.9", "New South Wales_%": "22.2", "Coraki": "66", "New South Wales": "577,675"}, "4 or more bedrooms": {"Australia": "2,670,758", "Coraki_%": "27.0", "Australia_%": "32.2", "New South Wales_%": "31.3", "Coraki": "119", "New South Wales": "816,405"}, "None (includes bedsitters)": {"Australia": "39,769", "Coraki_%": "0.0", "Australia_%": "0.5", "New South Wales_%": "0.7", "Coraki": "0", "New South Wales": "17,157"}, "Number of bedrooms not stated": {"Australia": "198,351", "Coraki_%": "3.2", "Australia_%": "2.4", "New South Wales_%": "2.5", "Coraki": "14", "New South Wales": "65,888"}, "Average number of bedrooms per dwelling": {"Australia": "3.1", "Coraki_%": "--", "Australia_%": "--", "New South Wales_%": "--", "Coraki": "3.1", "New South Wales": "3"}}, "summaryTable_qsFamilies": {"for all families": "0.7", "for families with children": "1.9", "Families": "312", "Average children per family": "None"}, "People characteristics": {"Male": {"Australia": "322,171", "Coraki_%": "51.0", "Australia_%": "49.6", "New South Wales_%": "49.7", "Coraki": "79", "New South Wales": "107,368"}, "Median age": {"Australia": "23", "Coraki_%": "--", "Australia_%": "--", "New South Wales_%": "--", "Coraki": "22", "New South Wales": "22"}, "Female": {"Australia": "326,996", "Coraki_%": "49.0", "Australia_%": "50.4", "New South Wales_%": "50.3", "Coraki": "76", "New South Wales": "108,809"}}, "Dwelling count": {"Unoccupied private dwellings": {"Australia": "1,039,874", "Coraki_%": "8.2", "Australia_%": "11.2", "New South Wales_%": "9.9", "Coraki": "39", "New South Wales": "284,741"}, "Occupied private dwellings": {"Australia": "8,286,073", "Coraki_%": "91.8", "Australia_%": "88.8", "New South Wales_%": "90.1", "Coraki": "436", "New South Wales": "2,604,320"}}, "Level of highest educational attainment": {"Certificate level III": {"Australia": "2,442,203", "Coraki_%": "16.2", "Australia_%": "12.8", "New South Wales_%": "12.0", "Coraki": "166", "New South Wales": "730,498"}, "Certificate level II": {"Australia": "13,454", "Coraki_%": "0.0", "Australia_%": "0.1", "New South Wales_%": "0.1", "Coraki": "0", "New South Wales": "4,849"}, "No educational attainment": {"Australia": "145,844", "Coraki_%": "0.0", "Australia_%": "0.8", "New South Wales_%": "0.9", "Coraki": "0", "New South Wales": "54,870"}, "Bachelor Degree level and above": {"Australia": "4,181,406", "Coraki_%": "5.8", "Australia_%": "22.0", "New South Wales_%": "23.4", "Coraki": "59", "New South Wales": "1,424,716"}, "Certificate level I": {"Australia": "2,176", "Coraki_%": "0.0", "Australia_%": "0.0", "New South Wales_%": "0.0", "Coraki": "0", "New South Wales": "625"}, "Year 11": {"Australia": "941,531", "Coraki_%": "4.5", "Australia_%": "4.9", "New South Wales_%": "3.3", "Coraki": "46", "New South Wales": "203,574"}, "Not stated": {"Australia": "1,974,794", "Coraki_%": "15.8", "Australia_%": "10.4", "New South Wales_%": "10.3", "Coraki": "162", "New South Wales": "627,465"}, "Year 9 or below": {"Australia": "1,529,897", "Coraki_%": "19.5", "Australia_%": "8.0", "New South Wales_%": "8.4", "Coraki": "200", "New South Wales": "513,209"}, "Certificate level IV": {"Australia": "551,767", "Coraki_%": "3.1", "Australia_%": "2.9", "New South Wales_%": "2.8", "Coraki": "32", "New South Wales": "167,947"}, "Year 10": {"Australia": "2,054,331", "Coraki_%": "15.3", "Australia_%": "10.8", "New South Wales_%": "11.5", "Coraki": "157", "New South Wales": "702,178"}, "Year 12": {"Australia": "2,994,097", "Coraki_%": "10.5", "Australia_%": "15.7", "New South Wales_%": "15.3", "Coraki": "108", "New South Wales": "930,654"}, "Advanced Diploma and Diploma level": {"Australia": "1,687,893", "Coraki_%": "7.0", "Australia_%": "8.9", "New South Wales_%": "8.9", "Coraki": "72", "New South Wales": "543,142"}}, "Median weekly incomes": {"Personal": {"Australia": "662", "Coraki_%": "--", "Australia_%": "--", "New South Wales_%": "--", "Coraki": "461", "New South Wales": "664"}, "Household": {"Australia": "1,438", "Coraki_%": "--", "Australia_%": "--", "New South Wales_%": "--", "Coraki": "895", "New South Wales": "1,486"}, "Family": {"Australia": "1,734", "Coraki_%": "--", "Australia_%": "--", "New South Wales_%": "--", "Coraki": "1,074", "New South Wales": "1,780"}}, "Family composition": {"Other family": {"Australia": "102,559", "Coraki_%": "2.3", "Australia_%": "1.7", "New South Wales_%": "1.7", "Coraki": "7", "New South Wales": "32,438"}, "Couple family with children": {"Australia": "2,716,224", "Coraki_%": "33.9", "Australia_%": "44.7", "New South Wales_%": "45.7", "Coraki": "105", "New South Wales": "887,358"}, "Couple family without children": {"Australia": "2,291,987", "Coraki_%": "40.0", "Australia_%": "37.8", "New South Wales_%": "36.6", "Coraki": "124", "New South Wales": "709,524"}, "One parent family": {"Australia": "959,543", "Coraki_%": "23.9", "Australia_%": "15.8", "New South Wales_%": "16.0", "Coraki": "74", "New South Wales": "310,906"}}, "Dwelling internet connection": {"Not stated": {"Australia": "221,494", "Coraki_%": "3.2", "Australia_%": "2.7", "New South Wales_%": "2.8", "Coraki": "14", "New South Wales": "73,565"}, "Internet not accessed from dwelling": {"Australia": "1,172,415", "Coraki_%": "27.3", "Australia_%": "14.1", "New South Wales_%": "14.7", "Coraki": "118", "New South Wales": "381,709"}, "Internet accessed from dwelling": {"Australia": "6,892,165", "Coraki_%": "69.4", "Australia_%": "83.2", "New South Wales_%": "82.5", "Coraki": "300", "New South Wales": "2,149,040"}}, "Social marital status": {"Not married": {"Australia": "7,024,973", "Coraki_%": "47.7", "Australia_%": "41.9", "New South Wales_%": "42.3", "Coraki": "409", "New South Wales": "2,290,887"}, "De facto marriage": {"Australia": "1,751,731", "Coraki_%": "12.1", "Australia_%": "10.4", "New South Wales_%": "9.4", "Coraki": "104", "New South Wales": "506,133"}, "Registered marriage": {"Australia": "8,001,141", "Coraki_%": "40.2", "Australia_%": "47.7", "New South Wales_%": "48.3", "Coraki": "345", "New South Wales": "2,612,630"}}, "Household composition": {"Family households": {"Australia": "5,907,625", "Coraki_%": "68.0", "Australia_%": "71.3", "New South Wales_%": "72.0", "Coraki": "295", "New South Wales": "1,874,524"}, "Group households": {"Australia": "354,917", "Coraki_%": "4.6", "Australia_%": "4.3", "New South Wales_%": "4.2", "Coraki": "20", "New South Wales": "109,004"}, "Single (or lone) person households": {"Australia": "2,023,542", "Coraki_%": "27.4", "Australia_%": "24.4", "New South Wales_%": "23.8", "Coraki": "119", "New South Wales": "620,778"}}, "People": {"Male": {"Australia": "11,546,638", "Coraki_%": "47.8", "Australia_%": "49.3", "New South Wales_%": "49.3", "Coraki": "612", "New South Wales": "3,686,014"}, "Aboriginal and/or Torres Strait Islander people": {"Australia": "649,171", "Coraki_%": "12.0", "Australia_%": "2.8", "New South Wales_%": "2.9", "Coraki": "154", "New South Wales": "216,176"}, "Female": {"Australia": "11,855,248", "Coraki_%": "52.2", "Australia_%": "50.7", "New South Wales_%": "50.7", "Coraki": "667", "New South Wales": "3,794,217"}}, "Language, top responses (other than English)": {"Irish": {"Australia": "1,941", "Coraki_%": "0.7", "Australia_%": "0.0", "New South Wales_%": "0.0", "Coraki": "9", "New South Wales": "586"}, "null": {"Australia": "None", "Coraki_%": null, "Australia_%": "None", "New South Wales_%": "None", "Coraki": null, "New South Wales": "None"}, "English only spoken at home": {"Australia": "17,020,417", "Coraki_%": "87.1", "Australia_%": "72.7", "New South Wales_%": "68.5", "Coraki": "1,117", "New South Wales": "5,126,633"}, "Households where a non English language is spoken": {"Australia": "1,971,011", "Coraki_%": "2.4", "Australia_%": "22.2", "New South Wales_%": "26.5", "Coraki": "12", "New South Wales": "735,563"}, "Dutch": {"Australia": "33,835", "Coraki_%": "0.2", "Australia_%": "0.1", "New South Wales_%": "0.1", "Coraki": "3", "New South Wales": "8,686"}, "Mandarin": {"Australia": "596,711", "Coraki_%": "1.0", "Australia_%": "2.5", "New South Wales_%": "3.2", "Coraki": "13", "New South Wales": "239,945"}, "Luritja": {"Australia": "955", "Coraki_%": "0.2", "Australia_%": "0.0", "New South Wales_%": "0.0", "Coraki": "3", "New South Wales": "3"}, "Italian": {"Australia": "271,597", "Coraki_%": "0.2", "Australia_%": "1.2", "New South Wales_%": "1.0", "Coraki": "3", "New South Wales": "75,694"}}, "summaryTable_qsDwelling": {"Median monthly mortgage repayments": "$1,127", "All private dwellings": "534", "Average people per household": "2.5", "Median weekly household income": "$895", "Median weekly rent": "$250", "Average motor vehicles per dwelling": "1.7"}, "Household income": {"Less than $650 gross weekly income": {"Australia": "--", "Coraki_%": "32.6", "Australia_%": "20.0", "New South Wales_%": "19.7", "Coraki": "--", "New South Wales": "--"}, "More than $3000 gross weekly income": {"Australia": "--", "Coraki_%": "3.0", "Australia_%": "16.4", "New South Wales_%": "18.7", "Coraki": "--", "New South Wales": "--"}}, "Country of birth": {"Other top responses": {"Coraki_%": "None", "Coraki": "None"}, "Australia": {"Australia": "15,614,835", "Coraki_%": "82.9", "Australia_%": "66.7", "New South Wales_%": "65.5", "Coraki": "1,050", "New South Wales": "4,899,090"}, "England": {"Australia": "907,570", "Coraki_%": "1.7", "Australia_%": "3.9", "New South Wales_%": "3.0", "Coraki": "22", "New South Wales": "226,564"}, "Philippines": {"Australia": "232,386", "Coraki_%": "0.6", "Australia_%": "1.0", "New South Wales_%": "1.2", "Coraki": "7", "New South Wales": "86,749"}, "Germany": {"Australia": "102,595", "Coraki_%": "0.6", "Australia_%": "0.4", "New South Wales_%": "0.4", "Coraki": "7", "New South Wales": "29,541"}, "Ireland": {"Australia": "74,888", "Coraki_%": "0.6", "Australia_%": "0.3", "New South Wales_%": "0.3", "Coraki": "8", "New South Wales": "24,038"}, "New Zealand": {"Australia": "518,466", "Coraki_%": "0.6", "Australia_%": "2.2", "New South Wales_%": "1.6", "Coraki": "8", "New South Wales": "117,136"}}, "Religious affiliation, top responses": {"No Religion, so described": {"Australia": "6,933,708", "Coraki_%": "21.7", "Australia_%": "29.6", "New South Wales_%": "25.1", "Coraki": "276", "New South Wales": "1,879,562"}, "Catholic": {"Australia": "5,291,834", "Coraki_%": "30.8", "Australia_%": "22.6", "New South Wales_%": "24.7", "Coraki": "391", "New South Wales": "1,846,443"}, "Not stated": {"Australia": "2,238,735", "Coraki_%": "11.6", "Australia_%": "9.6", "New South Wales_%": "9.2", "Coraki": "147", "New South Wales": "684,969"}, "Uniting Church": {"Australia": "870,183", "Coraki_%": "8.5", "Australia_%": "3.7", "New South Wales_%": "2.9", "Coraki": "108", "New South Wales": "217,258"}, "Anglican": {"Australia": "3,101,185", "Coraki_%": "18.8", "Australia_%": "13.3", "New South Wales_%": "15.5", "Coraki": "239", "New South Wales": "1,161,810"}}, "Ancestry, top responses": {"German": {"Australia": "982,226", "Coraki_%": "2.6", "Australia_%": "3.1", "New South Wales_%": "2.4", "Coraki": "45", "New South Wales": "236,146"}, "Australian": {"Australia": "7,298,243", "Coraki_%": "33.0", "Australia_%": "23.3", "New South Wales_%": "22.9", "Coraki": "561", "New South Wales": "2,261,062"}, "Scottish": {"Australia": "2,023,470", "Coraki_%": "7.6", "Australia_%": "6.4", "New South Wales_%": "5.9", "Coraki": "130", "New South Wales": "587,052"}, "Irish": {"Australia": "2,388,058", "Coraki_%": "9.3", "Australia_%": "7.6", "New South Wales_%": "7.5", "Coraki": "158", "New South Wales": "741,671"}, "English": {"Australia": "7,852,224", "Coraki_%": "30.7", "Australia_%": "25.0", "New South Wales_%": "23.3", "Coraki": "522", "New South Wales": "2,302,481"}}, "Age": {"35-39 years": {"Australia": "1,561,679", "Coraki_%": "5.4", "Australia_%": "6.7", "New South Wales_%": "6.7", "Coraki": "69", "New South Wales": "499,724"}, "60-64 years": {"Australia": "1,299,397", "Coraki_%": "8.3", "Australia_%": "5.6", "New South Wales_%": "5.6", "Coraki": "107", "New South Wales": "420,044"}, "30-34 years": {"Australia": "1,703,847", "Coraki_%": "3.4", "Australia_%": "7.3", "New South Wales_%": "7.2", "Coraki": "43", "New South Wales": "540,360"}, "0-4 years": {"Australia": "1,464,779", "Coraki_%": "4.9", "Australia_%": "6.3", "New South Wales_%": "6.2", "Coraki": "63", "New South Wales": "465,135"}, "25-29 years": {"Australia": "1,664,602", "Coraki_%": "3.3", "Australia_%": "7.1", "New South Wales_%": "7.0", "Coraki": "42", "New South Wales": "527,161"}, "10-14 years": {"Australia": "1,397,183", "Coraki_%": "7.4", "Australia_%": "6.0", "New South Wales_%": "5.9", "Coraki": "95", "New South Wales": "443,009"}, "5-9 years": {"Australia": "1,502,646", "Coraki_%": "6.4", "Australia_%": "6.4", "New South Wales_%": "6.4", "Coraki": "82", "New South Wales": "478,184"}, "Median age": {"Australia": "38", "Coraki_%": "--", "Australia_%": "--", "New South Wales_%": "--", "Coraki": "45", "New South Wales": "38"}, "50-54 years": {"Australia": "1,523,551", "Coraki_%": "7.5", "Australia_%": "6.5", "New South Wales_%": "6.5", "Coraki": "96", "New South Wales": "485,546"}, "80-84 years": {"Australia": "460,549", "Coraki_%": "2.8", "Australia_%": "2.0", "New South Wales_%": "2.1", "Coraki": "36", "New South Wales": "155,806"}, "40-44 years": {"Australia": "1,583,257", "Coraki_%": "5.3", "Australia_%": "6.8", "New South Wales_%": "6.7", "Coraki": "68", "New South Wales": "503,169"}, "70-74 years": {"Australia": "887,716", "Coraki_%": "5.6", "Australia_%": "3.8", "New South Wales_%": "3.9", "Coraki": "72", "New South Wales": "292,556"}, "15-19 years": {"Australia": "1,421,595", "Coraki_%": "6.9", "Australia_%": "6.1", "New South Wales_%": "6.0", "Coraki": "89", "New South Wales": "448,425"}, "65-69 years": {"Australia": "1,188,999", "Coraki_%": "5.6", "Australia_%": "5.1", "New South Wales_%": "5.1", "Coraki": "72", "New South Wales": "384,470"}, "20-24 years": {"Australia": "1,566,793", "Coraki_%": "5.5", "Australia_%": "6.7", "New South Wales_%": "6.5", "Coraki": "70", "New South Wales": "489,673"}, "55-59 years": {"Australia": "1,454,332", "Coraki_%": "6.1", "Australia_%": "6.2", "New South Wales_%": "6.3", "Coraki": "78", "New South Wales": "469,726"}, "75-79 years": {"Australia": "652,657", "Coraki_%": "4.9", "Australia_%": "2.8", "New South Wales_%": "2.9", "Coraki": "63", "New South Wales": "217,308"}, "45-49 years": {"Australia": "1,581,455", "Coraki_%": "7.3", "Australia_%": "6.8", "New South Wales_%": "6.6", "Coraki": "94", "New South Wales": "492,440"}, "85 years and over": {"Australia": "486,842", "Coraki_%": "3.4", "Australia_%": "2.1", "New South Wales_%": "2.2", "Coraki": "43", "New South Wales": "167,506"}}, "Single (or lone) parents": {"Male": {"Australia": "--", "Coraki_%": "22.5", "Australia_%": "18.2", "New South Wales_%": "17.8", "Coraki": "--", "New South Wales": "--"}, "Female": {"Australia": "--", "Coraki_%": "77.5", "Australia_%": "81.8", "New South Wales_%": "82.2", "Coraki": "--", "New South Wales": "--"}}, "Mortgage monthly repayments": {"Median mortgage repayments": {"Australia": "1,755", "Coraki_%": "--", "Australia_%": "--", "New South Wales_%": "--", "Coraki": "1,127", "New South Wales": "1,986"}, "Households where mortgage repayments are less than 30% of household income": {"Australia": "--", "Coraki_%": "94.3", "Australia_%": "92.8", "New South Wales_%": "92.6", "Coraki": "--", "New South Wales": "--"}, "Households with mortgage repayments greater than or equal to 30% of household income": {"Australia": "--", "Coraki_%": "5.7", "Australia_%": "7.2", "New South Wales_%": "7.4", "Coraki": "--", "New South Wales": "--"}}, "Mortgage and rent": {"Median monthly mortgage repayments": {"Australia": "1,660", "Coraki_%": "--", "Australia_%": "--", "New South Wales_%": "--", "Coraki": "1,180", "New South Wales": "1,733"}, "Median weekly rent": {"Australia": "250", "Coraki_%": "--", "Australia_%": "--", "New South Wales_%": "--", "Coraki": "185", "New South Wales": "270"}}, "Tenure": {"Rented": {"Australia": "2,561,302", "Coraki_%": "24.8", "Australia_%": "30.9", "New South Wales_%": "31.8", "Coraki": "108", "New South Wales": "826,922"}, "Owned outright": {"Australia": "2,565,695", "Coraki_%": "41.1", "Australia_%": "31.0", "New South Wales_%": "32.2", "Coraki": "179", "New South Wales": "839,665"}, "Owned with a mortgage": {"Australia": "2,855,222", "Coraki_%": "29.6", "Australia_%": "34.5", "New South Wales_%": "32.3", "Coraki": "129", "New South Wales": "840,004"}, "Tenure type not stated": {"Australia": "224,869", "Coraki_%": "3.0", "Australia_%": "2.7", "New South Wales_%": "2.8", "Coraki": "13", "New South Wales": "73,763"}, "Other tenure type": {"Australia": "78,994", "Coraki_%": "1.6", "Australia_%": "1.0", "New South Wales_%": "0.9", "Coraki": "7", "New South Wales": "23,968"}}, "Country of birth of father, stated responses": {"Italy": {"Australia": "470,138", "Coraki_%": "1.2", "Australia_%": "2.0", "New South Wales_%": "1.7", "Coraki": "15", "New South Wales": "128,148"}, "New Zealand": {"Australia": "617,331", "Coraki_%": "1.0", "Australia_%": "2.6", "New South Wales_%": "1.9", "Coraki": "12", "New South Wales": "143,450"}, "Australia": {"Australia": "12,231,150", "Coraki_%": "78.5", "Australia_%": "52.3", "New South Wales_%": "50.1", "Coraki": "989", "New South Wales": "3,745,787"}, "England": {"Australia": "1,403,096", "Coraki_%": "3.3", "Australia_%": "6.0", "New South Wales_%": "4.8", "Coraki": "41", "New South Wales": "359,370"}, "Ireland": {"Australia": "169,273", "Coraki_%": "1.0", "Australia_%": "0.7", "New South Wales_%": "0.7", "Coraki": "13", "New South Wales": "52,104"}}, "Country of birth of father and/or mother, stated responses": {"Father only born overseas": {"Australia": "1,488,092", "Coraki_%": "4.7", "Australia_%": "6.4", "New South Wales_%": "6.1", "Coraki": "60", "New South Wales": "458,394"}, "Mother only born overseas": {"Australia": "1,094,591", "Coraki_%": "2.5", "Australia_%": "4.7", "New South Wales_%": "4.3", "Coraki": "32", "New South Wales": "325,182"}, "Both parents born overseas": {"Australia": "8,051,196", "Coraki_%": "7.7", "Australia_%": "34.4", "New South Wales_%": "37.0", "Coraki": "98", "New South Wales": "2,764,170"}, "Both parents born in Australia": {"Australia": "11,070,538", "Coraki_%": "73.5", "Australia_%": "47.3", "New South Wales_%": "45.4", "Coraki": "941", "New South Wales": "3,399,725"}}, "Rent weekly payments": {"Households where rent payments are less than 30% of household income": {"Australia": "--", "Coraki_%": "90.0", "Australia_%": "88.5", "New South Wales_%": "87.1", "Coraki": "--", "New South Wales": "--"}, "Households with rent payments greater than or equal to 30% of household income": {"Australia": "--", "Coraki_%": "10.0", "Australia_%": "11.5", "New South Wales_%": "12.9", "Coraki": "--", "New South Wales": "--"}, "Median rent": {"Australia": "335", "Coraki_%": "--", "Australia_%": "--", "New South Wales_%": "--", "Coraki": "250", "New South Wales": "380"}}, "Registered marital status": {"Separated": {"Australia": "608,059", "Coraki_%": "2.7", "Australia_%": "3.2", "New South Wales_%": "3.1", "Coraki": "28", "New South Wales": "190,198"}, "Widowed": {"Australia": "985,204", "Coraki_%": "9.0", "Australia_%": "5.2", "New South Wales_%": "5.4", "Coraki": "94", "New South Wales": "331,653"}, "Married": {"Australia": "9,148,218", "Coraki_%": "40.0", "Australia_%": "48.1", "New South Wales_%": "48.7", "Coraki": "418", "New South Wales": "2,965,280"}, "Divorced": {"Australia": "1,626,890", "Coraki_%": "13.6", "Australia_%": "8.5", "New South Wales_%": "8.4", "Coraki": "142", "New South Wales": "512,298"}, "Never married": {"Australia": "6,668,910", "Coraki_%": "34.7", "Australia_%": "35.0", "New South Wales_%": "34.4", "Coraki": "363", "New South Wales": "2,094,460"}}, "summaryTable_qsPeople": {"Male": "47.8%", "Median age": "45", "Female": "52.2%", "People": "1,277"}, "Dwelling characteristics": {"Average number of people per household": {"Australia": "3.2", "Coraki_%": "--", "Australia_%": "--", "New South Wales_%": "--", "Coraki": "3.3", "New South Wales": "3.1"}, "Average number of persons per bedroom": {"Australia": "1", "Coraki_%": "--", "Australia_%": "--", "New South Wales_%": "--", "Coraki": "1", "New South Wales": "1"}, "Median weekly household income": {"Australia": "1,203", "Coraki_%": "--", "Australia_%": "--", "New South Wales_%": "--", "Coraki": "725", "New South Wales": "1,214"}}, "Unpaid work": {"Did unpaid domestic work (last week)": {"Australia": "13,143,914", "Coraki_%": "59.2", "Australia_%": "69.0", "New South Wales_%": "67.7", "Coraki": "615", "New South Wales": "4,127,723"}, "Provided unpaid assistance to a person with a disability (last two weeks)": {"Australia": "2,145,203", "Coraki_%": "14.4", "Australia_%": "11.3", "New South Wales_%": "11.6", "Coraki": "150", "New South Wales": "709,415"}, "Did voluntary work through an organisation or group (last 12 months)": {"Australia": "3,620,726", "Coraki_%": "15.6", "Australia_%": "19.0", "New South Wales_%": "18.1", "Coraki": "162", "New South Wales": "1,103,790"}, "Cared for child/children (last two weeks)": {"Australia": "5,259,400", "Coraki_%": "20.8", "Australia_%": "27.6", "New South Wales_%": "27.2", "Coraki": "216", "New South Wales": "1,659,250"}}, "Unpaid domestic work, number of hours": {"5 to 14 hours per week": {"Australia": "4,944,578", "Coraki_%": "21.1", "Australia_%": "26.0", "New South Wales_%": "25.1", "Coraki": "220", "New South Wales": "1,531,206"}, "30 hours or more per week": {"Australia": "1,710,970", "Coraki_%": "10.8", "Australia_%": "9.0", "New South Wales_%": "9.0", "Coraki": "113", "New South Wales": "545,925"}, "Less than 5 hours per week": {"Australia": "4,298,593", "Coraki_%": "15.2", "Australia_%": "22.6", "New South Wales_%": "22.3", "Coraki": "159", "New South Wales": "1,359,656"}, "15 to 29 hours per week": {"Australia": "2,189,776", "Coraki_%": "12.4", "Australia_%": "11.5", "New South Wales_%": "11.3", "Coraki": "130", "New South Wales": "690,934"}}, "Industry of employment, top responses": {"Primary Education": {"Australia": "231,198", "Coraki_%": "3.9", "Australia_%": "2.2", "New South Wales_%": "1.9", "Coraki": "15", "New South Wales": "65,204"}, "Hospitals (except Psychiatric Hospitals)": {"Australia": "411,808", "Coraki_%": "4.1", "Australia_%": "3.9", "New South Wales_%": "3.5", "Coraki": "16", "New South Wales": "119,350"}, "Plumbing Services": {"Australia": "65,038", "Coraki_%": "3.3", "Australia_%": "0.6", "New South Wales_%": "0.6", "Coraki": "13", "New South Wales": "19,234"}, "Aged Care Residential Services": {"Australia": "211,621", "Coraki_%": "4.4", "Australia_%": "2.0", "New South Wales_%": "2.0", "Coraki": "17", "New South Wales": "67,209"}, "Local Government Administration": {"Australia": "142,724", "Coraki_%": "4.1", "Australia_%": "1.3", "New South Wales_%": "1.3", "Coraki": "16", "New South Wales": "43,378"}}, "GeoInfo": {"city": "Coraki"}, "Education": {"University or tertiary institution": {"Australia": "1,160,626", "Coraki_%": "4.8", "Australia_%": "16.1", "New South Wales_%": "16.2", "Coraki": "20", "New South Wales": "376,133"}, "Secondary - Catholic": {"Australia": "338,384", "Coraki_%": "6.7", "Australia_%": "4.7", "New South Wales_%": "5.1", "Coraki": "28", "New South Wales": "117,689"}, "Secondary - other non Government": {"Australia": "280,618", "Coraki_%": "0.7", "Australia_%": "3.9", "New South Wales_%": "3.4", "Coraki": "3", "New South Wales": "79,915"}, "Primary - Catholic": {"Australia": "380,604", "Coraki_%": "11.9", "Australia_%": "5.3", "New South Wales_%": "5.3", "Coraki": "50", "New South Wales": "122,099"}, "Primary - Government": {"Australia": "1,314,787", "Coraki_%": "13.3", "Australia_%": "18.2", "New South Wales_%": "18.0", "Coraki": "56", "New South Wales": "417,465"}, "Other": {"Australia": "198,383", "Coraki_%": "2.9", "Australia_%": "2.8", "New South Wales_%": "2.7", "Coraki": "12", "New South Wales": "63,673"}, "Technical or further education institution": {"Australia": "424,869", "Coraki_%": "5.0", "Australia_%": "5.9", "New South Wales_%": "6.2", "Coraki": "21", "New South Wales": "144,103"}, "Secondary - Government": {"Australia": "827,505", "Coraki_%": "11.9", "Australia_%": "11.5", "New South Wales_%": "11.6", "Coraki": "50", "New South Wales": "269,249"}, "Primary - other non Government": {"Australia": "231,490", "Coraki_%": "0.0", "Australia_%": "3.2", "New South Wales_%": "2.9", "Coraki": "0", "New South Wales": "67,611"}, "Not stated": {"Australia": "1,707,023", "Coraki_%": "37.5", "Australia_%": "23.7", "New South Wales_%": "23.0", "Coraki": "158", "New South Wales": "535,266"}, "Preschool": {"Australia": "347,621", "Coraki_%": "5.5", "Australia_%": "4.8", "New South Wales_%": "5.7", "Coraki": "23", "New South Wales": "132,047"}}, "Employment": {"Unemployed": {"Australia": "787,452", "Coraki_%": "6.2", "Australia_%": "6.9", "New South Wales_%": "6.3", "Coraki": "28", "New South Wales": "225,546"}, "Worked part-time": {"Australia": "3,491,503", "Coraki_%": "34.9", "Australia_%": "30.4", "New South Wales_%": "29.7", "Coraki": "157", "New South Wales": "1,071,151"}, "Away from work": {"Australia": "569,276", "Coraki_%": "4.7", "Australia_%": "5.0", "New South Wales_%": "4.8", "Coraki": "21", "New South Wales": "174,654"}, "Worked full-time": {"Australia": "6,623,065", "Coraki_%": "54.2", "Australia_%": "57.7", "New South Wales_%": "59.2", "Coraki": "244", "New South Wales": "2,134,521"}}, "Travel to work, top responses": {"Walked only": {"Australia": "370,427", "Coraki_%": "4.5", "Australia_%": "3.5", "New South Wales_%": "3.9", "Coraki": "19", "New South Wales": "130,957"}, "Worked at home": {"Australia": "503,582", "Coraki_%": "5.7", "Australia_%": "4.7", "New South Wales_%": "4.8", "Coraki": "24", "New South Wales": "163,026"}, "People who travelled to work by car as driver or passenger": {"Australia": "7,305,271", "Coraki_%": "75.2", "Australia_%": "68.4", "New South Wales_%": "64.6", "Coraki": "315", "New South Wales": "2,182,854"}, "null": {"Australia": "None", "Coraki_%": null, "Australia_%": "None", "New South Wales_%": "None", "Coraki": null, "New South Wales": "None"}, "People who travelled to work by public transport": {"Australia": "1,225,668", "Coraki_%": "0.7", "Australia_%": "11.5", "New South Wales_%": "16.0", "Coraki": "3", "New South Wales": "540,215"}, "Car, as driver": {"Australia": "6,574,571", "Coraki_%": "71.1", "Australia_%": "61.5", "New South Wales_%": "57.8", "Coraki": "298", "New South Wales": "1,953,399"}, "Truck": {"Australia": "85,892", "Coraki_%": "1.4", "Australia_%": "0.8", "New South Wales_%": "1.0", "Coraki": "6", "New South Wales": "32,908"}, "Car, as passenger": {"Australia": "489,922", "Coraki_%": "3.1", "Australia_%": "4.6", "New South Wales_%": "4.3", "Coraki": "13", "New South Wales": "144,820"}}, "Occupation": {"Professionals": {"Australia": "2,370,966", "Coraki_%": "9.6", "Australia_%": "22.2", "New South Wales_%": "23.6", "Coraki": "40", "New South Wales": "798,126"}, "Technicians and Trades Workers": {"Australia": "1,447,414", "Coraki_%": "16.3", "Australia_%": "13.5", "New South Wales_%": "12.7", "Coraki": "68", "New South Wales": "429,239"}, "Community and Personal Service Workers": {"Australia": "1,157,003", "Coraki_%": "13.2", "Australia_%": "10.8", "New South Wales_%": "10.4", "Coraki": "55", "New South Wales": "350,261"}, "Clerical and Administrative Workers": {"Australia": "1,449,681", "Coraki_%": "11.3", "Australia_%": "13.6", "New South Wales_%": "13.8", "Coraki": "47", "New South Wales": "467,977"}, "Machinery Operators and Drivers": {"Australia": "670,106", "Coraki_%": "10.8", "Australia_%": "6.3", "New South Wales_%": "6.1", "Coraki": "45", "New South Wales": "206,839"}, "Labourers": {"Australia": "1,011,520", "Coraki_%": "17.5", "Australia_%": "9.5", "New South Wales_%": "8.8", "Coraki": "73", "New South Wales": "297,887"}, "Sales Workers": {"Australia": "1,000,955", "Coraki_%": "9.8", "Australia_%": "9.4", "New South Wales_%": "9.2", "Coraki": "41", "New South Wales": "311,414"}, "Managers": {"Australia": "1,390,047", "Coraki_%": "9.6", "Australia_%": "13.0", "New South Wales_%": "13.5", "Coraki": "40", "New South Wales": "456,084"}}}