{"Employment - hours worked": {"40 hours or more per week": {"Darlington Point_%": "39.6", "Australia": "4,591,801", "Darlington Point": "194", "Australia_%": "43.0", "New South Wales_%": "44.1", "New South Wales": "1,489,099"}, "25-34 hours per week": {"Darlington Point_%": "11.4", "Australia": "1,193,445", "Darlington Point": "56", "Australia_%": "11.2", "New South Wales_%": "10.5", "New South Wales": "353,702"}, "16-24 hours per week": {"Darlington Point_%": "6.9", "Australia": "1,079,236", "Darlington Point": "34", "Australia_%": "10.1", "New South Wales_%": "10.4", "New South Wales": "352,817"}, "35-39 hours per week": {"Darlington Point_%": "24.5", "Australia": "2,031,263", "Darlington Point": "120", "Australia_%": "19.0", "New South Wales_%": "19.1", "New South Wales": "645,428"}, "1-15 hours per week": {"Darlington Point_%": "8.8", "Australia": "1,218,823", "Darlington Point": "43", "Australia_%": "11.4", "New South Wales_%": "10.8", "New South Wales": "364,637"}}, "Number of registered motor vehicles": {"2 motor vehicles": {"Darlington Point_%": "36.1", "Australia": "2,999,184", "Darlington Point": "154", "Australia_%": "36.2", "New South Wales_%": "34.1", "New South Wales": "887,849"}, "None": {"Darlington Point_%": "3.5", "Australia": "623,829", "Darlington Point": "15", "Australia_%": "7.5", "New South Wales_%": "9.2", "New South Wales": "239,625"}, "Number of motor vehicles not stated": {"Darlington Point_%": "5.6", "Australia": "285,197", "Darlington Point": "24", "Australia_%": "3.4", "New South Wales_%": "3.7", "New South Wales": "95,623"}, "1 motor vehicle": {"Darlington Point_%": "32.3", "Australia": "2,881,485", "Darlington Point": "138", "Australia_%": "34.8", "New South Wales_%": "36.3", "New South Wales": "946,159"}, "3 or more vehicles": {"Darlington Point_%": "22.5", "Australia": "1,496,382", "Darlington Point": "96", "Australia_%": "18.1", "New South Wales_%": "16.7", "New South Wales": "435,053"}}, "Employment status of parents in couple families": {"Labour force status not stated (by one or both parents in a couple family)": {"Darlington Point_%": "4.1", "Australia": "311,381", "Darlington Point": "10", "Australia_%": "6.2", "New South Wales_%": "5.7", "New South Wales": "90,630"}, "One employed full-time, one part-time": {"Darlington Point_%": "22.3", "Australia": "1,086,460", "Darlington Point": "54", "Australia_%": "21.7", "New South Wales_%": "20.6", "New South Wales": "329,567"}, "One employed part-time, other not working": {"Darlington Point_%": "5.8", "Australia": "302,037", "Darlington Point": "14", "Australia_%": "6.0", "New South Wales_%": "6.1", "New South Wales": "96,933"}, "Other (includes away from work)": {"Darlington Point_%": "7.0", "Australia": "264,145", "Darlington Point": "17", "Australia_%": "5.3", "New South Wales_%": "5.1", "New South Wales": "80,905"}, "Both employed, worked full-time": {"Darlington Point_%": "24.4", "Australia": "1,084,006", "Darlington Point": "59", "Australia_%": "21.6", "New South Wales_%": "22.6", "New South Wales": "360,916"}, "One employed full-time, other not working": {"Darlington Point_%": "13.2", "Australia": "749,886", "Darlington Point": "32", "Australia_%": "15.0", "New South Wales_%": "15.0", "New South Wales": "240,084"}, "Both employed, worked part-time": {"Darlington Point_%": "1.2", "Australia": "203,596", "Darlington Point": "3", "Australia_%": "4.1", "New South Wales_%": "4.0", "New South Wales": "63,106"}, "Both not working": {"Darlington Point_%": "21.9", "Australia": "1,006,697", "Darlington Point": "53", "Australia_%": "20.1", "New South Wales_%": "21.0", "New South Wales": "334,742"}}, "Country of birth of mother, stated responses": {"Italy": {"Darlington Point_%": "1.4", "Australia": "395,775", "Darlington Point": "16", "Australia_%": "1.7", "New South Wales_%": "1.4", "New South Wales": "107,243"}, "Philippines": {"Darlington Point_%": "1.1", "Australia": "325,049", "Darlington Point": "13", "Australia_%": "1.4", "New South Wales_%": "1.7", "New South Wales": "124,029"}, "Australia": {"Darlington Point_%": "80.6", "Australia": "12,643,365", "Darlington Point": "921", "Australia_%": "54.0", "New South Wales_%": "51.9", "New South Wales": "3,884,762"}, "England": {"Darlington Point_%": "3.2", "Australia": "1,302,147", "Darlington Point": "36", "Australia_%": "5.6", "New South Wales_%": "4.3", "New South Wales": "322,472"}, "New Zealand": {"Darlington Point_%": "1.1", "Australia": "608,329", "Darlington Point": "12", "Australia_%": "2.6", "New South Wales_%": "1.9", "New South Wales": "139,899"}}, "Dwelling structure": {"Other dwelling": {"Darlington Point_%": "0.7", "Australia": "64,425", "Darlington Point": "3", "Australia_%": "0.8", "New South Wales_%": "0.9", "New South Wales": "23,580"}, "Semi-detached, row or terrace house, townhouse etc": {"Darlington Point_%": "0.7", "Australia": "1,055,016", "Darlington Point": "3", "Australia_%": "12.7", "New South Wales_%": "12.2", "New South Wales": "317,453"}, "Separate house": {"Darlington Point_%": "96.9", "Australia": "6,041,788", "Darlington Point": "408", "Australia_%": "72.9", "New South Wales_%": "66.4", "New South Wales": "1,729,820"}, "Flat or apartment": {"Darlington Point_%": "1.7", "Australia": "1,087,434", "Darlington Point": "7", "Australia_%": "13.1", "New South Wales_%": "19.9", "New South Wales": "519,390"}}, "Number of bedrooms": {"1 bedroom": {"Darlington Point_%": "2.2", "Australia": "411,252", "Darlington Point": "9", "Australia_%": "5.0", "New South Wales_%": "6.0", "New South Wales": "157,194"}, "3 bedrooms": {"Darlington Point_%": "57.1", "Australia": "3,403,190", "Darlington Point": "237", "Australia_%": "41.1", "New South Wales_%": "37.2", "New South Wales": "970,001"}, "Average number of people per household": {"Darlington Point_%": "--", "Australia": "2.6", "Darlington Point": "2.5", "Australia_%": "--", "New South Wales_%": "--", "New South Wales": "2.6"}, "2 bedrooms": {"Darlington Point_%": "13.0", "Australia": "1,562,759", "Darlington Point": "54", "Australia_%": "18.9", "New South Wales_%": "22.2", "New South Wales": "577,675"}, "4 or more bedrooms": {"Darlington Point_%": "26.0", "Australia": "2,670,758", "Darlington Point": "108", "Australia_%": "32.2", "New South Wales_%": "31.3", "New South Wales": "816,405"}, "None (includes bedsitters)": {"Darlington Point_%": "0.0", "Australia": "39,769", "Darlington Point": "0", "Australia_%": "0.5", "New South Wales_%": "0.7", "New South Wales": "17,157"}, "Number of bedrooms not stated": {"Darlington Point_%": "1.7", "Australia": "198,351", "Darlington Point": "7", "Australia_%": "2.4", "New South Wales_%": "2.5", "New South Wales": "65,888"}, "Average number of bedrooms per dwelling": {"Darlington Point_%": "--", "Australia": "3.1", "Darlington Point": "3.1", "Australia_%": "--", "New South Wales_%": "--", "New South Wales": "3"}}, "summaryTable_qsFamilies": {"for all families": "0.8", "for families with children": "1.9", "Families": "310", "Average children per family": "None"}, "People characteristics": {"Male": {"Darlington Point_%": "49.5", "Australia": "322,171", "Darlington Point": "93", "Australia_%": "49.6", "New South Wales_%": "49.7", "New South Wales": "107,368"}, "Median age": {"Darlington Point_%": "--", "Australia": "23", "Darlington Point": "28", "Australia_%": "--", "New South Wales_%": "--", "New South Wales": "22"}, "Female": {"Darlington Point_%": "50.5", "Australia": "326,996", "Darlington Point": "95", "Australia_%": "50.4", "New South Wales_%": "50.3", "New South Wales": "108,809"}}, "Dwelling count": {"Unoccupied private dwellings": {"Darlington Point_%": "13.6", "Australia": "1,039,874", "Darlington Point": "66", "Australia_%": "11.2", "New South Wales_%": "9.9", "New South Wales": "284,741"}, "Occupied private dwellings": {"Darlington Point_%": "86.4", "Australia": "8,286,073", "Darlington Point": "421", "Australia_%": "88.8", "New South Wales_%": "90.1", "New South Wales": "2,604,320"}}, "Level of highest educational attainment": {"Certificate level III": {"Darlington Point_%": "14.4", "Australia": "2,442,203", "Darlington Point": "131", "Australia_%": "12.8", "New South Wales_%": "12.0", "New South Wales": "730,498"}, "Certificate level II": {"Darlington Point_%": "0.5", "Australia": "13,454", "Darlington Point": "5", "Australia_%": "0.1", "New South Wales_%": "0.1", "New South Wales": "4,849"}, "No educational attainment": {"Darlington Point_%": "0.0", "Australia": "145,844", "Darlington Point": "0", "Australia_%": "0.8", "New South Wales_%": "0.9", "New South Wales": "54,870"}, "Bachelor Degree level and above": {"Darlington Point_%": "7.2", "Australia": "4,181,406", "Darlington Point": "66", "Australia_%": "22.0", "New South Wales_%": "23.4", "New South Wales": "1,424,716"}, "Certificate level I": {"Darlington Point_%": "0.0", "Australia": "2,176", "Darlington Point": "0", "Australia_%": "0.0", "New South Wales_%": "0.0", "New South Wales": "625"}, "Year 11": {"Darlington Point_%": "4.8", "Australia": "941,531", "Darlington Point": "44", "Australia_%": "4.9", "New South Wales_%": "3.3", "New South Wales": "203,574"}, "Not stated": {"Darlington Point_%": "16.1", "Australia": "1,974,794", "Darlington Point": "147", "Australia_%": "10.4", "New South Wales_%": "10.3", "New South Wales": "627,465"}, "Year 9 or below": {"Darlington Point_%": "19.3", "Australia": "1,529,897", "Darlington Point": "176", "Australia_%": "8.0", "New South Wales_%": "8.4", "New South Wales": "513,209"}, "Certificate level IV": {"Darlington Point_%": "2.9", "Australia": "551,767", "Darlington Point": "26", "Australia_%": "2.9", "New South Wales_%": "2.8", "New South Wales": "167,947"}, "Year 10": {"Darlington Point_%": "18.9", "Australia": "2,054,331", "Darlington Point": "172", "Australia_%": "10.8", "New South Wales_%": "11.5", "New South Wales": "702,178"}, "Year 12": {"Darlington Point_%": "9.0", "Australia": "2,994,097", "Darlington Point": "82", "Australia_%": "15.7", "New South Wales_%": "15.3", "New South Wales": "930,654"}, "Advanced Diploma and Diploma level": {"Darlington Point_%": "4.7", "Australia": "1,687,893", "Darlington Point": "43", "Australia_%": "8.9", "New South Wales_%": "8.9", "New South Wales": "543,142"}}, "Median weekly incomes": {"Personal": {"Darlington Point_%": "--", "Australia": "662", "Darlington Point": "628", "Australia_%": "--", "New South Wales_%": "--", "New South Wales": "664"}, "Household": {"Darlington Point_%": "--", "Australia": "1,438", "Darlington Point": "1,131", "Australia_%": "--", "New South Wales_%": "--", "New South Wales": "1,486"}, "Family": {"Darlington Point_%": "--", "Australia": "1,734", "Darlington Point": "1,408", "Australia_%": "--", "New South Wales_%": "--", "New South Wales": "1,780"}}, "Family composition": {"Other family": {"Darlington Point_%": "4.5", "Australia": "102,559", "Darlington Point": "14", "Australia_%": "1.7", "New South Wales_%": "1.7", "New South Wales": "32,438"}, "Couple family with children": {"Darlington Point_%": "37.9", "Australia": "2,716,224", "Darlington Point": "119", "Australia_%": "44.7", "New South Wales_%": "45.7", "New South Wales": "887,358"}, "Couple family without children": {"Darlington Point_%": "37.3", "Australia": "2,291,987", "Darlington Point": "117", "Australia_%": "37.8", "New South Wales_%": "36.6", "New South Wales": "709,524"}, "One parent family": {"Darlington Point_%": "20.4", "Australia": "959,543", "Darlington Point": "64", "Australia_%": "15.8", "New South Wales_%": "16.0", "New South Wales": "310,906"}}, "Dwelling internet connection": {"Not stated": {"Darlington Point_%": "1.4", "Australia": "221,494", "Darlington Point": "6", "Australia_%": "2.7", "New South Wales_%": "2.8", "New South Wales": "73,565"}, "Internet not accessed from dwelling": {"Darlington Point_%": "30.0", "Australia": "1,172,415", "Darlington Point": "126", "Australia_%": "14.1", "New South Wales_%": "14.7", "New South Wales": "381,709"}, "Internet accessed from dwelling": {"Darlington Point_%": "68.6", "Australia": "6,892,165", "Darlington Point": "288", "Australia_%": "83.2", "New South Wales_%": "82.5", "New South Wales": "2,149,040"}}, "Social marital status": {"Not married": {"Darlington Point_%": "43.5", "Australia": "7,024,973", "Darlington Point": "353", "Australia_%": "41.9", "New South Wales_%": "42.3", "New South Wales": "2,290,887"}, "De facto marriage": {"Darlington Point_%": "13.9", "Australia": "1,751,731", "Darlington Point": "113", "Australia_%": "10.4", "New South Wales_%": "9.4", "New South Wales": "506,133"}, "Registered marriage": {"Darlington Point_%": "42.5", "Australia": "8,001,141", "Darlington Point": "345", "Australia_%": "47.7", "New South Wales_%": "48.3", "New South Wales": "2,612,630"}}, "Household composition": {"Family households": {"Darlington Point_%": "72.0", "Australia": "5,907,625", "Darlington Point": "306", "Australia_%": "71.3", "New South Wales_%": "72.0", "New South Wales": "1,874,524"}, "Group households": {"Darlington Point_%": "4.2", "Australia": "354,917", "Darlington Point": "18", "Australia_%": "4.3", "New South Wales_%": "4.2", "New South Wales": "109,004"}, "Single (or lone) person households": {"Darlington Point_%": "23.8", "Australia": "2,023,542", "Darlington Point": "101", "Australia_%": "24.4", "New South Wales_%": "23.8", "New South Wales": "620,778"}}, "People": {"Male": {"Darlington Point_%": "52.6", "Australia": "11,546,638", "Darlington Point": "611", "Australia_%": "49.3", "New South Wales_%": "49.3", "New South Wales": "3,686,014"}, "Aboriginal and/or Torres Strait Islander people": {"Darlington Point_%": "15.9", "Australia": "649,171", "Darlington Point": "184", "Australia_%": "2.8", "New South Wales_%": "2.9", "New South Wales": "216,176"}, "Female": {"Darlington Point_%": "47.4", "Australia": "11,855,248", "Darlington Point": "550", "Australia_%": "50.7", "New South Wales_%": "50.7", "New South Wales": "3,794,217"}}, "Language, top responses (other than English)": {"null": {"Darlington Point_%": null, "Australia": "None", "Darlington Point": null, "Australia_%": "None", "New South Wales_%": "None", "New South Wales": "None"}, "English only spoken at home": {"Darlington Point_%": "89.6", "Australia": "17,020,417", "Darlington Point": "1,030", "Australia_%": "72.7", "New South Wales_%": "68.5", "New South Wales": "5,126,633"}, "Tagalog": {"Darlington Point_%": "0.4", "Australia": "111,273", "Darlington Point": "5", "Australia_%": "0.5", "New South Wales_%": "0.6", "New South Wales": "45,130"}, "Cantonese": {"Darlington Point_%": "0.3", "Australia": "280,943", "Darlington Point": "4", "Australia_%": "1.2", "New South Wales_%": "1.9", "New South Wales": "143,333"}, "Households where a non English language is spoken": {"Darlington Point_%": "4.2", "Australia": "1,971,011", "Darlington Point": "20", "Australia_%": "22.2", "New South Wales_%": "26.5", "New South Wales": "735,563"}, "Afrikaans": {"Darlington Point_%": "0.3", "Australia": "43,741", "Darlington Point": "3", "Australia_%": "0.2", "New South Wales_%": "0.1", "New South Wales": "7,735"}, "Tongan": {"Darlington Point_%": "0.3", "Australia": "17,691", "Darlington Point": "3", "Australia_%": "0.1", "New South Wales_%": "0.1", "New South Wales": "10,286"}}, "summaryTable_qsDwelling": {"Median monthly mortgage repayments": "$1,083", "All private dwellings": "540", "Average people per household": "2.5", "Median weekly household income": "$1,131", "Median weekly rent": "$170", "Average motor vehicles per dwelling": "1.9"}, "Household income": {"Less than $650 gross weekly income": {"Darlington Point_%": "24.3", "Australia": "--", "Darlington Point": "--", "Australia_%": "20.0", "New South Wales_%": "19.7", "New South Wales": "--"}, "More than $3000 gross weekly income": {"Darlington Point_%": "2.5", "Australia": "--", "Darlington Point": "--", "Australia_%": "16.4", "New South Wales_%": "18.7", "New South Wales": "--"}}, "Country of birth": {"Other top responses": {"Darlington Point_%": "None", "Darlington Point": "None"}, "Australia": {"Darlington Point_%": "83.5", "Australia": "15,614,835", "Darlington Point": "957", "Australia_%": "66.7", "New South Wales_%": "65.5", "New South Wales": "4,899,090"}, "England": {"Darlington Point_%": "1.6", "Australia": "907,570", "Darlington Point": "18", "Australia_%": "3.9", "New South Wales_%": "3.0", "New South Wales": "226,564"}, "Philippines": {"Darlington Point_%": "0.9", "Australia": "232,386", "Darlington Point": "10", "Australia_%": "1.0", "New South Wales_%": "1.2", "New South Wales": "86,749"}, "Netherlands": {"Darlington Point_%": "0.3", "Australia": "70,172", "Darlington Point": "3", "Australia_%": "0.3", "New South Wales_%": "0.2", "New South Wales": "16,900"}, "New Zealand": {"Darlington Point_%": "1.1", "Australia": "518,466", "Darlington Point": "13", "Australia_%": "2.2", "New South Wales_%": "1.6", "New South Wales": "117,136"}, "Hong Kong (SAR of China)": {"Darlington Point_%": "0.3", "Australia": "86,886", "Darlington Point": "3", "Australia_%": "0.4", "New South Wales_%": "0.6", "New South Wales": "42,347"}}, "Religious affiliation, top responses": {"No Religion, so described": {"Darlington Point_%": "22.6", "Australia": "6,933,708", "Darlington Point": "260", "Australia_%": "29.6", "New South Wales_%": "25.1", "New South Wales": "1,879,562"}, "Anglican": {"Darlington Point_%": "28.9", "Australia": "3,101,185", "Darlington Point": "333", "Australia_%": "13.3", "New South Wales_%": "15.5", "New South Wales": "1,161,810"}, "Not stated": {"Darlington Point_%": "10.7", "Australia": "2,238,735", "Darlington Point": "123", "Australia_%": "9.6", "New South Wales_%": "9.2", "New South Wales": "684,969"}, "Uniting Church": {"Darlington Point_%": "6.3", "Australia": "870,183", "Darlington Point": "73", "Australia_%": "3.7", "New South Wales_%": "2.9", "New South Wales": "217,258"}, "Catholic": {"Darlington Point_%": "23.8", "Australia": "5,291,834", "Darlington Point": "274", "Australia_%": "22.6", "New South Wales_%": "24.7", "New South Wales": "1,846,443"}}, "Ancestry, top responses": {"Australian": {"Darlington Point_%": "41.0", "Australia": "7,298,243", "Darlington Point": "636", "Australia_%": "23.3", "New South Wales_%": "22.9", "New South Wales": "2,261,062"}, "Scottish": {"Darlington Point_%": "6.1", "Australia": "2,023,470", "Darlington Point": "94", "Australia_%": "6.4", "New South Wales_%": "5.9", "New South Wales": "587,052"}, "Irish": {"Darlington Point_%": "7.7", "Australia": "2,388,058", "Darlington Point": "119", "Australia_%": "7.6", "New South Wales_%": "7.5", "New South Wales": "741,671"}, "Italian": {"Darlington Point_%": "3.2", "Australia": "1,000,006", "Darlington Point": "50", "Australia_%": "3.2", "New South Wales_%": "2.8", "New South Wales": "272,124"}, "English": {"Darlington Point_%": "25.6", "Australia": "7,852,224", "Darlington Point": "397", "Australia_%": "25.0", "New South Wales_%": "23.3", "New South Wales": "2,302,481"}}, "Age": {"35-39 years": {"Darlington Point_%": "5.7", "Australia": "1,561,679", "Darlington Point": "66", "Australia_%": "6.7", "New South Wales_%": "6.7", "New South Wales": "499,724"}, "60-64 years": {"Darlington Point_%": "6.4", "Australia": "1,299,397", "Darlington Point": "74", "Australia_%": "5.6", "New South Wales_%": "5.6", "New South Wales": "420,044"}, "30-34 years": {"Darlington Point_%": "4.2", "Australia": "1,703,847", "Darlington Point": "49", "Australia_%": "7.3", "New South Wales_%": "7.2", "New South Wales": "540,360"}, "0-4 years": {"Darlington Point_%": "5.1", "Australia": "1,464,779", "Darlington Point": "59", "Australia_%": "6.3", "New South Wales_%": "6.2", "New South Wales": "465,135"}, "25-29 years": {"Darlington Point_%": "7.1", "Australia": "1,664,602", "Darlington Point": "83", "Australia_%": "7.1", "New South Wales_%": "7.0", "New South Wales": "527,161"}, "10-14 years": {"Darlington Point_%": "7.7", "Australia": "1,397,183", "Darlington Point": "90", "Australia_%": "6.0", "New South Wales_%": "5.9", "New South Wales": "443,009"}, "5-9 years": {"Darlington Point_%": "7.6", "Australia": "1,502,646", "Darlington Point": "89", "Australia_%": "6.4", "New South Wales_%": "6.4", "New South Wales": "478,184"}, "Median age": {"Darlington Point_%": "--", "Australia": "38", "Darlington Point": "41", "Australia_%": "--", "New South Wales_%": "--", "New South Wales": "38"}, "50-54 years": {"Darlington Point_%": "8.1", "Australia": "1,523,551", "Darlington Point": "94", "Australia_%": "6.5", "New South Wales_%": "6.5", "New South Wales": "485,546"}, "80-84 years": {"Darlington Point_%": "1.5", "Australia": "460,549", "Darlington Point": "17", "Australia_%": "2.0", "New South Wales_%": "2.1", "New South Wales": "155,806"}, "40-44 years": {"Darlington Point_%": "7.6", "Australia": "1,583,257", "Darlington Point": "88", "Australia_%": "6.8", "New South Wales_%": "6.7", "New South Wales": "503,169"}, "70-74 years": {"Darlington Point_%": "4.7", "Australia": "887,716", "Darlington Point": "55", "Australia_%": "3.8", "New South Wales_%": "3.9", "New South Wales": "292,556"}, "15-19 years": {"Darlington Point_%": "5.8", "Australia": "1,421,595", "Darlington Point": "67", "Australia_%": "6.1", "New South Wales_%": "6.0", "New South Wales": "448,425"}, "65-69 years": {"Darlington Point_%": "6.1", "Australia": "1,188,999", "Darlington Point": "71", "Australia_%": "5.1", "New South Wales_%": "5.1", "New South Wales": "384,470"}, "20-24 years": {"Darlington Point_%": "5.0", "Australia": "1,566,793", "Darlington Point": "58", "Australia_%": "6.7", "New South Wales_%": "6.5", "New South Wales": "489,673"}, "55-59 years": {"Darlington Point_%": "6.6", "Australia": "1,454,332", "Darlington Point": "77", "Australia_%": "6.2", "New South Wales_%": "6.3", "New South Wales": "469,726"}, "75-79 years": {"Darlington Point_%": "3.1", "Australia": "652,657", "Darlington Point": "36", "Australia_%": "2.8", "New South Wales_%": "2.9", "New South Wales": "217,308"}, "45-49 years": {"Darlington Point_%": "6.8", "Australia": "1,581,455", "Darlington Point": "79", "Australia_%": "6.8", "New South Wales_%": "6.6", "New South Wales": "492,440"}, "85 years and over": {"Darlington Point_%": "1.0", "Australia": "486,842", "Darlington Point": "12", "Australia_%": "2.1", "New South Wales_%": "2.2", "New South Wales": "167,506"}}, "Single (or lone) parents": {"Male": {"Darlington Point_%": "14.5", "Australia": "--", "Darlington Point": "--", "Australia_%": "18.2", "New South Wales_%": "17.8", "New South Wales": "--"}, "Female": {"Darlington Point_%": "85.5", "Australia": "--", "Darlington Point": "--", "Australia_%": "81.8", "New South Wales_%": "82.2", "New South Wales": "--"}}, "Mortgage monthly repayments": {"Median mortgage repayments": {"Darlington Point_%": "--", "Australia": "1,755", "Darlington Point": "1,083", "Australia_%": "--", "New South Wales_%": "--", "New South Wales": "1,986"}, "Households where mortgage repayments are less than 30% of household income": {"Darlington Point_%": "96.1", "Australia": "--", "Darlington Point": "--", "Australia_%": "92.8", "New South Wales_%": "92.6", "New South Wales": "--"}, "Households with mortgage repayments greater than or equal to 30% of household income": {"Darlington Point_%": "3.9", "Australia": "--", "Darlington Point": "--", "Australia_%": "7.2", "New South Wales_%": "7.4", "New South Wales": "--"}}, "Mortgage and rent": {"Median monthly mortgage repayments": {"Darlington Point_%": "--", "Australia": "1,660", "Darlington Point": "960", "Australia_%": "--", "New South Wales_%": "--", "New South Wales": "1,733"}, "Median weekly rent": {"Darlington Point_%": "--", "Australia": "250", "Darlington Point": "165", "Australia_%": "--", "New South Wales_%": "--", "New South Wales": "270"}}, "Tenure": {"Rented": {"Darlington Point_%": "38.2", "Australia": "2,561,302", "Darlington Point": "161", "Australia_%": "30.9", "New South Wales_%": "31.8", "New South Wales": "826,922"}, "Owned outright": {"Darlington Point_%": "30.6", "Australia": "2,565,695", "Darlington Point": "129", "Australia_%": "31.0", "New South Wales_%": "32.2", "New South Wales": "839,665"}, "Owned with a mortgage": {"Darlington Point_%": "27.8", "Australia": "2,855,222", "Darlington Point": "117", "Australia_%": "34.5", "New South Wales_%": "32.3", "New South Wales": "840,004"}, "Tenure type not stated": {"Darlington Point_%": "1.7", "Australia": "224,869", "Darlington Point": "7", "Australia_%": "2.7", "New South Wales_%": "2.8", "New South Wales": "73,763"}, "Other tenure type": {"Darlington Point_%": "1.7", "Australia": "78,994", "Darlington Point": "7", "Australia_%": "1.0", "New South Wales_%": "0.9", "New South Wales": "23,968"}}, "Country of birth of father, stated responses": {"Italy": {"Darlington Point_%": "1.1", "Australia": "470,138", "Darlington Point": "13", "Australia_%": "2.0", "New South Wales_%": "1.7", "New South Wales": "128,148"}, "Philippines": {"Darlington Point_%": "0.9", "Australia": "270,177", "Darlington Point": "10", "Australia_%": "1.2", "New South Wales_%": "1.4", "New South Wales": "106,423"}, "Australia": {"Darlington Point_%": "81.1", "Australia": "12,231,150", "Darlington Point": "933", "Australia_%": "52.3", "New South Wales_%": "50.1", "New South Wales": "3,745,787"}, "England": {"Darlington Point_%": "2.3", "Australia": "1,403,096", "Darlington Point": "26", "Australia_%": "6.0", "New South Wales_%": "4.8", "New South Wales": "359,370"}, "Scotland": {"Darlington Point_%": "0.6", "Australia": "276,038", "Darlington Point": "7", "Australia_%": "1.2", "New South Wales_%": "1.0", "New South Wales": "72,321"}}, "Country of birth of father and/or mother, stated responses": {"Father only born overseas": {"Darlington Point_%": "2.4", "Australia": "1,488,092", "Darlington Point": "28", "Australia_%": "6.4", "New South Wales_%": "6.1", "New South Wales": "458,394"}, "Mother only born overseas": {"Darlington Point_%": "2.7", "Australia": "1,094,591", "Darlington Point": "31", "Australia_%": "4.7", "New South Wales_%": "4.3", "New South Wales": "325,182"}, "Both parents born overseas": {"Darlington Point_%": "7.3", "Australia": "8,051,196", "Darlington Point": "84", "Australia_%": "34.4", "New South Wales_%": "37.0", "New South Wales": "2,764,170"}, "Both parents born in Australia": {"Darlington Point_%": "76.8", "Australia": "11,070,538", "Darlington Point": "886", "Australia_%": "47.3", "New South Wales_%": "45.4", "New South Wales": "3,399,725"}}, "Rent weekly payments": {"Households where rent payments are less than 30% of household income": {"Darlington Point_%": "90.4", "Australia": "--", "Darlington Point": "--", "Australia_%": "88.5", "New South Wales_%": "87.1", "New South Wales": "--"}, "Households with rent payments greater than or equal to 30% of household income": {"Darlington Point_%": "9.6", "Australia": "--", "Darlington Point": "--", "Australia_%": "11.5", "New South Wales_%": "12.9", "New South Wales": "--"}, "Median rent": {"Darlington Point_%": "--", "Australia": "335", "Darlington Point": "170", "Australia_%": "--", "New South Wales_%": "--", "New South Wales": "380"}}, "Registered marital status": {"Separated": {"Darlington Point_%": "7.0", "Australia": "608,059", "Darlington Point": "64", "Australia_%": "3.2", "New South Wales_%": "3.1", "New South Wales": "190,198"}, "Widowed": {"Darlington Point_%": "5.5", "Australia": "985,204", "Darlington Point": "51", "Australia_%": "5.2", "New South Wales_%": "5.4", "New South Wales": "331,653"}, "Married": {"Darlington Point_%": "43.5", "Australia": "9,148,218", "Darlington Point": "400", "Australia_%": "48.1", "New South Wales_%": "48.7", "New South Wales": "2,965,280"}, "Divorced": {"Darlington Point_%": "8.1", "Australia": "1,626,890", "Darlington Point": "74", "Australia_%": "8.5", "New South Wales_%": "8.4", "New South Wales": "512,298"}, "Never married": {"Darlington Point_%": "35.9", "Australia": "6,668,910", "Darlington Point": "330", "Australia_%": "35.0", "New South Wales_%": "34.4", "New South Wales": "2,094,460"}}, "summaryTable_qsPeople": {"Male": "52.6%", "Median age": "41", "Female": "47.4%", "People": "1,162"}, "Dwelling characteristics": {"Average number of people per household": {"Darlington Point_%": "--", "Australia": "3.2", "Darlington Point": "2.9", "Australia_%": "--", "New South Wales_%": "--", "New South Wales": "3.1"}, "Average number of persons per bedroom": {"Darlington Point_%": "--", "Australia": "1", "Darlington Point": "1", "Australia_%": "--", "New South Wales_%": "--", "New South Wales": "1"}, "Median weekly household income": {"Darlington Point_%": "--", "Australia": "1,203", "Darlington Point": "1,187", "Australia_%": "--", "New South Wales_%": "--", "New South Wales": "1,214"}}, "Unpaid work": {"Did unpaid domestic work (last week)": {"Darlington Point_%": "63.6", "Australia": "13,143,914", "Darlington Point": "584", "Australia_%": "69.0", "New South Wales_%": "67.7", "New South Wales": "4,127,723"}, "Provided unpaid assistance to a person with a disability (last two weeks)": {"Darlington Point_%": "13.8", "Australia": "2,145,203", "Darlington Point": "127", "Australia_%": "11.3", "New South Wales_%": "11.6", "New South Wales": "709,415"}, "Did voluntary work through an organisation or group (last 12 months)": {"Darlington Point_%": "16.9", "Australia": "3,620,726", "Darlington Point": "156", "Australia_%": "19.0", "New South Wales_%": "18.1", "New South Wales": "1,103,790"}, "Cared for child/children (last two weeks)": {"Darlington Point_%": "24.7", "Australia": "5,259,400", "Darlington Point": "227", "Australia_%": "27.6", "New South Wales_%": "27.2", "New South Wales": "1,659,250"}}, "Unpaid domestic work, number of hours": {"5 to 14 hours per week": {"Darlington Point_%": "21.8", "Australia": "4,944,578", "Darlington Point": "200", "Australia_%": "26.0", "New South Wales_%": "25.1", "New South Wales": "1,531,206"}, "30 hours or more per week": {"Darlington Point_%": "11.5", "Australia": "1,710,970", "Darlington Point": "105", "Australia_%": "9.0", "New South Wales_%": "9.0", "New South Wales": "545,925"}, "Less than 5 hours per week": {"Darlington Point_%": "17.2", "Australia": "4,298,593", "Darlington Point": "158", "Australia_%": "22.6", "New South Wales_%": "22.3", "New South Wales": "1,359,656"}, "15 to 29 hours per week": {"Darlington Point_%": "13.0", "Australia": "2,189,776", "Darlington Point": "119", "Australia_%": "11.5", "New South Wales_%": "11.3", "New South Wales": "690,934"}}, "Industry of employment, top responses": {"Cotton Growing": {"Darlington Point_%": "3.2", "Australia": "1,181", "Darlington Point": "13", "Australia_%": "0.0", "New South Wales_%": "0.0", "New South Wales": "666"}, "Primary Education": {"Darlington Point_%": "3.9", "Australia": "231,198", "Darlington Point": "16", "Australia_%": "2.2", "New South Wales_%": "1.9", "New South Wales": "65,204"}, "Other Social Assistance Services": {"Darlington Point_%": "3.4", "Australia": "158,230", "Darlington Point": "14", "Australia_%": "1.5", "New South Wales_%": "1.6", "New South Wales": "54,259"}, "Poultry Processing": {"Darlington Point_%": "11.5", "Australia": "13,479", "Darlington Point": "47", "Australia_%": "0.1", "New South Wales_%": "0.1", "New South Wales": "5,064"}, "Local Government Administration": {"Darlington Point_%": "5.1", "Australia": "142,724", "Darlington Point": "21", "Australia_%": "1.3", "New South Wales_%": "1.3", "New South Wales": "43,378"}}, "GeoInfo": {"city": "Darlington Point"}, "Education": {"University or tertiary institution": {"Darlington Point_%": "4.4", "Australia": "1,160,626", "Darlington Point": "16", "Australia_%": "16.1", "New South Wales_%": "16.2", "New South Wales": "376,133"}, "Secondary - Catholic": {"Darlington Point_%": "3.9", "Australia": "338,384", "Darlington Point": "14", "Australia_%": "4.7", "New South Wales_%": "5.1", "New South Wales": "117,689"}, "Secondary - other non Government": {"Darlington Point_%": "0.0", "Australia": "280,618", "Darlington Point": "0", "Australia_%": "3.9", "New South Wales_%": "3.4", "New South Wales": "79,915"}, "Primary - Catholic": {"Darlington Point_%": "1.7", "Australia": "380,604", "Darlington Point": "6", "Australia_%": "5.3", "New South Wales_%": "5.3", "New South Wales": "122,099"}, "Primary - Government": {"Darlington Point_%": "26.7", "Australia": "1,314,787", "Darlington Point": "97", "Australia_%": "18.2", "New South Wales_%": "18.0", "New South Wales": "417,465"}, "Other": {"Darlington Point_%": "0.8", "Australia": "198,383", "Darlington Point": "3", "Australia_%": "2.8", "New South Wales_%": "2.7", "New South Wales": "63,673"}, "Technical or further education institution": {"Darlington Point_%": "5.8", "Australia": "424,869", "Darlington Point": "21", "Australia_%": "5.9", "New South Wales_%": "6.2", "New South Wales": "144,103"}, "Secondary - Government": {"Darlington Point_%": "13.8", "Australia": "827,505", "Darlington Point": "50", "Australia_%": "11.5", "New South Wales_%": "11.6", "New South Wales": "269,249"}, "Primary - other non Government": {"Darlington Point_%": "0.0", "Australia": "231,490", "Darlington Point": "0", "Australia_%": "3.2", "New South Wales_%": "2.9", "New South Wales": "67,611"}, "Not stated": {"Darlington Point_%": "37.7", "Australia": "1,707,023", "Darlington Point": "137", "Australia_%": "23.7", "New South Wales_%": "23.0", "New South Wales": "535,266"}, "Preschool": {"Darlington Point_%": "5.2", "Australia": "347,621", "Darlington Point": "19", "Australia_%": "4.8", "New South Wales_%": "5.7", "New South Wales": "132,047"}}, "Employment": {"Unemployed": {"Darlington Point_%": "7.0", "Australia": "787,452", "Darlington Point": "36", "Australia_%": "6.9", "New South Wales_%": "6.3", "New South Wales": "225,546"}, "Worked part-time": {"Darlington Point_%": "24.8", "Australia": "3,491,503", "Darlington Point": "128", "Australia_%": "30.4", "New South Wales_%": "29.7", "New South Wales": "1,071,151"}, "Away from work": {"Darlington Point_%": "7.9", "Australia": "569,276", "Darlington Point": "41", "Australia_%": "5.0", "New South Wales_%": "4.8", "New South Wales": "174,654"}, "Worked full-time": {"Darlington Point_%": "60.3", "Australia": "6,623,065", "Darlington Point": "311", "Australia_%": "57.7", "New South Wales_%": "59.2", "New South Wales": "2,134,521"}}, "Travel to work, top responses": {"Walked only": {"Darlington Point_%": "5.5", "Australia": "370,427", "Darlington Point": "26", "Australia_%": "3.5", "New South Wales_%": "3.9", "New South Wales": "130,957"}, "Worked at home": {"Darlington Point_%": "5.3", "Australia": "503,582", "Darlington Point": "25", "Australia_%": "4.7", "New South Wales_%": "4.8", "New South Wales": "163,026"}, "People who travelled to work by car as driver or passenger": {"Darlington Point_%": "76.9", "Australia": "7,305,271", "Darlington Point": "370", "Australia_%": "68.4", "New South Wales_%": "64.6", "New South Wales": "2,182,854"}, "null": {"Darlington Point_%": null, "Australia": "None", "Darlington Point": null, "Australia_%": "None", "New South Wales_%": "None", "New South Wales": "None"}, "Car, as driver": {"Darlington Point_%": "72.7", "Australia": "6,574,571", "Darlington Point": "344", "Australia_%": "61.5", "New South Wales_%": "57.8", "New South Wales": "1,953,399"}, "Truck": {"Darlington Point_%": "0.8", "Australia": "85,892", "Darlington Point": "4", "Australia_%": "0.8", "New South Wales_%": "1.0", "New South Wales": "32,908"}, "Car, as passenger": {"Darlington Point_%": "5.3", "Australia": "489,922", "Darlington Point": "25", "Australia_%": "4.6", "New South Wales_%": "4.3", "New South Wales": "144,820"}}, "Occupation": {"Professionals": {"Darlington Point_%": "7.6", "Australia": "2,370,966", "Darlington Point": "37", "Australia_%": "22.2", "New South Wales_%": "23.6", "New South Wales": "798,126"}, "Technicians and Trades Workers": {"Darlington Point_%": "10.5", "Australia": "1,447,414", "Darlington Point": "51", "Australia_%": "13.5", "New South Wales_%": "12.7", "New South Wales": "429,239"}, "Community and Personal Service Workers": {"Darlington Point_%": "10.7", "Australia": "1,157,003", "Darlington Point": "52", "Australia_%": "10.8", "New South Wales_%": "10.4", "New South Wales": "350,261"}, "Clerical and Administrative Workers": {"Darlington Point_%": "10.3", "Australia": "1,449,681", "Darlington Point": "50", "Australia_%": "13.6", "New South Wales_%": "13.8", "New South Wales": "467,977"}, "Machinery Operators and Drivers": {"Darlington Point_%": "11.6", "Australia": "670,106", "Darlington Point": "56", "Australia_%": "6.3", "New South Wales_%": "6.1", "New South Wales": "206,839"}, "Labourers": {"Darlington Point_%": "24.4", "Australia": "1,011,520", "Darlington Point": "118", "Australia_%": "9.5", "New South Wales_%": "8.8", "New South Wales": "297,887"}, "Sales Workers": {"Darlington Point_%": "5.6", "Australia": "1,000,955", "Darlington Point": "27", "Australia_%": "9.4", "New South Wales_%": "9.2", "New South Wales": "311,414"}, "Managers": {"Darlington Point_%": "16.3", "Australia": "1,390,047", "Darlington Point": "79", "Australia_%": "13.0", "New South Wales_%": "13.5", "New South Wales": "456,084"}}}