{"Employment - hours worked": {"40 hours or more per week": {"Denham Court_%": "49.8", "Australia": "4,591,801", "Australia_%": "43.0", "New South Wales_%": "44.1", "Denham Court": "397", "New South Wales": "1,489,099"}, "25-34 hours per week": {"Denham Court_%": "10.4", "Australia": "1,193,445", "Australia_%": "11.2", "New South Wales_%": "10.5", "Denham Court": "83", "New South Wales": "353,702"}, "16-24 hours per week": {"Denham Court_%": "8.9", "Australia": "1,079,236", "Australia_%": "10.1", "New South Wales_%": "10.4", "Denham Court": "71", "New South Wales": "352,817"}, "35-39 hours per week": {"Denham Court_%": "17.3", "Australia": "2,031,263", "Australia_%": "19.0", "New South Wales_%": "19.1", "Denham Court": "138", "New South Wales": "645,428"}, "1-15 hours per week": {"Denham Court_%": "9.5", "Australia": "1,218,823", "Australia_%": "11.4", "New South Wales_%": "10.8", "Denham Court": "76", "New South Wales": "364,637"}}, "Number of registered motor vehicles": {"2 motor vehicles": {"Denham Court_%": "27.1", "Australia": "2,999,184", "Australia_%": "36.2", "New South Wales_%": "34.1", "Denham Court": "151", "New South Wales": "887,849"}, "None": {"Denham Court_%": "0.7", "Australia": "623,829", "Australia_%": "7.5", "New South Wales_%": "9.2", "Denham Court": "4", "New South Wales": "239,625"}, "Number of motor vehicles not stated": {"Denham Court_%": "3.9", "Australia": "285,197", "Australia_%": "3.4", "New South Wales_%": "3.7", "Denham Court": "22", "New South Wales": "95,623"}, "1 motor vehicle": {"Denham Court_%": "32.8", "Australia": "2,881,485", "Australia_%": "34.8", "New South Wales_%": "36.3", "Denham Court": "183", "New South Wales": "946,159"}, "3 or more vehicles": {"Denham Court_%": "35.5", "Australia": "1,496,382", "Australia_%": "18.1", "New South Wales_%": "16.7", "Denham Court": "198", "New South Wales": "435,053"}}, "Employment status of parents in couple families": {"Labour force status not stated (by one or both parents in a couple family)": {"Denham Court_%": "3.5", "Australia": "311,381", "Australia_%": "6.2", "New South Wales_%": "5.7", "Denham Court": "17", "New South Wales": "90,630"}, "One employed full-time, one part-time": {"Denham Court_%": "12.7", "Australia": "1,086,460", "Australia_%": "21.7", "New South Wales_%": "20.6", "Denham Court": "61", "New South Wales": "329,567"}, "One employed part-time, other not working": {"Denham Court_%": "4.0", "Australia": "302,037", "Australia_%": "6.0", "New South Wales_%": "6.1", "Denham Court": "19", "New South Wales": "96,933"}, "Other (includes away from work)": {"Denham Court_%": "3.1", "Australia": "264,145", "Australia_%": "5.3", "New South Wales_%": "5.1", "Denham Court": "15", "New South Wales": "80,905"}, "Both employed, worked full-time": {"Denham Court_%": "23.3", "Australia": "1,084,006", "Australia_%": "21.6", "New South Wales_%": "22.6", "Denham Court": "112", "New South Wales": "360,916"}, "One employed full-time, other not working": {"Denham Court_%": "11.6", "Australia": "749,886", "Australia_%": "15.0", "New South Wales_%": "15.0", "Denham Court": "56", "New South Wales": "240,084"}, "Both employed, worked part-time": {"Denham Court_%": "5.4", "Australia": "203,596", "Australia_%": "4.1", "New South Wales_%": "4.0", "Denham Court": "26", "New South Wales": "63,106"}, "Both not working": {"Denham Court_%": "36.4", "Australia": "1,006,697", "Australia_%": "20.1", "New South Wales_%": "21.0", "Denham Court": "175", "New South Wales": "334,742"}}, "Country of birth of mother, stated responses": {"Lebanon": {"Denham Court_%": "4.5", "Australia": "176,241", "Australia_%": "0.8", "New South Wales_%": "1.7", "Denham Court": "89", "New South Wales": "129,707"}, "India": {"Denham Court_%": "5.3", "Australia": "605,777", "Australia_%": "2.6", "New South Wales_%": "2.6", "Denham Court": "105", "New South Wales": "191,594"}, "Australia": {"Denham Court_%": "35.2", "Australia": "12,643,365", "Australia_%": "54.0", "New South Wales_%": "51.9", "Denham Court": "701", "New South Wales": "3,884,762"}, "Italy": {"Denham Court_%": "6.8", "Australia": "395,775", "Australia_%": "1.7", "New South Wales_%": "1.4", "Denham Court": "136", "New South Wales": "107,243"}, "England": {"Denham Court_%": "3.8", "Australia": "1,302,147", "Australia_%": "5.6", "New South Wales_%": "4.3", "Denham Court": "75", "New South Wales": "322,472"}}, "Dwelling structure": {"Other dwelling": {"Denham Court_%": "5.0", "Australia": "64,425", "Australia_%": "0.8", "New South Wales_%": "0.9", "Denham Court": "28", "New South Wales": "23,580"}, "Semi-detached, row or terrace house, townhouse etc": {"Denham Court_%": "0.0", "Australia": "1,055,016", "Australia_%": "12.7", "New South Wales_%": "12.2", "Denham Court": "0", "New South Wales": "317,453"}, "Separate house": {"Denham Court_%": "75.2", "Australia": "6,041,788", "Australia_%": "72.9", "New South Wales_%": "66.4", "Denham Court": "425", "New South Wales": "1,729,820"}, "Flat or apartment": {"Denham Court_%": "1.8", "Australia": "1,087,434", "Australia_%": "13.1", "New South Wales_%": "19.9", "Denham Court": "10", "New South Wales": "519,390"}}, "Number of bedrooms": {"1 bedroom": {"Denham Court_%": "14.8", "Australia": "411,252", "Australia_%": "5.0", "New South Wales_%": "6.0", "Denham Court": "84", "New South Wales": "157,194"}, "3 bedrooms": {"Denham Court_%": "7.0", "Australia": "3,403,190", "Australia_%": "41.1", "New South Wales_%": "37.2", "Denham Court": "40", "New South Wales": "970,001"}, "Average number of people per household": {"Denham Court_%": "--", "Australia": "2.6", "Australia_%": "--", "New South Wales_%": "--", "Denham Court": "3", "New South Wales": "2.6"}, "2 bedrooms": {"Denham Court_%": "6.9", "Australia": "1,562,759", "Australia_%": "18.9", "New South Wales_%": "22.2", "Denham Court": "39", "New South Wales": "577,675"}, "4 or more bedrooms": {"Denham Court_%": "63.7", "Australia": "2,670,758", "Australia_%": "32.2", "New South Wales_%": "31.3", "Denham Court": "362", "New South Wales": "816,405"}, "None (includes bedsitters)": {"Denham Court_%": "4.0", "Australia": "39,769", "Australia_%": "0.5", "New South Wales_%": "0.7", "Denham Court": "23", "New South Wales": "17,157"}, "Number of bedrooms not stated": {"Denham Court_%": "3.5", "Australia": "198,351", "Australia_%": "2.4", "New South Wales_%": "2.5", "Denham Court": "20", "New South Wales": "65,888"}, "Average number of bedrooms per dwelling": {"Denham Court_%": "--", "Australia": "3.1", "Australia_%": "--", "New South Wales_%": "--", "Denham Court": "3.6", "New South Wales": "3"}}, "summaryTable_qsFamilies": {"for all families": "0.9", "for families with children": "2", "Families": "518", "Average children per family": "None"}, "People characteristics": {"Male": {"Denham Court_%": "100.0", "Australia": "322,171", "Australia_%": "49.6", "New South Wales_%": "49.7", "Denham Court": "8", "New South Wales": "107,368"}, "Median age": {"Denham Court_%": "--", "Australia": "23", "Australia_%": "--", "New South Wales_%": "--", "Denham Court": "54", "New South Wales": "22"}, "Female": {"Denham Court_%": "0.0", "Australia": "326,996", "Australia_%": "50.4", "New South Wales_%": "50.3", "Denham Court": "0", "New South Wales": "108,809"}}, "Dwelling count": {"Unoccupied private dwellings": {"Denham Court_%": "8.3", "Australia": "1,039,874", "Australia_%": "11.2", "New South Wales_%": "9.9", "Denham Court": "51", "New South Wales": "284,741"}, "Occupied private dwellings": {"Denham Court_%": "91.7", "Australia": "8,286,073", "Australia_%": "88.8", "New South Wales_%": "90.1", "Denham Court": "565", "New South Wales": "2,604,320"}}, "Level of highest educational attainment": {"Certificate level III": {"Denham Court_%": "14.3", "Australia": "2,442,203", "Australia_%": "12.8", "New South Wales_%": "12.0", "Denham Court": "241", "New South Wales": "730,498"}, "Certificate level II": {"Denham Court_%": "0.0", "Australia": "13,454", "Australia_%": "0.1", "New South Wales_%": "0.1", "Denham Court": "0", "New South Wales": "4,849"}, "No educational attainment": {"Denham Court_%": "0.7", "Australia": "145,844", "Australia_%": "0.8", "New South Wales_%": "0.9", "Denham Court": "12", "New South Wales": "54,870"}, "Bachelor Degree level and above": {"Denham Court_%": "20.1", "Australia": "4,181,406", "Australia_%": "22.0", "New South Wales_%": "23.4", "Denham Court": "339", "New South Wales": "1,424,716"}, "Certificate level I": {"Denham Court_%": "0.0", "Australia": "2,176", "Australia_%": "0.0", "New South Wales_%": "0.0", "Denham Court": "0", "New South Wales": "625"}, "Year 11": {"Denham Court_%": "3.1", "Australia": "941,531", "Australia_%": "4.9", "New South Wales_%": "3.3", "Denham Court": "52", "New South Wales": "203,574"}, "Not stated": {"Denham Court_%": "14.7", "Australia": "1,974,794", "Australia_%": "10.4", "New South Wales_%": "10.3", "Denham Court": "248", "New South Wales": "627,465"}, "Year 9 or below": {"Denham Court_%": "6.6", "Australia": "1,529,897", "Australia_%": "8.0", "New South Wales_%": "8.4", "Denham Court": "112", "New South Wales": "513,209"}, "Certificate level IV": {"Denham Court_%": "2.3", "Australia": "551,767", "Australia_%": "2.9", "New South Wales_%": "2.8", "Denham Court": "38", "New South Wales": "167,947"}, "Year 10": {"Denham Court_%": "11.4", "Australia": "2,054,331", "Australia_%": "10.8", "New South Wales_%": "11.5", "Denham Court": "192", "New South Wales": "702,178"}, "Year 12": {"Denham Court_%": "15.3", "Australia": "2,994,097", "Australia_%": "15.7", "New South Wales_%": "15.3", "Denham Court": "258", "New South Wales": "930,654"}, "Advanced Diploma and Diploma level": {"Denham Court_%": "8.1", "Australia": "1,687,893", "Australia_%": "8.9", "New South Wales_%": "8.9", "Denham Court": "136", "New South Wales": "543,142"}}, "Median weekly incomes": {"Personal": {"Denham Court_%": "--", "Australia": "662", "Australia_%": "--", "New South Wales_%": "--", "Denham Court": "578", "New South Wales": "664"}, "Household": {"Denham Court_%": "--", "Australia": "1,438", "Australia_%": "--", "New South Wales_%": "--", "Denham Court": "1,777", "New South Wales": "1,486"}, "Family": {"Denham Court_%": "--", "Australia": "1,734", "Australia_%": "--", "New South Wales_%": "--", "Denham Court": "1,937", "New South Wales": "1,780"}}, "Family composition": {"Other family": {"Denham Court_%": "0.0", "Australia": "102,559", "Australia_%": "1.7", "New South Wales_%": "1.7", "Denham Court": "0", "New South Wales": "32,438"}, "Couple family with children": {"Denham Court_%": "45.5", "Australia": "2,716,224", "Australia_%": "44.7", "New South Wales_%": "45.7", "Denham Court": "232", "New South Wales": "887,358"}, "Couple family without children": {"Denham Court_%": "48.8", "Australia": "2,291,987", "Australia_%": "37.8", "New South Wales_%": "36.6", "Denham Court": "249", "New South Wales": "709,524"}, "One parent family": {"Denham Court_%": "5.7", "Australia": "959,543", "Australia_%": "15.8", "New South Wales_%": "16.0", "Denham Court": "29", "New South Wales": "310,906"}}, "Dwelling internet connection": {"Not stated": {"Denham Court_%": "2.5", "Australia": "221,494", "Australia_%": "2.7", "New South Wales_%": "2.8", "Denham Court": "14", "New South Wales": "73,565"}, "Internet not accessed from dwelling": {"Denham Court_%": "8.6", "Australia": "1,172,415", "Australia_%": "14.1", "New South Wales_%": "14.7", "Denham Court": "48", "New South Wales": "381,709"}, "Internet accessed from dwelling": {"Denham Court_%": "88.9", "Australia": "6,892,165", "Australia_%": "83.2", "New South Wales_%": "82.5", "Denham Court": "498", "New South Wales": "2,149,040"}}, "Social marital status": {"Not married": {"Denham Court_%": "31.9", "Australia": "7,024,973", "Australia_%": "41.9", "New South Wales_%": "42.3", "Denham Court": "446", "New South Wales": "2,290,887"}, "De facto marriage": {"Denham Court_%": "3.4", "Australia": "1,751,731", "Australia_%": "10.4", "New South Wales_%": "9.4", "Denham Court": "47", "New South Wales": "506,133"}, "Registered marriage": {"Denham Court_%": "64.7", "Australia": "8,001,141", "Australia_%": "47.7", "New South Wales_%": "48.3", "Denham Court": "905", "New South Wales": "2,612,630"}}, "Household composition": {"Family households": {"Denham Court_%": "84.9", "Australia": "5,907,625", "Australia_%": "71.3", "New South Wales_%": "72.0", "Denham Court": "484", "New South Wales": "1,874,524"}, "Group households": {"Denham Court_%": "1.2", "Australia": "354,917", "Australia_%": "4.3", "New South Wales_%": "4.2", "Denham Court": "7", "New South Wales": "109,004"}, "Single (or lone) person households": {"Denham Court_%": "13.9", "Australia": "2,023,542", "Australia_%": "24.4", "New South Wales_%": "23.8", "Denham Court": "79", "New South Wales": "620,778"}}, "People": {"Male": {"Denham Court_%": "53.9", "Australia": "11,546,638", "Australia_%": "49.3", "New South Wales_%": "49.3", "Denham Court": "1,071", "New South Wales": "3,686,014"}, "Aboriginal and/or Torres Strait Islander people": {"Denham Court_%": "0.3", "Australia": "649,171", "Australia_%": "2.8", "New South Wales_%": "2.9", "Denham Court": "5", "New South Wales": "216,176"}, "Female": {"Denham Court_%": "46.1", "Australia": "11,855,248", "Australia_%": "50.7", "New South Wales_%": "50.7", "Denham Court": "917", "New South Wales": "3,794,217"}}, "Language, top responses (other than English)": {"null": {"Denham Court_%": null, "Australia": "None", "Australia_%": "None", "New South Wales_%": "None", "Denham Court": null, "New South Wales": "None"}, "English only spoken at home": {"Denham Court_%": "56.9", "Australia": "17,020,417", "Australia_%": "72.7", "New South Wales_%": "68.5", "Denham Court": "1,122", "New South Wales": "5,126,633"}, "Hindi": {"Denham Court_%": "1.8", "Australia": "159,652", "Australia_%": "0.7", "New South Wales_%": "0.9", "Denham Court": "35", "New South Wales": "67,034"}, "Cantonese": {"Denham Court_%": "1.6", "Australia": "280,943", "Australia_%": "1.2", "New South Wales_%": "1.9", "Denham Court": "32", "New South Wales": "143,333"}, "Households where a non English language is spoken": {"Denham Court_%": "40.3", "Australia": "1,971,011", "Australia_%": "22.2", "New South Wales_%": "26.5", "Denham Court": "242", "New South Wales": "735,563"}, "Arabic": {"Denham Court_%": "5.8", "Australia": "321,728", "Australia_%": "1.4", "New South Wales_%": "2.7", "Denham Court": "115", "New South Wales": "200,825"}, "Italian": {"Denham Court_%": "3.6", "Australia": "271,597", "Australia_%": "1.2", "New South Wales_%": "1.0", "Denham Court": "70", "New South Wales": "75,694"}, "Croatian": {"Denham Court_%": "2.0", "Australia": "56,885", "Australia_%": "0.2", "New South Wales_%": "0.3", "Denham Court": "40", "New South Wales": "21,156"}}, "summaryTable_qsDwelling": {"Median monthly mortgage repayments": "$2,600", "All private dwellings": "657", "Average people per household": "3", "Median weekly household income": "$1,777", "Median weekly rent": "$215", "Average motor vehicles per dwelling": "2.4"}, "Household income": {"Less than $650 gross weekly income": {"Denham Court_%": "24.4", "Australia": "--", "Australia_%": "20.0", "New South Wales_%": "19.7", "Denham Court": "--", "New South Wales": "--"}, "More than $3000 gross weekly income": {"Denham Court_%": "27.6", "Australia": "--", "Australia_%": "16.4", "New South Wales_%": "18.7", "Denham Court": "--", "New South Wales": "--"}}, "Country of birth": {"Other top responses": {"Denham Court": "None", "Denham Court_%": "None"}, "Australia": {"Denham Court_%": "58.1", "Australia": "15,614,835", "Australia_%": "66.7", "New South Wales_%": "65.5", "Denham Court": "1,142", "New South Wales": "4,899,090"}, "Italy": {"Denham Court_%": "2.7", "Australia": "174,042", "Australia_%": "0.7", "New South Wales_%": "0.7", "Denham Court": "53", "New South Wales": "49,476"}, "Lebanon": {"Denham Court_%": "1.7", "Australia": "78,653", "Australia_%": "0.3", "New South Wales_%": "0.8", "Denham Court": "34", "New South Wales": "57,381"}, "India": {"Denham Court_%": "3.5", "Australia": "455,389", "Australia_%": "1.9", "New South Wales_%": "1.9", "Denham Court": "69", "New South Wales": "143,459"}, "England": {"Denham Court_%": "2.3", "Australia": "907,570", "Australia_%": "3.9", "New South Wales_%": "3.0", "Denham Court": "45", "New South Wales": "226,564"}, "New Zealand": {"Denham Court_%": "2.5", "Australia": "518,466", "Australia_%": "2.2", "New South Wales_%": "1.6", "Denham Court": "50", "New South Wales": "117,136"}}, "Religious affiliation, top responses": {"No Religion, so described": {"Denham Court_%": "8.6", "Australia": "6,933,708", "Australia_%": "29.6", "New South Wales_%": "25.1", "Denham Court": "171", "New South Wales": "1,879,562"}, "Catholic": {"Denham Court_%": "31.4", "Australia": "5,291,834", "Australia_%": "22.6", "New South Wales_%": "24.7", "Denham Court": "627", "New South Wales": "1,846,443"}, "Not stated": {"Denham Court_%": "13.5", "Australia": "2,238,735", "Australia_%": "9.6", "New South Wales_%": "9.2", "Denham Court": "270", "New South Wales": "684,969"}, "Anglican": {"Denham Court_%": "8.6", "Australia": "3,101,185", "Australia_%": "13.3", "New South Wales_%": "15.5", "Denham Court": "171", "New South Wales": "1,161,810"}, "Jehovah's Witnesses": {"Denham Court_%": "12.5", "Australia": "82,510", "Australia_%": "0.4", "New South Wales_%": "0.3", "Denham Court": "249", "New South Wales": "22,723"}}, "Ancestry, top responses": {"Indian": {"Denham Court_%": "5.0", "Australia": "619,164", "Australia_%": "2.0", "New South Wales_%": "2.1", "Denham Court": "123", "New South Wales": "211,927"}, "Australian": {"Denham Court_%": "14.7", "Australia": "7,298,243", "Australia_%": "23.3", "New South Wales_%": "22.9", "Denham Court": "361", "New South Wales": "2,261,062"}, "Italian": {"Denham Court_%": "10.4", "Australia": "1,000,006", "Australia_%": "3.2", "New South Wales_%": "2.8", "Denham Court": "256", "New South Wales": "272,124"}, "Irish": {"Denham Court_%": "4.4", "Australia": "2,388,058", "Australia_%": "7.6", "New South Wales_%": "7.5", "Denham Court": "109", "New South Wales": "741,671"}, "English": {"Denham Court_%": "15.2", "Australia": "7,852,224", "Australia_%": "25.0", "New South Wales_%": "23.3", "Denham Court": "374", "New South Wales": "2,302,481"}}, "Age": {"35-39 years": {"Denham Court_%": "4.8", "Australia": "1,561,679", "Australia_%": "6.7", "New South Wales_%": "6.7", "Denham Court": "95", "New South Wales": "499,724"}, "60-64 years": {"Denham Court_%": "5.0", "Australia": "1,299,397", "Australia_%": "5.6", "New South Wales_%": "5.6", "Denham Court": "99", "New South Wales": "420,044"}, "30-34 years": {"Denham Court_%": "8.9", "Australia": "1,703,847", "Australia_%": "7.3", "New South Wales_%": "7.2", "Denham Court": "177", "New South Wales": "540,360"}, "0-4 years": {"Denham Court_%": "4.7", "Australia": "1,464,779", "Australia_%": "6.3", "New South Wales_%": "6.2", "Denham Court": "94", "New South Wales": "465,135"}, "25-29 years": {"Denham Court_%": "9.7", "Australia": "1,664,602", "Australia_%": "7.1", "New South Wales_%": "7.0", "Denham Court": "192", "New South Wales": "527,161"}, "10-14 years": {"Denham Court_%": "4.7", "Australia": "1,397,183", "Australia_%": "6.0", "New South Wales_%": "5.9", "Denham Court": "94", "New South Wales": "443,009"}, "5-9 years": {"Denham Court_%": "4.7", "Australia": "1,502,646", "Australia_%": "6.4", "New South Wales_%": "6.4", "Denham Court": "93", "New South Wales": "478,184"}, "Median age": {"Denham Court_%": "--", "Australia": "38", "Australia_%": "--", "New South Wales_%": "--", "Denham Court": "35", "New South Wales": "38"}, "50-54 years": {"Denham Court_%": "6.4", "Australia": "1,523,551", "Australia_%": "6.5", "New South Wales_%": "6.5", "Denham Court": "126", "New South Wales": "485,546"}, "80-84 years": {"Denham Court_%": "1.8", "Australia": "460,549", "Australia_%": "2.0", "New South Wales_%": "2.1", "Denham Court": "36", "New South Wales": "155,806"}, "40-44 years": {"Denham Court_%": "6.8", "Australia": "1,583,257", "Australia_%": "6.8", "New South Wales_%": "6.7", "Denham Court": "134", "New South Wales": "503,169"}, "70-74 years": {"Denham Court_%": "3.8", "Australia": "887,716", "Australia_%": "3.8", "New South Wales_%": "3.9", "Denham Court": "75", "New South Wales": "292,556"}, "15-19 years": {"Denham Court_%": "6.6", "Australia": "1,421,595", "Australia_%": "6.1", "New South Wales_%": "6.0", "Denham Court": "130", "New South Wales": "448,425"}, "65-69 years": {"Denham Court_%": "5.4", "Australia": "1,188,999", "Australia_%": "5.1", "New South Wales_%": "5.1", "Denham Court": "106", "New South Wales": "384,470"}, "20-24 years": {"Denham Court_%": "9.6", "Australia": "1,566,793", "Australia_%": "6.7", "New South Wales_%": "6.5", "Denham Court": "190", "New South Wales": "489,673"}, "55-59 years": {"Denham Court_%": "6.4", "Australia": "1,454,332", "Australia_%": "6.2", "New South Wales_%": "6.3", "Denham Court": "127", "New South Wales": "469,726"}, "75-79 years": {"Denham Court_%": "2.5", "Australia": "652,657", "Australia_%": "2.8", "New South Wales_%": "2.9", "Denham Court": "49", "New South Wales": "217,308"}, "45-49 years": {"Denham Court_%": "6.2", "Australia": "1,581,455", "Australia_%": "6.8", "New South Wales_%": "6.6", "Denham Court": "122", "New South Wales": "492,440"}, "85 years and over": {"Denham Court_%": "2.0", "Australia": "486,842", "Australia_%": "2.1", "New South Wales_%": "2.2", "Denham Court": "40", "New South Wales": "167,506"}}, "Single (or lone) parents": {"Male": {"Denham Court_%": "21.4", "Australia": "--", "Australia_%": "18.2", "New South Wales_%": "17.8", "Denham Court": "--", "New South Wales": "--"}, "Female": {"Denham Court_%": "78.6", "Australia": "--", "Australia_%": "81.8", "New South Wales_%": "82.2", "Denham Court": "--", "New South Wales": "--"}}, "Mortgage monthly repayments": {"Median mortgage repayments": {"Denham Court_%": "--", "Australia": "1,755", "Australia_%": "--", "New South Wales_%": "--", "Denham Court": "2,600", "New South Wales": "1,986"}, "Households where mortgage repayments are less than 30% of household income": {"Denham Court_%": "89.9", "Australia": "--", "Australia_%": "92.8", "New South Wales_%": "92.6", "Denham Court": "--", "New South Wales": "--"}, "Households with mortgage repayments greater than or equal to 30% of household income": {"Denham Court_%": "10.1", "Australia": "--", "Australia_%": "7.2", "New South Wales_%": "7.4", "Denham Court": "--", "New South Wales": "--"}}, "Mortgage and rent": {"Median monthly mortgage repayments": {"Denham Court_%": "--", "Australia": "1,660", "Australia_%": "--", "New South Wales_%": "--", "Denham Court": "0", "New South Wales": "1,733"}, "Median weekly rent": {"Denham Court_%": "--", "Australia": "250", "Australia_%": "--", "New South Wales_%": "--", "Denham Court": "0", "New South Wales": "270"}}, "Tenure": {"Rented": {"Denham Court_%": "14.8", "Australia": "2,561,302", "Australia_%": "30.9", "New South Wales_%": "31.8", "Denham Court": "84", "New South Wales": "826,922"}, "Owned outright": {"Denham Court_%": "35.1", "Australia": "2,565,695", "Australia_%": "31.0", "New South Wales_%": "32.2", "Denham Court": "200", "New South Wales": "839,665"}, "Owned with a mortgage": {"Denham Court_%": "34.1", "Australia": "2,855,222", "Australia_%": "34.5", "New South Wales_%": "32.3", "Denham Court": "194", "New South Wales": "840,004"}, "Tenure type not stated": {"Denham Court_%": "3.9", "Australia": "224,869", "Australia_%": "2.7", "New South Wales_%": "2.8", "Denham Court": "22", "New South Wales": "73,763"}, "Other tenure type": {"Denham Court_%": "12.1", "Australia": "78,994", "Australia_%": "1.0", "New South Wales_%": "0.9", "Denham Court": "69", "New South Wales": "23,968"}}, "Country of birth of father, stated responses": {"Lebanon": {"Denham Court_%": "4.5", "Australia": "196,333", "Australia_%": "0.8", "New South Wales_%": "1.9", "Denham Court": "89", "New South Wales": "143,993"}, "India": {"Denham Court_%": "4.7", "Australia": "616,939", "Australia_%": "2.6", "New South Wales_%": "2.6", "Denham Court": "92", "New South Wales": "195,217"}, "Australia": {"Denham Court_%": "32.2", "Australia": "12,231,150", "Australia_%": "52.3", "New South Wales_%": "50.1", "Denham Court": "635", "New South Wales": "3,745,787"}, "Italy": {"Denham Court_%": "8.1", "Australia": "470,138", "Australia_%": "2.0", "New South Wales_%": "1.7", "Denham Court": "159", "New South Wales": "128,148"}, "England": {"Denham Court_%": "4.0", "Australia": "1,403,096", "Australia_%": "6.0", "New South Wales_%": "4.8", "Denham Court": "78", "New South Wales": "359,370"}}, "Country of birth of father and/or mother, stated responses": {"Father only born overseas": {"Denham Court_%": "8.6", "Australia": "1,488,092", "Australia_%": "6.4", "New South Wales_%": "6.1", "Denham Court": "171", "New South Wales": "458,394"}, "Mother only born overseas": {"Denham Court_%": "5.1", "Australia": "1,094,591", "Australia_%": "4.7", "New South Wales_%": "4.3", "Denham Court": "102", "New South Wales": "325,182"}, "Both parents born overseas": {"Denham Court_%": "48.1", "Australia": "8,051,196", "Australia_%": "34.4", "New South Wales_%": "37.0", "Denham Court": "953", "New South Wales": "2,764,170"}, "Both parents born in Australia": {"Denham Court_%": "26.8", "Australia": "11,070,538", "Australia_%": "47.3", "New South Wales_%": "45.4", "Denham Court": "531", "New South Wales": "3,399,725"}}, "Rent weekly payments": {"Households where rent payments are less than 30% of household income": {"Denham Court_%": "97.2", "Australia": "--", "Australia_%": "88.5", "New South Wales_%": "87.1", "Denham Court": "--", "New South Wales": "--"}, "Households with rent payments greater than or equal to 30% of household income": {"Denham Court_%": "2.8", "Australia": "--", "Australia_%": "11.5", "New South Wales_%": "12.9", "Denham Court": "--", "New South Wales": "--"}, "Median rent": {"Denham Court_%": "--", "Australia": "335", "Australia_%": "--", "New South Wales_%": "--", "Denham Court": "215", "New South Wales": "380"}}, "Registered marital status": {"Separated": {"Denham Court_%": "1.5", "Australia": "608,059", "Australia_%": "3.2", "New South Wales_%": "3.1", "Denham Court": "25", "New South Wales": "190,198"}, "Widowed": {"Denham Court_%": "3.8", "Australia": "985,204", "Australia_%": "5.2", "New South Wales_%": "5.4", "Denham Court": "65", "New South Wales": "331,653"}, "Married": {"Denham Court_%": "57.7", "Australia": "9,148,218", "Australia_%": "48.1", "New South Wales_%": "48.7", "Denham Court": "988", "New South Wales": "2,965,280"}, "Divorced": {"Denham Court_%": "3.7", "Australia": "1,626,890", "Australia_%": "8.5", "New South Wales_%": "8.4", "Denham Court": "63", "New South Wales": "512,298"}, "Never married": {"Denham Court_%": "33.3", "Australia": "6,668,910", "Australia_%": "35.0", "New South Wales_%": "34.4", "Denham Court": "570", "New South Wales": "2,094,460"}}, "summaryTable_qsPeople": {"Male": "53.9%", "Median age": "35", "Female": "46.1%", "People": "1,981"}, "Dwelling characteristics": {"Average number of people per household": {"Denham Court_%": "--", "Australia": "3.2", "Australia_%": "--", "New South Wales_%": "--", "Denham Court": "1.6", "New South Wales": "3.1"}, "Average number of persons per bedroom": {"Denham Court_%": "--", "Australia": "1", "Australia_%": "--", "New South Wales_%": "--", "Denham Court": "0", "New South Wales": "1"}, "Median weekly household income": {"Denham Court_%": "--", "Australia": "1,203", "Australia_%": "--", "New South Wales_%": "--", "Denham Court": "762", "New South Wales": "1,214"}}, "Unpaid work": {"Did unpaid domestic work (last week)": {"Denham Court_%": "66.1", "Australia": "13,143,914", "Australia_%": "69.0", "New South Wales_%": "67.7", "Denham Court": "1,127", "New South Wales": "4,127,723"}, "Provided unpaid assistance to a person with a disability (last two weeks)": {"Denham Court_%": "13.8", "Australia": "2,145,203", "Australia_%": "11.3", "New South Wales_%": "11.6", "Denham Court": "235", "New South Wales": "709,415"}, "Did voluntary work through an organisation or group (last 12 months)": {"Denham Court_%": "23.8", "Australia": "3,620,726", "Australia_%": "19.0", "New South Wales_%": "18.1", "Denham Court": "405", "New South Wales": "1,103,790"}, "Cared for child/children (last two weeks)": {"Denham Court_%": "20.0", "Australia": "5,259,400", "Australia_%": "27.6", "New South Wales_%": "27.2", "Denham Court": "339", "New South Wales": "1,659,250"}}, "Unpaid domestic work, number of hours": {"5 to 14 hours per week": {"Denham Court_%": "24.7", "Australia": "4,944,578", "Australia_%": "26.0", "New South Wales_%": "25.1", "Denham Court": "421", "New South Wales": "1,531,206"}, "30 hours or more per week": {"Denham Court_%": "7.9", "Australia": "1,710,970", "Australia_%": "9.0", "New South Wales_%": "9.0", "Denham Court": "134", "New South Wales": "545,925"}, "Less than 5 hours per week": {"Denham Court_%": "25.1", "Australia": "4,298,593", "Australia_%": "22.6", "New South Wales_%": "22.3", "Denham Court": "429", "New South Wales": "1,359,656"}, "15 to 29 hours per week": {"Denham Court_%": "8.6", "Australia": "2,189,776", "Australia_%": "11.5", "New South Wales_%": "11.3", "Denham Court": "146", "New South Wales": "690,934"}}, "Industry of employment, top responses": {"Primary Education": {"Denham Court_%": "2.8", "Australia": "231,198", "Australia_%": "2.2", "New South Wales_%": "1.9", "Denham Court": "19", "New South Wales": "65,204"}, "Road Freight Transport": {"Denham Court_%": "3.2", "Australia": "129,528", "Australia_%": "1.2", "New South Wales_%": "1.1", "Denham Court": "22", "New South Wales": "37,995"}, "Hospitals (except Psychiatric Hospitals)": {"Denham Court_%": "2.7", "Australia": "411,808", "Australia_%": "3.9", "New South Wales_%": "3.5", "Denham Court": "18", "New South Wales": "119,350"}, "Non-Residential Building Construction": {"Denham Court_%": "3.0", "Australia": "67,107", "Australia_%": "0.6", "New South Wales_%": "0.6", "Denham Court": "20", "New South Wales": "21,343"}, "General Practice Medical Services": {"Denham Court_%": "4.1", "Australia": "96,014", "Australia_%": "0.9", "New South Wales_%": "0.9", "Denham Court": "28", "New South Wales": "31,572"}}, "GeoInfo": {"city": "Denham Court"}, "Education": {"University or tertiary institution": {"Denham Court_%": "14.0", "Australia": "1,160,626", "Australia_%": "16.1", "New South Wales_%": "16.2", "Denham Court": "86", "New South Wales": "376,133"}, "Secondary - Catholic": {"Denham Court_%": "6.0", "Australia": "338,384", "Australia_%": "4.7", "New South Wales_%": "5.1", "Denham Court": "37", "New South Wales": "117,689"}, "Secondary - other non Government": {"Denham Court_%": "8.0", "Australia": "280,618", "Australia_%": "3.9", "New South Wales_%": "3.4", "Denham Court": "49", "New South Wales": "79,915"}, "Primary - Catholic": {"Denham Court_%": "6.0", "Australia": "380,604", "Australia_%": "5.3", "New South Wales_%": "5.3", "Denham Court": "37", "New South Wales": "122,099"}, "Primary - Government": {"Denham Court_%": "8.8", "Australia": "1,314,787", "Australia_%": "18.2", "New South Wales_%": "18.0", "Denham Court": "54", "New South Wales": "417,465"}, "Other": {"Denham Court_%": "1.1", "Australia": "198,383", "Australia_%": "2.8", "New South Wales_%": "2.7", "Denham Court": "7", "New South Wales": "63,673"}, "Technical or further education institution": {"Denham Court_%": "4.6", "Australia": "424,869", "Australia_%": "5.9", "New South Wales_%": "6.2", "Denham Court": "28", "New South Wales": "144,103"}, "Secondary - Government": {"Denham Court_%": "5.4", "Australia": "827,505", "Australia_%": "11.5", "New South Wales_%": "11.6", "Denham Court": "33", "New South Wales": "269,249"}, "Primary - other non Government": {"Denham Court_%": "5.0", "Australia": "231,490", "Australia_%": "3.2", "New South Wales_%": "2.9", "Denham Court": "31", "New South Wales": "67,611"}, "Not stated": {"Denham Court_%": "36.4", "Australia": "1,707,023", "Australia_%": "23.7", "New South Wales_%": "23.0", "Denham Court": "224", "New South Wales": "535,266"}, "Preschool": {"Denham Court_%": "4.7", "Australia": "347,621", "Australia_%": "4.8", "New South Wales_%": "5.7", "Denham Court": "29", "New South Wales": "132,047"}}, "Employment": {"Unemployed": {"Denham Court_%": "4.0", "Australia": "787,452", "Australia_%": "6.9", "New South Wales_%": "6.3", "Denham Court": "33", "New South Wales": "225,546"}, "Worked part-time": {"Denham Court_%": "27.7", "Australia": "3,491,503", "Australia_%": "30.4", "New South Wales_%": "29.7", "Denham Court": "230", "New South Wales": "1,071,151"}, "Away from work": {"Denham Court_%": "4.0", "Australia": "569,276", "Australia_%": "5.0", "New South Wales_%": "4.8", "Denham Court": "33", "New South Wales": "174,654"}, "Worked full-time": {"Denham Court_%": "64.3", "Australia": "6,623,065", "Australia_%": "57.7", "New South Wales_%": "59.2", "Denham Court": "533", "New South Wales": "2,134,521"}}, "Travel to work, top responses": {"Worked at home": {"Denham Court_%": "6.2", "Australia": "503,582", "Australia_%": "4.7", "New South Wales_%": "4.8", "Denham Court": "49", "New South Wales": "163,026"}, "People who travelled to work by car as driver or passenger": {"Denham Court_%": "75.6", "Australia": "7,305,271", "Australia_%": "68.4", "New South Wales_%": "64.6", "Denham Court": "596", "New South Wales": "2,182,854"}, "null": {"Denham Court_%": null, "Australia": "None", "Australia_%": "None", "New South Wales_%": "None", "Denham Court": null, "New South Wales": "None"}, "People who travelled to work by public transport": {"Denham Court_%": "11.3", "Australia": "1,225,668", "Australia_%": "11.5", "New South Wales_%": "16.0", "Denham Court": "90", "New South Wales": "540,215"}, "Car, as driver": {"Denham Court_%": "65.2", "Australia": "6,574,571", "Australia_%": "61.5", "New South Wales_%": "57.8", "Denham Court": "518", "New South Wales": "1,953,399"}, "Train": {"Denham Court_%": "6.2", "Australia": "488,012", "Australia_%": "4.6", "New South Wales_%": "7.5", "Denham Court": "49", "New South Wales": "252,786"}, "Train, car as driver": {"Denham Court_%": "2.9", "Australia": "86,003", "Australia_%": "0.8", "New South Wales_%": "1.0", "Denham Court": "23", "New South Wales": "34,213"}, "Car, as passenger": {"Denham Court_%": "5.3", "Australia": "489,922", "Australia_%": "4.6", "New South Wales_%": "4.3", "Denham Court": "42", "New South Wales": "144,820"}}, "Occupation": {"Professionals": {"Denham Court_%": "22.2", "Australia": "2,370,966", "Australia_%": "22.2", "New South Wales_%": "23.6", "Denham Court": "175", "New South Wales": "798,126"}, "Technicians and Trades Workers": {"Denham Court_%": "13.3", "Australia": "1,447,414", "Australia_%": "13.5", "New South Wales_%": "12.7", "Denham Court": "105", "New South Wales": "429,239"}, "Community and Personal Service Workers": {"Denham Court_%": "7.2", "Australia": "1,157,003", "Australia_%": "10.8", "New South Wales_%": "10.4", "Denham Court": "57", "New South Wales": "350,261"}, "Clerical and Administrative Workers": {"Denham Court_%": "19.0", "Australia": "1,449,681", "Australia_%": "13.6", "New South Wales_%": "13.8", "Denham Court": "150", "New South Wales": "467,977"}, "Machinery Operators and Drivers": {"Denham Court_%": "6.7", "Australia": "670,106", "Australia_%": "6.3", "New South Wales_%": "6.1", "Denham Court": "53", "New South Wales": "206,839"}, "Labourers": {"Denham Court_%": "6.2", "Australia": "1,011,520", "Australia_%": "9.5", "New South Wales_%": "8.8", "Denham Court": "49", "New South Wales": "297,887"}, "Sales Workers": {"Denham Court_%": "8.4", "Australia": "1,000,955", "Australia_%": "9.4", "New South Wales_%": "9.2", "Denham Court": "66", "New South Wales": "311,414"}, "Managers": {"Denham Court_%": "16.2", "Australia": "1,390,047", "Australia_%": "13.0", "New South Wales_%": "13.5", "Denham Court": "128", "New South Wales": "456,084"}}}