{"Employment - hours worked": {"40 hours or more per week": {"Australia": "4,591,801", "Fern Bay_%": "45.0", "Australia_%": "43.0", "New South Wales_%": "44.1", "Fern Bay": "423", "New South Wales": "1,489,099"}, "25-34 hours per week": {"Australia": "1,193,445", "Fern Bay_%": "8.6", "Australia_%": "11.2", "New South Wales_%": "10.5", "Fern Bay": "81", "New South Wales": "353,702"}, "16-24 hours per week": {"Australia": "1,079,236", "Fern Bay_%": "9.9", "Australia_%": "10.1", "New South Wales_%": "10.4", "Fern Bay": "93", "New South Wales": "352,817"}, "35-39 hours per week": {"Australia": "2,031,263", "Fern Bay_%": "20.3", "Australia_%": "19.0", "New South Wales_%": "19.1", "Fern Bay": "191", "New South Wales": "645,428"}, "1-15 hours per week": {"Australia": "1,218,823", "Fern Bay_%": "10.3", "Australia_%": "11.4", "New South Wales_%": "10.8", "Fern Bay": "97", "New South Wales": "364,637"}}, "Number of registered motor vehicles": {"2 motor vehicles": {"Australia": "2,999,184", "Fern Bay_%": "36.9", "Australia_%": "36.2", "New South Wales_%": "34.1", "Fern Bay": "435", "New South Wales": "887,849"}, "None": {"Australia": "623,829", "Fern Bay_%": "5.1", "Australia_%": "7.5", "New South Wales_%": "9.2", "Fern Bay": "60", "New South Wales": "239,625"}, "Number of motor vehicles not stated": {"Australia": "285,197", "Fern Bay_%": "4.7", "Australia_%": "3.4", "New South Wales_%": "3.7", "Fern Bay": "56", "New South Wales": "95,623"}, "1 motor vehicle": {"Australia": "2,881,485", "Fern Bay_%": "43.6", "Australia_%": "34.8", "New South Wales_%": "36.3", "Fern Bay": "514", "New South Wales": "946,159"}, "3 or more vehicles": {"Australia": "1,496,382", "Fern Bay_%": "9.7", "Australia_%": "18.1", "New South Wales_%": "16.7", "Fern Bay": "115", "New South Wales": "435,053"}}, "Employment status of parents in couple families": {"Labour force status not stated (by one or both parents in a couple family)": {"Australia": "311,381", "Fern Bay_%": "7.3", "Australia_%": "6.2", "New South Wales_%": "5.7", "Fern Bay": "53", "New South Wales": "90,630"}, "One employed full-time, one part-time": {"Australia": "1,086,460", "Fern Bay_%": "15.3", "Australia_%": "21.7", "New South Wales_%": "20.6", "Fern Bay": "112", "New South Wales": "329,567"}, "One employed part-time, other not working": {"Australia": "302,037", "Fern Bay_%": "4.1", "Australia_%": "6.0", "New South Wales_%": "6.1", "Fern Bay": "30", "New South Wales": "96,933"}, "Other (includes away from work)": {"Australia": "264,145", "Fern Bay_%": "4.2", "Australia_%": "5.3", "New South Wales_%": "5.1", "Fern Bay": "31", "New South Wales": "80,905"}, "Both employed, worked full-time": {"Australia": "1,084,006", "Fern Bay_%": "14.8", "Australia_%": "21.6", "New South Wales_%": "22.6", "Fern Bay": "108", "New South Wales": "360,916"}, "One employed full-time, other not working": {"Australia": "749,886", "Fern Bay_%": "10.7", "Australia_%": "15.0", "New South Wales_%": "15.0", "Fern Bay": "78", "New South Wales": "240,084"}, "Both employed, worked part-time": {"Australia": "203,596", "Fern Bay_%": "2.1", "Australia_%": "4.1", "New South Wales_%": "4.0", "Fern Bay": "15", "New South Wales": "63,106"}, "Both not working": {"Australia": "1,006,697", "Fern Bay_%": "41.6", "Australia_%": "20.1", "New South Wales_%": "21.0", "Fern Bay": "304", "New South Wales": "334,742"}}, "Country of birth of mother, stated responses": {"Germany": {"Australia": "169,618", "Fern Bay_%": "0.7", "Australia_%": "0.7", "New South Wales_%": "0.6", "Fern Bay": "19", "New South Wales": "47,489"}, "Scotland": {"Australia": "245,915", "Fern Bay_%": "1.6", "Australia_%": "1.1", "New South Wales_%": "0.8", "Fern Bay": "44", "New South Wales": "63,302"}, "New Zealand": {"Australia": "608,329", "Fern Bay_%": "1.6", "Australia_%": "2.6", "New South Wales_%": "1.9", "Fern Bay": "45", "New South Wales": "139,899"}, "Australia": {"Australia": "12,643,365", "Fern Bay_%": "77.0", "Australia_%": "54.0", "New South Wales_%": "51.9", "Fern Bay": "2,111", "New South Wales": "3,884,762"}, "England": {"Australia": "1,302,147", "Fern Bay_%": "6.2", "Australia_%": "5.6", "New South Wales_%": "4.3", "Fern Bay": "171", "New South Wales": "322,472"}}, "Dwelling structure": {"Other dwelling": {"Australia": "64,425", "Fern Bay_%": "0.0", "Australia_%": "0.8", "New South Wales_%": "0.9", "Fern Bay": "0", "New South Wales": "23,580"}, "Semi-detached, row or terrace house, townhouse etc": {"Australia": "1,055,016", "Fern Bay_%": "0.7", "Australia_%": "12.7", "New South Wales_%": "12.2", "Fern Bay": "8", "New South Wales": "317,453"}, "Separate house": {"Australia": "6,041,788", "Fern Bay_%": "98.9", "Australia_%": "72.9", "New South Wales_%": "66.4", "Fern Bay": "1,162", "New South Wales": "1,729,820"}, "Flat or apartment": {"Australia": "1,087,434", "Fern Bay_%": "0.4", "Australia_%": "13.1", "New South Wales_%": "19.9", "Fern Bay": "5", "New South Wales": "519,390"}}, "Number of bedrooms": {"1 bedroom": {"Australia": "411,252", "Fern Bay_%": "5.1", "Australia_%": "5.0", "New South Wales_%": "6.0", "Fern Bay": "60", "New South Wales": "157,194"}, "3 bedrooms": {"Australia": "3,403,190", "Fern Bay_%": "29.2", "Australia_%": "41.1", "New South Wales_%": "37.2", "Fern Bay": "344", "New South Wales": "970,001"}, "Average number of people per household": {"Australia": "2.6", "Fern Bay_%": "--", "Australia_%": "--", "New South Wales_%": "--", "Fern Bay": "2.2", "New South Wales": "2.6"}, "2 bedrooms": {"Australia": "1,562,759", "Fern Bay_%": "33.1", "Australia_%": "18.9", "New South Wales_%": "22.2", "Fern Bay": "390", "New South Wales": "577,675"}, "4 or more bedrooms": {"Australia": "2,670,758", "Fern Bay_%": "29.6", "Australia_%": "32.2", "New South Wales_%": "31.3", "Fern Bay": "349", "New South Wales": "816,405"}, "None (includes bedsitters)": {"Australia": "39,769", "Fern Bay_%": "0.0", "Australia_%": "0.5", "New South Wales_%": "0.7", "Fern Bay": "0", "New South Wales": "17,157"}, "Number of bedrooms not stated": {"Australia": "198,351", "Fern Bay_%": "3.1", "Australia_%": "2.4", "New South Wales_%": "2.5", "Fern Bay": "37", "New South Wales": "65,888"}, "Average number of bedrooms per dwelling": {"Australia": "3.1", "Fern Bay_%": "--", "Australia_%": "--", "New South Wales_%": "--", "Fern Bay": "2.9", "New South Wales": "3"}}, "summaryTable_qsFamilies": {"for all families": "0.5", "for families with children": "1.8", "Families": "803", "Average children per family": "None"}, "People characteristics": {"Male": {"Australia": "322,171", "Fern Bay_%": "47.0", "Australia_%": "49.6", "New South Wales_%": "49.7", "Fern Bay": "39", "New South Wales": "107,368"}, "Median age": {"Australia": "23", "Fern Bay_%": "--", "Australia_%": "--", "New South Wales_%": "--", "Fern Bay": "25", "New South Wales": "22"}, "Female": {"Australia": "326,996", "Fern Bay_%": "53.0", "Australia_%": "50.4", "New South Wales_%": "50.3", "Fern Bay": "44", "New South Wales": "108,809"}}, "Dwelling count": {"Unoccupied private dwellings": {"Australia": "1,039,874", "Fern Bay_%": "8.6", "Australia_%": "11.2", "New South Wales_%": "9.9", "Fern Bay": "111", "New South Wales": "284,741"}, "Occupied private dwellings": {"Australia": "8,286,073", "Fern Bay_%": "91.4", "Australia_%": "88.8", "New South Wales_%": "90.1", "Fern Bay": "1,175", "New South Wales": "2,604,320"}}, "Level of highest educational attainment": {"Certificate level III": {"Australia": "2,442,203", "Fern Bay_%": "16.3", "Australia_%": "12.8", "New South Wales_%": "12.0", "Fern Bay": "379", "New South Wales": "730,498"}, "Certificate level II": {"Australia": "13,454", "Fern Bay_%": "0.3", "Australia_%": "0.1", "New South Wales_%": "0.1", "Fern Bay": "6", "New South Wales": "4,849"}, "No educational attainment": {"Australia": "145,844", "Fern Bay_%": "0.1", "Australia_%": "0.8", "New South Wales_%": "0.9", "Fern Bay": "3", "New South Wales": "54,870"}, "Bachelor Degree level and above": {"Australia": "4,181,406", "Fern Bay_%": "14.2", "Australia_%": "22.0", "New South Wales_%": "23.4", "Fern Bay": "331", "New South Wales": "1,424,716"}, "Certificate level I": {"Australia": "2,176", "Fern Bay_%": "0.0", "Australia_%": "0.0", "New South Wales_%": "0.0", "Fern Bay": "0", "New South Wales": "625"}, "Year 11": {"Australia": "941,531", "Fern Bay_%": "3.2", "Australia_%": "4.9", "New South Wales_%": "3.3", "Fern Bay": "74", "New South Wales": "203,574"}, "Not stated": {"Australia": "1,974,794", "Fern Bay_%": "10.8", "Australia_%": "10.4", "New South Wales_%": "10.3", "Fern Bay": "252", "New South Wales": "627,465"}, "Year 9 or below": {"Australia": "1,529,897", "Fern Bay_%": "14.2", "Australia_%": "8.0", "New South Wales_%": "8.4", "Fern Bay": "332", "New South Wales": "513,209"}, "Certificate level IV": {"Australia": "551,767", "Fern Bay_%": "3.5", "Australia_%": "2.9", "New South Wales_%": "2.8", "Fern Bay": "82", "New South Wales": "167,947"}, "Year 10": {"Australia": "2,054,331", "Fern Bay_%": "16.4", "Australia_%": "10.8", "New South Wales_%": "11.5", "Fern Bay": "382", "New South Wales": "702,178"}, "Year 12": {"Australia": "2,994,097", "Fern Bay_%": "9.2", "Australia_%": "15.7", "New South Wales_%": "15.3", "Fern Bay": "215", "New South Wales": "930,654"}, "Advanced Diploma and Diploma level": {"Australia": "1,687,893", "Fern Bay_%": "8.0", "Australia_%": "8.9", "New South Wales_%": "8.9", "Fern Bay": "187", "New South Wales": "543,142"}}, "Median weekly incomes": {"Personal": {"Australia": "662", "Fern Bay_%": "--", "Australia_%": "--", "New South Wales_%": "--", "Fern Bay": "544", "New South Wales": "664"}, "Household": {"Australia": "1,438", "Fern Bay_%": "--", "Australia_%": "--", "New South Wales_%": "--", "Fern Bay": "1,049", "New South Wales": "1,486"}, "Family": {"Australia": "1,734", "Fern Bay_%": "--", "Australia_%": "--", "New South Wales_%": "--", "Fern Bay": "1,416", "New South Wales": "1,780"}}, "Family composition": {"Other family": {"Australia": "102,559", "Fern Bay_%": "0.5", "Australia_%": "1.7", "New South Wales_%": "1.7", "Fern Bay": "4", "New South Wales": "32,438"}, "Couple family with children": {"Australia": "2,716,224", "Fern Bay_%": "32.1", "Australia_%": "44.7", "New South Wales_%": "45.7", "Fern Bay": "257", "New South Wales": "887,358"}, "Couple family without children": {"Australia": "2,291,987", "Fern Bay_%": "58.1", "Australia_%": "37.8", "New South Wales_%": "36.6", "Fern Bay": "465", "New South Wales": "709,524"}, "One parent family": {"Australia": "959,543", "Fern Bay_%": "9.2", "Australia_%": "15.8", "New South Wales_%": "16.0", "Fern Bay": "74", "New South Wales": "310,906"}}, "Dwelling internet connection": {"Not stated": {"Australia": "221,494", "Fern Bay_%": "2.8", "Australia_%": "2.7", "New South Wales_%": "2.8", "Fern Bay": "33", "New South Wales": "73,565"}, "Internet not accessed from dwelling": {"Australia": "1,172,415", "Fern Bay_%": "21.1", "Australia_%": "14.1", "New South Wales_%": "14.7", "Fern Bay": "248", "New South Wales": "381,709"}, "Internet accessed from dwelling": {"Australia": "6,892,165", "Fern Bay_%": "76.1", "Australia_%": "83.2", "New South Wales_%": "82.5", "Fern Bay": "896", "New South Wales": "2,149,040"}}, "Social marital status": {"Not married": {"Australia": "7,024,973", "Fern Bay_%": "33.5", "Australia_%": "41.9", "New South Wales_%": "42.3", "Fern Bay": "705", "New South Wales": "2,290,887"}, "De facto marriage": {"Australia": "1,751,731", "Fern Bay_%": "10.2", "Australia_%": "10.4", "New South Wales_%": "9.4", "Fern Bay": "214", "New South Wales": "506,133"}, "Registered marriage": {"Australia": "8,001,141", "Fern Bay_%": "56.3", "Australia_%": "47.7", "New South Wales_%": "48.3", "Fern Bay": "1,186", "New South Wales": "2,612,630"}}, "Household composition": {"Family households": {"Australia": "5,907,625", "Fern Bay_%": "67.6", "Australia_%": "71.3", "New South Wales_%": "72.0", "Fern Bay": "791", "New South Wales": "1,874,524"}, "Group households": {"Australia": "354,917", "Fern Bay_%": "3.0", "Australia_%": "4.3", "New South Wales_%": "4.2", "Fern Bay": "35", "New South Wales": "109,004"}, "Single (or lone) person households": {"Australia": "2,023,542", "Fern Bay_%": "29.4", "Australia_%": "24.4", "New South Wales_%": "23.8", "Fern Bay": "344", "New South Wales": "620,778"}}, "People": {"Male": {"Australia": "11,546,638", "Fern Bay_%": "49.5", "Australia_%": "49.3", "New South Wales_%": "49.3", "Fern Bay": "1,368", "New South Wales": "3,686,014"}, "Aboriginal and/or Torres Strait Islander people": {"Australia": "649,171", "Fern Bay_%": "3.1", "Australia_%": "2.8", "New South Wales_%": "2.9", "Fern Bay": "86", "New South Wales": "216,176"}, "Female": {"Australia": "11,855,248", "Fern Bay_%": "50.5", "Australia_%": "50.7", "New South Wales_%": "50.7", "Fern Bay": "1,398", "New South Wales": "3,794,217"}}, "Language, top responses (other than English)": {"Khmer": {"Australia": "35,428", "Fern Bay_%": "0.2", "Australia_%": "0.2", "New South Wales_%": "0.2", "Fern Bay": "6", "New South Wales": "11,694"}, "German": {"Australia": "79,353", "Fern Bay_%": "0.4", "Australia_%": "0.3", "New South Wales_%": "0.3", "Fern Bay": "10", "New South Wales": "23,033"}, "null": {"Australia": "None", "Fern Bay_%": null, "Australia_%": "None", "New South Wales_%": "None", "Fern Bay": null, "New South Wales": "None"}, "Spanish": {"Australia": "140,817", "Fern Bay_%": "0.3", "Australia_%": "0.6", "New South Wales_%": "0.8", "Fern Bay": "9", "New South Wales": "63,527"}, "English only spoken at home": {"Australia": "17,020,417", "Fern Bay_%": "91.7", "Australia_%": "72.7", "New South Wales_%": "68.5", "Fern Bay": "2,513", "New South Wales": "5,126,633"}, "Hindi": {"Australia": "159,652", "Fern Bay_%": "0.1", "Australia_%": "0.7", "New South Wales_%": "0.9", "Fern Bay": "4", "New South Wales": "67,034"}, "Dutch": {"Australia": "33,835", "Fern Bay_%": "0.1", "Australia_%": "0.1", "New South Wales_%": "0.1", "Fern Bay": "4", "New South Wales": "8,686"}, "Households where a non English language is spoken": {"Australia": "1,971,011", "Fern Bay_%": "5.0", "Australia_%": "22.2", "New South Wales_%": "26.5", "Fern Bay": "61", "New South Wales": "735,563"}}, "summaryTable_qsDwelling": {"Median monthly mortgage repayments": "$2,167", "All private dwellings": "1,335", "Average people per household": "2.2", "Median weekly household income": "$1,049", "Median weekly rent": "$430", "Average motor vehicles per dwelling": "1.6"}, "Household income": {"Less than $650 gross weekly income": {"Australia": "--", "Fern Bay_%": "25.9", "Australia_%": "20.0", "New South Wales_%": "19.7", "Fern Bay": "--", "New South Wales": "--"}, "More than $3000 gross weekly income": {"Australia": "--", "Fern Bay_%": "11.8", "Australia_%": "16.4", "New South Wales_%": "18.7", "Fern Bay": "--", "New South Wales": "--"}}, "Country of birth": {"Other top responses": {"Fern Bay_%": "None", "Fern Bay": "None"}, "Australia": {"Australia": "15,614,835", "Fern Bay_%": "83.3", "Australia_%": "66.7", "New South Wales_%": "65.5", "Fern Bay": "2,270", "New South Wales": "4,899,090"}, "England": {"Australia": "907,570", "Fern Bay_%": "3.8", "Australia_%": "3.9", "New South Wales_%": "3.0", "Fern Bay": "103", "New South Wales": "226,564"}, "United States of America": {"Australia": "86,125", "Fern Bay_%": "0.8", "Australia_%": "0.4", "New South Wales_%": "0.4", "Fern Bay": "21", "New South Wales": "30,081"}, "Scotland": {"Australia": "119,417", "Fern Bay_%": "0.9", "Australia_%": "0.5", "New South Wales_%": "0.4", "Fern Bay": "25", "New South Wales": "28,579"}, "Germany": {"Australia": "102,595", "Fern Bay_%": "0.7", "Australia_%": "0.4", "New South Wales_%": "0.4", "Fern Bay": "18", "New South Wales": "29,541"}, "New Zealand": {"Australia": "518,466", "Fern Bay_%": "1.2", "Australia_%": "2.2", "New South Wales_%": "1.6", "Fern Bay": "33", "New South Wales": "117,136"}}, "Religious affiliation, top responses": {"No Religion, so described": {"Australia": "6,933,708", "Fern Bay_%": "26.0", "Australia_%": "29.6", "New South Wales_%": "25.1", "Fern Bay": "717", "New South Wales": "1,879,562"}, "Anglican": {"Australia": "3,101,185", "Fern Bay_%": "26.2", "Australia_%": "13.3", "New South Wales_%": "15.5", "Fern Bay": "723", "New South Wales": "1,161,810"}, "Not stated": {"Australia": "2,238,735", "Fern Bay_%": "7.0", "Australia_%": "9.6", "New South Wales_%": "9.2", "Fern Bay": "193", "New South Wales": "684,969"}, "Uniting Church": {"Australia": "870,183", "Fern Bay_%": "4.9", "Australia_%": "3.7", "New South Wales_%": "2.9", "Fern Bay": "135", "New South Wales": "217,258"}, "Catholic": {"Australia": "5,291,834", "Fern Bay_%": "21.3", "Australia_%": "22.6", "New South Wales_%": "24.7", "Fern Bay": "587", "New South Wales": "1,846,443"}}, "Ancestry, top responses": {"German": {"Australia": "982,226", "Fern Bay_%": "3.2", "Australia_%": "3.1", "New South Wales_%": "2.4", "Fern Bay": "122", "New South Wales": "236,146"}, "Australian": {"Australia": "7,298,243", "Fern Bay_%": "29.4", "Australia_%": "23.3", "New South Wales_%": "22.9", "Fern Bay": "1,113", "New South Wales": "2,261,062"}, "Scottish": {"Australia": "2,023,470", "Fern Bay_%": "9.8", "Australia_%": "6.4", "New South Wales_%": "5.9", "Fern Bay": "369", "New South Wales": "587,052"}, "Irish": {"Australia": "2,388,058", "Fern Bay_%": "9.4", "Australia_%": "7.6", "New South Wales_%": "7.5", "Fern Bay": "357", "New South Wales": "741,671"}, "English": {"Australia": "7,852,224", "Fern Bay_%": "32.2", "Australia_%": "25.0", "New South Wales_%": "23.3", "Fern Bay": "1,220", "New South Wales": "2,302,481"}}, "Age": {"35-39 years": {"Australia": "1,561,679", "Fern Bay_%": "5.8", "Australia_%": "6.7", "New South Wales_%": "6.7", "Fern Bay": "159", "New South Wales": "499,724"}, "60-64 years": {"Australia": "1,299,397", "Fern Bay_%": "8.0", "Australia_%": "5.6", "New South Wales_%": "5.6", "Fern Bay": "222", "New South Wales": "420,044"}, "30-34 years": {"Australia": "1,703,847", "Fern Bay_%": "5.9", "Australia_%": "7.3", "New South Wales_%": "7.2", "Fern Bay": "163", "New South Wales": "540,360"}, "0-4 years": {"Australia": "1,464,779", "Fern Bay_%": "6.6", "Australia_%": "6.3", "New South Wales_%": "6.2", "Fern Bay": "183", "New South Wales": "465,135"}, "25-29 years": {"Australia": "1,664,602", "Fern Bay_%": "5.0", "Australia_%": "7.1", "New South Wales_%": "7.0", "Fern Bay": "137", "New South Wales": "527,161"}, "10-14 years": {"Australia": "1,397,183", "Fern Bay_%": "3.4", "Australia_%": "6.0", "New South Wales_%": "5.9", "Fern Bay": "93", "New South Wales": "443,009"}, "5-9 years": {"Australia": "1,502,646", "Fern Bay_%": "5.4", "Australia_%": "6.4", "New South Wales_%": "6.4", "Fern Bay": "150", "New South Wales": "478,184"}, "Median age": {"Australia": "38", "Fern Bay_%": "--", "Australia_%": "--", "New South Wales_%": "--", "Fern Bay": "53", "New South Wales": "38"}, "50-54 years": {"Australia": "1,523,551", "Fern Bay_%": "4.6", "Australia_%": "6.5", "New South Wales_%": "6.5", "Fern Bay": "126", "New South Wales": "485,546"}, "80-84 years": {"Australia": "460,549", "Fern Bay_%": "4.2", "Australia_%": "2.0", "New South Wales_%": "2.1", "Fern Bay": "115", "New South Wales": "155,806"}, "40-44 years": {"Australia": "1,583,257", "Fern Bay_%": "4.5", "Australia_%": "6.8", "New South Wales_%": "6.7", "Fern Bay": "123", "New South Wales": "503,169"}, "70-74 years": {"Australia": "887,716", "Fern Bay_%": "9.7", "Australia_%": "3.8", "New South Wales_%": "3.9", "Fern Bay": "268", "New South Wales": "292,556"}, "15-19 years": {"Australia": "1,421,595", "Fern Bay_%": "3.3", "Australia_%": "6.1", "New South Wales_%": "6.0", "Fern Bay": "92", "New South Wales": "448,425"}, "65-69 years": {"Australia": "1,188,999", "Fern Bay_%": "12.1", "Australia_%": "5.1", "New South Wales_%": "5.1", "Fern Bay": "334", "New South Wales": "384,470"}, "20-24 years": {"Australia": "1,566,793", "Fern Bay_%": "3.1", "Australia_%": "6.7", "New South Wales_%": "6.5", "Fern Bay": "85", "New South Wales": "489,673"}, "55-59 years": {"Australia": "1,454,332", "Fern Bay_%": "5.1", "Australia_%": "6.2", "New South Wales_%": "6.3", "Fern Bay": "140", "New South Wales": "469,726"}, "75-79 years": {"Australia": "652,657", "Fern Bay_%": "6.8", "Australia_%": "2.8", "New South Wales_%": "2.9", "Fern Bay": "187", "New South Wales": "217,308"}, "45-49 years": {"Australia": "1,581,455", "Fern Bay_%": "4.4", "Australia_%": "6.8", "New South Wales_%": "6.6", "Fern Bay": "121", "New South Wales": "492,440"}, "85 years and over": {"Australia": "486,842", "Fern Bay_%": "2.3", "Australia_%": "2.1", "New South Wales_%": "2.2", "Fern Bay": "63", "New South Wales": "167,506"}}, "Single (or lone) parents": {"Male": {"Australia": "--", "Fern Bay_%": "26.1", "Australia_%": "18.2", "New South Wales_%": "17.8", "Fern Bay": "--", "New South Wales": "--"}, "Female": {"Australia": "--", "Fern Bay_%": "73.9", "Australia_%": "81.8", "New South Wales_%": "82.2", "Fern Bay": "--", "New South Wales": "--"}}, "Mortgage monthly repayments": {"Median mortgage repayments": {"Australia": "1,755", "Fern Bay_%": "--", "Australia_%": "--", "New South Wales_%": "--", "Fern Bay": "2,167", "New South Wales": "1,986"}, "Households where mortgage repayments are less than 30% of household income": {"Australia": "--", "Fern Bay_%": "96.4", "Australia_%": "92.8", "New South Wales_%": "92.6", "Fern Bay": "--", "New South Wales": "--"}, "Households with mortgage repayments greater than or equal to 30% of household income": {"Australia": "--", "Fern Bay_%": "3.6", "Australia_%": "7.2", "New South Wales_%": "7.4", "Fern Bay": "--", "New South Wales": "--"}}, "Mortgage and rent": {"Median monthly mortgage repayments": {"Australia": "1,660", "Fern Bay_%": "--", "Australia_%": "--", "New South Wales_%": "--", "Fern Bay": "2,129", "New South Wales": "1,733"}, "Median weekly rent": {"Australia": "250", "Fern Bay_%": "--", "Australia_%": "--", "New South Wales_%": "--", "Fern Bay": "330", "New South Wales": "270"}}, "Tenure": {"Rented": {"Australia": "2,561,302", "Fern Bay_%": "16.1", "Australia_%": "30.9", "New South Wales_%": "31.8", "Fern Bay": "190", "New South Wales": "826,922"}, "Owned outright": {"Australia": "2,565,695", "Fern Bay_%": "55.6", "Australia_%": "31.0", "New South Wales_%": "32.2", "Fern Bay": "657", "New South Wales": "839,665"}, "Owned with a mortgage": {"Australia": "2,855,222", "Fern Bay_%": "23.6", "Australia_%": "34.5", "New South Wales_%": "32.3", "Fern Bay": "279", "New South Wales": "840,004"}, "Tenure type not stated": {"Australia": "224,869", "Fern Bay_%": "3.5", "Australia_%": "2.7", "New South Wales_%": "2.8", "Fern Bay": "41", "New South Wales": "73,763"}, "Other tenure type": {"Australia": "78,994", "Fern Bay_%": "1.2", "Australia_%": "1.0", "New South Wales_%": "0.9", "Fern Bay": "14", "New South Wales": "23,968"}}, "Country of birth of father, stated responses": {"Scotland": {"Australia": "276,038", "Fern Bay_%": "1.9", "Australia_%": "1.2", "New South Wales_%": "1.0", "Fern Bay": "52", "New South Wales": "72,321"}, "New Zealand": {"Australia": "617,331", "Fern Bay_%": "1.7", "Australia_%": "2.6", "New South Wales_%": "1.9", "Fern Bay": "48", "New South Wales": "143,450"}, "Australia": {"Australia": "12,231,150", "Fern Bay_%": "73.8", "Australia_%": "52.3", "New South Wales_%": "50.1", "Fern Bay": "2,026", "New South Wales": "3,745,787"}, "England": {"Australia": "1,403,096", "Fern Bay_%": "6.9", "Australia_%": "6.0", "New South Wales_%": "4.8", "Fern Bay": "190", "New South Wales": "359,370"}, "Netherlands": {"Australia": "175,354", "Fern Bay_%": "1.0", "Australia_%": "0.7", "New South Wales_%": "0.5", "Fern Bay": "27", "New South Wales": "40,444"}}, "Country of birth of father and/or mother, stated responses": {"Father only born overseas": {"Australia": "1,488,092", "Fern Bay_%": "6.6", "Australia_%": "6.4", "New South Wales_%": "6.1", "Fern Bay": "181", "New South Wales": "458,394"}, "Mother only born overseas": {"Australia": "1,094,591", "Fern Bay_%": "4.0", "Australia_%": "4.7", "New South Wales_%": "4.3", "Fern Bay": "110", "New South Wales": "325,182"}, "Both parents born overseas": {"Australia": "8,051,196", "Fern Bay_%": "13.9", "Australia_%": "34.4", "New South Wales_%": "37.0", "Fern Bay": "384", "New South Wales": "2,764,170"}, "Both parents born in Australia": {"Australia": "11,070,538", "Fern Bay_%": "69.1", "Australia_%": "47.3", "New South Wales_%": "45.4", "Fern Bay": "1,907", "New South Wales": "3,399,725"}}, "Rent weekly payments": {"Households where rent payments are less than 30% of household income": {"Australia": "--", "Fern Bay_%": "95.4", "Australia_%": "88.5", "New South Wales_%": "87.1", "Fern Bay": "--", "New South Wales": "--"}, "Households with rent payments greater than or equal to 30% of household income": {"Australia": "--", "Fern Bay_%": "4.6", "Australia_%": "11.5", "New South Wales_%": "12.9", "Fern Bay": "--", "New South Wales": "--"}, "Median rent": {"Australia": "335", "Fern Bay_%": "--", "Australia_%": "--", "New South Wales_%": "--", "Fern Bay": "430", "New South Wales": "380"}}, "Registered marital status": {"Separated": {"Australia": "608,059", "Fern Bay_%": "3.2", "Australia_%": "3.2", "New South Wales_%": "3.1", "Fern Bay": "75", "New South Wales": "190,198"}, "Widowed": {"Australia": "985,204", "Fern Bay_%": "7.9", "Australia_%": "5.2", "New South Wales_%": "5.4", "Fern Bay": "185", "New South Wales": "331,653"}, "Married": {"Australia": "9,148,218", "Fern Bay_%": "57.0", "Australia_%": "48.1", "New South Wales_%": "48.7", "Fern Bay": "1,331", "New South Wales": "2,965,280"}, "Divorced": {"Australia": "1,626,890", "Fern Bay_%": "11.0", "Australia_%": "8.5", "New South Wales_%": "8.4", "Fern Bay": "257", "New South Wales": "512,298"}, "Never married": {"Australia": "6,668,910", "Fern Bay_%": "20.9", "Australia_%": "35.0", "New South Wales_%": "34.4", "Fern Bay": "489", "New South Wales": "2,094,460"}}, "summaryTable_qsPeople": {"Male": "49.5%", "Median age": "53", "Female": "50.5%", "People": "2,763"}, "Dwelling characteristics": {"Average number of people per household": {"Australia": "3.2", "Fern Bay_%": "--", "Australia_%": "--", "New South Wales_%": "--", "Fern Bay": "3", "New South Wales": "3.1"}, "Average number of persons per bedroom": {"Australia": "1", "Fern Bay_%": "--", "Australia_%": "--", "New South Wales_%": "--", "Fern Bay": "0.8", "New South Wales": "1"}, "Median weekly household income": {"Australia": "1,203", "Fern Bay_%": "--", "Australia_%": "--", "New South Wales_%": "--", "Fern Bay": "1,333", "New South Wales": "1,214"}}, "Unpaid work": {"Did unpaid domestic work (last week)": {"Australia": "13,143,914", "Fern Bay_%": "70.4", "Australia_%": "69.0", "New South Wales_%": "67.7", "Fern Bay": "1,651", "New South Wales": "4,127,723"}, "Provided unpaid assistance to a person with a disability (last two weeks)": {"Australia": "2,145,203", "Fern Bay_%": "13.8", "Australia_%": "11.3", "New South Wales_%": "11.6", "Fern Bay": "322", "New South Wales": "709,415"}, "Did voluntary work through an organisation or group (last 12 months)": {"Australia": "3,620,726", "Fern Bay_%": "16.8", "Australia_%": "19.0", "New South Wales_%": "18.1", "Fern Bay": "394", "New South Wales": "1,103,790"}, "Cared for child/children (last two weeks)": {"Australia": "5,259,400", "Fern Bay_%": "24.4", "Australia_%": "27.6", "New South Wales_%": "27.2", "Fern Bay": "572", "New South Wales": "1,659,250"}}, "Unpaid domestic work, number of hours": {"5 to 14 hours per week": {"Australia": "4,944,578", "Fern Bay_%": "25.0", "Australia_%": "26.0", "New South Wales_%": "25.1", "Fern Bay": "588", "New South Wales": "1,531,206"}, "30 hours or more per week": {"Australia": "1,710,970", "Fern Bay_%": "11.5", "Australia_%": "9.0", "New South Wales_%": "9.0", "Fern Bay": "271", "New South Wales": "545,925"}, "Less than 5 hours per week": {"Australia": "4,298,593", "Fern Bay_%": "19.3", "Australia_%": "22.6", "New South Wales_%": "22.3", "Fern Bay": "453", "New South Wales": "1,359,656"}, "15 to 29 hours per week": {"Australia": "2,189,776", "Fern Bay_%": "14.7", "Australia_%": "11.5", "New South Wales_%": "11.3", "Fern Bay": "346", "New South Wales": "690,934"}}, "Industry of employment, top responses": {"Takeaway Food Services": {"Australia": "189,447", "Fern Bay_%": "3.1", "Australia_%": "1.8", "New South Wales_%": "1.7", "Fern Bay": "26", "New South Wales": "56,957"}, "Hospitals (except Psychiatric Hospitals)": {"Australia": "411,808", "Fern Bay_%": "2.6", "Australia_%": "3.9", "New South Wales_%": "3.5", "Fern Bay": "22", "New South Wales": "119,350"}, "Defence": {"Australia": "75,462", "Fern Bay_%": "9.8", "Australia_%": "0.7", "New South Wales_%": "0.6", "Fern Bay": "82", "New South Wales": "21,848"}, "State Government Administration": {"Australia": "158,980", "Fern Bay_%": "3.0", "Australia_%": "1.5", "New South Wales_%": "1.3", "Fern Bay": "25", "New South Wales": "45,546"}, "Aged Care Residential Services": {"Australia": "211,621", "Fern Bay_%": "3.6", "Australia_%": "2.0", "New South Wales_%": "2.0", "Fern Bay": "30", "New South Wales": "67,209"}}, "GeoInfo": {"city": "Fern Bay"}, "Education": {"University or tertiary institution": {"Australia": "1,160,626", "Fern Bay_%": "8.9", "Australia_%": "16.1", "New South Wales_%": "16.2", "Fern Bay": "54", "New South Wales": "376,133"}, "Secondary - Catholic": {"Australia": "338,384", "Fern Bay_%": "3.3", "Australia_%": "4.7", "New South Wales_%": "5.1", "Fern Bay": "20", "New South Wales": "117,689"}, "Secondary - other non Government": {"Australia": "280,618", "Fern Bay_%": "3.6", "Australia_%": "3.9", "New South Wales_%": "3.4", "Fern Bay": "22", "New South Wales": "79,915"}, "Primary - Catholic": {"Australia": "380,604", "Fern Bay_%": "8.2", "Australia_%": "5.3", "New South Wales_%": "5.3", "Fern Bay": "50", "New South Wales": "122,099"}, "Primary - Government": {"Australia": "1,314,787", "Fern Bay_%": "14.7", "Australia_%": "18.2", "New South Wales_%": "18.0", "Fern Bay": "89", "New South Wales": "417,465"}, "Other": {"Australia": "198,383", "Fern Bay_%": "1.6", "Australia_%": "2.8", "New South Wales_%": "2.7", "Fern Bay": "10", "New South Wales": "63,673"}, "Technical or further education institution": {"Australia": "424,869", "Fern Bay_%": "5.4", "Australia_%": "5.9", "New South Wales_%": "6.2", "Fern Bay": "33", "New South Wales": "144,103"}, "Secondary - Government": {"Australia": "827,505", "Fern Bay_%": "9.1", "Australia_%": "11.5", "New South Wales_%": "11.6", "Fern Bay": "55", "New South Wales": "269,249"}, "Primary - other non Government": {"Australia": "231,490", "Fern Bay_%": "4.8", "Australia_%": "3.2", "New South Wales_%": "2.9", "Fern Bay": "29", "New South Wales": "67,611"}, "Not stated": {"Australia": "1,707,023", "Fern Bay_%": "31.1", "Australia_%": "23.7", "New South Wales_%": "23.0", "Fern Bay": "189", "New South Wales": "535,266"}, "Preschool": {"Australia": "347,621", "Fern Bay_%": "9.2", "Australia_%": "4.8", "New South Wales_%": "5.7", "Fern Bay": "56", "New South Wales": "132,047"}}, "Employment": {"Unemployed": {"Australia": "787,452", "Fern Bay_%": "6.3", "Australia_%": "6.9", "New South Wales_%": "6.3", "Fern Bay": "63", "New South Wales": "225,546"}, "Worked part-time": {"Australia": "3,491,503", "Fern Bay_%": "27.1", "Australia_%": "30.4", "New South Wales_%": "29.7", "Fern Bay": "272", "New South Wales": "1,071,151"}, "Away from work": {"Australia": "569,276", "Fern Bay_%": "5.3", "Australia_%": "5.0", "New South Wales_%": "4.8", "Fern Bay": "53", "New South Wales": "174,654"}, "Worked full-time": {"Australia": "6,623,065", "Fern Bay_%": "61.4", "Australia_%": "57.7", "New South Wales_%": "59.2", "Fern Bay": "617", "New South Wales": "2,134,521"}}, "Travel to work, top responses": {"Walked only": {"Australia": "370,427", "Fern Bay_%": "1.8", "Australia_%": "3.5", "New South Wales_%": "3.9", "Fern Bay": "17", "New South Wales": "130,957"}, "Worked at home": {"Australia": "503,582", "Fern Bay_%": "4.1", "Australia_%": "4.7", "New South Wales_%": "4.8", "Fern Bay": "38", "New South Wales": "163,026"}, "People who travelled to work by car as driver or passenger": {"Australia": "7,305,271", "Fern Bay_%": "78.9", "Australia_%": "68.4", "New South Wales_%": "64.6", "Fern Bay": "742", "New South Wales": "2,182,854"}, "null": {"Australia": "None", "Fern Bay_%": null, "Australia_%": "None", "New South Wales_%": "None", "Fern Bay": null, "New South Wales": "None"}, "People who travelled to work by public transport": {"Australia": "1,225,668", "Fern Bay_%": "4.9", "Australia_%": "11.5", "New South Wales_%": "16.0", "Fern Bay": "46", "New South Wales": "540,215"}, "Car, as driver": {"Australia": "6,574,571", "Fern Bay_%": "74.0", "Australia_%": "61.5", "New South Wales_%": "57.8", "Fern Bay": "681", "New South Wales": "1,953,399"}, "Ferry, car as driver": {"Australia": "3,674", "Fern Bay_%": "1.3", "Australia_%": "0.0", "New South Wales_%": "0.0", "Fern Bay": "12", "New South Wales": "1,123"}, "Car, as passenger": {"Australia": "489,922", "Fern Bay_%": "3.8", "Australia_%": "4.6", "New South Wales_%": "4.3", "Fern Bay": "35", "New South Wales": "144,820"}}, "Occupation": {"Professionals": {"Australia": "2,370,966", "Fern Bay_%": "24.0", "Australia_%": "22.2", "New South Wales_%": "23.6", "Fern Bay": "224", "New South Wales": "798,126"}, "Managers": {"Australia": "1,390,047", "Fern Bay_%": "11.4", "Australia_%": "13.0", "New South Wales_%": "13.5", "Fern Bay": "106", "New South Wales": "456,084"}, "Community and Personal Service Workers": {"Australia": "1,157,003", "Fern Bay_%": "12.4", "Australia_%": "10.8", "New South Wales_%": "10.4", "Fern Bay": "116", "New South Wales": "350,261"}, "Clerical and Administrative Workers": {"Australia": "1,449,681", "Fern Bay_%": "12.3", "Australia_%": "13.6", "New South Wales_%": "13.8", "Fern Bay": "115", "New South Wales": "467,977"}, "Machinery Operators and Drivers": {"Australia": "670,106", "Fern Bay_%": "8.2", "Australia_%": "6.3", "New South Wales_%": "6.1", "Fern Bay": "76", "New South Wales": "206,839"}, "Labourers": {"Australia": "1,011,520", "Fern Bay_%": "6.7", "Australia_%": "9.5", "New South Wales_%": "8.8", "Fern Bay": "62", "New South Wales": "297,887"}, "Sales Workers": {"Australia": "1,000,955", "Fern Bay_%": "8.3", "Australia_%": "9.4", "New South Wales_%": "9.2", "Fern Bay": "77", "New South Wales": "311,414"}, "Technicians and Trades Workers": {"Australia": "1,447,414", "Fern Bay_%": "15.5", "Australia_%": "13.5", "New South Wales_%": "12.7", "Fern Bay": "144", "New South Wales": "429,239"}}}