{"Employment - hours worked": {"40 hours or more per week": {"Australia": "4,591,801", "Geurie_%": "42.6", "Australia_%": "43.0", "New South Wales_%": "44.1", "Geurie": "147", "New South Wales": "1,489,099"}, "25-34 hours per week": {"Australia": "1,193,445", "Geurie_%": "8.7", "Australia_%": "11.2", "New South Wales_%": "10.5", "Geurie": "30", "New South Wales": "353,702"}, "16-24 hours per week": {"Australia": "1,079,236", "Geurie_%": "8.4", "Australia_%": "10.1", "New South Wales_%": "10.4", "Geurie": "29", "New South Wales": "352,817"}, "35-39 hours per week": {"Australia": "2,031,263", "Geurie_%": "21.7", "Australia_%": "19.0", "New South Wales_%": "19.1", "Geurie": "75", "New South Wales": "645,428"}, "1-15 hours per week": {"Australia": "1,218,823", "Geurie_%": "12.2", "Australia_%": "11.4", "New South Wales_%": "10.8", "Geurie": "42", "New South Wales": "364,637"}}, "Number of registered motor vehicles": {"2 motor vehicles": {"Australia": "2,999,184", "Geurie_%": "38.5", "Australia_%": "36.2", "New South Wales_%": "34.1", "Geurie": "102", "New South Wales": "887,849"}, "None": {"Australia": "623,829", "Geurie_%": "1.1", "Australia_%": "7.5", "New South Wales_%": "9.2", "Geurie": "3", "New South Wales": "239,625"}, "Number of motor vehicles not stated": {"Australia": "285,197", "Geurie_%": "3.4", "Australia_%": "3.4", "New South Wales_%": "3.7", "Geurie": "9", "New South Wales": "95,623"}, "1 motor vehicle": {"Australia": "2,881,485", "Geurie_%": "26.8", "Australia_%": "34.8", "New South Wales_%": "36.3", "Geurie": "71", "New South Wales": "946,159"}, "3 or more vehicles": {"Australia": "1,496,382", "Geurie_%": "30.2", "Australia_%": "18.1", "New South Wales_%": "16.7", "Geurie": "80", "New South Wales": "435,053"}}, "Employment status of parents in couple families": {"Labour force status not stated (by one or both parents in a couple family)": {"Australia": "311,381", "Geurie_%": "10.2", "Australia_%": "6.2", "New South Wales_%": "5.7", "Geurie": "16", "New South Wales": "90,630"}, "One employed full-time, one part-time": {"Australia": "1,086,460", "Geurie_%": "21.0", "Australia_%": "21.7", "New South Wales_%": "20.6", "Geurie": "33", "New South Wales": "329,567"}, "One employed part-time, other not working": {"Australia": "302,037", "Geurie_%": "1.9", "Australia_%": "6.0", "New South Wales_%": "6.1", "Geurie": "3", "New South Wales": "96,933"}, "Other (includes away from work)": {"Australia": "264,145", "Geurie_%": "7.6", "Australia_%": "5.3", "New South Wales_%": "5.1", "Geurie": "12", "New South Wales": "80,905"}, "Both employed, worked full-time": {"Australia": "1,084,006", "Geurie_%": "31.2", "Australia_%": "21.6", "New South Wales_%": "22.6", "Geurie": "49", "New South Wales": "360,916"}, "One employed full-time, other not working": {"Australia": "749,886", "Geurie_%": "10.2", "Australia_%": "15.0", "New South Wales_%": "15.0", "Geurie": "16", "New South Wales": "240,084"}, "Both employed, worked part-time": {"Australia": "203,596", "Geurie_%": "3.8", "Australia_%": "4.1", "New South Wales_%": "4.0", "Geurie": "6", "New South Wales": "63,106"}, "Both not working": {"Australia": "1,006,697", "Geurie_%": "14.0", "Australia_%": "20.1", "New South Wales_%": "21.0", "Geurie": "22", "New South Wales": "334,742"}}, "Country of birth of mother, stated responses": {"Scotland": {"Australia": "245,915", "Geurie_%": "0.7", "Australia_%": "1.1", "New South Wales_%": "0.8", "Geurie": "5", "New South Wales": "63,302"}, "New Zealand": {"Australia": "608,329", "Geurie_%": "0.8", "Australia_%": "2.6", "New South Wales_%": "1.9", "Geurie": "6", "New South Wales": "139,899"}, "Australia": {"Australia": "12,643,365", "Geurie_%": "83.6", "Australia_%": "54.0", "New South Wales_%": "51.9", "Geurie": "624", "New South Wales": "3,884,762"}, "England": {"Australia": "1,302,147", "Geurie_%": "2.1", "Australia_%": "5.6", "New South Wales_%": "4.3", "Geurie": "16", "New South Wales": "322,472"}, "South Africa": {"Australia": "193,412", "Geurie_%": "0.9", "Australia_%": "0.8", "New South Wales_%": "0.7", "Geurie": "7", "New South Wales": "52,673"}}, "Dwelling structure": {"Other dwelling": {"Australia": "64,425", "Geurie_%": "0.0", "Australia_%": "0.8", "New South Wales_%": "0.9", "Geurie": "0", "New South Wales": "23,580"}, "Semi-detached, row or terrace house, townhouse etc": {"Australia": "1,055,016", "Geurie_%": "0.0", "Australia_%": "12.7", "New South Wales_%": "12.2", "Geurie": "0", "New South Wales": "317,453"}, "Separate house": {"Australia": "6,041,788", "Geurie_%": "100.0", "Australia_%": "72.9", "New South Wales_%": "66.4", "Geurie": "263", "New South Wales": "1,729,820"}, "Flat or apartment": {"Australia": "1,087,434", "Geurie_%": "0.0", "Australia_%": "13.1", "New South Wales_%": "19.9", "Geurie": "0", "New South Wales": "519,390"}}, "Number of bedrooms": {"1 bedroom": {"Australia": "411,252", "Geurie_%": "2.7", "Australia_%": "5.0", "New South Wales_%": "6.0", "Geurie": "7", "New South Wales": "157,194"}, "3 bedrooms": {"Australia": "3,403,190", "Geurie_%": "46.7", "Australia_%": "41.1", "New South Wales_%": "37.2", "Geurie": "122", "New South Wales": "970,001"}, "Average number of people per household": {"Australia": "2.6", "Geurie_%": "--", "Australia_%": "--", "New South Wales_%": "--", "Geurie": "2.5", "New South Wales": "2.6"}, "2 bedrooms": {"Australia": "1,562,759", "Geurie_%": "11.5", "Australia_%": "18.9", "New South Wales_%": "22.2", "Geurie": "30", "New South Wales": "577,675"}, "4 or more bedrooms": {"Australia": "2,670,758", "Geurie_%": "39.1", "Australia_%": "32.2", "New South Wales_%": "31.3", "Geurie": "102", "New South Wales": "816,405"}, "None (includes bedsitters)": {"Australia": "39,769", "Geurie_%": "0.0", "Australia_%": "0.5", "New South Wales_%": "0.7", "Geurie": "0", "New South Wales": "17,157"}, "Number of bedrooms not stated": {"Australia": "198,351", "Geurie_%": "0.0", "Australia_%": "2.4", "New South Wales_%": "2.5", "Geurie": "0", "New South Wales": "65,888"}, "Average number of bedrooms per dwelling": {"Australia": "3.1", "Geurie_%": "--", "Australia_%": "--", "New South Wales_%": "--", "Geurie": "3.3", "New South Wales": "3"}}, "summaryTable_qsFamilies": {"for all families": "0.7", "for families with children": "1.8", "Families": "200", "Average children per family": "None"}, "People characteristics": {"Male": {"Australia": "322,171", "Geurie_%": "50.0", "Australia_%": "49.6", "New South Wales_%": "49.7", "Geurie": "36", "New South Wales": "107,368"}, "Median age": {"Australia": "23", "Geurie_%": "--", "Australia_%": "--", "New South Wales_%": "--", "Geurie": "26", "New South Wales": "22"}, "Female": {"Australia": "326,996", "Geurie_%": "50.0", "Australia_%": "50.4", "New South Wales_%": "50.3", "Geurie": "36", "New South Wales": "108,809"}}, "Dwelling count": {"Unoccupied private dwellings": {"Australia": "1,039,874", "Geurie_%": "9.6", "Australia_%": "11.2", "New South Wales_%": "9.9", "Geurie": "28", "New South Wales": "284,741"}, "Occupied private dwellings": {"Australia": "8,286,073", "Geurie_%": "90.4", "Australia_%": "88.8", "New South Wales_%": "90.1", "Geurie": "263", "New South Wales": "2,604,320"}}, "Level of highest educational attainment": {"Certificate level III": {"Australia": "2,442,203", "Geurie_%": "20.5", "Australia_%": "12.8", "New South Wales_%": "12.0", "Geurie": "122", "New South Wales": "730,498"}, "Certificate level II": {"Australia": "13,454", "Geurie_%": "0.0", "Australia_%": "0.1", "New South Wales_%": "0.1", "Geurie": "0", "New South Wales": "4,849"}, "No educational attainment": {"Australia": "145,844", "Geurie_%": "0.0", "Australia_%": "0.8", "New South Wales_%": "0.9", "Geurie": "0", "New South Wales": "54,870"}, "Bachelor Degree level and above": {"Australia": "4,181,406", "Geurie_%": "10.8", "Australia_%": "22.0", "New South Wales_%": "23.4", "Geurie": "64", "New South Wales": "1,424,716"}, "Certificate level I": {"Australia": "2,176", "Geurie_%": "0.0", "Australia_%": "0.0", "New South Wales_%": "0.0", "Geurie": "0", "New South Wales": "625"}, "Year 11": {"Australia": "941,531", "Geurie_%": "3.2", "Australia_%": "4.9", "New South Wales_%": "3.3", "Geurie": "19", "New South Wales": "203,574"}, "Not stated": {"Australia": "1,974,794", "Geurie_%": "13.6", "Australia_%": "10.4", "New South Wales_%": "10.3", "Geurie": "81", "New South Wales": "627,465"}, "Year 9 or below": {"Australia": "1,529,897", "Geurie_%": "8.8", "Australia_%": "8.0", "New South Wales_%": "8.4", "Geurie": "52", "New South Wales": "513,209"}, "Certificate level IV": {"Australia": "551,767", "Geurie_%": "3.4", "Australia_%": "2.9", "New South Wales_%": "2.8", "Geurie": "20", "New South Wales": "167,947"}, "Year 10": {"Australia": "2,054,331", "Geurie_%": "15.5", "Australia_%": "10.8", "New South Wales_%": "11.5", "Geurie": "92", "New South Wales": "702,178"}, "Year 12": {"Australia": "2,994,097", "Geurie_%": "8.4", "Australia_%": "15.7", "New South Wales_%": "15.3", "Geurie": "50", "New South Wales": "930,654"}, "Advanced Diploma and Diploma level": {"Australia": "1,687,893", "Geurie_%": "9.3", "Australia_%": "8.9", "New South Wales_%": "8.9", "Geurie": "55", "New South Wales": "543,142"}}, "Median weekly incomes": {"Personal": {"Australia": "662", "Geurie_%": "--", "Australia_%": "--", "New South Wales_%": "--", "Geurie": "678", "New South Wales": "664"}, "Household": {"Australia": "1,438", "Geurie_%": "--", "Australia_%": "--", "New South Wales_%": "--", "Geurie": "1,218", "New South Wales": "1,486"}, "Family": {"Australia": "1,734", "Geurie_%": "--", "Australia_%": "--", "New South Wales_%": "--", "Geurie": "1,589", "New South Wales": "1,780"}}, "Family composition": {"Other family": {"Australia": "102,559", "Geurie_%": "1.5", "Australia_%": "1.7", "New South Wales_%": "1.7", "Geurie": "3", "New South Wales": "32,438"}, "Couple family with children": {"Australia": "2,716,224", "Geurie_%": "44.3", "Australia_%": "44.7", "New South Wales_%": "45.7", "Geurie": "90", "New South Wales": "887,358"}, "Couple family without children": {"Australia": "2,291,987", "Geurie_%": "36.5", "Australia_%": "37.8", "New South Wales_%": "36.6", "Geurie": "74", "New South Wales": "709,524"}, "One parent family": {"Australia": "959,543", "Geurie_%": "17.7", "Australia_%": "15.8", "New South Wales_%": "16.0", "Geurie": "36", "New South Wales": "310,906"}}, "Dwelling internet connection": {"Not stated": {"Australia": "221,494", "Geurie_%": "1.6", "Australia_%": "2.7", "New South Wales_%": "2.8", "Geurie": "4", "New South Wales": "73,565"}, "Internet not accessed from dwelling": {"Australia": "1,172,415", "Geurie_%": "20.2", "Australia_%": "14.1", "New South Wales_%": "14.7", "Geurie": "52", "New South Wales": "381,709"}, "Internet accessed from dwelling": {"Australia": "6,892,165", "Geurie_%": "78.2", "Australia_%": "83.2", "New South Wales_%": "82.5", "Geurie": "201", "New South Wales": "2,149,040"}}, "Social marital status": {"Not married": {"Australia": "7,024,973", "Geurie_%": "37.2", "Australia_%": "41.9", "New South Wales_%": "42.3", "Geurie": "184", "New South Wales": "2,290,887"}, "De facto marriage": {"Australia": "1,751,731", "Geurie_%": "11.7", "Australia_%": "10.4", "New South Wales_%": "9.4", "Geurie": "58", "New South Wales": "506,133"}, "Registered marriage": {"Australia": "8,001,141", "Geurie_%": "51.1", "Australia_%": "47.7", "New South Wales_%": "48.3", "Geurie": "253", "New South Wales": "2,612,630"}}, "Household composition": {"Family households": {"Australia": "5,907,625", "Geurie_%": "74.6", "Australia_%": "71.3", "New South Wales_%": "72.0", "Geurie": "194", "New South Wales": "1,874,524"}, "Group households": {"Australia": "354,917", "Geurie_%": "1.2", "Australia_%": "4.3", "New South Wales_%": "4.2", "Geurie": "3", "New South Wales": "109,004"}, "Single (or lone) person households": {"Australia": "2,023,542", "Geurie_%": "24.2", "Australia_%": "24.4", "New South Wales_%": "23.8", "Geurie": "63", "New South Wales": "620,778"}}, "People": {"Male": {"Australia": "11,546,638", "Geurie_%": "50.3", "Australia_%": "49.3", "New South Wales_%": "49.3", "Geurie": "379", "New South Wales": "3,686,014"}, "Aboriginal and/or Torres Strait Islander people": {"Australia": "649,171", "Geurie_%": "9.5", "Australia_%": "2.8", "New South Wales_%": "2.9", "Geurie": "71", "New South Wales": "216,176"}, "Female": {"Australia": "11,855,248", "Geurie_%": "49.7", "Australia_%": "50.7", "New South Wales_%": "50.7", "Geurie": "375", "New South Wales": "3,794,217"}}, "Language, top responses (other than English)": {"Households where a non English language is spoken": {"Australia": "1,971,011", "Geurie_%": "1.7", "Australia_%": "22.2", "New South Wales_%": "26.5", "Geurie": "5", "New South Wales": "735,563"}, "Korean": {"Australia": "108,997", "Geurie_%": "0.4", "Australia_%": "0.5", "New South Wales_%": "0.8", "Geurie": "3", "New South Wales": "59,912"}, "null": {"Australia": "None", "Geurie_%": null, "Australia_%": "None", "New South Wales_%": "None", "Geurie": null, "New South Wales": "None"}, "English only spoken at home": {"Australia": "17,020,417", "Geurie_%": "90.1", "Australia_%": "72.7", "New South Wales_%": "68.5", "Geurie": "674", "New South Wales": "5,126,633"}}, "summaryTable_qsDwelling": {"Median monthly mortgage repayments": "$1,300", "All private dwellings": "313", "Average people per household": "2.5", "Median weekly household income": "$1,218", "Median weekly rent": "$250", "Average motor vehicles per dwelling": "2.1"}, "Household income": {"Less than $650 gross weekly income": {"Australia": "--", "Geurie_%": "20.2", "Australia_%": "20.0", "New South Wales_%": "19.7", "Geurie": "--", "New South Wales": "--"}, "More than $3000 gross weekly income": {"Australia": "--", "Geurie_%": "12.7", "Australia_%": "16.4", "New South Wales_%": "18.7", "Geurie": "--", "New South Wales": "--"}}, "Country of birth": {"Other top responses": {"Geurie": "None", "Geurie_%": "None"}, "Australia": {"Australia": "15,614,835", "Geurie_%": "85.2", "Australia_%": "66.7", "New South Wales_%": "65.5", "Geurie": "635", "New South Wales": "4,899,090"}, "England": {"Australia": "907,570", "Geurie_%": "1.1", "Australia_%": "3.9", "New South Wales_%": "3.0", "Geurie": "8", "New South Wales": "226,564"}, "South Africa": {"Australia": "162,449", "Geurie_%": "1.1", "Australia_%": "0.7", "New South Wales_%": "0.6", "Geurie": "8", "New South Wales": "43,058"}, "Malta": {"Australia": "37,613", "Geurie_%": "0.4", "Australia_%": "0.2", "New South Wales_%": "0.2", "Geurie": "3", "New South Wales": "14,481"}, "Germany": {"Australia": "102,595", "Geurie_%": "0.4", "Australia_%": "0.4", "New South Wales_%": "0.4", "Geurie": "3", "New South Wales": "29,541"}, "New Zealand": {"Australia": "518,466", "Geurie_%": "1.1", "Australia_%": "2.2", "New South Wales_%": "1.6", "Geurie": "8", "New South Wales": "117,136"}}, "Religious affiliation, top responses": {"No Religion, so described": {"Australia": "6,933,708", "Geurie_%": "18.8", "Australia_%": "29.6", "New South Wales_%": "25.1", "Geurie": "141", "New South Wales": "1,879,562"}, "Catholic": {"Australia": "5,291,834", "Geurie_%": "27.5", "Australia_%": "22.6", "New South Wales_%": "24.7", "Geurie": "206", "New South Wales": "1,846,443"}, "Not stated": {"Australia": "2,238,735", "Geurie_%": "12.3", "Australia_%": "9.6", "New South Wales_%": "9.2", "Geurie": "92", "New South Wales": "684,969"}, "Uniting Church": {"Australia": "870,183", "Geurie_%": "4.7", "Australia_%": "3.7", "New South Wales_%": "2.9", "Geurie": "35", "New South Wales": "217,258"}, "Anglican": {"Australia": "3,101,185", "Geurie_%": "23.9", "Australia_%": "13.3", "New South Wales_%": "15.5", "Geurie": "179", "New South Wales": "1,161,810"}}, "Ancestry, top responses": {"German": {"Australia": "982,226", "Geurie_%": "2.5", "Australia_%": "3.1", "New South Wales_%": "2.4", "Geurie": "24", "New South Wales": "236,146"}, "Australian": {"Australia": "7,298,243", "Geurie_%": "35.7", "Australia_%": "23.3", "New South Wales_%": "22.9", "Geurie": "349", "New South Wales": "2,261,062"}, "Scottish": {"Australia": "2,023,470", "Geurie_%": "8.0", "Australia_%": "6.4", "New South Wales_%": "5.9", "Geurie": "78", "New South Wales": "587,052"}, "Irish": {"Australia": "2,388,058", "Geurie_%": "7.4", "Australia_%": "7.6", "New South Wales_%": "7.5", "Geurie": "72", "New South Wales": "741,671"}, "English": {"Australia": "7,852,224", "Geurie_%": "32.9", "Australia_%": "25.0", "New South Wales_%": "23.3", "Geurie": "322", "New South Wales": "2,302,481"}}, "Age": {"35-39 years": {"Australia": "1,561,679", "Geurie_%": "6.3", "Australia_%": "6.7", "New South Wales_%": "6.7", "Geurie": "47", "New South Wales": "499,724"}, "60-64 years": {"Australia": "1,299,397", "Geurie_%": "5.5", "Australia_%": "5.6", "New South Wales_%": "5.6", "Geurie": "41", "New South Wales": "420,044"}, "30-34 years": {"Australia": "1,703,847", "Geurie_%": "5.5", "Australia_%": "7.3", "New South Wales_%": "7.2", "Geurie": "41", "New South Wales": "540,360"}, "0-4 years": {"Australia": "1,464,779", "Geurie_%": "5.5", "Australia_%": "6.3", "New South Wales_%": "6.2", "Geurie": "41", "New South Wales": "465,135"}, "25-29 years": {"Australia": "1,664,602", "Geurie_%": "4.2", "Australia_%": "7.1", "New South Wales_%": "7.0", "Geurie": "31", "New South Wales": "527,161"}, "10-14 years": {"Australia": "1,397,183", "Geurie_%": "7.4", "Australia_%": "6.0", "New South Wales_%": "5.9", "Geurie": "55", "New South Wales": "443,009"}, "5-9 years": {"Australia": "1,502,646", "Geurie_%": "9.5", "Australia_%": "6.4", "New South Wales_%": "6.4", "Geurie": "71", "New South Wales": "478,184"}, "Median age": {"Australia": "38", "Geurie_%": "--", "Australia_%": "--", "New South Wales_%": "--", "Geurie": "42", "New South Wales": "38"}, "50-54 years": {"Australia": "1,523,551", "Geurie_%": "6.6", "Australia_%": "6.5", "New South Wales_%": "6.5", "Geurie": "49", "New South Wales": "485,546"}, "80-84 years": {"Australia": "460,549", "Geurie_%": "2.0", "Australia_%": "2.0", "New South Wales_%": "2.1", "Geurie": "15", "New South Wales": "155,806"}, "40-44 years": {"Australia": "1,583,257", "Geurie_%": "5.0", "Australia_%": "6.8", "New South Wales_%": "6.7", "Geurie": "37", "New South Wales": "503,169"}, "70-74 years": {"Australia": "887,716", "Geurie_%": "5.5", "Australia_%": "3.8", "New South Wales_%": "3.9", "Geurie": "41", "New South Wales": "292,556"}, "15-19 years": {"Australia": "1,421,595", "Geurie_%": "5.9", "Australia_%": "6.1", "New South Wales_%": "6.0", "Geurie": "44", "New South Wales": "448,425"}, "65-69 years": {"Australia": "1,188,999", "Geurie_%": "5.2", "Australia_%": "5.1", "New South Wales_%": "5.1", "Geurie": "39", "New South Wales": "384,470"}, "20-24 years": {"Australia": "1,566,793", "Geurie_%": "4.4", "Australia_%": "6.7", "New South Wales_%": "6.5", "Geurie": "33", "New South Wales": "489,673"}, "55-59 years": {"Australia": "1,454,332", "Geurie_%": "9.4", "Australia_%": "6.2", "New South Wales_%": "6.3", "Geurie": "70", "New South Wales": "469,726"}, "75-79 years": {"Australia": "652,657", "Geurie_%": "2.5", "Australia_%": "2.8", "New South Wales_%": "2.9", "Geurie": "19", "New South Wales": "217,308"}, "45-49 years": {"Australia": "1,581,455", "Geurie_%": "8.8", "Australia_%": "6.8", "New South Wales_%": "6.6", "Geurie": "66", "New South Wales": "492,440"}, "85 years and over": {"Australia": "486,842", "Geurie_%": "0.8", "Australia_%": "2.1", "New South Wales_%": "2.2", "Geurie": "6", "New South Wales": "167,506"}}, "Single (or lone) parents": {"Male": {"Australia": "--", "Geurie_%": "26.5", "Australia_%": "18.2", "New South Wales_%": "17.8", "Geurie": "--", "New South Wales": "--"}, "Female": {"Australia": "--", "Geurie_%": "73.5", "Australia_%": "81.8", "New South Wales_%": "82.2", "Geurie": "--", "New South Wales": "--"}}, "Mortgage monthly repayments": {"Median mortgage repayments": {"Australia": "1,755", "Geurie_%": "--", "Australia_%": "--", "New South Wales_%": "--", "Geurie": "1,300", "New South Wales": "1,986"}, "Households where mortgage repayments are less than 30% of household income": {"Australia": "--", "Geurie_%": "93.1", "Australia_%": "92.8", "New South Wales_%": "92.6", "Geurie": "--", "New South Wales": "--"}, "Households with mortgage repayments greater than or equal to 30% of household income": {"Australia": "--", "Geurie_%": "6.9", "Australia_%": "7.2", "New South Wales_%": "7.4", "Geurie": "--", "New South Wales": "--"}}, "Mortgage and rent": {"Median monthly mortgage repayments": {"Australia": "1,660", "Geurie_%": "--", "Australia_%": "--", "New South Wales_%": "--", "Geurie": "1,248", "New South Wales": "1,733"}, "Median weekly rent": {"Australia": "250", "Geurie_%": "--", "Australia_%": "--", "New South Wales_%": "--", "Geurie": "205", "New South Wales": "270"}}, "Tenure": {"Rented": {"Australia": "2,561,302", "Geurie_%": "12.7", "Australia_%": "30.9", "New South Wales_%": "31.8", "Geurie": "33", "New South Wales": "826,922"}, "Owned outright": {"Australia": "2,565,695", "Geurie_%": "42.1", "Australia_%": "31.0", "New South Wales_%": "32.2", "Geurie": "109", "New South Wales": "839,665"}, "Owned with a mortgage": {"Australia": "2,855,222", "Geurie_%": "44.0", "Australia_%": "34.5", "New South Wales_%": "32.3", "Geurie": "114", "New South Wales": "840,004"}, "Tenure type not stated": {"Australia": "224,869", "Geurie_%": "1.2", "Australia_%": "2.7", "New South Wales_%": "2.8", "Geurie": "3", "New South Wales": "73,763"}, "Other tenure type": {"Australia": "78,994", "Geurie_%": "0.0", "Australia_%": "1.0", "New South Wales_%": "0.9", "Geurie": "0", "New South Wales": "23,968"}}, "Country of birth of father, stated responses": {"New Zealand": {"Australia": "617,331", "Geurie_%": "1.2", "Australia_%": "2.6", "New South Wales_%": "1.9", "Geurie": "9", "New South Wales": "143,450"}, "Australia": {"Australia": "12,231,150", "Geurie_%": "81.9", "Australia_%": "52.3", "New South Wales_%": "50.1", "Geurie": "610", "New South Wales": "3,745,787"}, "England": {"Australia": "1,403,096", "Geurie_%": "4.7", "Australia_%": "6.0", "New South Wales_%": "4.8", "Geurie": "35", "New South Wales": "359,370"}, "Malta": {"Australia": "100,031", "Geurie_%": "0.8", "Australia_%": "0.4", "New South Wales_%": "0.5", "Geurie": "6", "New South Wales": "38,934"}, "South Africa": {"Australia": "190,816", "Geurie_%": "1.1", "Australia_%": "0.8", "New South Wales_%": "0.7", "Geurie": "8", "New South Wales": "52,344"}}, "Country of birth of father and/or mother, stated responses": {"Father only born overseas": {"Australia": "1,488,092", "Geurie_%": "4.1", "Australia_%": "6.4", "New South Wales_%": "6.1", "Geurie": "31", "New South Wales": "458,394"}, "Mother only born overseas": {"Australia": "1,094,591", "Geurie_%": "2.1", "Australia_%": "4.7", "New South Wales_%": "4.3", "Geurie": "16", "New South Wales": "325,182"}, "Both parents born overseas": {"Australia": "8,051,196", "Geurie_%": "6.0", "Australia_%": "34.4", "New South Wales_%": "37.0", "Geurie": "46", "New South Wales": "2,764,170"}, "Both parents born in Australia": {"Australia": "11,070,538", "Geurie_%": "77.6", "Australia_%": "47.3", "New South Wales_%": "45.4", "Geurie": "594", "New South Wales": "3,399,725"}}, "Rent weekly payments": {"Households where rent payments are less than 30% of household income": {"Australia": "--", "Geurie_%": "96.1", "Australia_%": "88.5", "New South Wales_%": "87.1", "Geurie": "--", "New South Wales": "--"}, "Households with rent payments greater than or equal to 30% of household income": {"Australia": "--", "Geurie_%": "3.9", "Australia_%": "11.5", "New South Wales_%": "12.9", "Geurie": "--", "New South Wales": "--"}, "Median rent": {"Australia": "335", "Geurie_%": "--", "Australia_%": "--", "New South Wales_%": "--", "Geurie": "250", "New South Wales": "380"}}, "Registered marital status": {"Separated": {"Australia": "608,059", "Geurie_%": "5.3", "Australia_%": "3.2", "New South Wales_%": "3.1", "Geurie": "31", "New South Wales": "190,198"}, "Widowed": {"Australia": "985,204", "Geurie_%": "6.3", "Australia_%": "5.2", "New South Wales_%": "5.4", "Geurie": "37", "New South Wales": "331,653"}, "Married": {"Australia": "9,148,218", "Geurie_%": "51.3", "Australia_%": "48.1", "New South Wales_%": "48.7", "Geurie": "301", "New South Wales": "2,965,280"}, "Divorced": {"Australia": "1,626,890", "Geurie_%": "8.5", "Australia_%": "8.5", "New South Wales_%": "8.4", "Geurie": "50", "New South Wales": "512,298"}, "Never married": {"Australia": "6,668,910", "Geurie_%": "28.6", "Australia_%": "35.0", "New South Wales_%": "34.4", "Geurie": "168", "New South Wales": "2,094,460"}}, "summaryTable_qsPeople": {"Male": "50.3%", "Median age": "42", "Female": "49.7%", "People": "755"}, "Dwelling characteristics": {"Average number of people per household": {"Australia": "3.2", "Geurie_%": "--", "Australia_%": "--", "New South Wales_%": "--", "Geurie": "3", "New South Wales": "3.1"}, "Average number of persons per bedroom": {"Australia": "1", "Geurie_%": "--", "Australia_%": "--", "New South Wales_%": "--", "Geurie": "0.8", "New South Wales": "1"}, "Median weekly household income": {"Australia": "1,203", "Geurie_%": "--", "Australia_%": "--", "New South Wales_%": "--", "Geurie": "1,125", "New South Wales": "1,214"}}, "Unpaid work": {"Did unpaid domestic work (last week)": {"Australia": "13,143,914", "Geurie_%": "70.4", "Australia_%": "69.0", "New South Wales_%": "67.7", "Geurie": "412", "New South Wales": "4,127,723"}, "Provided unpaid assistance to a person with a disability (last two weeks)": {"Australia": "2,145,203", "Geurie_%": "15.2", "Australia_%": "11.3", "New South Wales_%": "11.6", "Geurie": "89", "New South Wales": "709,415"}, "Did voluntary work through an organisation or group (last 12 months)": {"Australia": "3,620,726", "Geurie_%": "27.4", "Australia_%": "19.0", "New South Wales_%": "18.1", "Geurie": "160", "New South Wales": "1,103,790"}, "Cared for child/children (last two weeks)": {"Australia": "5,259,400", "Geurie_%": "28.9", "Australia_%": "27.6", "New South Wales_%": "27.2", "Geurie": "171", "New South Wales": "1,659,250"}}, "Unpaid domestic work, number of hours": {"5 to 14 hours per week": {"Australia": "4,944,578", "Geurie_%": "26.5", "Australia_%": "26.0", "New South Wales_%": "25.1", "Geurie": "156", "New South Wales": "1,531,206"}, "30 hours or more per week": {"Australia": "1,710,970", "Geurie_%": "11.4", "Australia_%": "9.0", "New South Wales_%": "9.0", "Geurie": "67", "New South Wales": "545,925"}, "Less than 5 hours per week": {"Australia": "4,298,593", "Geurie_%": "17.2", "Australia_%": "22.6", "New South Wales_%": "22.3", "Geurie": "101", "New South Wales": "1,359,656"}, "15 to 29 hours per week": {"Australia": "2,189,776", "Geurie_%": "15.5", "Australia_%": "11.5", "New South Wales_%": "11.3", "Geurie": "91", "New South Wales": "690,934"}}, "Industry of employment, top responses": {"Takeaway Food Services": {"Australia": "189,447", "Geurie_%": "4.1", "Australia_%": "1.8", "New South Wales_%": "1.7", "Geurie": "12", "New South Wales": "56,957"}, "Other Social Assistance Services": {"Australia": "158,230", "Geurie_%": "3.8", "Australia_%": "1.5", "New South Wales_%": "1.6", "Geurie": "11", "New South Wales": "54,259"}, "Hospitals (except Psychiatric Hospitals)": {"Australia": "411,808", "Geurie_%": "4.1", "Australia_%": "3.9", "New South Wales_%": "3.5", "Geurie": "12", "New South Wales": "119,350"}, "State Government Administration": {"Australia": "158,980", "Geurie_%": "3.8", "Australia_%": "1.5", "New South Wales_%": "1.3", "Geurie": "11", "New South Wales": "45,546"}, "Local Government Administration": {"Australia": "142,724", "Geurie_%": "4.1", "Australia_%": "1.3", "New South Wales_%": "1.3", "Geurie": "12", "New South Wales": "43,378"}}, "GeoInfo": {"city": "Geurie"}, "Education": {"University or tertiary institution": {"Australia": "1,160,626", "Geurie_%": "2.6", "Australia_%": "16.1", "New South Wales_%": "16.2", "Geurie": "6", "New South Wales": "376,133"}, "Secondary - Catholic": {"Australia": "338,384", "Geurie_%": "8.3", "Australia_%": "4.7", "New South Wales_%": "5.1", "Geurie": "19", "New South Wales": "117,689"}, "Secondary - other non Government": {"Australia": "280,618", "Geurie_%": "5.2", "Australia_%": "3.9", "New South Wales_%": "3.4", "Geurie": "12", "New South Wales": "79,915"}, "Primary - Catholic": {"Australia": "380,604", "Geurie_%": "6.1", "Australia_%": "5.3", "New South Wales_%": "5.3", "Geurie": "14", "New South Wales": "122,099"}, "Primary - Government": {"Australia": "1,314,787", "Geurie_%": "25.7", "Australia_%": "18.2", "New South Wales_%": "18.0", "Geurie": "59", "New South Wales": "417,465"}, "Other": {"Australia": "198,383", "Geurie_%": "3.0", "Australia_%": "2.8", "New South Wales_%": "2.7", "Geurie": "7", "New South Wales": "63,673"}, "Technical or further education institution": {"Australia": "424,869", "Geurie_%": "2.2", "Australia_%": "5.9", "New South Wales_%": "6.2", "Geurie": "5", "New South Wales": "144,103"}, "Secondary - Government": {"Australia": "827,505", "Geurie_%": "10.0", "Australia_%": "11.5", "New South Wales_%": "11.6", "Geurie": "23", "New South Wales": "269,249"}, "Primary - other non Government": {"Australia": "231,490", "Geurie_%": "2.2", "Australia_%": "3.2", "New South Wales_%": "2.9", "Geurie": "5", "New South Wales": "67,611"}, "Not stated": {"Australia": "1,707,023", "Geurie_%": "30.9", "Australia_%": "23.7", "New South Wales_%": "23.0", "Geurie": "71", "New South Wales": "535,266"}, "Preschool": {"Australia": "347,621", "Geurie_%": "3.9", "Australia_%": "4.8", "New South Wales_%": "5.7", "Geurie": "9", "New South Wales": "132,047"}}, "Employment": {"Unemployed": {"Australia": "787,452", "Geurie_%": "5.2", "Australia_%": "6.9", "New South Wales_%": "6.3", "Geurie": "19", "New South Wales": "225,546"}, "Worked part-time": {"Australia": "3,491,503", "Geurie_%": "28.4", "Australia_%": "30.4", "New South Wales_%": "29.7", "Geurie": "103", "New South Wales": "1,071,151"}, "Away from work": {"Australia": "569,276", "Geurie_%": "5.2", "Australia_%": "5.0", "New South Wales_%": "4.8", "Geurie": "19", "New South Wales": "174,654"}, "Worked full-time": {"Australia": "6,623,065", "Geurie_%": "61.2", "Australia_%": "57.7", "New South Wales_%": "59.2", "Geurie": "222", "New South Wales": "2,134,521"}}, "Travel to work, top responses": {"Worked at home": {"Australia": "503,582", "Geurie_%": "6.9", "Australia_%": "4.7", "New South Wales_%": "4.8", "Geurie": "24", "New South Wales": "163,026"}, "People who travelled to work by car as driver or passenger": {"Australia": "7,305,271", "Geurie_%": "76.7", "Australia_%": "68.4", "New South Wales_%": "64.6", "Geurie": "267", "New South Wales": "2,182,854"}, "null": {"Australia": "None", "Geurie_%": null, "Australia_%": "None", "New South Wales_%": "None", "Geurie": null, "New South Wales": "None"}, "People who travelled to work by public transport": {"Australia": "1,225,668", "Geurie_%": "2.5", "Australia_%": "11.5", "New South Wales_%": "16.0", "Geurie": "9", "New South Wales": "540,215"}, "Car, as driver": {"Australia": "6,574,571", "Geurie_%": "71.5", "Australia_%": "61.5", "New South Wales_%": "57.8", "Geurie": "248", "New South Wales": "1,953,399"}, "Other": {"Australia": "73,512", "Geurie_%": "2.6", "Australia_%": "0.7", "New South Wales_%": "0.6", "Geurie": "9", "New South Wales": "18,811"}, "Truck": {"Australia": "85,892", "Geurie_%": "2.0", "Australia_%": "0.8", "New South Wales_%": "1.0", "Geurie": "7", "New South Wales": "32,908"}, "Car, as passenger": {"Australia": "489,922", "Geurie_%": "5.8", "Australia_%": "4.6", "New South Wales_%": "4.3", "Geurie": "20", "New South Wales": "144,820"}}, "Occupation": {"Professionals": {"Australia": "2,370,966", "Geurie_%": "15.3", "Australia_%": "22.2", "New South Wales_%": "23.6", "Geurie": "54", "New South Wales": "798,126"}, "Technicians and Trades Workers": {"Australia": "1,447,414", "Geurie_%": "14.1", "Australia_%": "13.5", "New South Wales_%": "12.7", "Geurie": "50", "New South Wales": "429,239"}, "Community and Personal Service Workers": {"Australia": "1,157,003", "Geurie_%": "10.5", "Australia_%": "10.8", "New South Wales_%": "10.4", "Geurie": "37", "New South Wales": "350,261"}, "Clerical and Administrative Workers": {"Australia": "1,449,681", "Geurie_%": "13.3", "Australia_%": "13.6", "New South Wales_%": "13.8", "Geurie": "47", "New South Wales": "467,977"}, "Machinery Operators and Drivers": {"Australia": "670,106", "Geurie_%": "6.2", "Australia_%": "6.3", "New South Wales_%": "6.1", "Geurie": "22", "New South Wales": "206,839"}, "Labourers": {"Australia": "1,011,520", "Geurie_%": "11.0", "Australia_%": "9.5", "New South Wales_%": "8.8", "Geurie": "39", "New South Wales": "297,887"}, "Sales Workers": {"Australia": "1,000,955", "Geurie_%": "10.2", "Australia_%": "9.4", "New South Wales_%": "9.2", "Geurie": "36", "New South Wales": "311,414"}, "Managers": {"Australia": "1,390,047", "Geurie_%": "17.2", "Australia_%": "13.0", "New South Wales_%": "13.5", "Geurie": "61", "New South Wales": "456,084"}}}