{"Employment - hours worked": {"40 hours or more per week": {"New South Wales_%": "44.1", "Australia": "4,591,801", "Australia_%": "43.0", "Gillieston Heights": "679", "Gillieston Heights_%": "44.3", "New South Wales": "1,489,099"}, "25-34 hours per week": {"New South Wales_%": "10.5", "Australia": "1,193,445", "Australia_%": "11.2", "Gillieston Heights": "141", "Gillieston Heights_%": "9.2", "New South Wales": "353,702"}, "16-24 hours per week": {"New South Wales_%": "10.4", "Australia": "1,079,236", "Australia_%": "10.1", "Gillieston Heights": "139", "Gillieston Heights_%": "9.1", "New South Wales": "352,817"}, "35-39 hours per week": {"New South Wales_%": "19.1", "Australia": "2,031,263", "Australia_%": "19.0", "Gillieston Heights": "330", "Gillieston Heights_%": "21.5", "New South Wales": "645,428"}, "1-15 hours per week": {"New South Wales_%": "10.8", "Australia": "1,218,823", "Australia_%": "11.4", "Gillieston Heights": "155", "Gillieston Heights_%": "10.1", "New South Wales": "364,637"}}, "Number of registered motor vehicles": {"2 motor vehicles": {"New South Wales_%": "34.1", "Australia": "2,999,184", "Australia_%": "36.2", "Gillieston Heights": "513", "Gillieston Heights_%": "47.5", "New South Wales": "887,849"}, "None": {"New South Wales_%": "9.2", "Australia": "623,829", "Australia_%": "7.5", "Gillieston Heights": "26", "Gillieston Heights_%": "2.4", "New South Wales": "239,625"}, "Number of motor vehicles not stated": {"New South Wales_%": "3.7", "Australia": "285,197", "Australia_%": "3.4", "Gillieston Heights": "34", "Gillieston Heights_%": "3.1", "New South Wales": "95,623"}, "1 motor vehicle": {"New South Wales_%": "36.3", "Australia": "2,881,485", "Australia_%": "34.8", "Gillieston Heights": "298", "Gillieston Heights_%": "27.6", "New South Wales": "946,159"}, "3 or more vehicles": {"New South Wales_%": "16.7", "Australia": "1,496,382", "Australia_%": "18.1", "Gillieston Heights": "209", "Gillieston Heights_%": "19.4", "New South Wales": "435,053"}}, "Employment status of parents in couple families": {"Labour force status not stated (by one or both parents in a couple family)": {"New South Wales_%": "5.7", "Australia": "311,381", "Australia_%": "6.2", "Gillieston Heights": "34", "Gillieston Heights_%": "4.8", "New South Wales": "90,630"}, "One employed full-time, one part-time": {"New South Wales_%": "20.6", "Australia": "1,086,460", "Australia_%": "21.7", "Gillieston Heights": "189", "Gillieston Heights_%": "26.7", "New South Wales": "329,567"}, "One employed part-time, other not working": {"New South Wales_%": "6.1", "Australia": "302,037", "Australia_%": "6.0", "Gillieston Heights": "24", "Gillieston Heights_%": "3.4", "New South Wales": "96,933"}, "Other (includes away from work)": {"New South Wales_%": "5.1", "Australia": "264,145", "Australia_%": "5.3", "Gillieston Heights": "46", "Gillieston Heights_%": "6.5", "New South Wales": "80,905"}, "Both employed, worked full-time": {"New South Wales_%": "22.6", "Australia": "1,084,006", "Australia_%": "21.6", "Gillieston Heights": "189", "Gillieston Heights_%": "26.7", "New South Wales": "360,916"}, "One employed full-time, other not working": {"New South Wales_%": "15.0", "Australia": "749,886", "Australia_%": "15.0", "Gillieston Heights": "120", "Gillieston Heights_%": "16.9", "New South Wales": "240,084"}, "Both employed, worked part-time": {"New South Wales_%": "4.0", "Australia": "203,596", "Australia_%": "4.1", "Gillieston Heights": "15", "Gillieston Heights_%": "2.1", "New South Wales": "63,106"}, "Both not working": {"New South Wales_%": "21.0", "Australia": "1,006,697", "Australia_%": "20.1", "Gillieston Heights": "92", "Gillieston Heights_%": "13.0", "New South Wales": "334,742"}}, "Country of birth of mother, stated responses": {"New Zealand": {"New South Wales_%": "1.9", "Australia": "608,329", "Australia_%": "2.6", "Gillieston Heights": "54", "Gillieston Heights_%": "1.7", "New South Wales": "139,899"}, "Australia": {"New South Wales_%": "51.9", "Australia": "12,643,365", "Australia_%": "54.0", "Gillieston Heights": "2,570", "Gillieston Heights_%": "81.9", "New South Wales": "3,884,762"}, "England": {"New South Wales_%": "4.3", "Australia": "1,302,147", "Australia_%": "5.6", "Gillieston Heights": "96", "Gillieston Heights_%": "3.1", "New South Wales": "322,472"}, "Philippines": {"New South Wales_%": "1.7", "Australia": "325,049", "Australia_%": "1.4", "Gillieston Heights": "33", "Gillieston Heights_%": "1.1", "New South Wales": "124,029"}, "South Africa": {"New South Wales_%": "0.7", "Australia": "193,412", "Australia_%": "0.8", "Gillieston Heights": "31", "Gillieston Heights_%": "1.0", "New South Wales": "52,673"}}, "Dwelling structure": {"Other dwelling": {"New South Wales_%": "0.9", "Australia": "64,425", "Australia_%": "0.8", "Gillieston Heights": "0", "Gillieston Heights_%": "0.0", "New South Wales": "23,580"}, "Semi-detached, row or terrace house, townhouse etc": {"New South Wales_%": "12.2", "Australia": "1,055,016", "Australia_%": "12.7", "Gillieston Heights": "30", "Gillieston Heights_%": "2.8", "New South Wales": "317,453"}, "Separate house": {"New South Wales_%": "66.4", "Australia": "6,041,788", "Australia_%": "72.9", "Gillieston Heights": "918", "Gillieston Heights_%": "85.1", "New South Wales": "1,729,820"}, "Flat or apartment": {"New South Wales_%": "19.9", "Australia": "1,087,434", "Australia_%": "13.1", "Gillieston Heights": "0", "Gillieston Heights_%": "0.0", "New South Wales": "519,390"}}, "Number of bedrooms": {"1 bedroom": {"New South Wales_%": "6.0", "Australia": "411,252", "Australia_%": "5.0", "Gillieston Heights": "22", "Gillieston Heights_%": "2.0", "New South Wales": "157,194"}, "3 bedrooms": {"New South Wales_%": "37.2", "Australia": "3,403,190", "Australia_%": "41.1", "Gillieston Heights": "207", "Gillieston Heights_%": "19.0", "New South Wales": "970,001"}, "Average number of people per household": {"New South Wales_%": "--", "Australia": "2.6", "Australia_%": "--", "Gillieston Heights": "2.8", "Gillieston Heights_%": "--", "New South Wales": "2.6"}, "2 bedrooms": {"New South Wales_%": "22.2", "Australia": "1,562,759", "Australia_%": "18.9", "Gillieston Heights": "117", "Gillieston Heights_%": "10.7", "New South Wales": "577,675"}, "4 or more bedrooms": {"New South Wales_%": "31.3", "Australia": "2,670,758", "Australia_%": "32.2", "Gillieston Heights": "717", "Gillieston Heights_%": "65.7", "New South Wales": "816,405"}, "None (includes bedsitters)": {"New South Wales_%": "0.7", "Australia": "39,769", "Australia_%": "0.5", "Gillieston Heights": "0", "Gillieston Heights_%": "0.0", "New South Wales": "17,157"}, "Number of bedrooms not stated": {"New South Wales_%": "2.5", "Australia": "198,351", "Australia_%": "2.4", "Gillieston Heights": "29", "Gillieston Heights_%": "2.7", "New South Wales": "65,888"}, "Average number of bedrooms per dwelling": {"New South Wales_%": "--", "Australia": "3.1", "Australia_%": "--", "Gillieston Heights": "3.6", "Gillieston Heights_%": "--", "New South Wales": "3"}}, "summaryTable_qsFamilies": {"for all families": "0.9", "for families with children": "1.9", "Families": "878", "Average children per family": "None"}, "People characteristics": {"Male": {"New South Wales_%": "49.7", "Australia": "322,171", "Australia_%": "49.6", "Gillieston Heights": "100", "Gillieston Heights_%": "50.0", "New South Wales": "107,368"}, "Median age": {"New South Wales_%": "--", "Australia": "23", "Australia_%": "--", "Gillieston Heights": "18", "Gillieston Heights_%": "--", "New South Wales": "22"}, "Female": {"New South Wales_%": "50.3", "Australia": "326,996", "Australia_%": "50.4", "Gillieston Heights": "100", "Gillieston Heights_%": "50.0", "New South Wales": "108,809"}}, "Dwelling count": {"Unoccupied private dwellings": {"New South Wales_%": "9.9", "Australia": "1,039,874", "Australia_%": "11.2", "Gillieston Heights": "59", "Gillieston Heights_%": "5.2", "New South Wales": "284,741"}, "Occupied private dwellings": {"New South Wales_%": "90.1", "Australia": "8,286,073", "Australia_%": "88.8", "Gillieston Heights": "1,079", "Gillieston Heights_%": "94.8", "New South Wales": "2,604,320"}}, "Level of highest educational attainment": {"Certificate level III": {"New South Wales_%": "12.0", "Australia": "2,442,203", "Australia_%": "12.8", "Gillieston Heights": "486", "Gillieston Heights_%": "20.8", "New South Wales": "730,498"}, "Certificate level II": {"New South Wales_%": "0.1", "Australia": "13,454", "Australia_%": "0.1", "Gillieston Heights": "3", "Gillieston Heights_%": "0.1", "New South Wales": "4,849"}, "No educational attainment": {"New South Wales_%": "0.9", "Australia": "145,844", "Australia_%": "0.8", "Gillieston Heights": "3", "Gillieston Heights_%": "0.1", "New South Wales": "54,870"}, "Bachelor Degree level and above": {"New South Wales_%": "23.4", "Australia": "4,181,406", "Australia_%": "22.0", "Gillieston Heights": "268", "Gillieston Heights_%": "11.5", "New South Wales": "1,424,716"}, "Certificate level I": {"New South Wales_%": "0.0", "Australia": "2,176", "Australia_%": "0.0", "Gillieston Heights": "0", "Gillieston Heights_%": "0.0", "New South Wales": "625"}, "Year 11": {"New South Wales_%": "3.3", "Australia": "941,531", "Australia_%": "4.9", "Gillieston Heights": "106", "Gillieston Heights_%": "4.5", "New South Wales": "203,574"}, "Not stated": {"New South Wales_%": "10.3", "Australia": "1,974,794", "Australia_%": "10.4", "Gillieston Heights": "182", "Gillieston Heights_%": "7.8", "New South Wales": "627,465"}, "Year 9 or below": {"New South Wales_%": "8.4", "Australia": "1,529,897", "Australia_%": "8.0", "Gillieston Heights": "216", "Gillieston Heights_%": "9.3", "New South Wales": "513,209"}, "Certificate level IV": {"New South Wales_%": "2.8", "Australia": "551,767", "Australia_%": "2.9", "Gillieston Heights": "149", "Gillieston Heights_%": "6.4", "New South Wales": "167,947"}, "Year 10": {"New South Wales_%": "11.5", "Australia": "2,054,331", "Australia_%": "10.8", "Gillieston Heights": "366", "Gillieston Heights_%": "15.7", "New South Wales": "702,178"}, "Year 12": {"New South Wales_%": "15.3", "Australia": "2,994,097", "Australia_%": "15.7", "Gillieston Heights": "275", "Gillieston Heights_%": "11.8", "New South Wales": "930,654"}, "Advanced Diploma and Diploma level": {"New South Wales_%": "8.9", "Australia": "1,687,893", "Australia_%": "8.9", "Gillieston Heights": "199", "Gillieston Heights_%": "8.5", "New South Wales": "543,142"}}, "Median weekly incomes": {"Personal": {"New South Wales_%": "--", "Australia": "662", "Australia_%": "--", "Gillieston Heights": "767", "Gillieston Heights_%": "--", "New South Wales": "664"}, "Household": {"New South Wales_%": "--", "Australia": "1,438", "Australia_%": "--", "Gillieston Heights": "1,712", "Gillieston Heights_%": "--", "New South Wales": "1,486"}, "Family": {"New South Wales_%": "--", "Australia": "1,734", "Australia_%": "--", "Gillieston Heights": "1,870", "Gillieston Heights_%": "--", "New South Wales": "1,780"}}, "Family composition": {"Other family": {"New South Wales_%": "1.7", "Australia": "102,559", "Australia_%": "1.7", "Gillieston Heights": "9", "Gillieston Heights_%": "1.0", "New South Wales": "32,438"}, "Couple family with children": {"New South Wales_%": "45.7", "Australia": "2,716,224", "Australia_%": "44.7", "Gillieston Heights": "416", "Gillieston Heights_%": "47.8", "New South Wales": "887,358"}, "Couple family without children": {"New South Wales_%": "36.6", "Australia": "2,291,987", "Australia_%": "37.8", "Gillieston Heights": "302", "Gillieston Heights_%": "34.7", "New South Wales": "709,524"}, "One parent family": {"New South Wales_%": "16.0", "Australia": "959,543", "Australia_%": "15.8", "Gillieston Heights": "144", "Gillieston Heights_%": "16.5", "New South Wales": "310,906"}}, "Dwelling internet connection": {"Not stated": {"New South Wales_%": "2.8", "Australia": "221,494", "Australia_%": "2.7", "Gillieston Heights": "34", "Gillieston Heights_%": "3.1", "New South Wales": "73,565"}, "Internet not accessed from dwelling": {"New South Wales_%": "14.7", "Australia": "1,172,415", "Australia_%": "14.1", "Gillieston Heights": "132", "Gillieston Heights_%": "12.1", "New South Wales": "381,709"}, "Internet accessed from dwelling": {"New South Wales_%": "82.5", "Australia": "6,892,165", "Australia_%": "83.2", "Gillieston Heights": "923", "Gillieston Heights_%": "84.8", "New South Wales": "2,149,040"}}, "Social marital status": {"Not married": {"New South Wales_%": "42.3", "Australia": "7,024,973", "Australia_%": "41.9", "Gillieston Heights": "754", "Gillieston Heights_%": "34.9", "New South Wales": "2,290,887"}, "De facto marriage": {"New South Wales_%": "9.4", "Australia": "1,751,731", "Australia_%": "10.4", "Gillieston Heights": "403", "Gillieston Heights_%": "18.6", "New South Wales": "506,133"}, "Registered marriage": {"New South Wales_%": "48.3", "Australia": "8,001,141", "Australia_%": "47.7", "Gillieston Heights": "1,006", "Gillieston Heights_%": "46.5", "New South Wales": "2,612,630"}}, "Household composition": {"Family households": {"New South Wales_%": "72.0", "Australia": "5,907,625", "Australia_%": "71.3", "Gillieston Heights": "852", "Gillieston Heights_%": "78.4", "New South Wales": "1,874,524"}, "Group households": {"New South Wales_%": "4.2", "Australia": "354,917", "Australia_%": "4.3", "Gillieston Heights": "26", "Gillieston Heights_%": "2.4", "New South Wales": "109,004"}, "Single (or lone) person households": {"New South Wales_%": "23.8", "Australia": "2,023,542", "Australia_%": "24.4", "Gillieston Heights": "209", "Gillieston Heights_%": "19.2", "New South Wales": "620,778"}}, "People": {"Male": {"New South Wales_%": "49.3", "Australia": "11,546,638", "Australia_%": "49.3", "Gillieston Heights": "1,559", "Gillieston Heights_%": "49.5", "New South Wales": "3,686,014"}, "Aboriginal and/or Torres Strait Islander people": {"New South Wales_%": "2.9", "Australia": "649,171", "Australia_%": "2.8", "Gillieston Heights": "200", "Gillieston Heights_%": "6.3", "New South Wales": "216,176"}, "Female": {"New South Wales_%": "50.7", "Australia": "11,855,248", "Australia_%": "50.7", "Gillieston Heights": "1,591", "Gillieston Heights_%": "50.5", "New South Wales": "3,794,217"}}, "Language, top responses (other than English)": {"Filipino": {"New South Wales_%": "0.3", "Australia": "71,220", "Australia_%": "0.3", "Gillieston Heights": "7", "Gillieston Heights_%": "0.2", "New South Wales": "24,214"}, "null": {"New South Wales_%": "None", "Australia": "None", "Australia_%": "None", "Gillieston Heights": null, "Gillieston Heights_%": null, "New South Wales": "None"}, "English only spoken at home": {"New South Wales_%": "68.5", "Australia": "17,020,417", "Australia_%": "72.7", "Gillieston Heights": "2,890", "Gillieston Heights_%": "91.8", "New South Wales": "5,126,633"}, "Maori (New Zealand)": {"New South Wales_%": "0.0", "Australia": "11,747", "Australia_%": "0.1", "Gillieston Heights": "9", "Gillieston Heights_%": "0.3", "New South Wales": "2,429"}, "Hindi": {"New South Wales_%": "0.9", "Australia": "159,652", "Australia_%": "0.7", "Gillieston Heights": "6", "Gillieston Heights_%": "0.2", "New South Wales": "67,034"}, "Tagalog": {"New South Wales_%": "0.6", "Australia": "111,273", "Australia_%": "0.5", "Gillieston Heights": "8", "Gillieston Heights_%": "0.3", "New South Wales": "45,130"}, "Cantonese": {"New South Wales_%": "1.9", "Australia": "280,943", "Australia_%": "1.2", "Gillieston Heights": "11", "Gillieston Heights_%": "0.3", "New South Wales": "143,333"}, "Households where a non English language is spoken": {"New South Wales_%": "26.5", "Australia": "1,971,011", "Australia_%": "22.2", "Gillieston Heights": "70", "Gillieston Heights_%": "6.2", "New South Wales": "735,563"}}, "summaryTable_qsDwelling": {"Median monthly mortgage repayments": "$2,000", "All private dwellings": "1,185", "Average people per household": "2.8", "Median weekly household income": "$1,712", "Median weekly rent": "$395", "Average motor vehicles per dwelling": "2"}, "Household income": {"Less than $650 gross weekly income": {"New South Wales_%": "19.7", "Australia": "--", "Australia_%": "20.0", "Gillieston Heights": "--", "Gillieston Heights_%": "14.4", "New South Wales": "--"}, "More than $3000 gross weekly income": {"New South Wales_%": "18.7", "Australia": "--", "Australia_%": "16.4", "Gillieston Heights": "--", "Gillieston Heights_%": "9.9", "New South Wales": "--"}}, "Country of birth": {"Other top responses": {"Gillieston Heights_%": "None", "Gillieston Heights": "None"}, "Australia": {"New South Wales_%": "65.5", "Australia": "15,614,835", "Australia_%": "66.7", "Gillieston Heights": "2,766", "Gillieston Heights_%": "88.3", "New South Wales": "4,899,090"}, "England": {"New South Wales_%": "3.0", "Australia": "907,570", "Australia_%": "3.9", "Gillieston Heights": "44", "Gillieston Heights_%": "1.4", "New South Wales": "226,564"}, "South Africa": {"New South Wales_%": "0.6", "Australia": "162,449", "Australia_%": "0.7", "Gillieston Heights": "27", "Gillieston Heights_%": "0.9", "New South Wales": "43,058"}, "Philippines": {"New South Wales_%": "1.2", "Australia": "232,386", "Australia_%": "1.0", "Gillieston Heights": "17", "Gillieston Heights_%": "0.5", "New South Wales": "86,749"}, "India": {"New South Wales_%": "1.9", "Australia": "455,389", "Australia_%": "1.9", "Gillieston Heights": "13", "Gillieston Heights_%": "0.4", "New South Wales": "143,459"}, "New Zealand": {"New South Wales_%": "1.6", "Australia": "518,466", "Australia_%": "2.2", "Gillieston Heights": "42", "Gillieston Heights_%": "1.3", "New South Wales": "117,136"}}, "Religious affiliation, top responses": {"No Religion, so described": {"New South Wales_%": "25.1", "Australia": "6,933,708", "Australia_%": "29.6", "Gillieston Heights": "865", "Gillieston Heights_%": "27.4", "New South Wales": "1,879,562"}, "Catholic": {"New South Wales_%": "24.7", "Australia": "5,291,834", "Australia_%": "22.6", "Gillieston Heights": "790", "Gillieston Heights_%": "25.1", "New South Wales": "1,846,443"}, "Not stated": {"New South Wales_%": "9.2", "Australia": "2,238,735", "Australia_%": "9.6", "Gillieston Heights": "211", "Gillieston Heights_%": "6.7", "New South Wales": "684,969"}, "Uniting Church": {"New South Wales_%": "2.9", "Australia": "870,183", "Australia_%": "3.7", "Gillieston Heights": "133", "Gillieston Heights_%": "4.2", "New South Wales": "217,258"}, "Anglican": {"New South Wales_%": "15.5", "Australia": "3,101,185", "Australia_%": "13.3", "Gillieston Heights": "782", "Gillieston Heights_%": "24.8", "New South Wales": "1,161,810"}}, "Ancestry, top responses": {"German": {"New South Wales_%": "2.4", "Australia": "982,226", "Australia_%": "3.1", "Gillieston Heights": "121", "Gillieston Heights_%": "2.8", "New South Wales": "236,146"}, "Australian": {"New South Wales_%": "22.9", "Australia": "7,298,243", "Australia_%": "23.3", "Gillieston Heights": "1,497", "Gillieston Heights_%": "34.2", "New South Wales": "2,261,062"}, "Scottish": {"New South Wales_%": "5.9", "Australia": "2,023,470", "Australia_%": "6.4", "Gillieston Heights": "329", "Gillieston Heights_%": "7.5", "New South Wales": "587,052"}, "Irish": {"New South Wales_%": "7.5", "Australia": "2,388,058", "Australia_%": "7.6", "Gillieston Heights": "363", "Gillieston Heights_%": "8.3", "New South Wales": "741,671"}, "English": {"New South Wales_%": "23.3", "Australia": "7,852,224", "Australia_%": "25.0", "Gillieston Heights": "1,358", "Gillieston Heights_%": "31.0", "New South Wales": "2,302,481"}}, "Age": {"35-39 years": {"New South Wales_%": "6.7", "Australia": "1,561,679", "Australia_%": "6.7", "Gillieston Heights": "245", "Gillieston Heights_%": "7.8", "New South Wales": "499,724"}, "60-64 years": {"New South Wales_%": "5.6", "Australia": "1,299,397", "Australia_%": "5.6", "Gillieston Heights": "97", "Gillieston Heights_%": "3.1", "New South Wales": "420,044"}, "30-34 years": {"New South Wales_%": "7.2", "Australia": "1,703,847", "Australia_%": "7.3", "Gillieston Heights": "326", "Gillieston Heights_%": "10.3", "New South Wales": "540,360"}, "0-4 years": {"New South Wales_%": "6.2", "Australia": "1,464,779", "Australia_%": "6.3", "Gillieston Heights": "369", "Gillieston Heights_%": "11.7", "New South Wales": "465,135"}, "25-29 years": {"New South Wales_%": "7.0", "Australia": "1,664,602", "Australia_%": "7.1", "Gillieston Heights": "400", "Gillieston Heights_%": "12.7", "New South Wales": "527,161"}, "10-14 years": {"New South Wales_%": "5.9", "Australia": "1,397,183", "Australia_%": "6.0", "Gillieston Heights": "179", "Gillieston Heights_%": "5.7", "New South Wales": "443,009"}, "5-9 years": {"New South Wales_%": "6.4", "Australia": "1,502,646", "Australia_%": "6.4", "Gillieston Heights": "270", "Gillieston Heights_%": "8.5", "New South Wales": "478,184"}, "Median age": {"New South Wales_%": "--", "Australia": "38", "Australia_%": "--", "Gillieston Heights": "29", "Gillieston Heights_%": "--", "New South Wales": "38"}, "50-54 years": {"New South Wales_%": "6.5", "Australia": "1,523,551", "Australia_%": "6.5", "Gillieston Heights": "117", "Gillieston Heights_%": "3.7", "New South Wales": "485,546"}, "80-84 years": {"New South Wales_%": "2.1", "Australia": "460,549", "Australia_%": "2.0", "Gillieston Heights": "50", "Gillieston Heights_%": "1.6", "New South Wales": "155,806"}, "40-44 years": {"New South Wales_%": "6.7", "Australia": "1,583,257", "Australia_%": "6.8", "Gillieston Heights": "194", "Gillieston Heights_%": "6.1", "New South Wales": "503,169"}, "70-74 years": {"New South Wales_%": "3.9", "Australia": "887,716", "Australia_%": "3.8", "Gillieston Heights": "58", "Gillieston Heights_%": "1.8", "New South Wales": "292,556"}, "15-19 years": {"New South Wales_%": "6.0", "Australia": "1,421,595", "Australia_%": "6.1", "Gillieston Heights": "164", "Gillieston Heights_%": "5.2", "New South Wales": "448,425"}, "65-69 years": {"New South Wales_%": "5.1", "Australia": "1,188,999", "Australia_%": "5.1", "Gillieston Heights": "97", "Gillieston Heights_%": "3.1", "New South Wales": "384,470"}, "20-24 years": {"New South Wales_%": "6.5", "Australia": "1,566,793", "Australia_%": "6.7", "Gillieston Heights": "205", "Gillieston Heights_%": "6.5", "New South Wales": "489,673"}, "55-59 years": {"New South Wales_%": "6.3", "Australia": "1,454,332", "Australia_%": "6.2", "Gillieston Heights": "145", "Gillieston Heights_%": "4.6", "New South Wales": "469,726"}, "75-79 years": {"New South Wales_%": "2.9", "Australia": "652,657", "Australia_%": "2.8", "Gillieston Heights": "59", "Gillieston Heights_%": "1.9", "New South Wales": "217,308"}, "45-49 years": {"New South Wales_%": "6.6", "Australia": "1,581,455", "Australia_%": "6.8", "Gillieston Heights": "155", "Gillieston Heights_%": "4.9", "New South Wales": "492,440"}, "85 years and over": {"New South Wales_%": "2.2", "Australia": "486,842", "Australia_%": "2.1", "Gillieston Heights": "31", "Gillieston Heights_%": "1.0", "New South Wales": "167,506"}}, "Single (or lone) parents": {"Male": {"New South Wales_%": "17.8", "Australia": "--", "Australia_%": "18.2", "Gillieston Heights": "--", "Gillieston Heights_%": "18.9", "New South Wales": "--"}, "Female": {"New South Wales_%": "82.2", "Australia": "--", "Australia_%": "81.8", "Gillieston Heights": "--", "Gillieston Heights_%": "81.1", "New South Wales": "--"}}, "Mortgage monthly repayments": {"Median mortgage repayments": {"New South Wales_%": "--", "Australia": "1,755", "Australia_%": "--", "Gillieston Heights": "2,000", "Gillieston Heights_%": "--", "New South Wales": "1,986"}, "Households where mortgage repayments are less than 30% of household income": {"New South Wales_%": "92.6", "Australia": "--", "Australia_%": "92.8", "Gillieston Heights": "--", "Gillieston Heights_%": "92.8", "New South Wales": "--"}, "Households with mortgage repayments greater than or equal to 30% of household income": {"New South Wales_%": "7.4", "Australia": "--", "Australia_%": "7.2", "Gillieston Heights": "--", "Gillieston Heights_%": "7.2", "New South Wales": "--"}}, "Mortgage and rent": {"Median monthly mortgage repayments": {"New South Wales_%": "--", "Australia": "1,660", "Australia_%": "--", "Gillieston Heights": "2,058", "Gillieston Heights_%": "--", "New South Wales": "1,733"}, "Median weekly rent": {"New South Wales_%": "--", "Australia": "250", "Australia_%": "--", "Gillieston Heights": "400", "Gillieston Heights_%": "--", "New South Wales": "270"}}, "Tenure": {"Rented": {"New South Wales_%": "31.8", "Australia": "2,561,302", "Australia_%": "30.9", "Gillieston Heights": "396", "Gillieston Heights_%": "36.3", "New South Wales": "826,922"}, "Owned outright": {"New South Wales_%": "32.2", "Australia": "2,565,695", "Australia_%": "31.0", "Gillieston Heights": "227", "Gillieston Heights_%": "20.8", "New South Wales": "839,665"}, "Owned with a mortgage": {"New South Wales_%": "32.3", "Australia": "2,855,222", "Australia_%": "34.5", "Gillieston Heights": "423", "Gillieston Heights_%": "38.8", "New South Wales": "840,004"}, "Tenure type not stated": {"New South Wales_%": "2.8", "Australia": "224,869", "Australia_%": "2.7", "Gillieston Heights": "29", "Gillieston Heights_%": "2.7", "New South Wales": "73,763"}, "Other tenure type": {"New South Wales_%": "0.9", "Australia": "78,994", "Australia_%": "1.0", "Gillieston Heights": "16", "Gillieston Heights_%": "1.5", "New South Wales": "23,968"}}, "Country of birth of father, stated responses": {"New Zealand": {"New South Wales_%": "1.9", "Australia": "617,331", "Australia_%": "2.6", "Gillieston Heights": "60", "Gillieston Heights_%": "1.9", "New South Wales": "143,450"}, "Australia": {"New South Wales_%": "50.1", "Australia": "12,231,150", "Australia_%": "52.3", "Gillieston Heights": "2,486", "Gillieston Heights_%": "79.3", "New South Wales": "3,745,787"}, "England": {"New South Wales_%": "4.8", "Australia": "1,403,096", "Australia_%": "6.0", "Gillieston Heights": "122", "Gillieston Heights_%": "3.9", "New South Wales": "359,370"}, "Philippines": {"New South Wales_%": "1.4", "Australia": "270,177", "Australia_%": "1.2", "Gillieston Heights": "27", "Gillieston Heights_%": "0.9", "New South Wales": "106,423"}, "South Africa": {"New South Wales_%": "0.7", "Australia": "190,816", "Australia_%": "0.8", "Gillieston Heights": "36", "Gillieston Heights_%": "1.1", "New South Wales": "52,344"}}, "Country of birth of father and/or mother, stated responses": {"Father only born overseas": {"New South Wales_%": "6.1", "Australia": "1,488,092", "Australia_%": "6.4", "Gillieston Heights": "198", "Gillieston Heights_%": "6.3", "New South Wales": "458,394"}, "Mother only born overseas": {"New South Wales_%": "4.3", "Australia": "1,094,591", "Australia_%": "4.7", "Gillieston Heights": "121", "Gillieston Heights_%": "3.8", "New South Wales": "325,182"}, "Both parents born overseas": {"New South Wales_%": "37.0", "Australia": "8,051,196", "Australia_%": "34.4", "Gillieston Heights": "309", "Gillieston Heights_%": "9.8", "New South Wales": "2,764,170"}, "Both parents born in Australia": {"New South Wales_%": "45.4", "Australia": "11,070,538", "Australia_%": "47.3", "Gillieston Heights": "2,356", "Gillieston Heights_%": "74.8", "New South Wales": "3,399,725"}}, "Rent weekly payments": {"Households where rent payments are less than 30% of household income": {"New South Wales_%": "87.1", "Australia": "--", "Australia_%": "88.5", "Gillieston Heights": "--", "Gillieston Heights_%": "90.5", "New South Wales": "--"}, "Households with rent payments greater than or equal to 30% of household income": {"New South Wales_%": "12.9", "Australia": "--", "Australia_%": "11.5", "Gillieston Heights": "--", "Gillieston Heights_%": "9.5", "New South Wales": "--"}, "Median rent": {"New South Wales_%": "--", "Australia": "335", "Australia_%": "--", "Gillieston Heights": "395", "Gillieston Heights_%": "--", "New South Wales": "380"}}, "Registered marital status": {"Separated": {"New South Wales_%": "3.1", "Australia": "608,059", "Australia_%": "3.2", "Gillieston Heights": "106", "Gillieston Heights_%": "4.5", "New South Wales": "190,198"}, "Widowed": {"New South Wales_%": "5.4", "Australia": "985,204", "Australia_%": "5.2", "Gillieston Heights": "92", "Gillieston Heights_%": "3.9", "New South Wales": "331,653"}, "Married": {"New South Wales_%": "48.7", "Australia": "9,148,218", "Australia_%": "48.1", "Gillieston Heights": "1,091", "Gillieston Heights_%": "46.5", "New South Wales": "2,965,280"}, "Divorced": {"New South Wales_%": "8.4", "Australia": "1,626,890", "Australia_%": "8.5", "Gillieston Heights": "212", "Gillieston Heights_%": "9.0", "New South Wales": "512,298"}, "Never married": {"New South Wales_%": "34.4", "Australia": "6,668,910", "Australia_%": "35.0", "Gillieston Heights": "843", "Gillieston Heights_%": "36.0", "New South Wales": "2,094,460"}}, "summaryTable_qsPeople": {"Male": "49.5%", "Median age": "29", "Female": "50.5%", "People": "3,150"}, "Dwelling characteristics": {"Average number of people per household": {"New South Wales_%": "--", "Australia": "3.2", "Australia_%": "--", "Gillieston Heights": "3.8", "Gillieston Heights_%": "--", "New South Wales": "3.1"}, "Average number of persons per bedroom": {"New South Wales_%": "--", "Australia": "1", "Australia_%": "--", "Gillieston Heights": "1", "Gillieston Heights_%": "--", "New South Wales": "1"}, "Median weekly household income": {"New South Wales_%": "--", "Australia": "1,203", "Australia_%": "--", "Gillieston Heights": "1,968", "Gillieston Heights_%": "--", "New South Wales": "1,214"}}, "Unpaid work": {"Did unpaid domestic work (last week)": {"New South Wales_%": "67.7", "Australia": "13,143,914", "Australia_%": "69.0", "Gillieston Heights": "1,780", "Gillieston Heights_%": "76.1", "New South Wales": "4,127,723"}, "Provided unpaid assistance to a person with a disability (last two weeks)": {"New South Wales_%": "11.6", "Australia": "2,145,203", "Australia_%": "11.3", "Gillieston Heights": "278", "Gillieston Heights_%": "11.9", "New South Wales": "709,415"}, "Did voluntary work through an organisation or group (last 12 months)": {"New South Wales_%": "18.1", "Australia": "3,620,726", "Australia_%": "19.0", "Gillieston Heights": "316", "Gillieston Heights_%": "13.5", "New South Wales": "1,103,790"}, "Cared for child/children (last two weeks)": {"New South Wales_%": "27.2", "Australia": "5,259,400", "Australia_%": "27.6", "Gillieston Heights": "943", "Gillieston Heights_%": "40.4", "New South Wales": "1,659,250"}}, "Unpaid domestic work, number of hours": {"5 to 14 hours per week": {"New South Wales_%": "25.1", "Australia": "4,944,578", "Australia_%": "26.0", "Gillieston Heights": "687", "Gillieston Heights_%": "29.3", "New South Wales": "1,531,206"}, "30 hours or more per week": {"New South Wales_%": "9.0", "Australia": "1,710,970", "Australia_%": "9.0", "Gillieston Heights": "265", "Gillieston Heights_%": "11.3", "New South Wales": "545,925"}, "Less than 5 hours per week": {"New South Wales_%": "22.3", "Australia": "4,298,593", "Australia_%": "22.6", "Gillieston Heights": "559", "Gillieston Heights_%": "23.9", "New South Wales": "1,359,656"}, "15 to 29 hours per week": {"New South Wales_%": "11.3", "Australia": "2,189,776", "Australia_%": "11.5", "Gillieston Heights": "273", "Gillieston Heights_%": "11.7", "New South Wales": "690,934"}}, "Industry of employment, top responses": {"Coal Mining": {"New South Wales_%": "0.6", "Australia": "46,491", "Australia_%": "0.4", "Gillieston Heights": "117", "Gillieston Heights_%": "8.2", "New South Wales": "19,153"}, "Takeaway Food Services": {"New South Wales_%": "1.7", "Australia": "189,447", "Australia_%": "1.8", "Gillieston Heights": "45", "Gillieston Heights_%": "3.2", "New South Wales": "56,957"}, "Hospitals (except Psychiatric Hospitals)": {"New South Wales_%": "3.5", "Australia": "411,808", "Australia_%": "3.9", "Gillieston Heights": "62", "Gillieston Heights_%": "4.4", "New South Wales": "119,350"}, "Other Social Assistance Services": {"New South Wales_%": "1.6", "Australia": "158,230", "Australia_%": "1.5", "Gillieston Heights": "35", "Gillieston Heights_%": "2.5", "New South Wales": "54,259"}, "Supermarket and Grocery Stores": {"New South Wales_%": "2.2", "Australia": "254,275", "Australia_%": "2.4", "Gillieston Heights": "41", "Gillieston Heights_%": "2.9", "New South Wales": "74,487"}}, "GeoInfo": {"city": "Gillieston Heights"}, "Education": {"University or tertiary institution": {"New South Wales_%": "16.2", "Australia": "1,160,626", "Australia_%": "16.1", "Gillieston Heights": "108", "Gillieston Heights_%": "11.2", "New South Wales": "376,133"}, "Secondary - Catholic": {"New South Wales_%": "5.1", "Australia": "338,384", "Australia_%": "4.7", "Gillieston Heights": "44", "Gillieston Heights_%": "4.5", "New South Wales": "117,689"}, "Secondary - other non Government": {"New South Wales_%": "3.4", "Australia": "280,618", "Australia_%": "3.9", "Gillieston Heights": "26", "Gillieston Heights_%": "2.7", "New South Wales": "79,915"}, "Primary - Catholic": {"New South Wales_%": "5.3", "Australia": "380,604", "Australia_%": "5.3", "Gillieston Heights": "55", "Gillieston Heights_%": "5.7", "New South Wales": "122,099"}, "Primary - Government": {"New South Wales_%": "18.0", "Australia": "1,314,787", "Australia_%": "18.2", "Gillieston Heights": "218", "Gillieston Heights_%": "22.5", "New South Wales": "417,465"}, "Other": {"New South Wales_%": "2.7", "Australia": "198,383", "Australia_%": "2.8", "Gillieston Heights": "16", "Gillieston Heights_%": "1.7", "New South Wales": "63,673"}, "Technical or further education institution": {"New South Wales_%": "6.2", "Australia": "424,869", "Australia_%": "5.9", "Gillieston Heights": "82", "Gillieston Heights_%": "8.5", "New South Wales": "144,103"}, "Secondary - Government": {"New South Wales_%": "11.6", "Australia": "827,505", "Australia_%": "11.5", "Gillieston Heights": "124", "Gillieston Heights_%": "12.8", "New South Wales": "269,249"}, "Primary - other non Government": {"New South Wales_%": "2.9", "Australia": "231,490", "Australia_%": "3.2", "Gillieston Heights": "29", "Gillieston Heights_%": "3.0", "New South Wales": "67,611"}, "Not stated": {"New South Wales_%": "23.0", "Australia": "1,707,023", "Australia_%": "23.7", "Gillieston Heights": "167", "Gillieston Heights_%": "17.3", "New South Wales": "535,266"}, "Preschool": {"New South Wales_%": "5.7", "Australia": "347,621", "Australia_%": "4.8", "Gillieston Heights": "99", "Gillieston Heights_%": "10.2", "New South Wales": "132,047"}}, "Employment": {"Unemployed": {"New South Wales_%": "6.3", "Australia": "787,452", "Australia_%": "6.9", "Gillieston Heights": "94", "Gillieston Heights_%": "5.8", "New South Wales": "225,546"}, "Worked part-time": {"New South Wales_%": "29.7", "Australia": "3,491,503", "Australia_%": "30.4", "Gillieston Heights": "437", "Gillieston Heights_%": "26.8", "New South Wales": "1,071,151"}, "Away from work": {"New South Wales_%": "4.8", "Australia": "569,276", "Australia_%": "5.0", "Gillieston Heights": "88", "Gillieston Heights_%": "5.4", "New South Wales": "174,654"}, "Worked full-time": {"New South Wales_%": "59.2", "Australia": "6,623,065", "Australia_%": "57.7", "Gillieston Heights": "1,011", "Gillieston Heights_%": "62.0", "New South Wales": "2,134,521"}}, "Travel to work, top responses": {"Worked at home": {"New South Wales_%": "4.8", "Australia": "503,582", "Australia_%": "4.7", "Gillieston Heights": "29", "Gillieston Heights_%": "1.9", "New South Wales": "163,026"}, "People who travelled to work by car as driver or passenger": {"New South Wales_%": "64.6", "Australia": "7,305,271", "Australia_%": "68.4", "Gillieston Heights": "1,289", "Gillieston Heights_%": "83.9", "New South Wales": "2,182,854"}, "null": {"New South Wales_%": "None", "Australia": "None", "Australia_%": "None", "Gillieston Heights": null, "Gillieston Heights_%": null, "New South Wales": "None"}, "People who travelled to work by public transport": {"New South Wales_%": "16.0", "Australia": "1,225,668", "Australia_%": "11.5", "Gillieston Heights": "26", "Gillieston Heights_%": "1.7", "New South Wales": "540,215"}, "Car, as driver": {"New South Wales_%": "57.8", "Australia": "6,574,571", "Australia_%": "61.5", "Gillieston Heights": "1,197", "Gillieston Heights_%": "78.9", "New South Wales": "1,953,399"}, "Truck": {"New South Wales_%": "1.0", "Australia": "85,892", "Australia_%": "0.8", "Gillieston Heights": "10", "Gillieston Heights_%": "0.7", "New South Wales": "32,908"}, "Car as driver, car as passenger": {"New South Wales_%": "0.2", "Australia": "25,615", "Australia_%": "0.2", "Gillieston Heights": "13", "Gillieston Heights_%": "0.9", "New South Wales": "8,035"}, "Car, as passenger": {"New South Wales_%": "4.3", "Australia": "489,922", "Australia_%": "4.6", "Gillieston Heights": "62", "Gillieston Heights_%": "4.1", "New South Wales": "144,820"}}, "Occupation": {"Professionals": {"New South Wales_%": "23.6", "Australia": "2,370,966", "Australia_%": "22.2", "Gillieston Heights": "230", "Gillieston Heights_%": "15.0", "New South Wales": "798,126"}, "Technicians and Trades Workers": {"New South Wales_%": "12.7", "Australia": "1,447,414", "Australia_%": "13.5", "Gillieston Heights": "296", "Gillieston Heights_%": "19.4", "New South Wales": "429,239"}, "Community and Personal Service Workers": {"New South Wales_%": "10.4", "Australia": "1,157,003", "Australia_%": "10.8", "Gillieston Heights": "195", "Gillieston Heights_%": "12.8", "New South Wales": "350,261"}, "Clerical and Administrative Workers": {"New South Wales_%": "13.8", "Australia": "1,449,681", "Australia_%": "13.6", "Gillieston Heights": "185", "Gillieston Heights_%": "12.1", "New South Wales": "467,977"}, "Machinery Operators and Drivers": {"New South Wales_%": "6.1", "Australia": "670,106", "Australia_%": "6.3", "Gillieston Heights": "162", "Gillieston Heights_%": "10.6", "New South Wales": "206,839"}, "Labourers": {"New South Wales_%": "8.8", "Australia": "1,011,520", "Australia_%": "9.5", "Gillieston Heights": "122", "Gillieston Heights_%": "8.0", "New South Wales": "297,887"}, "Sales Workers": {"New South Wales_%": "9.2", "Australia": "1,000,955", "Australia_%": "9.4", "Gillieston Heights": "192", "Gillieston Heights_%": "12.6", "New South Wales": "311,414"}, "Managers": {"New South Wales_%": "13.5", "Australia": "1,390,047", "Australia_%": "13.0", "Gillieston Heights": "124", "Gillieston Heights_%": "8.1", "New South Wales": "456,084"}}}