{"Employment - hours worked": {"40 hours or more per week": {"New South Wales_%": "44.1", "Australia": "4,591,801", "Australia_%": "43.0", "Greenfield Park_%": "36.0", "Greenfield Park": "694", "New South Wales": "1,489,099"}, "25-34 hours per week": {"New South Wales_%": "10.5", "Australia": "1,193,445", "Australia_%": "11.2", "Greenfield Park_%": "10.0", "Greenfield Park": "193", "New South Wales": "353,702"}, "16-24 hours per week": {"New South Wales_%": "10.4", "Australia": "1,079,236", "Australia_%": "10.1", "Greenfield Park_%": "10.3", "Greenfield Park": "198", "New South Wales": "352,817"}, "35-39 hours per week": {"New South Wales_%": "19.1", "Australia": "2,031,263", "Australia_%": "19.0", "Greenfield Park_%": "26.0", "Greenfield Park": "501", "New South Wales": "645,428"}, "1-15 hours per week": {"New South Wales_%": "10.8", "Australia": "1,218,823", "Australia_%": "11.4", "Greenfield Park_%": "11.2", "Greenfield Park": "216", "New South Wales": "364,637"}}, "Number of registered motor vehicles": {"2 motor vehicles": {"New South Wales_%": "34.1", "Australia": "2,999,184", "Australia_%": "36.2", "Greenfield Park_%": "38.2", "Greenfield Park": "517", "New South Wales": "887,849"}, "None": {"New South Wales_%": "9.2", "Australia": "623,829", "Australia_%": "7.5", "Greenfield Park_%": "4.1", "Greenfield Park": "55", "New South Wales": "239,625"}, "Number of motor vehicles not stated": {"New South Wales_%": "3.7", "Australia": "285,197", "Australia_%": "3.4", "Greenfield Park_%": "2.7", "Greenfield Park": "37", "New South Wales": "95,623"}, "1 motor vehicle": {"New South Wales_%": "36.3", "Australia": "2,881,485", "Australia_%": "34.8", "Greenfield Park_%": "25.6", "Greenfield Park": "346", "New South Wales": "946,159"}, "3 or more vehicles": {"New South Wales_%": "16.7", "Australia": "1,496,382", "Australia_%": "18.1", "Greenfield Park_%": "29.4", "Greenfield Park": "397", "New South Wales": "435,053"}}, "Employment status of parents in couple families": {"Labour force status not stated (by one or both parents in a couple family)": {"New South Wales_%": "5.7", "Australia": "311,381", "Australia_%": "6.2", "Greenfield Park_%": "5.3", "Greenfield Park": "56", "New South Wales": "90,630"}, "One employed full-time, one part-time": {"New South Wales_%": "20.6", "Australia": "1,086,460", "Australia_%": "21.7", "Greenfield Park_%": "11.0", "Greenfield Park": "117", "New South Wales": "329,567"}, "One employed part-time, other not working": {"New South Wales_%": "6.1", "Australia": "302,037", "Australia_%": "6.0", "Greenfield Park_%": "8.5", "Greenfield Park": "90", "New South Wales": "96,933"}, "Other (includes away from work)": {"New South Wales_%": "5.1", "Australia": "264,145", "Australia_%": "5.3", "Greenfield Park_%": "4.4", "Greenfield Park": "47", "New South Wales": "80,905"}, "Both employed, worked full-time": {"New South Wales_%": "22.6", "Australia": "1,084,006", "Australia_%": "21.6", "Greenfield Park_%": "13.3", "Greenfield Park": "141", "New South Wales": "360,916"}, "One employed full-time, other not working": {"New South Wales_%": "15.0", "Australia": "749,886", "Australia_%": "15.0", "Greenfield Park_%": "17.3", "Greenfield Park": "184", "New South Wales": "240,084"}, "Both employed, worked part-time": {"New South Wales_%": "4.0", "Australia": "203,596", "Australia_%": "4.1", "Greenfield Park_%": "3.2", "Greenfield Park": "34", "New South Wales": "63,106"}, "Both not working": {"New South Wales_%": "21.0", "Australia": "1,006,697", "Australia_%": "20.1", "Greenfield Park_%": "37.1", "Greenfield Park": "394", "New South Wales": "334,742"}}, "Country of birth of mother, stated responses": {"Australia": {"New South Wales_%": "51.9", "Australia": "12,643,365", "Australia_%": "54.0", "Greenfield Park_%": "11.0", "Greenfield Park": "557", "New South Wales": "3,884,762"}, "Iraq": {"New South Wales_%": "0.8", "Australia": "100,061", "Australia_%": "0.4", "Greenfield Park_%": "29.4", "Greenfield Park": "1,488", "New South Wales": "58,777"}, "Cambodia": {"New South Wales_%": "0.3", "Australia": "56,038", "Australia_%": "0.2", "Greenfield Park_%": "4.4", "Greenfield Park": "221", "New South Wales": "20,931"}, "Vietnam": {"New South Wales_%": "1.7", "Australia": "335,060", "Australia_%": "1.4", "Greenfield Park_%": "15.7", "Greenfield Park": "794", "New South Wales": "127,352"}, "Syria": {"New South Wales_%": "0.2", "Australia": "25,094", "Australia_%": "0.1", "Greenfield Park_%": "4.5", "Greenfield Park": "230", "New South Wales": "15,439"}}, "Dwelling structure": {"Other dwelling": {"New South Wales_%": "0.9", "Australia": "64,425", "Australia_%": "0.8", "Greenfield Park_%": "0.0", "Greenfield Park": "0", "New South Wales": "23,580"}, "Semi-detached, row or terrace house, townhouse etc": {"New South Wales_%": "12.2", "Australia": "1,055,016", "Australia_%": "12.7", "Greenfield Park_%": "6.5", "Greenfield Park": "88", "New South Wales": "317,453"}, "Separate house": {"New South Wales_%": "66.4", "Australia": "6,041,788", "Australia_%": "72.9", "Greenfield Park_%": "92.6", "Greenfield Park": "1,262", "New South Wales": "1,729,820"}, "Flat or apartment": {"New South Wales_%": "19.9", "Australia": "1,087,434", "Australia_%": "13.1", "Greenfield Park_%": "0.2", "Greenfield Park": "3", "New South Wales": "519,390"}}, "Number of bedrooms": {"1 bedroom": {"New South Wales_%": "6.0", "Australia": "411,252", "Australia_%": "5.0", "Greenfield Park_%": "0.4", "Greenfield Park": "6", "New South Wales": "157,194"}, "3 bedrooms": {"New South Wales_%": "37.2", "Australia": "3,403,190", "Australia_%": "41.1", "Greenfield Park_%": "45.1", "Greenfield Park": "613", "New South Wales": "970,001"}, "Average number of people per household": {"New South Wales_%": "--", "Australia": "2.6", "Australia_%": "--", "Greenfield Park_%": "--", "Greenfield Park": "3.7", "New South Wales": "2.6"}, "2 bedrooms": {"New South Wales_%": "22.2", "Australia": "1,562,759", "Australia_%": "18.9", "Greenfield Park_%": "2.9", "Greenfield Park": "39", "New South Wales": "577,675"}, "4 or more bedrooms": {"New South Wales_%": "31.3", "Australia": "2,670,758", "Australia_%": "32.2", "Greenfield Park_%": "49.7", "Greenfield Park": "675", "New South Wales": "816,405"}, "None (includes bedsitters)": {"New South Wales_%": "0.7", "Australia": "39,769", "Australia_%": "0.5", "Greenfield Park_%": "0.0", "Greenfield Park": "0", "New South Wales": "17,157"}, "Number of bedrooms not stated": {"New South Wales_%": "2.5", "Australia": "198,351", "Australia_%": "2.4", "Greenfield Park_%": "1.8", "Greenfield Park": "25", "New South Wales": "65,888"}, "Average number of bedrooms per dwelling": {"New South Wales_%": "--", "Australia": "3.1", "Australia_%": "--", "Greenfield Park_%": "--", "Greenfield Park": "3.6", "New South Wales": "3"}}, "summaryTable_qsFamilies": {"for all families": "1.4", "for families with children": "2.1", "Families": "1,352", "Average children per family": "None"}, "People characteristics": {"Male": {"New South Wales_%": "49.7", "Australia": "322,171", "Australia_%": "49.6", "Greenfield Park_%": "50.0", "Greenfield Park": "19", "New South Wales": "107,368"}, "Median age": {"New South Wales_%": "--", "Australia": "23", "Australia_%": "--", "Greenfield Park_%": "--", "Greenfield Park": "22", "New South Wales": "22"}, "Female": {"New South Wales_%": "50.3", "Australia": "326,996", "Australia_%": "50.4", "Greenfield Park_%": "50.0", "Greenfield Park": "19", "New South Wales": "108,809"}}, "Dwelling count": {"Unoccupied private dwellings": {"New South Wales_%": "9.9", "Australia": "1,039,874", "Australia_%": "11.2", "Greenfield Park_%": "3.3", "Greenfield Park": "46", "New South Wales": "284,741"}, "Occupied private dwellings": {"New South Wales_%": "90.1", "Australia": "8,286,073", "Australia_%": "88.8", "Greenfield Park_%": "96.7", "Greenfield Park": "1,363", "New South Wales": "2,604,320"}}, "Level of highest educational attainment": {"Certificate level III": {"New South Wales_%": "12.0", "Australia": "2,442,203", "Australia_%": "12.8", "Greenfield Park_%": "8.5", "Greenfield Park": "350", "New South Wales": "730,498"}, "Certificate level II": {"New South Wales_%": "0.1", "Australia": "13,454", "Australia_%": "0.1", "Greenfield Park_%": "0.1", "Greenfield Park": "5", "New South Wales": "4,849"}, "No educational attainment": {"New South Wales_%": "0.9", "Australia": "145,844", "Australia_%": "0.8", "Greenfield Park_%": "6.3", "Greenfield Park": "257", "New South Wales": "54,870"}, "Bachelor Degree level and above": {"New South Wales_%": "23.4", "Australia": "4,181,406", "Australia_%": "22.0", "Greenfield Park_%": "12.9", "Greenfield Park": "527", "New South Wales": "1,424,716"}, "Certificate level I": {"New South Wales_%": "0.0", "Australia": "2,176", "Australia_%": "0.0", "Greenfield Park_%": "0.0", "Greenfield Park": "0", "New South Wales": "625"}, "Year 11": {"New South Wales_%": "3.3", "Australia": "941,531", "Australia_%": "4.9", "Greenfield Park_%": "3.9", "Greenfield Park": "160", "New South Wales": "203,574"}, "Not stated": {"New South Wales_%": "10.3", "Australia": "1,974,794", "Australia_%": "10.4", "Greenfield Park_%": "5.7", "Greenfield Park": "232", "New South Wales": "627,465"}, "Year 9 or below": {"New South Wales_%": "8.4", "Australia": "1,529,897", "Australia_%": "8.0", "Greenfield Park_%": "14.4", "Greenfield Park": "590", "New South Wales": "513,209"}, "Certificate level IV": {"New South Wales_%": "2.8", "Australia": "551,767", "Australia_%": "2.9", "Greenfield Park_%": "1.8", "Greenfield Park": "74", "New South Wales": "167,947"}, "Year 10": {"New South Wales_%": "11.5", "Australia": "2,054,331", "Australia_%": "10.8", "Greenfield Park_%": "12.1", "Greenfield Park": "497", "New South Wales": "702,178"}, "Year 12": {"New South Wales_%": "15.3", "Australia": "2,994,097", "Australia_%": "15.7", "Greenfield Park_%": "23.7", "Greenfield Park": "971", "New South Wales": "930,654"}, "Advanced Diploma and Diploma level": {"New South Wales_%": "8.9", "Australia": "1,687,893", "Australia_%": "8.9", "Greenfield Park_%": "8.4", "Greenfield Park": "343", "New South Wales": "543,142"}}, "Median weekly incomes": {"Personal": {"New South Wales_%": "--", "Australia": "662", "Australia_%": "--", "Greenfield Park_%": "--", "Greenfield Park": "446", "New South Wales": "664"}, "Household": {"New South Wales_%": "--", "Australia": "1,438", "Australia_%": "--", "Greenfield Park_%": "--", "Greenfield Park": "1,489", "New South Wales": "1,486"}, "Family": {"New South Wales_%": "--", "Australia": "1,734", "Australia_%": "--", "Greenfield Park_%": "--", "Greenfield Park": "1,413", "New South Wales": "1,780"}}, "Family composition": {"Other family": {"New South Wales_%": "1.7", "Australia": "102,559", "Australia_%": "1.7", "Greenfield Park_%": "0.7", "Greenfield Park": "9", "New South Wales": "32,438"}, "Couple family with children": {"New South Wales_%": "45.7", "Australia": "2,716,224", "Australia_%": "44.7", "Greenfield Park_%": "57.3", "Greenfield Park": "777", "New South Wales": "887,358"}, "Couple family without children": {"New South Wales_%": "36.6", "Australia": "2,291,987", "Australia_%": "37.8", "Greenfield Park_%": "21.8", "Greenfield Park": "296", "New South Wales": "709,524"}, "One parent family": {"New South Wales_%": "16.0", "Australia": "959,543", "Australia_%": "15.8", "Greenfield Park_%": "20.1", "Greenfield Park": "273", "New South Wales": "310,906"}}, "Dwelling internet connection": {"Not stated": {"New South Wales_%": "2.8", "Australia": "221,494", "Australia_%": "2.7", "Greenfield Park_%": "2.9", "Greenfield Park": "39", "New South Wales": "73,565"}, "Internet not accessed from dwelling": {"New South Wales_%": "14.7", "Australia": "1,172,415", "Australia_%": "14.1", "Greenfield Park_%": "12.4", "Greenfield Park": "169", "New South Wales": "381,709"}, "Internet accessed from dwelling": {"New South Wales_%": "82.5", "Australia": "6,892,165", "Australia_%": "83.2", "Greenfield Park_%": "84.7", "Greenfield Park": "1,152", "New South Wales": "2,149,040"}}, "Social marital status": {"Not married": {"New South Wales_%": "42.3", "Australia": "7,024,973", "Australia_%": "41.9", "Greenfield Park_%": "46.7", "Greenfield Park": "1,834", "New South Wales": "2,290,887"}, "De facto marriage": {"New South Wales_%": "9.4", "Australia": "1,751,731", "Australia_%": "10.4", "Greenfield Park_%": "3.0", "Greenfield Park": "117", "New South Wales": "506,133"}, "Registered marriage": {"New South Wales_%": "48.3", "Australia": "8,001,141", "Australia_%": "47.7", "Greenfield Park_%": "50.3", "Greenfield Park": "1,977", "New South Wales": "2,612,630"}}, "Household composition": {"Family households": {"New South Wales_%": "72.0", "Australia": "5,907,625", "Australia_%": "71.3", "Greenfield Park_%": "90.0", "Greenfield Park": "1,218", "New South Wales": "1,874,524"}, "Group households": {"New South Wales_%": "4.2", "Australia": "354,917", "Australia_%": "4.3", "Greenfield Park_%": "1.0", "Greenfield Park": "14", "New South Wales": "109,004"}, "Single (or lone) person households": {"New South Wales_%": "23.8", "Australia": "2,023,542", "Australia_%": "24.4", "Greenfield Park_%": "9.0", "Greenfield Park": "122", "New South Wales": "620,778"}}, "People": {"Male": {"New South Wales_%": "49.3", "Australia": "11,546,638", "Australia_%": "49.3", "Greenfield Park_%": "50.0", "Greenfield Park": "2,543", "New South Wales": "3,686,014"}, "Aboriginal and/or Torres Strait Islander people": {"New South Wales_%": "2.9", "Australia": "649,171", "Australia_%": "2.8", "Greenfield Park_%": "0.7", "Greenfield Park": "34", "New South Wales": "216,176"}, "Female": {"New South Wales_%": "50.7", "Australia": "11,855,248", "Australia_%": "50.7", "Greenfield Park_%": "50.0", "Greenfield Park": "2,546", "New South Wales": "3,794,217"}}, "Language, top responses (other than English)": {"Vietnamese": {"New South Wales_%": "1.4", "Australia": "277,400", "Australia_%": "1.2", "Greenfield Park_%": "13.5", "Greenfield Park": "684", "New South Wales": "102,896"}, "null": {"New South Wales_%": "None", "Australia": "None", "Australia_%": "None", "Greenfield Park_%": null, "Greenfield Park": null, "New South Wales": "None"}, "English only spoken at home": {"New South Wales_%": "68.5", "Australia": "17,020,417", "Australia_%": "72.7", "Greenfield Park_%": "21.6", "Greenfield Park": "1,098", "New South Wales": "5,126,633"}, "Spanish": {"New South Wales_%": "0.8", "Australia": "140,817", "Australia_%": "0.6", "Greenfield Park_%": "3.9", "Greenfield Park": "199", "New South Wales": "63,527"}, "Households where a non English language is spoken": {"New South Wales_%": "26.5", "Australia": "1,971,011", "Australia_%": "22.2", "Greenfield Park_%": "81.4", "Greenfield Park": "1,121", "New South Wales": "735,563"}, "Arabic": {"New South Wales_%": "2.7", "Australia": "321,728", "Australia_%": "1.4", "Greenfield Park_%": "5.5", "Greenfield Park": "281", "New South Wales": "200,825"}, "Assyrian Neo-Aramaic": {"New South Wales_%": "0.3", "Australia": "28,349", "Australia_%": "0.1", "Greenfield Park_%": "23.0", "Greenfield Park": "1,165", "New South Wales": "20,317"}, "Chaldean Neo-Aramaic": {"New South Wales_%": "0.1", "Australia": "17,172", "Australia_%": "0.1", "Greenfield Park_%": "6.8", "Greenfield Park": "344", "New South Wales": "9,341"}}, "summaryTable_qsDwelling": {"Median monthly mortgage repayments": "$1,950", "All private dwellings": "1,431", "Average people per household": "3.7", "Median weekly household income": "$1,489", "Median weekly rent": "$448", "Average motor vehicles per dwelling": "2.1"}, "Household income": {"Less than $650 gross weekly income": {"New South Wales_%": "19.7", "Australia": "--", "Australia_%": "20.0", "Greenfield Park_%": "16.7", "Greenfield Park": "--", "New South Wales": "--"}, "More than $3000 gross weekly income": {"New South Wales_%": "18.7", "Australia": "--", "Australia_%": "16.4", "Greenfield Park_%": "16.0", "Greenfield Park": "--", "New South Wales": "--"}}, "Country of birth": {"Other top responses": {"Greenfield Park_%": "None", "Greenfield Park": "None"}, "Australia": {"New South Wales_%": "65.5", "Australia": "15,614,835", "Australia_%": "66.7", "Greenfield Park_%": "41.2", "Greenfield Park": "2,083", "New South Wales": "4,899,090"}, "Philippines": {"New South Wales_%": "1.2", "Australia": "232,386", "Australia_%": "1.0", "Greenfield Park_%": "1.7", "Greenfield Park": "85", "New South Wales": "86,749"}, "Cambodia": {"New South Wales_%": "0.2", "Australia": "33,149", "Australia_%": "0.1", "Greenfield Park_%": "2.7", "Greenfield Park": "135", "New South Wales": "12,439"}, "Vietnam": {"New South Wales_%": "1.1", "Australia": "219,355", "Australia_%": "0.9", "Greenfield Park_%": "9.7", "Greenfield Park": "493", "New South Wales": "84,130"}, "Syria": {"New South Wales_%": "0.1", "Australia": "15,321", "Australia_%": "0.1", "Greenfield Park_%": "3.8", "Greenfield Park": "191", "New South Wales": "9,291"}, "Iraq": {"New South Wales_%": "0.5", "Australia": "67,352", "Australia_%": "0.3", "Greenfield Park_%": "19.1", "Greenfield Park": "965", "New South Wales": "40,271"}}, "Religious affiliation, top responses": {"No Religion, so described": {"New South Wales_%": "25.1", "Australia": "6,933,708", "Australia_%": "29.6", "Greenfield Park_%": "9.3", "Greenfield Park": "472", "New South Wales": "1,879,562"}, "Catholic": {"New South Wales_%": "24.7", "Australia": "5,291,834", "Australia_%": "22.6", "Greenfield Park_%": "35.7", "Greenfield Park": "1,817", "New South Wales": "1,846,443"}, "Assyrian Apostolic": {"New South Wales_%": "0.1", "Australia": "13,863", "Australia_%": "0.1", "Greenfield Park_%": "16.3", "Greenfield Park": "829", "New South Wales": "10,964"}, "Not stated": {"New South Wales_%": "9.2", "Australia": "2,238,735", "Australia_%": "9.6", "Greenfield Park_%": "5.1", "Greenfield Park": "260", "New South Wales": "684,969"}, "Buddhism": {"New South Wales_%": "2.8", "Australia": "563,674", "Australia_%": "2.4", "Greenfield Park_%": "14.7", "Greenfield Park": "750", "New South Wales": "207,956"}}, "Ancestry, top responses": {"Assyrian": {"New South Wales_%": "0.2", "Australia": "30,152", "Australia_%": "0.1", "Greenfield Park_%": "19.6", "Greenfield Park": "1,167", "New South Wales": "22,149"}, "English": {"New South Wales_%": "23.3", "Australia": "7,852,224", "Australia_%": "25.0", "Greenfield Park_%": "5.5", "Greenfield Park": "329", "New South Wales": "2,302,481"}, "Australian": {"New South Wales_%": "22.9", "Australia": "7,298,243", "Australia_%": "23.3", "Greenfield Park_%": "6.7", "Greenfield Park": "397", "New South Wales": "2,261,062"}, "Chinese": {"New South Wales_%": "5.2", "Australia": "1,213,903", "Australia_%": "3.9", "Greenfield Park_%": "9.2", "Greenfield Park": "544", "New South Wales": "514,594"}, "Vietnamese": {"New South Wales_%": "1.1", "Australia": "294,798", "Australia_%": "0.9", "Greenfield Park_%": "11.5", "Greenfield Park": "682", "New South Wales": "109,588"}}, "Age": {"35-39 years": {"New South Wales_%": "6.7", "Australia": "1,561,679", "Australia_%": "6.7", "Greenfield Park_%": "5.5", "Greenfield Park": "282", "New South Wales": "499,724"}, "60-64 years": {"New South Wales_%": "5.6", "Australia": "1,299,397", "Australia_%": "5.6", "Greenfield Park_%": "6.4", "Greenfield Park": "325", "New South Wales": "420,044"}, "30-34 years": {"New South Wales_%": "7.2", "Australia": "1,703,847", "Australia_%": "7.3", "Greenfield Park_%": "5.9", "Greenfield Park": "300", "New South Wales": "540,360"}, "0-4 years": {"New South Wales_%": "6.2", "Australia": "1,464,779", "Australia_%": "6.3", "Greenfield Park_%": "5.8", "Greenfield Park": "294", "New South Wales": "465,135"}, "25-29 years": {"New South Wales_%": "7.0", "Australia": "1,664,602", "Australia_%": "7.1", "Greenfield Park_%": "7.1", "Greenfield Park": "361", "New South Wales": "527,161"}, "10-14 years": {"New South Wales_%": "5.9", "Australia": "1,397,183", "Australia_%": "6.0", "Greenfield Park_%": "7.0", "Greenfield Park": "359", "New South Wales": "443,009"}, "5-9 years": {"New South Wales_%": "6.4", "Australia": "1,502,646", "Australia_%": "6.4", "Greenfield Park_%": "6.7", "Greenfield Park": "341", "New South Wales": "478,184"}, "Median age": {"New South Wales_%": "--", "Australia": "38", "Australia_%": "--", "Greenfield Park_%": "--", "Greenfield Park": "37", "New South Wales": "38"}, "50-54 years": {"New South Wales_%": "6.5", "Australia": "1,523,551", "Australia_%": "6.5", "Greenfield Park_%": "6.7", "Greenfield Park": "340", "New South Wales": "485,546"}, "80-84 years": {"New South Wales_%": "2.1", "Australia": "460,549", "Australia_%": "2.0", "Greenfield Park_%": "1.4", "Greenfield Park": "71", "New South Wales": "155,806"}, "40-44 years": {"New South Wales_%": "6.7", "Australia": "1,583,257", "Australia_%": "6.8", "Greenfield Park_%": "6.0", "Greenfield Park": "304", "New South Wales": "503,169"}, "70-74 years": {"New South Wales_%": "3.9", "Australia": "887,716", "Australia_%": "3.8", "Greenfield Park_%": "3.3", "Greenfield Park": "167", "New South Wales": "292,556"}, "15-19 years": {"New South Wales_%": "6.0", "Australia": "1,421,595", "Australia_%": "6.1", "Greenfield Park_%": "8.3", "Greenfield Park": "422", "New South Wales": "448,425"}, "65-69 years": {"New South Wales_%": "5.1", "Australia": "1,188,999", "Australia_%": "5.1", "Greenfield Park_%": "5.1", "Greenfield Park": "259", "New South Wales": "384,470"}, "20-24 years": {"New South Wales_%": "6.5", "Australia": "1,566,793", "Australia_%": "6.7", "Greenfield Park_%": "7.1", "Greenfield Park": "361", "New South Wales": "489,673"}, "55-59 years": {"New South Wales_%": "6.3", "Australia": "1,454,332", "Australia_%": "6.2", "Greenfield Park_%": "7.6", "Greenfield Park": "387", "New South Wales": "469,726"}, "75-79 years": {"New South Wales_%": "2.9", "Australia": "652,657", "Australia_%": "2.8", "Greenfield Park_%": "2.2", "Greenfield Park": "110", "New South Wales": "217,308"}, "45-49 years": {"New South Wales_%": "6.6", "Australia": "1,581,455", "Australia_%": "6.8", "Greenfield Park_%": "7.2", "Greenfield Park": "367", "New South Wales": "492,440"}, "85 years and over": {"New South Wales_%": "2.2", "Australia": "486,842", "Australia_%": "2.1", "Greenfield Park_%": "1.0", "Greenfield Park": "50", "New South Wales": "167,506"}}, "Single (or lone) parents": {"Male": {"New South Wales_%": "17.8", "Australia": "--", "Australia_%": "18.2", "Greenfield Park_%": "14.5", "Greenfield Park": "--", "New South Wales": "--"}, "Female": {"New South Wales_%": "82.2", "Australia": "--", "Australia_%": "81.8", "Greenfield Park_%": "85.5", "Greenfield Park": "--", "New South Wales": "--"}}, "Mortgage monthly repayments": {"Median mortgage repayments": {"New South Wales_%": "--", "Australia": "1,755", "Australia_%": "--", "Greenfield Park_%": "--", "Greenfield Park": "1,950", "New South Wales": "1,986"}, "Households where mortgage repayments are less than 30% of household income": {"New South Wales_%": "92.6", "Australia": "--", "Australia_%": "92.8", "Greenfield Park_%": "88.1", "Greenfield Park": "--", "New South Wales": "--"}, "Households with mortgage repayments greater than or equal to 30% of household income": {"New South Wales_%": "7.4", "Australia": "--", "Australia_%": "7.2", "Greenfield Park_%": "11.9", "Greenfield Park": "--", "New South Wales": "--"}}, "Mortgage and rent": {"Median monthly mortgage repayments": {"New South Wales_%": "--", "Australia": "1,660", "Australia_%": "--", "Greenfield Park_%": "--", "Greenfield Park": "0", "New South Wales": "1,733"}, "Median weekly rent": {"New South Wales_%": "--", "Australia": "250", "Australia_%": "--", "Greenfield Park_%": "--", "Greenfield Park": "460", "New South Wales": "270"}}, "Tenure": {"Rented": {"New South Wales_%": "31.8", "Australia": "2,561,302", "Australia_%": "30.9", "Greenfield Park_%": "22.5", "Greenfield Park": "304", "New South Wales": "826,922"}, "Owned outright": {"New South Wales_%": "32.2", "Australia": "2,565,695", "Australia_%": "31.0", "Greenfield Park_%": "37.9", "Greenfield Park": "512", "New South Wales": "839,665"}, "Owned with a mortgage": {"New South Wales_%": "32.3", "Australia": "2,855,222", "Australia_%": "34.5", "Greenfield Park_%": "36.8", "Greenfield Park": "498", "New South Wales": "840,004"}, "Tenure type not stated": {"New South Wales_%": "2.8", "Australia": "224,869", "Australia_%": "2.7", "Greenfield Park_%": "2.4", "Greenfield Park": "33", "New South Wales": "73,763"}, "Other tenure type": {"New South Wales_%": "0.9", "Australia": "78,994", "Australia_%": "1.0", "Greenfield Park_%": "0.4", "Greenfield Park": "5", "New South Wales": "23,968"}}, "Country of birth of father, stated responses": {"Australia": {"New South Wales_%": "50.1", "Australia": "12,231,150", "Australia_%": "52.3", "Greenfield Park_%": "10.4", "Greenfield Park": "525", "New South Wales": "3,745,787"}, "Iraq": {"New South Wales_%": "0.8", "Australia": "102,691", "Australia_%": "0.4", "Greenfield Park_%": "29.5", "Greenfield Park": "1,486", "New South Wales": "60,069"}, "Cambodia": {"New South Wales_%": "0.3", "Australia": "52,881", "Australia_%": "0.2", "Greenfield Park_%": "3.9", "Greenfield Park": "198", "New South Wales": "19,746"}, "Vietnam": {"New South Wales_%": "1.6", "Australia": "320,208", "Australia_%": "1.4", "Greenfield Park_%": "15.0", "Greenfield Park": "759", "New South Wales": "121,066"}, "Syria": {"New South Wales_%": "0.2", "Australia": "24,613", "Australia_%": "0.1", "Greenfield Park_%": "4.3", "Greenfield Park": "218", "New South Wales": "14,934"}}, "Country of birth of father and/or mother, stated responses": {"Father only born overseas": {"New South Wales_%": "6.1", "Australia": "1,488,092", "Australia_%": "6.4", "Greenfield Park_%": "2.7", "Greenfield Park": "139", "New South Wales": "458,394"}, "Mother only born overseas": {"New South Wales_%": "4.3", "Australia": "1,094,591", "Australia_%": "4.7", "Greenfield Park_%": "2.1", "Greenfield Park": "106", "New South Wales": "325,182"}, "Both parents born overseas": {"New South Wales_%": "37.0", "Australia": "8,051,196", "Australia_%": "34.4", "Greenfield Park_%": "83.4", "Greenfield Park": "4,245", "New South Wales": "2,764,170"}, "Both parents born in Australia": {"New South Wales_%": "45.4", "Australia": "11,070,538", "Australia_%": "47.3", "Greenfield Park_%": "8.1", "Greenfield Park": "410", "New South Wales": "3,399,725"}}, "Rent weekly payments": {"Households where rent payments are less than 30% of household income": {"New South Wales_%": "87.1", "Australia": "--", "Australia_%": "88.5", "Greenfield Park_%": "87.8", "Greenfield Park": "--", "New South Wales": "--"}, "Households with rent payments greater than or equal to 30% of household income": {"New South Wales_%": "12.9", "Australia": "--", "Australia_%": "11.5", "Greenfield Park_%": "12.2", "Greenfield Park": "--", "New South Wales": "--"}, "Median rent": {"New South Wales_%": "--", "Australia": "335", "Australia_%": "--", "Greenfield Park_%": "--", "Greenfield Park": "448", "New South Wales": "380"}}, "Registered marital status": {"Separated": {"New South Wales_%": "3.1", "Australia": "608,059", "Australia_%": "3.2", "Greenfield Park_%": "3.6", "Greenfield Park": "148", "New South Wales": "190,198"}, "Widowed": {"New South Wales_%": "5.4", "Australia": "985,204", "Australia_%": "5.2", "Greenfield Park_%": "4.6", "Greenfield Park": "189", "New South Wales": "331,653"}, "Married": {"New South Wales_%": "48.7", "Australia": "9,148,218", "Australia_%": "48.1", "Greenfield Park_%": "52.0", "Greenfield Park": "2,137", "New South Wales": "2,965,280"}, "Divorced": {"New South Wales_%": "8.4", "Australia": "1,626,890", "Australia_%": "8.5", "Greenfield Park_%": "6.0", "Greenfield Park": "248", "New South Wales": "512,298"}, "Never married": {"New South Wales_%": "34.4", "Australia": "6,668,910", "Australia_%": "35.0", "Greenfield Park_%": "33.8", "Greenfield Park": "1,387", "New South Wales": "2,094,460"}}, "summaryTable_qsPeople": {"Male": "50%", "Median age": "37", "Female": "50%", "People": "5,092"}, "Dwelling characteristics": {"Average number of people per household": {"New South Wales_%": "--", "Australia": "3.2", "Australia_%": "--", "Greenfield Park_%": "--", "Greenfield Park": "3.4", "New South Wales": "3.1"}, "Average number of persons per bedroom": {"New South Wales_%": "--", "Australia": "1", "Australia_%": "--", "Greenfield Park_%": "--", "Greenfield Park": "1", "New South Wales": "1"}, "Median weekly household income": {"New South Wales_%": "--", "Australia": "1,203", "Australia_%": "--", "Greenfield Park_%": "--", "Greenfield Park": "1,062", "New South Wales": "1,214"}}, "Unpaid work": {"Did unpaid domestic work (last week)": {"New South Wales_%": "67.7", "Australia": "13,143,914", "Australia_%": "69.0", "Greenfield Park_%": "55.3", "Greenfield Park": "2,267", "New South Wales": "4,127,723"}, "Provided unpaid assistance to a person with a disability (last two weeks)": {"New South Wales_%": "11.6", "Australia": "2,145,203", "Australia_%": "11.3", "Greenfield Park_%": "14.1", "Greenfield Park": "578", "New South Wales": "709,415"}, "Did voluntary work through an organisation or group (last 12 months)": {"New South Wales_%": "18.1", "Australia": "3,620,726", "Australia_%": "19.0", "Greenfield Park_%": "8.8", "Greenfield Park": "359", "New South Wales": "1,103,790"}, "Cared for child/children (last two weeks)": {"New South Wales_%": "27.2", "Australia": "5,259,400", "Australia_%": "27.6", "Greenfield Park_%": "22.9", "Greenfield Park": "938", "New South Wales": "1,659,250"}}, "Unpaid domestic work, number of hours": {"5 to 14 hours per week": {"New South Wales_%": "25.1", "Australia": "4,944,578", "Australia_%": "26.0", "Greenfield Park_%": "19.3", "Greenfield Park": "788", "New South Wales": "1,531,206"}, "30 hours or more per week": {"New South Wales_%": "9.0", "Australia": "1,710,970", "Australia_%": "9.0", "Greenfield Park_%": "9.0", "Greenfield Park": "367", "New South Wales": "545,925"}, "Less than 5 hours per week": {"New South Wales_%": "22.3", "Australia": "4,298,593", "Australia_%": "22.6", "Greenfield Park_%": "18.5", "Greenfield Park": "754", "New South Wales": "1,359,656"}, "15 to 29 hours per week": {"New South Wales_%": "11.3", "Australia": "2,189,776", "Australia_%": "11.5", "Greenfield Park_%": "8.5", "Greenfield Park": "347", "New South Wales": "690,934"}}, "Industry of employment, top responses": {"Primary Education": {"New South Wales_%": "1.9", "Australia": "231,198", "Australia_%": "2.2", "Greenfield Park_%": "2.8", "Greenfield Park": "51", "New South Wales": "65,204"}, "Road Freight Transport": {"New South Wales_%": "1.1", "Australia": "129,528", "Australia_%": "1.2", "Greenfield Park_%": "2.5", "Greenfield Park": "46", "New South Wales": "37,995"}, "Hospitals (except Psychiatric Hospitals)": {"New South Wales_%": "3.5", "Australia": "411,808", "Australia_%": "3.9", "Greenfield Park_%": "2.7", "Greenfield Park": "50", "New South Wales": "119,350"}, "Takeaway Food Services": {"New South Wales_%": "1.7", "Australia": "189,447", "Australia_%": "1.8", "Greenfield Park_%": "2.0", "Greenfield Park": "37", "New South Wales": "56,957"}, "Supermarket and Grocery Stores": {"New South Wales_%": "2.2", "Australia": "254,275", "Australia_%": "2.4", "Greenfield Park_%": "2.7", "Greenfield Park": "49", "New South Wales": "74,487"}}, "GeoInfo": {"city": "Greenfield Park"}, "Education": {"University or tertiary institution": {"New South Wales_%": "16.2", "Australia": "1,160,626", "Australia_%": "16.1", "Greenfield Park_%": "15.9", "Greenfield Park": "249", "New South Wales": "376,133"}, "Secondary - Catholic": {"New South Wales_%": "5.1", "Australia": "338,384", "Australia_%": "4.7", "Greenfield Park_%": "7.4", "Greenfield Park": "116", "New South Wales": "117,689"}, "Secondary - other non Government": {"New South Wales_%": "3.4", "Australia": "280,618", "Australia_%": "3.9", "Greenfield Park_%": "4.5", "Greenfield Park": "71", "New South Wales": "79,915"}, "Primary - Catholic": {"New South Wales_%": "5.3", "Australia": "380,604", "Australia_%": "5.3", "Greenfield Park_%": "8.2", "Greenfield Park": "128", "New South Wales": "122,099"}, "Primary - Government": {"New South Wales_%": "18.0", "Australia": "1,314,787", "Australia_%": "18.2", "Greenfield Park_%": "15.4", "Greenfield Park": "242", "New South Wales": "417,465"}, "Other": {"New South Wales_%": "2.7", "Australia": "198,383", "Australia_%": "2.8", "Greenfield Park_%": "3.0", "Greenfield Park": "47", "New South Wales": "63,673"}, "Technical or further education institution": {"New South Wales_%": "6.2", "Australia": "424,869", "Australia_%": "5.9", "Greenfield Park_%": "6.8", "Greenfield Park": "106", "New South Wales": "144,103"}, "Secondary - Government": {"New South Wales_%": "11.6", "Australia": "827,505", "Australia_%": "11.5", "Greenfield Park_%": "16.8", "Greenfield Park": "264", "New South Wales": "269,249"}, "Primary - other non Government": {"New South Wales_%": "2.9", "Australia": "231,490", "Australia_%": "3.2", "Greenfield Park_%": "4.1", "Greenfield Park": "65", "New South Wales": "67,611"}, "Not stated": {"New South Wales_%": "23.0", "Australia": "1,707,023", "Australia_%": "23.7", "Greenfield Park_%": "13.9", "Greenfield Park": "218", "New South Wales": "535,266"}, "Preschool": {"New South Wales_%": "5.7", "Australia": "347,621", "Australia_%": "4.8", "Greenfield Park_%": "4.0", "Greenfield Park": "62", "New South Wales": "132,047"}}, "Employment": {"Unemployed": {"New South Wales_%": "6.3", "Australia": "787,452", "Australia_%": "6.9", "Greenfield Park_%": "8.5", "Greenfield Park": "179", "New South Wales": "225,546"}, "Worked part-time": {"New South Wales_%": "29.7", "Australia": "3,491,503", "Australia_%": "30.4", "Greenfield Park_%": "28.9", "Greenfield Park": "608", "New South Wales": "1,071,151"}, "Away from work": {"New South Wales_%": "4.8", "Australia": "569,276", "Australia_%": "5.0", "Greenfield Park_%": "5.7", "Greenfield Park": "120", "New South Wales": "174,654"}, "Worked full-time": {"New South Wales_%": "59.2", "Australia": "6,623,065", "Australia_%": "57.7", "Greenfield Park_%": "56.8", "Greenfield Park": "1,194", "New South Wales": "2,134,521"}}, "Travel to work, top responses": {"People who travelled to work by car as driver or passenger": {"New South Wales_%": "64.6", "Australia": "7,305,271", "Australia_%": "68.4", "Greenfield Park_%": "78.5", "Greenfield Park": "1,515", "New South Wales": "2,182,854"}, "Bus": {"New South Wales_%": "4.0", "Australia": "323,201", "Australia_%": "3.0", "Greenfield Park_%": "2.4", "Greenfield Park": "47", "New South Wales": "133,903"}, "null": {"New South Wales_%": "None", "Australia": "None", "Australia_%": "None", "Greenfield Park_%": null, "Greenfield Park": null, "New South Wales": "None"}, "People who travelled to work by public transport": {"New South Wales_%": "16.0", "Australia": "1,225,668", "Australia_%": "11.5", "Greenfield Park_%": "13.7", "Greenfield Park": "265", "New South Wales": "540,215"}, "Car, as driver": {"New South Wales_%": "57.8", "Australia": "6,574,571", "Australia_%": "61.5", "Greenfield Park_%": "67.9", "Greenfield Park": "1,305", "New South Wales": "1,953,399"}, "Train": {"New South Wales_%": "7.5", "Australia": "488,012", "Australia_%": "4.6", "Greenfield Park_%": "4.9", "Greenfield Park": "94", "New South Wales": "252,786"}, "Train, car as driver": {"New South Wales_%": "1.0", "Australia": "86,003", "Australia_%": "0.8", "Greenfield Park_%": "2.6", "Greenfield Park": "50", "New South Wales": "34,213"}, "Car, as passenger": {"New South Wales_%": "4.3", "Australia": "489,922", "Australia_%": "4.6", "Greenfield Park_%": "5.8", "Greenfield Park": "112", "New South Wales": "144,820"}}, "Occupation": {"Professionals": {"New South Wales_%": "23.6", "Australia": "2,370,966", "Australia_%": "22.2", "Greenfield Park_%": "15.3", "Greenfield Park": "295", "New South Wales": "798,126"}, "Technicians and Trades Workers": {"New South Wales_%": "12.7", "Australia": "1,447,414", "Australia_%": "13.5", "Greenfield Park_%": "15.1", "Greenfield Park": "290", "New South Wales": "429,239"}, "Labourers": {"New South Wales_%": "8.8", "Australia": "1,011,520", "Australia_%": "9.5", "Greenfield Park_%": "12.3", "Greenfield Park": "237", "New South Wales": "297,887"}, "Clerical and Administrative Workers": {"New South Wales_%": "13.8", "Australia": "1,449,681", "Australia_%": "13.6", "Greenfield Park_%": "14.8", "Greenfield Park": "284", "New South Wales": "467,977"}, "Machinery Operators and Drivers": {"New South Wales_%": "6.1", "Australia": "670,106", "Australia_%": "6.3", "Greenfield Park_%": "11.9", "Greenfield Park": "229", "New South Wales": "206,839"}, "Community and Personal Service Workers": {"New South Wales_%": "10.4", "Australia": "1,157,003", "Australia_%": "10.8", "Greenfield Park_%": "9.6", "Greenfield Park": "185", "New South Wales": "350,261"}, "Sales Workers": {"New South Wales_%": "9.2", "Australia": "1,000,955", "Australia_%": "9.4", "Greenfield Park_%": "9.8", "Greenfield Park": "188", "New South Wales": "311,414"}, "Managers": {"New South Wales_%": "13.5", "Australia": "1,390,047", "Australia_%": "13.0", "Greenfield Park_%": "7.9", "Greenfield Park": "153", "New South Wales": "456,084"}}}