{"Employment - hours worked": {"40 hours or more per week": {"Keith Hall": "25", "Australia": "4,591,801", "Keith Hall_%": "36.8", "Australia_%": "43.0", "New South Wales_%": "44.1", "New South Wales": "1,489,099"}, "25-34 hours per week": {"Keith Hall": "13", "Australia": "1,193,445", "Keith Hall_%": "19.1", "Australia_%": "11.2", "New South Wales_%": "10.5", "New South Wales": "353,702"}, "16-24 hours per week": {"Keith Hall": "9", "Australia": "1,079,236", "Keith Hall_%": "13.2", "Australia_%": "10.1", "New South Wales_%": "10.4", "New South Wales": "352,817"}, "35-39 hours per week": {"Keith Hall": "7", "Australia": "2,031,263", "Keith Hall_%": "10.3", "Australia_%": "19.0", "New South Wales_%": "19.1", "New South Wales": "645,428"}, "1-15 hours per week": {"Keith Hall": "9", "Australia": "1,218,823", "Keith Hall_%": "13.2", "Australia_%": "11.4", "New South Wales_%": "10.8", "New South Wales": "364,637"}}, "Number of registered motor vehicles": {"2 motor vehicles": {"Keith Hall": "21", "Australia": "2,999,184", "Keith Hall_%": "41.2", "Australia_%": "36.2", "New South Wales_%": "34.1", "New South Wales": "887,849"}, "None": {"Keith Hall": "0", "Australia": "623,829", "Keith Hall_%": "0.0", "Australia_%": "7.5", "New South Wales_%": "9.2", "New South Wales": "239,625"}, "Number of motor vehicles not stated": {"Keith Hall": "8", "Australia": "285,197", "Keith Hall_%": "15.7", "Australia_%": "3.4", "New South Wales_%": "3.7", "New South Wales": "95,623"}, "1 motor vehicle": {"Keith Hall": "9", "Australia": "2,881,485", "Keith Hall_%": "17.6", "Australia_%": "34.8", "New South Wales_%": "36.3", "New South Wales": "946,159"}, "3 or more vehicles": {"Keith Hall": "13", "Australia": "1,496,382", "Keith Hall_%": "25.5", "Australia_%": "18.1", "New South Wales_%": "16.7", "New South Wales": "435,053"}}, "Employment status of parents in couple families": {"Labour force status not stated (by one or both parents in a couple family)": {"Keith Hall": "0", "Australia": "311,381", "Keith Hall_%": "0.0", "Australia_%": "6.2", "New South Wales_%": "5.7", "New South Wales": "90,630"}, "One employed full-time, one part-time": {"Keith Hall": "6", "Australia": "1,086,460", "Keith Hall_%": "20.7", "Australia_%": "21.7", "New South Wales_%": "20.6", "New South Wales": "329,567"}, "One employed part-time, other not working": {"Keith Hall": "3", "Australia": "302,037", "Keith Hall_%": "10.3", "Australia_%": "6.0", "New South Wales_%": "6.1", "New South Wales": "96,933"}, "Other (includes away from work)": {"Keith Hall": "4", "Australia": "264,145", "Keith Hall_%": "13.8", "Australia_%": "5.3", "New South Wales_%": "5.1", "New South Wales": "80,905"}, "Both employed, worked full-time": {"Keith Hall": "4", "Australia": "1,084,006", "Keith Hall_%": "13.8", "Australia_%": "21.6", "New South Wales_%": "22.6", "New South Wales": "360,916"}, "One employed full-time, other not working": {"Keith Hall": "3", "Australia": "749,886", "Keith Hall_%": "10.3", "Australia_%": "15.0", "New South Wales_%": "15.0", "New South Wales": "240,084"}, "Both employed, worked part-time": {"Keith Hall": "4", "Australia": "203,596", "Keith Hall_%": "13.8", "Australia_%": "4.1", "New South Wales_%": "4.0", "New South Wales": "63,106"}, "Both not working": {"Keith Hall": "5", "Australia": "1,006,697", "Keith Hall_%": "17.2", "Australia_%": "20.1", "New South Wales_%": "21.0", "New South Wales": "334,742"}}, "Country of birth of mother, stated responses": {"Philippines": {"Keith Hall": "6", "Australia": "325,049", "Keith Hall_%": "3.5", "Australia_%": "1.4", "New South Wales_%": "1.7", "New South Wales": "124,029"}, "Australia": {"Keith Hall": "110", "Australia": "12,643,365", "Keith Hall_%": "64.7", "Australia_%": "54.0", "New South Wales_%": "51.9", "New South Wales": "3,884,762"}, "England": {"Keith Hall": "3", "Australia": "1,302,147", "Keith Hall_%": "1.8", "Australia_%": "5.6", "New South Wales_%": "4.3", "New South Wales": "322,472"}, "New Zealand": {"Keith Hall": "4", "Australia": "608,329", "Keith Hall_%": "2.4", "Australia_%": "2.6", "New South Wales_%": "1.9", "New South Wales": "139,899"}, "France": {"Keith Hall": "3", "Australia": "40,204", "Keith Hall_%": "1.8", "Australia_%": "0.2", "New South Wales_%": "0.2", "New South Wales": "14,313"}}, "Dwelling structure": {"Other dwelling": {"Keith Hall": "0", "Australia": "64,425", "Keith Hall_%": "0.0", "Australia_%": "0.8", "New South Wales_%": "0.9", "New South Wales": "23,580"}, "Semi-detached, row or terrace house, townhouse etc": {"Keith Hall": "0", "Australia": "1,055,016", "Keith Hall_%": "0.0", "Australia_%": "12.7", "New South Wales_%": "12.2", "New South Wales": "317,453"}, "Separate house": {"Keith Hall": "42", "Australia": "6,041,788", "Keith Hall_%": "80.8", "Australia_%": "72.9", "New South Wales_%": "66.4", "New South Wales": "1,729,820"}, "Flat or apartment": {"Keith Hall": "0", "Australia": "1,087,434", "Keith Hall_%": "0.0", "Australia_%": "13.1", "New South Wales_%": "19.9", "New South Wales": "519,390"}}, "Number of bedrooms": {"1 bedroom": {"Keith Hall": "0", "Australia": "411,252", "Keith Hall_%": "0.0", "Australia_%": "5.0", "New South Wales_%": "6.0", "New South Wales": "157,194"}, "3 bedrooms": {"Keith Hall": "21", "Australia": "3,403,190", "Keith Hall_%": "45.7", "Australia_%": "41.1", "New South Wales_%": "37.2", "New South Wales": "970,001"}, "Average number of people per household": {"Keith Hall": "2.7", "Australia": "2.6", "Keith Hall_%": "--", "Australia_%": "--", "New South Wales_%": "--", "New South Wales": "2.6"}, "2 bedrooms": {"Keith Hall": "3", "Australia": "1,562,759", "Keith Hall_%": "6.5", "Australia_%": "18.9", "New South Wales_%": "22.2", "New South Wales": "577,675"}, "4 or more bedrooms": {"Keith Hall": "19", "Australia": "2,670,758", "Keith Hall_%": "41.3", "Australia_%": "32.2", "New South Wales_%": "31.3", "New South Wales": "816,405"}, "None (includes bedsitters)": {"Keith Hall": "0", "Australia": "39,769", "Keith Hall_%": "0.0", "Australia_%": "0.5", "New South Wales_%": "0.7", "New South Wales": "17,157"}, "Number of bedrooms not stated": {"Keith Hall": "3", "Australia": "198,351", "Keith Hall_%": "6.5", "Australia_%": "2.4", "New South Wales_%": "2.5", "New South Wales": "65,888"}, "Average number of bedrooms per dwelling": {"Keith Hall": "3.5", "Australia": "3.1", "Keith Hall_%": "--", "Australia_%": "--", "New South Wales_%": "--", "New South Wales": "3"}}, "summaryTable_qsFamilies": {"for all families": "0.6", "for families with children": "1.4", "Families": "41", "Average children per family": "None"}, "People characteristics": {"Male": {"Keith Hall": "6", "Australia": "322,171", "Keith Hall_%": "100.0", "Australia_%": "49.6", "New South Wales_%": "49.7", "New South Wales": "107,368"}, "Median age": {"Keith Hall": "13", "Australia": "23", "Keith Hall_%": "--", "Australia_%": "--", "New South Wales_%": "--", "New South Wales": "22"}, "Female": {"Keith Hall": "0", "Australia": "326,996", "Keith Hall_%": "0.0", "Australia_%": "50.4", "New South Wales_%": "50.3", "New South Wales": "108,809"}}, "Dwelling count": {"Unoccupied private dwellings": {"Keith Hall": "0", "Australia": "1,039,874", "Keith Hall_%": "0.0", "Australia_%": "11.2", "New South Wales_%": "9.9", "New South Wales": "284,741"}, "Occupied private dwellings": {"Keith Hall": "52", "Australia": "8,286,073", "Keith Hall_%": "100.0", "Australia_%": "88.8", "New South Wales_%": "90.1", "New South Wales": "2,604,320"}}, "Level of highest educational attainment": {"Certificate level III": {"Keith Hall": "31", "Australia": "2,442,203", "Keith Hall_%": "22.3", "Australia_%": "12.8", "New South Wales_%": "12.0", "New South Wales": "730,498"}, "Certificate level II": {"Keith Hall": "0", "Australia": "13,454", "Keith Hall_%": "0.0", "Australia_%": "0.1", "New South Wales_%": "0.1", "New South Wales": "4,849"}, "No educational attainment": {"Keith Hall": "0", "Australia": "145,844", "Keith Hall_%": "0.0", "Australia_%": "0.8", "New South Wales_%": "0.9", "New South Wales": "54,870"}, "Bachelor Degree level and above": {"Keith Hall": "15", "Australia": "4,181,406", "Keith Hall_%": "10.8", "Australia_%": "22.0", "New South Wales_%": "23.4", "New South Wales": "1,424,716"}, "Certificate level I": {"Keith Hall": "0", "Australia": "2,176", "Keith Hall_%": "0.0", "Australia_%": "0.0", "New South Wales_%": "0.0", "New South Wales": "625"}, "Year 11": {"Keith Hall": "7", "Australia": "941,531", "Keith Hall_%": "5.0", "Australia_%": "4.9", "New South Wales_%": "3.3", "New South Wales": "203,574"}, "Not stated": {"Keith Hall": "44", "Australia": "1,974,794", "Keith Hall_%": "31.7", "Australia_%": "10.4", "New South Wales_%": "10.3", "New South Wales": "627,465"}, "Year 9 or below": {"Keith Hall": "12", "Australia": "1,529,897", "Keith Hall_%": "8.6", "Australia_%": "8.0", "New South Wales_%": "8.4", "New South Wales": "513,209"}, "Certificate level IV": {"Keith Hall": "3", "Australia": "551,767", "Keith Hall_%": "2.2", "Australia_%": "2.9", "New South Wales_%": "2.8", "New South Wales": "167,947"}, "Year 10": {"Keith Hall": "9", "Australia": "2,054,331", "Keith Hall_%": "6.5", "Australia_%": "10.8", "New South Wales_%": "11.5", "New South Wales": "702,178"}, "Year 12": {"Keith Hall": "12", "Australia": "2,994,097", "Keith Hall_%": "8.6", "Australia_%": "15.7", "New South Wales_%": "15.3", "New South Wales": "930,654"}, "Advanced Diploma and Diploma level": {"Keith Hall": "8", "Australia": "1,687,893", "Keith Hall_%": "5.8", "Australia_%": "8.9", "New South Wales_%": "8.9", "New South Wales": "543,142"}}, "Median weekly incomes": {"Personal": {"Keith Hall": "568", "Australia": "662", "Keith Hall_%": "--", "Australia_%": "--", "New South Wales_%": "--", "New South Wales": "664"}, "Household": {"Keith Hall": "1,218", "Australia": "1,438", "Keith Hall_%": "--", "Australia_%": "--", "New South Wales_%": "--", "New South Wales": "1,486"}, "Family": {"Keith Hall": "1,375", "Australia": "1,734", "Keith Hall_%": "--", "Australia_%": "--", "New South Wales_%": "--", "New South Wales": "1,780"}}, "Family composition": {"Other family": {"Keith Hall": "0", "Australia": "102,559", "Keith Hall_%": "0.0", "Australia_%": "1.7", "New South Wales_%": "1.7", "New South Wales": "32,438"}, "Couple family with children": {"Keith Hall": "23", "Australia": "2,716,224", "Keith Hall_%": "54.8", "Australia_%": "44.7", "New South Wales_%": "45.7", "New South Wales": "887,358"}, "Couple family without children": {"Keith Hall": "16", "Australia": "2,291,987", "Keith Hall_%": "38.1", "Australia_%": "37.8", "New South Wales_%": "36.6", "New South Wales": "709,524"}, "One parent family": {"Keith Hall": "3", "Australia": "959,543", "Keith Hall_%": "7.1", "Australia_%": "15.8", "New South Wales_%": "16.0", "New South Wales": "310,906"}}, "Dwelling internet connection": {"Not stated": {"Keith Hall": "3", "Australia": "221,494", "Keith Hall_%": "6.5", "Australia_%": "2.7", "New South Wales_%": "2.8", "New South Wales": "73,565"}, "Internet not accessed from dwelling": {"Keith Hall": "0", "Australia": "1,172,415", "Keith Hall_%": "0.0", "Australia_%": "14.1", "New South Wales_%": "14.7", "New South Wales": "381,709"}, "Internet accessed from dwelling": {"Keith Hall": "43", "Australia": "6,892,165", "Keith Hall_%": "93.5", "Australia_%": "83.2", "New South Wales_%": "82.5", "New South Wales": "2,149,040"}}, "Social marital status": {"Not married": {"Keith Hall": "36", "Australia": "7,024,973", "Keith Hall_%": "33.0", "Australia_%": "41.9", "New South Wales_%": "42.3", "New South Wales": "2,290,887"}, "De facto marriage": {"Keith Hall": "15", "Australia": "1,751,731", "Keith Hall_%": "13.8", "Australia_%": "10.4", "New South Wales_%": "9.4", "New South Wales": "506,133"}, "Registered marriage": {"Keith Hall": "58", "Australia": "8,001,141", "Keith Hall_%": "53.2", "Australia_%": "47.7", "New South Wales_%": "48.3", "New South Wales": "2,612,630"}}, "Household composition": {"Family households": {"Keith Hall": "36", "Australia": "5,907,625", "Keith Hall_%": "73.5", "Australia_%": "71.3", "New South Wales_%": "72.0", "New South Wales": "1,874,524"}, "Group households": {"Keith Hall": "3", "Australia": "354,917", "Keith Hall_%": "6.1", "Australia_%": "4.3", "New South Wales_%": "4.2", "New South Wales": "109,004"}, "Single (or lone) person households": {"Keith Hall": "10", "Australia": "2,023,542", "Keith Hall_%": "20.4", "Australia_%": "24.4", "New South Wales_%": "23.8", "New South Wales": "620,778"}}, "People": {"Male": {"Keith Hall": "93", "Australia": "11,546,638", "Keith Hall_%": "54.7", "Australia_%": "49.3", "New South Wales_%": "49.3", "New South Wales": "3,686,014"}, "Aboriginal and/or Torres Strait Islander people": {"Keith Hall": "10", "Australia": "649,171", "Keith Hall_%": "5.9", "Australia_%": "2.8", "New South Wales_%": "2.9", "New South Wales": "216,176"}, "Female": {"Keith Hall": "77", "Australia": "11,855,248", "Keith Hall_%": "45.3", "Australia_%": "50.7", "New South Wales_%": "50.7", "New South Wales": "3,794,217"}}, "Language, top responses (other than English)": {"Households where a non English language is spoken": {"Keith Hall": "6", "Australia": "1,971,011", "Keith Hall_%": "8.6", "Australia_%": "22.2", "New South Wales_%": "26.5", "New South Wales": "735,563"}, "null": {"Keith Hall": null, "Australia": "None", "Keith Hall_%": null, "Australia_%": "None", "New South Wales_%": "None", "New South Wales": "None"}, "French": {"Keith Hall": "3", "Australia": "70,873", "Keith Hall_%": "1.7", "Australia_%": "0.3", "New South Wales_%": "0.3", "New South Wales": "23,743"}, "Tagalog": {"Keith Hall": "4", "Australia": "111,273", "Keith Hall_%": "2.3", "Australia_%": "0.5", "New South Wales_%": "0.6", "New South Wales": "45,130"}, "English only spoken at home": {"Keith Hall": "124", "Australia": "17,020,417", "Keith Hall_%": "72.1", "Australia_%": "72.7", "New South Wales_%": "68.5", "New South Wales": "5,126,633"}}, "summaryTable_qsDwelling": {"Median monthly mortgage repayments": "$1,950", "All private dwellings": "72", "Average people per household": "2.7", "Median weekly household income": "$1,218", "Median weekly rent": "$343", "Average motor vehicles per dwelling": "1.9"}, "Household income": {"Less than $650 gross weekly income": {"Keith Hall": "--", "Australia": "--", "Keith Hall_%": "14.3", "Australia_%": "20.0", "New South Wales_%": "19.7", "New South Wales": "--"}, "More than $3000 gross weekly income": {"Keith Hall": "--", "Australia": "--", "Keith Hall_%": "9.5", "Australia_%": "16.4", "New South Wales_%": "18.7", "New South Wales": "--"}}, "Country of birth": {"Other top responses": {"Keith Hall": "None", "Keith Hall_%": "None"}, "Philippines": {"Keith Hall": "6", "Australia": "232,386", "Keith Hall_%": "3.7", "Australia_%": "1.0", "New South Wales_%": "1.2", "New South Wales": "86,749"}, "Australia": {"Keith Hall": "115", "Australia": "15,614,835", "Keith Hall_%": "71.4", "Australia_%": "66.7", "New South Wales_%": "65.5", "New South Wales": "4,899,090"}, "England": {"Keith Hall": "3", "Australia": "907,570", "Keith Hall_%": "1.9", "Australia_%": "3.9", "New South Wales_%": "3.0", "New South Wales": "226,564"}}, "Religious affiliation, top responses": {"No Religion, so described": {"Keith Hall": "53", "Australia": "6,933,708", "Keith Hall_%": "31.9", "Australia_%": "29.6", "New South Wales_%": "25.1", "New South Wales": "1,879,562"}, "Catholic": {"Keith Hall": "34", "Australia": "5,291,834", "Keith Hall_%": "20.5", "Australia_%": "22.6", "New South Wales_%": "24.7", "New South Wales": "1,846,443"}, "Not stated": {"Keith Hall": "40", "Australia": "2,238,735", "Keith Hall_%": "24.1", "Australia_%": "9.6", "New South Wales_%": "9.2", "New South Wales": "684,969"}, "Presbyterian and Reformed": {"Keith Hall": "10", "Australia": "526,689", "Keith Hall_%": "6.0", "Australia_%": "2.3", "New South Wales_%": "2.5", "New South Wales": "188,330"}, "Anglican": {"Keith Hall": "15", "Australia": "3,101,185", "Keith Hall_%": "9.0", "Australia_%": "13.3", "New South Wales_%": "15.5", "New South Wales": "1,161,810"}}, "Ancestry, top responses": {"German": {"Keith Hall": "10", "Australia": "982,226", "Keith Hall_%": "4.4", "Australia_%": "3.1", "New South Wales_%": "2.4", "New South Wales": "236,146"}, "Australian": {"Keith Hall": "74", "Australia": "7,298,243", "Keith Hall_%": "32.7", "Australia_%": "23.3", "New South Wales_%": "22.9", "New South Wales": "2,261,062"}, "Scottish": {"Keith Hall": "14", "Australia": "2,023,470", "Keith Hall_%": "6.2", "Australia_%": "6.4", "New South Wales_%": "5.9", "New South Wales": "587,052"}, "Irish": {"Keith Hall": "21", "Australia": "2,388,058", "Keith Hall_%": "9.3", "Australia_%": "7.6", "New South Wales_%": "7.5", "New South Wales": "741,671"}, "English": {"Keith Hall": "44", "Australia": "7,852,224", "Keith Hall_%": "19.5", "Australia_%": "25.0", "New South Wales_%": "23.3", "New South Wales": "2,302,481"}}, "Age": {"35-39 years": {"Keith Hall": "7", "Australia": "1,561,679", "Keith Hall_%": "4.3", "Australia_%": "6.7", "New South Wales_%": "6.7", "New South Wales": "499,724"}, "60-64 years": {"Keith Hall": "8", "Australia": "1,299,397", "Keith Hall_%": "4.9", "Australia_%": "5.6", "New South Wales_%": "5.6", "New South Wales": "420,044"}, "30-34 years": {"Keith Hall": "3", "Australia": "1,703,847", "Keith Hall_%": "1.9", "Australia_%": "7.3", "New South Wales_%": "7.2", "New South Wales": "540,360"}, "0-4 years": {"Keith Hall": "7", "Australia": "1,464,779", "Keith Hall_%": "4.3", "Australia_%": "6.3", "New South Wales_%": "6.2", "New South Wales": "465,135"}, "25-29 years": {"Keith Hall": "11", "Australia": "1,664,602", "Keith Hall_%": "6.8", "Australia_%": "7.1", "New South Wales_%": "7.0", "New South Wales": "527,161"}, "10-14 years": {"Keith Hall": "12", "Australia": "1,397,183", "Keith Hall_%": "7.4", "Australia_%": "6.0", "New South Wales_%": "5.9", "New South Wales": "443,009"}, "5-9 years": {"Keith Hall": "9", "Australia": "1,502,646", "Keith Hall_%": "5.6", "Australia_%": "6.4", "New South Wales_%": "6.4", "New South Wales": "478,184"}, "Median age": {"Keith Hall": "43", "Australia": "38", "Keith Hall_%": "--", "Australia_%": "--", "New South Wales_%": "--", "New South Wales": "38"}, "50-54 years": {"Keith Hall": "10", "Australia": "1,523,551", "Keith Hall_%": "6.2", "Australia_%": "6.5", "New South Wales_%": "6.5", "New South Wales": "485,546"}, "80-84 years": {"Keith Hall": "0", "Australia": "460,549", "Keith Hall_%": "0.0", "Australia_%": "2.0", "New South Wales_%": "2.1", "New South Wales": "155,806"}, "40-44 years": {"Keith Hall": "22", "Australia": "1,583,257", "Keith Hall_%": "13.6", "Australia_%": "6.8", "New South Wales_%": "6.7", "New South Wales": "503,169"}, "70-74 years": {"Keith Hall": "11", "Australia": "887,716", "Keith Hall_%": "6.8", "Australia_%": "3.8", "New South Wales_%": "3.9", "New South Wales": "292,556"}, "15-19 years": {"Keith Hall": "11", "Australia": "1,421,595", "Keith Hall_%": "6.8", "Australia_%": "6.1", "New South Wales_%": "6.0", "New South Wales": "448,425"}, "65-69 years": {"Keith Hall": "14", "Australia": "1,188,999", "Keith Hall_%": "8.6", "Australia_%": "5.1", "New South Wales_%": "5.1", "New South Wales": "384,470"}, "20-24 years": {"Keith Hall": "7", "Australia": "1,566,793", "Keith Hall_%": "4.3", "Australia_%": "6.7", "New South Wales_%": "6.5", "New South Wales": "489,673"}, "55-59 years": {"Keith Hall": "18", "Australia": "1,454,332", "Keith Hall_%": "11.1", "Australia_%": "6.2", "New South Wales_%": "6.3", "New South Wales": "469,726"}, "75-79 years": {"Keith Hall": "0", "Australia": "652,657", "Keith Hall_%": "0.0", "Australia_%": "2.8", "New South Wales_%": "2.9", "New South Wales": "217,308"}, "45-49 years": {"Keith Hall": "12", "Australia": "1,581,455", "Keith Hall_%": "7.4", "Australia_%": "6.8", "New South Wales_%": "6.6", "New South Wales": "492,440"}, "85 years and over": {"Keith Hall": "0", "Australia": "486,842", "Keith Hall_%": "0.0", "Australia_%": "2.1", "New South Wales_%": "2.2", "New South Wales": "167,506"}}, "Single (or lone) parents": {"Male": {"Keith Hall": "--", "Australia": "--", "Keith Hall_%": "0.0", "Australia_%": "18.2", "New South Wales_%": "17.8", "New South Wales": "--"}, "Female": {"Keith Hall": "--", "Australia": "--", "Keith Hall_%": "100.0", "Australia_%": "81.8", "New South Wales_%": "82.2", "New South Wales": "--"}}, "Mortgage monthly repayments": {"Median mortgage repayments": {"Keith Hall": "1,950", "Australia": "1,755", "Keith Hall_%": "--", "Australia_%": "--", "New South Wales_%": "--", "New South Wales": "1,986"}, "Households where mortgage repayments are less than 30% of household income": {"Keith Hall": "--", "Australia": "--", "Keith Hall_%": "84.8", "Australia_%": "92.8", "New South Wales_%": "92.6", "New South Wales": "--"}, "Households with mortgage repayments greater than or equal to 30% of household income": {"Keith Hall": "--", "Australia": "--", "Keith Hall_%": "15.2", "Australia_%": "7.2", "New South Wales_%": "7.4", "New South Wales": "--"}}, "Mortgage and rent": {"Median monthly mortgage repayments": {"Keith Hall": "0", "Australia": "1,660", "Keith Hall_%": "--", "Australia_%": "--", "New South Wales_%": "--", "New South Wales": "1,733"}, "Median weekly rent": {"Keith Hall": "0", "Australia": "250", "Keith Hall_%": "--", "Australia_%": "--", "New South Wales_%": "--", "New South Wales": "270"}}, "Tenure": {"Rented": {"Keith Hall": "9", "Australia": "2,561,302", "Keith Hall_%": "19.1", "Australia_%": "30.9", "New South Wales_%": "31.8", "New South Wales": "826,922"}, "Owned outright": {"Keith Hall": "14", "Australia": "2,565,695", "Keith Hall_%": "29.8", "Australia_%": "31.0", "New South Wales_%": "32.2", "New South Wales": "839,665"}, "Owned with a mortgage": {"Keith Hall": "21", "Australia": "2,855,222", "Keith Hall_%": "44.7", "Australia_%": "34.5", "New South Wales_%": "32.3", "New South Wales": "840,004"}, "Tenure type not stated": {"Keith Hall": "3", "Australia": "224,869", "Keith Hall_%": "6.4", "Australia_%": "2.7", "New South Wales_%": "2.8", "New South Wales": "73,763"}, "Other tenure type": {"Keith Hall": "0", "Australia": "78,994", "Keith Hall_%": "0.0", "Australia_%": "1.0", "New South Wales_%": "0.9", "New South Wales": "23,968"}}, "Country of birth of father, stated responses": {"Philippines": {"Keith Hall": "6", "Australia": "270,177", "Keith Hall_%": "3.6", "Australia_%": "1.2", "New South Wales_%": "1.4", "New South Wales": "106,423"}, "Australia": {"Keith Hall": "111", "Australia": "12,231,150", "Keith Hall_%": "66.5", "Australia_%": "52.3", "New South Wales_%": "50.1", "New South Wales": "3,745,787"}, "England": {"Keith Hall": "5", "Australia": "1,403,096", "Keith Hall_%": "3.0", "Australia_%": "6.0", "New South Wales_%": "4.8", "New South Wales": "359,370"}, "New Zealand": {"Keith Hall": "4", "Australia": "617,331", "Keith Hall_%": "2.4", "Australia_%": "2.6", "New South Wales_%": "1.9", "New South Wales": "143,450"}}, "Country of birth of father and/or mother, stated responses": {"Father only born overseas": {"Keith Hall": "4", "Australia": "1,488,092", "Keith Hall_%": "2.4", "Australia_%": "6.4", "New South Wales_%": "6.1", "New South Wales": "458,394"}, "Mother only born overseas": {"Keith Hall": "6", "Australia": "1,094,591", "Keith Hall_%": "3.6", "Australia_%": "4.7", "New South Wales_%": "4.3", "New South Wales": "325,182"}, "Both parents born overseas": {"Keith Hall": "13", "Australia": "8,051,196", "Keith Hall_%": "7.7", "Australia_%": "34.4", "New South Wales_%": "37.0", "New South Wales": "2,764,170"}, "Both parents born in Australia": {"Keith Hall": "104", "Australia": "11,070,538", "Keith Hall_%": "61.9", "Australia_%": "47.3", "New South Wales_%": "45.4", "New South Wales": "3,399,725"}}, "Rent weekly payments": {"Households where rent payments are less than 30% of household income": {"Keith Hall": "--", "Australia": "--", "Keith Hall_%": "100.0", "Australia_%": "88.5", "New South Wales_%": "87.1", "New South Wales": "--"}, "Households with rent payments greater than or equal to 30% of household income": {"Keith Hall": "--", "Australia": "--", "Keith Hall_%": "0.0", "Australia_%": "11.5", "New South Wales_%": "12.9", "New South Wales": "--"}, "Median rent": {"Keith Hall": "343", "Australia": "335", "Keith Hall_%": "--", "Australia_%": "--", "New South Wales_%": "--", "New South Wales": "380"}}, "Registered marital status": {"Separated": {"Keith Hall": "4", "Australia": "608,059", "Keith Hall_%": "3.1", "Australia_%": "3.2", "New South Wales_%": "3.1", "New South Wales": "190,198"}, "Widowed": {"Keith Hall": "0", "Australia": "985,204", "Keith Hall_%": "0.0", "Australia_%": "5.2", "New South Wales_%": "5.4", "New South Wales": "331,653"}, "Married": {"Keith Hall": "80", "Australia": "9,148,218", "Keith Hall_%": "61.1", "Australia_%": "48.1", "New South Wales_%": "48.7", "New South Wales": "2,965,280"}, "Divorced": {"Keith Hall": "9", "Australia": "1,626,890", "Keith Hall_%": "6.9", "Australia_%": "8.5", "New South Wales_%": "8.4", "New South Wales": "512,298"}, "Never married": {"Keith Hall": "38", "Australia": "6,668,910", "Keith Hall_%": "29.0", "Australia_%": "35.0", "New South Wales_%": "34.4", "New South Wales": "2,094,460"}}, "summaryTable_qsPeople": {"Male": "54.7%", "Median age": "43", "Female": "45.3%", "People": "171"}, "Dwelling characteristics": {"Average number of people per household": {"Keith Hall": "0", "Australia": "3.2", "Keith Hall_%": "--", "Australia_%": "--", "New South Wales_%": "--", "New South Wales": "3.1"}, "Average number of persons per bedroom": {"Keith Hall": "0", "Australia": "1", "Keith Hall_%": "--", "Australia_%": "--", "New South Wales_%": "--", "New South Wales": "1"}, "Median weekly household income": {"Keith Hall": "0", "Australia": "1,203", "Keith Hall_%": "--", "Australia_%": "--", "New South Wales_%": "--", "New South Wales": "1,214"}}, "Unpaid work": {"Did unpaid domestic work (last week)": {"Keith Hall": "75", "Australia": "13,143,914", "Keith Hall_%": "54.3", "Australia_%": "69.0", "New South Wales_%": "67.7", "New South Wales": "4,127,723"}, "Provided unpaid assistance to a person with a disability (last two weeks)": {"Keith Hall": "22", "Australia": "2,145,203", "Keith Hall_%": "15.4", "Australia_%": "11.3", "New South Wales_%": "11.6", "New South Wales": "709,415"}, "Did voluntary work through an organisation or group (last 12 months)": {"Keith Hall": "29", "Australia": "3,620,726", "Keith Hall_%": "20.7", "Australia_%": "19.0", "New South Wales_%": "18.1", "New South Wales": "1,103,790"}, "Cared for child/children (last two weeks)": {"Keith Hall": "26", "Australia": "5,259,400", "Keith Hall_%": "18.7", "Australia_%": "27.6", "New South Wales_%": "27.2", "New South Wales": "1,659,250"}}, "Unpaid domestic work, number of hours": {"5 to 14 hours per week": {"Keith Hall": "30", "Australia": "4,944,578", "Keith Hall_%": "20.8", "Australia_%": "26.0", "New South Wales_%": "25.1", "New South Wales": "1,531,206"}, "30 hours or more per week": {"Keith Hall": "17", "Australia": "1,710,970", "Keith Hall_%": "11.8", "Australia_%": "9.0", "New South Wales_%": "9.0", "New South Wales": "545,925"}, "Less than 5 hours per week": {"Keith Hall": "24", "Australia": "4,298,593", "Keith Hall_%": "16.7", "Australia_%": "22.6", "New South Wales_%": "22.3", "New South Wales": "1,359,656"}, "15 to 29 hours per week": {"Keith Hall": "10", "Australia": "2,189,776", "Keith Hall_%": "6.9", "Australia_%": "11.5", "New South Wales_%": "11.3", "New South Wales": "690,934"}}, "Industry of employment, top responses": {"Postal Services": {"Keith Hall": "4", "Australia": "41,357", "Keith Hall_%": "11.8", "Australia_%": "0.4", "New South Wales_%": "0.4", "New South Wales": "12,757"}, "Supermarket and Grocery Stores": {"Keith Hall": "4", "Australia": "254,275", "Keith Hall_%": "11.8", "Australia_%": "2.4", "New South Wales_%": "2.2", "New South Wales": "74,487"}, "Vegetable Growing (Outdoors)": {"Keith Hall": "3", "Australia": "14,911", "Keith Hall_%": "8.8", "Australia_%": "0.1", "New South Wales_%": "0.1", "New South Wales": "2,618"}, "Aged Care Residential Services": {"Keith Hall": "4", "Australia": "211,621", "Keith Hall_%": "11.8", "Australia_%": "2.0", "New South Wales_%": "2.0", "New South Wales": "67,209"}, "Primary Education": {"Keith Hall": "4", "Australia": "231,198", "Keith Hall_%": "11.8", "Australia_%": "2.2", "New South Wales_%": "1.9", "New South Wales": "65,204"}}, "GeoInfo": {"city": "Keith Hall"}, "Education": {"University or tertiary institution": {"Keith Hall": "4", "Australia": "1,160,626", "Keith Hall_%": "5.9", "Australia_%": "16.1", "New South Wales_%": "16.2", "New South Wales": "376,133"}, "Secondary - Catholic": {"Keith Hall": "3", "Australia": "338,384", "Keith Hall_%": "4.4", "Australia_%": "4.7", "New South Wales_%": "5.1", "New South Wales": "117,689"}, "Secondary - other non Government": {"Keith Hall": "0", "Australia": "280,618", "Keith Hall_%": "0.0", "Australia_%": "3.9", "New South Wales_%": "3.4", "New South Wales": "79,915"}, "Primary - Catholic": {"Keith Hall": "3", "Australia": "380,604", "Keith Hall_%": "4.4", "Australia_%": "5.3", "New South Wales_%": "5.3", "New South Wales": "122,099"}, "Primary - Government": {"Keith Hall": "3", "Australia": "1,314,787", "Keith Hall_%": "4.4", "Australia_%": "18.2", "New South Wales_%": "18.0", "New South Wales": "417,465"}, "Other": {"Keith Hall": "0", "Australia": "198,383", "Keith Hall_%": "0.0", "Australia_%": "2.8", "New South Wales_%": "2.7", "New South Wales": "63,673"}, "Technical or further education institution": {"Keith Hall": "8", "Australia": "424,869", "Keith Hall_%": "11.8", "Australia_%": "5.9", "New South Wales_%": "6.2", "New South Wales": "144,103"}, "Secondary - Government": {"Keith Hall": "4", "Australia": "827,505", "Keith Hall_%": "5.9", "Australia_%": "11.5", "New South Wales_%": "11.6", "New South Wales": "269,249"}, "Primary - other non Government": {"Keith Hall": "0", "Australia": "231,490", "Keith Hall_%": "0.0", "Australia_%": "3.2", "New South Wales_%": "2.9", "New South Wales": "67,611"}, "Not stated": {"Keith Hall": "43", "Australia": "1,707,023", "Keith Hall_%": "63.2", "Australia_%": "23.7", "New South Wales_%": "23.0", "New South Wales": "535,266"}, "Preschool": {"Keith Hall": "0", "Australia": "347,621", "Keith Hall_%": "0.0", "Australia_%": "4.8", "New South Wales_%": "5.7", "New South Wales": "132,047"}}, "Employment": {"Unemployed": {"Keith Hall": "3", "Australia": "787,452", "Keith Hall_%": "4.2", "Australia_%": "6.9", "New South Wales_%": "6.3", "New South Wales": "225,546"}, "Worked part-time": {"Keith Hall": "31", "Australia": "3,491,503", "Keith Hall_%": "43.1", "Australia_%": "30.4", "New South Wales_%": "29.7", "New South Wales": "1,071,151"}, "Away from work": {"Keith Hall": "7", "Australia": "569,276", "Keith Hall_%": "9.7", "Australia_%": "5.0", "New South Wales_%": "4.8", "New South Wales": "174,654"}, "Worked full-time": {"Keith Hall": "31", "Australia": "6,623,065", "Keith Hall_%": "43.1", "Australia_%": "57.7", "New South Wales_%": "59.2", "New South Wales": "2,134,521"}}, "Travel to work, top responses": {"Worked at home": {"Keith Hall": "10", "Australia": "503,582", "Keith Hall_%": "13.9", "Australia_%": "4.7", "New South Wales_%": "4.8", "New South Wales": "163,026"}, "People who travelled to work by car as driver or passenger": {"Keith Hall": "54", "Australia": "7,305,271", "Keith Hall_%": "75.0", "Australia_%": "68.4", "New South Wales_%": "64.6", "New South Wales": "2,182,854"}, "null": {"Keith Hall": null, "Australia": "None", "Keith Hall_%": null, "Australia_%": "None", "New South Wales_%": "None", "New South Wales": "None"}, "People who travelled to work by public transport": {"Keith Hall": "7", "Australia": "1,225,668", "Keith Hall_%": "9.5", "Australia_%": "11.5", "New South Wales_%": "16.0", "New South Wales": "540,215"}, "Car, as driver": {"Keith Hall": "40", "Australia": "6,574,571", "Keith Hall_%": "55.6", "Australia_%": "61.5", "New South Wales_%": "57.8", "New South Wales": "1,953,399"}, "Truck": {"Keith Hall": "3", "Australia": "85,892", "Keith Hall_%": "4.2", "Australia_%": "0.8", "New South Wales_%": "1.0", "New South Wales": "32,908"}, "Ferry, car as driver": {"Keith Hall": "7", "Australia": "3,674", "Keith Hall_%": "9.7", "Australia_%": "0.0", "New South Wales_%": "0.0", "New South Wales": "1,123"}, "Car, as passenger": {"Keith Hall": "3", "Australia": "489,922", "Keith Hall_%": "4.2", "Australia_%": "4.6", "New South Wales_%": "4.3", "New South Wales": "144,820"}}, "Occupation": {"Professionals": {"Keith Hall": "8", "Australia": "2,370,966", "Keith Hall_%": "12.5", "Australia_%": "22.2", "New South Wales_%": "23.6", "New South Wales": "798,126"}, "Technicians and Trades Workers": {"Keith Hall": "12", "Australia": "1,447,414", "Keith Hall_%": "18.8", "Australia_%": "13.5", "New South Wales_%": "12.7", "New South Wales": "429,239"}, "Community and Personal Service Workers": {"Keith Hall": "5", "Australia": "1,157,003", "Keith Hall_%": "7.8", "Australia_%": "10.8", "New South Wales_%": "10.4", "New South Wales": "350,261"}, "Clerical and Administrative Workers": {"Keith Hall": "7", "Australia": "1,449,681", "Keith Hall_%": "10.9", "Australia_%": "13.6", "New South Wales_%": "13.8", "New South Wales": "467,977"}, "Machinery Operators and Drivers": {"Keith Hall": "3", "Australia": "670,106", "Keith Hall_%": "4.7", "Australia_%": "6.3", "New South Wales_%": "6.1", "New South Wales": "206,839"}, "Labourers": {"Keith Hall": "5", "Australia": "1,011,520", "Keith Hall_%": "7.8", "Australia_%": "9.5", "New South Wales_%": "8.8", "New South Wales": "297,887"}, "Sales Workers": {"Keith Hall": "11", "Australia": "1,000,955", "Keith Hall_%": "17.2", "Australia_%": "9.4", "New South Wales_%": "9.2", "New South Wales": "311,414"}, "Managers": {"Keith Hall": "13", "Australia": "1,390,047", "Keith Hall_%": "20.3", "Australia_%": "13.0", "New South Wales_%": "13.5", "New South Wales": "456,084"}}}