{"Employment - hours worked": {"40 hours or more per week": {"Australia": "4,591,801", "Lilli Pilli (Eurobodalla - NSW)_%": "34.8", "Australia_%": "43.0", "New South Wales_%": "44.1", "Lilli Pilli (Eurobodalla - NSW)": "89", "New South Wales": "1,489,099"}, "25-34 hours per week": {"Australia": "1,193,445", "Lilli Pilli (Eurobodalla - NSW)_%": "18.0", "Australia_%": "11.2", "New South Wales_%": "10.5", "Lilli Pilli (Eurobodalla - NSW)": "46", "New South Wales": "353,702"}, "16-24 hours per week": {"Australia": "1,079,236", "Lilli Pilli (Eurobodalla - NSW)_%": "12.1", "Australia_%": "10.1", "New South Wales_%": "10.4", "Lilli Pilli (Eurobodalla - NSW)": "31", "New South Wales": "352,817"}, "35-39 hours per week": {"Australia": "2,031,263", "Lilli Pilli (Eurobodalla - NSW)_%": "12.1", "Australia_%": "19.0", "New South Wales_%": "19.1", "Lilli Pilli (Eurobodalla - NSW)": "31", "New South Wales": "645,428"}, "1-15 hours per week": {"Australia": "1,218,823", "Lilli Pilli (Eurobodalla - NSW)_%": "16.8", "Australia_%": "11.4", "New South Wales_%": "10.8", "Lilli Pilli (Eurobodalla - NSW)": "43", "New South Wales": "364,637"}}, "Number of registered motor vehicles": {"2 motor vehicles": {"Australia": "2,999,184", "Lilli Pilli (Eurobodalla - NSW)_%": "45.8", "Australia_%": "36.2", "New South Wales_%": "34.1", "Lilli Pilli (Eurobodalla - NSW)": "109", "New South Wales": "887,849"}, "None": {"Australia": "623,829", "Lilli Pilli (Eurobodalla - NSW)_%": "0.0", "Australia_%": "7.5", "New South Wales_%": "9.2", "Lilli Pilli (Eurobodalla - NSW)": "0", "New South Wales": "239,625"}, "Number of motor vehicles not stated": {"Australia": "285,197", "Lilli Pilli (Eurobodalla - NSW)_%": "3.8", "Australia_%": "3.4", "New South Wales_%": "3.7", "Lilli Pilli (Eurobodalla - NSW)": "9", "New South Wales": "95,623"}, "1 motor vehicle": {"Australia": "2,881,485", "Lilli Pilli (Eurobodalla - NSW)_%": "29.8", "Australia_%": "34.8", "New South Wales_%": "36.3", "Lilli Pilli (Eurobodalla - NSW)": "71", "New South Wales": "946,159"}, "3 or more vehicles": {"Australia": "1,496,382", "Lilli Pilli (Eurobodalla - NSW)_%": "20.6", "Australia_%": "18.1", "New South Wales_%": "16.7", "Lilli Pilli (Eurobodalla - NSW)": "49", "New South Wales": "435,053"}}, "Employment status of parents in couple families": {"Labour force status not stated (by one or both parents in a couple family)": {"Australia": "311,381", "Lilli Pilli (Eurobodalla - NSW)_%": "3.7", "Australia_%": "6.2", "New South Wales_%": "5.7", "Lilli Pilli (Eurobodalla - NSW)": "6", "New South Wales": "90,630"}, "One employed full-time, one part-time": {"Australia": "1,086,460", "Lilli Pilli (Eurobodalla - NSW)_%": "16.0", "Australia_%": "21.7", "New South Wales_%": "20.6", "Lilli Pilli (Eurobodalla - NSW)": "26", "New South Wales": "329,567"}, "One employed part-time, other not working": {"Australia": "302,037", "Lilli Pilli (Eurobodalla - NSW)_%": "11.7", "Australia_%": "6.0", "New South Wales_%": "6.1", "Lilli Pilli (Eurobodalla - NSW)": "19", "New South Wales": "96,933"}, "Other (includes away from work)": {"Australia": "264,145", "Lilli Pilli (Eurobodalla - NSW)_%": "0.0", "Australia_%": "5.3", "New South Wales_%": "5.1", "Lilli Pilli (Eurobodalla - NSW)": "0", "New South Wales": "80,905"}, "Both employed, worked full-time": {"Australia": "1,084,006", "Lilli Pilli (Eurobodalla - NSW)_%": "9.8", "Australia_%": "21.6", "New South Wales_%": "22.6", "Lilli Pilli (Eurobodalla - NSW)": "16", "New South Wales": "360,916"}, "One employed full-time, other not working": {"Australia": "749,886", "Lilli Pilli (Eurobodalla - NSW)_%": "8.6", "Australia_%": "15.0", "New South Wales_%": "15.0", "Lilli Pilli (Eurobodalla - NSW)": "14", "New South Wales": "240,084"}, "Both employed, worked part-time": {"Australia": "203,596", "Lilli Pilli (Eurobodalla - NSW)_%": "4.3", "Australia_%": "4.1", "New South Wales_%": "4.0", "Lilli Pilli (Eurobodalla - NSW)": "7", "New South Wales": "63,106"}, "Both not working": {"Australia": "1,006,697", "Lilli Pilli (Eurobodalla - NSW)_%": "46.0", "Australia_%": "20.1", "New South Wales_%": "21.0", "Lilli Pilli (Eurobodalla - NSW)": "75", "New South Wales": "334,742"}}, "Country of birth of mother, stated responses": {"Germany": {"Australia": "169,618", "Lilli Pilli (Eurobodalla - NSW)_%": "1.7", "Australia_%": "0.7", "New South Wales_%": "0.6", "Lilli Pilli (Eurobodalla - NSW)": "10", "New South Wales": "47,489"}, "Italy": {"Australia": "395,775", "Lilli Pilli (Eurobodalla - NSW)_%": "1.7", "Australia_%": "1.7", "New South Wales_%": "1.4", "Lilli Pilli (Eurobodalla - NSW)": "10", "New South Wales": "107,243"}, "Australia": {"Australia": "12,643,365", "Lilli Pilli (Eurobodalla - NSW)_%": "71.6", "Australia_%": "54.0", "New South Wales_%": "51.9", "Lilli Pilli (Eurobodalla - NSW)": "434", "New South Wales": "3,884,762"}, "England": {"Australia": "1,302,147", "Lilli Pilli (Eurobodalla - NSW)_%": "5.8", "Australia_%": "5.6", "New South Wales_%": "4.3", "Lilli Pilli (Eurobodalla - NSW)": "35", "New South Wales": "322,472"}, "Scotland": {"Australia": "245,915", "Lilli Pilli (Eurobodalla - NSW)_%": "1.5", "Australia_%": "1.1", "New South Wales_%": "0.8", "Lilli Pilli (Eurobodalla - NSW)": "9", "New South Wales": "63,302"}}, "Dwelling structure": {"Other dwelling": {"Australia": "64,425", "Lilli Pilli (Eurobodalla - NSW)_%": "0.0", "Australia_%": "0.8", "New South Wales_%": "0.9", "Lilli Pilli (Eurobodalla - NSW)": "0", "New South Wales": "23,580"}, "Semi-detached, row or terrace house, townhouse etc": {"Australia": "1,055,016", "Lilli Pilli (Eurobodalla - NSW)_%": "2.6", "Australia_%": "12.7", "New South Wales_%": "12.2", "Lilli Pilli (Eurobodalla - NSW)": "6", "New South Wales": "317,453"}, "Separate house": {"Australia": "6,041,788", "Lilli Pilli (Eurobodalla - NSW)_%": "96.2", "Australia_%": "72.9", "New South Wales_%": "66.4", "Lilli Pilli (Eurobodalla - NSW)": "225", "New South Wales": "1,729,820"}, "Flat or apartment": {"Australia": "1,087,434", "Lilli Pilli (Eurobodalla - NSW)_%": "0.0", "Australia_%": "13.1", "New South Wales_%": "19.9", "Lilli Pilli (Eurobodalla - NSW)": "0", "New South Wales": "519,390"}}, "Number of bedrooms": {"1 bedroom": {"Australia": "411,252", "Lilli Pilli (Eurobodalla - NSW)_%": "0.0", "Australia_%": "5.0", "New South Wales_%": "6.0", "Lilli Pilli (Eurobodalla - NSW)": "0", "New South Wales": "157,194"}, "3 bedrooms": {"Australia": "3,403,190", "Lilli Pilli (Eurobodalla - NSW)_%": "46.5", "Australia_%": "41.1", "New South Wales_%": "37.2", "Lilli Pilli (Eurobodalla - NSW)": "106", "New South Wales": "970,001"}, "Average number of people per household": {"Australia": "2.6", "Lilli Pilli (Eurobodalla - NSW)_%": "--", "Australia_%": "--", "New South Wales_%": "--", "Lilli Pilli (Eurobodalla - NSW)": "2.3", "New South Wales": "2.6"}, "2 bedrooms": {"Australia": "1,562,759", "Lilli Pilli (Eurobodalla - NSW)_%": "6.6", "Australia_%": "18.9", "New South Wales_%": "22.2", "Lilli Pilli (Eurobodalla - NSW)": "15", "New South Wales": "577,675"}, "4 or more bedrooms": {"Australia": "2,670,758", "Lilli Pilli (Eurobodalla - NSW)_%": "45.6", "Australia_%": "32.2", "New South Wales_%": "31.3", "Lilli Pilli (Eurobodalla - NSW)": "104", "New South Wales": "816,405"}, "None (includes bedsitters)": {"Australia": "39,769", "Lilli Pilli (Eurobodalla - NSW)_%": "0.0", "Australia_%": "0.5", "New South Wales_%": "0.7", "Lilli Pilli (Eurobodalla - NSW)": "0", "New South Wales": "17,157"}, "Number of bedrooms not stated": {"Australia": "198,351", "Lilli Pilli (Eurobodalla - NSW)_%": "1.3", "Australia_%": "2.4", "New South Wales_%": "2.5", "Lilli Pilli (Eurobodalla - NSW)": "3", "New South Wales": "65,888"}, "Average number of bedrooms per dwelling": {"Australia": "3.1", "Lilli Pilli (Eurobodalla - NSW)_%": "--", "Australia_%": "--", "New South Wales_%": "--", "Lilli Pilli (Eurobodalla - NSW)": "3.5", "New South Wales": "3"}}, "summaryTable_qsFamilies": {"for all families": "0.5", "for families with children": "1.7", "Families": "187", "Average children per family": "None"}, "People characteristics": {"Male": {"Australia": "322,171", "Lilli Pilli (Eurobodalla - NSW)_%": "55.6", "Australia_%": "49.6", "New South Wales_%": "49.7", "Lilli Pilli (Eurobodalla - NSW)": "5", "New South Wales": "107,368"}, "Median age": {"Australia": "23", "Lilli Pilli (Eurobodalla - NSW)_%": "--", "Australia_%": "--", "New South Wales_%": "--", "Lilli Pilli (Eurobodalla - NSW)": "43", "New South Wales": "22"}, "Female": {"Australia": "326,996", "Lilli Pilli (Eurobodalla - NSW)_%": "44.4", "Australia_%": "50.4", "New South Wales_%": "50.3", "Lilli Pilli (Eurobodalla - NSW)": "4", "New South Wales": "108,809"}}, "Dwelling count": {"Unoccupied private dwellings": {"Australia": "1,039,874", "Lilli Pilli (Eurobodalla - NSW)_%": "41.9", "Australia_%": "11.2", "New South Wales_%": "9.9", "Lilli Pilli (Eurobodalla - NSW)": "169", "New South Wales": "284,741"}, "Occupied private dwellings": {"Australia": "8,286,073", "Lilli Pilli (Eurobodalla - NSW)_%": "58.1", "Australia_%": "88.8", "New South Wales_%": "90.1", "Lilli Pilli (Eurobodalla - NSW)": "234", "New South Wales": "2,604,320"}}, "Level of highest educational attainment": {"Certificate level III": {"Australia": "2,442,203", "Lilli Pilli (Eurobodalla - NSW)_%": "16.2", "Australia_%": "12.8", "New South Wales_%": "12.0", "Lilli Pilli (Eurobodalla - NSW)": "88", "New South Wales": "730,498"}, "Certificate level II": {"Australia": "13,454", "Lilli Pilli (Eurobodalla - NSW)_%": "0.0", "Australia_%": "0.1", "New South Wales_%": "0.1", "Lilli Pilli (Eurobodalla - NSW)": "0", "New South Wales": "4,849"}, "No educational attainment": {"Australia": "145,844", "Lilli Pilli (Eurobodalla - NSW)_%": "0.0", "Australia_%": "0.8", "New South Wales_%": "0.9", "Lilli Pilli (Eurobodalla - NSW)": "0", "New South Wales": "54,870"}, "Bachelor Degree level and above": {"Australia": "4,181,406", "Lilli Pilli (Eurobodalla - NSW)_%": "18.6", "Australia_%": "22.0", "New South Wales_%": "23.4", "Lilli Pilli (Eurobodalla - NSW)": "101", "New South Wales": "1,424,716"}, "Certificate level I": {"Australia": "2,176", "Lilli Pilli (Eurobodalla - NSW)_%": "0.0", "Australia_%": "0.0", "New South Wales_%": "0.0", "Lilli Pilli (Eurobodalla - NSW)": "0", "New South Wales": "625"}, "Year 11": {"Australia": "941,531", "Lilli Pilli (Eurobodalla - NSW)_%": "2.9", "Australia_%": "4.9", "New South Wales_%": "3.3", "Lilli Pilli (Eurobodalla - NSW)": "16", "New South Wales": "203,574"}, "Not stated": {"Australia": "1,974,794", "Lilli Pilli (Eurobodalla - NSW)_%": "10.1", "Australia_%": "10.4", "New South Wales_%": "10.3", "Lilli Pilli (Eurobodalla - NSW)": "55", "New South Wales": "627,465"}, "Year 9 or below": {"Australia": "1,529,897", "Lilli Pilli (Eurobodalla - NSW)_%": "7.7", "Australia_%": "8.0", "New South Wales_%": "8.4", "Lilli Pilli (Eurobodalla - NSW)": "42", "New South Wales": "513,209"}, "Certificate level IV": {"Australia": "551,767", "Lilli Pilli (Eurobodalla - NSW)_%": "2.9", "Australia_%": "2.9", "New South Wales_%": "2.8", "Lilli Pilli (Eurobodalla - NSW)": "16", "New South Wales": "167,947"}, "Year 10": {"Australia": "2,054,331", "Lilli Pilli (Eurobodalla - NSW)_%": "10.3", "Australia_%": "10.8", "New South Wales_%": "11.5", "Lilli Pilli (Eurobodalla - NSW)": "56", "New South Wales": "702,178"}, "Year 12": {"Australia": "2,994,097", "Lilli Pilli (Eurobodalla - NSW)_%": "12.7", "Australia_%": "15.7", "New South Wales_%": "15.3", "Lilli Pilli (Eurobodalla - NSW)": "69", "New South Wales": "930,654"}, "Advanced Diploma and Diploma level": {"Australia": "1,687,893", "Lilli Pilli (Eurobodalla - NSW)_%": "12.1", "Australia_%": "8.9", "New South Wales_%": "8.9", "Lilli Pilli (Eurobodalla - NSW)": "66", "New South Wales": "543,142"}}, "Median weekly incomes": {"Personal": {"Australia": "662", "Lilli Pilli (Eurobodalla - NSW)_%": "--", "Australia_%": "--", "New South Wales_%": "--", "Lilli Pilli (Eurobodalla - NSW)": "599", "New South Wales": "664"}, "Household": {"Australia": "1,438", "Lilli Pilli (Eurobodalla - NSW)_%": "--", "Australia_%": "--", "New South Wales_%": "--", "Lilli Pilli (Eurobodalla - NSW)": "1,260", "New South Wales": "1,486"}, "Family": {"Australia": "1,734", "Lilli Pilli (Eurobodalla - NSW)_%": "--", "Australia_%": "--", "New South Wales_%": "--", "Lilli Pilli (Eurobodalla - NSW)": "1,359", "New South Wales": "1,780"}}, "Family composition": {"Other family": {"Australia": "102,559", "Lilli Pilli (Eurobodalla - NSW)_%": "1.6", "Australia_%": "1.7", "New South Wales_%": "1.7", "Lilli Pilli (Eurobodalla - NSW)": "3", "New South Wales": "32,438"}, "Couple family with children": {"Australia": "2,716,224", "Lilli Pilli (Eurobodalla - NSW)_%": "31.7", "Australia_%": "44.7", "New South Wales_%": "45.7", "Lilli Pilli (Eurobodalla - NSW)": "60", "New South Wales": "887,358"}, "Couple family without children": {"Australia": "2,291,987", "Lilli Pilli (Eurobodalla - NSW)_%": "56.1", "Australia_%": "37.8", "New South Wales_%": "36.6", "Lilli Pilli (Eurobodalla - NSW)": "106", "New South Wales": "709,524"}, "One parent family": {"Australia": "959,543", "Lilli Pilli (Eurobodalla - NSW)_%": "10.6", "Australia_%": "15.8", "New South Wales_%": "16.0", "Lilli Pilli (Eurobodalla - NSW)": "20", "New South Wales": "310,906"}}, "Dwelling internet connection": {"Not stated": {"Australia": "221,494", "Lilli Pilli (Eurobodalla - NSW)_%": "4.2", "Australia_%": "2.7", "New South Wales_%": "2.8", "Lilli Pilli (Eurobodalla - NSW)": "10", "New South Wales": "73,565"}, "Internet not accessed from dwelling": {"Australia": "1,172,415", "Lilli Pilli (Eurobodalla - NSW)_%": "7.6", "Australia_%": "14.1", "New South Wales_%": "14.7", "Lilli Pilli (Eurobodalla - NSW)": "18", "New South Wales": "381,709"}, "Internet accessed from dwelling": {"Australia": "6,892,165", "Lilli Pilli (Eurobodalla - NSW)_%": "88.2", "Australia_%": "83.2", "New South Wales_%": "82.5", "Lilli Pilli (Eurobodalla - NSW)": "210", "New South Wales": "2,149,040"}}, "Social marital status": {"Not married": {"Australia": "7,024,973", "Lilli Pilli (Eurobodalla - NSW)_%": "31.6", "Australia_%": "41.9", "New South Wales_%": "42.3", "Lilli Pilli (Eurobodalla - NSW)": "150", "New South Wales": "2,290,887"}, "De facto marriage": {"Australia": "1,751,731", "Lilli Pilli (Eurobodalla - NSW)_%": "10.1", "Australia_%": "10.4", "New South Wales_%": "9.4", "Lilli Pilli (Eurobodalla - NSW)": "48", "New South Wales": "506,133"}, "Registered marriage": {"Australia": "8,001,141", "Lilli Pilli (Eurobodalla - NSW)_%": "58.2", "Australia_%": "47.7", "New South Wales_%": "48.3", "Lilli Pilli (Eurobodalla - NSW)": "276", "New South Wales": "2,612,630"}}, "Household composition": {"Family households": {"Australia": "5,907,625", "Lilli Pilli (Eurobodalla - NSW)_%": "79.6", "Australia_%": "71.3", "New South Wales_%": "72.0", "Lilli Pilli (Eurobodalla - NSW)": "187", "New South Wales": "1,874,524"}, "Group households": {"Australia": "354,917", "Lilli Pilli (Eurobodalla - NSW)_%": "0.0", "Australia_%": "4.3", "New South Wales_%": "4.2", "Lilli Pilli (Eurobodalla - NSW)": "0", "New South Wales": "109,004"}, "Single (or lone) person households": {"Australia": "2,023,542", "Lilli Pilli (Eurobodalla - NSW)_%": "20.4", "Australia_%": "24.4", "New South Wales_%": "23.8", "Lilli Pilli (Eurobodalla - NSW)": "48", "New South Wales": "620,778"}}, "People": {"Male": {"Australia": "11,546,638", "Lilli Pilli (Eurobodalla - NSW)_%": "46.3", "Australia_%": "49.3", "New South Wales_%": "49.3", "Lilli Pilli (Eurobodalla - NSW)": "290", "New South Wales": "3,686,014"}, "Aboriginal and/or Torres Strait Islander people": {"Australia": "649,171", "Lilli Pilli (Eurobodalla - NSW)_%": "2.2", "Australia_%": "2.8", "New South Wales_%": "2.9", "Lilli Pilli (Eurobodalla - NSW)": "14", "New South Wales": "216,176"}, "Female": {"Australia": "11,855,248", "Lilli Pilli (Eurobodalla - NSW)_%": "53.7", "Australia_%": "50.7", "New South Wales_%": "50.7", "Lilli Pilli (Eurobodalla - NSW)": "336", "New South Wales": "3,794,217"}}, "Language, top responses (other than English)": {"German": {"Australia": "79,353", "Lilli Pilli (Eurobodalla - NSW)_%": "0.6", "Australia_%": "0.3", "New South Wales_%": "0.3", "Lilli Pilli (Eurobodalla - NSW)": "4", "New South Wales": "23,033"}, "null": {"Australia": "None", "Lilli Pilli (Eurobodalla - NSW)_%": null, "Australia_%": "None", "New South Wales_%": "None", "Lilli Pilli (Eurobodalla - NSW)": null, "New South Wales": "None"}, "French": {"Australia": "70,873", "Lilli Pilli (Eurobodalla - NSW)_%": "0.5", "Australia_%": "0.3", "New South Wales_%": "0.3", "Lilli Pilli (Eurobodalla - NSW)": "3", "New South Wales": "23,743"}, "English only spoken at home": {"Australia": "17,020,417", "Lilli Pilli (Eurobodalla - NSW)_%": "87.3", "Australia_%": "72.7", "New South Wales_%": "68.5", "Lilli Pilli (Eurobodalla - NSW)": "541", "New South Wales": "5,126,633"}, "Spanish": {"Australia": "140,817", "Lilli Pilli (Eurobodalla - NSW)_%": "0.5", "Australia_%": "0.6", "New South Wales_%": "0.8", "Lilli Pilli (Eurobodalla - NSW)": "3", "New South Wales": "63,527"}, "Households where a non English language is spoken": {"Australia": "1,971,011", "Lilli Pilli (Eurobodalla - NSW)_%": "6.3", "Australia_%": "22.2", "New South Wales_%": "26.5", "Lilli Pilli (Eurobodalla - NSW)": "16", "New South Wales": "735,563"}, "Italian": {"Australia": "271,597", "Lilli Pilli (Eurobodalla - NSW)_%": "1.3", "Australia_%": "1.2", "New South Wales_%": "1.0", "Lilli Pilli (Eurobodalla - NSW)": "8", "New South Wales": "75,694"}, "Croatian": {"Australia": "56,885", "Lilli Pilli (Eurobodalla - NSW)_%": "0.5", "Australia_%": "0.2", "New South Wales_%": "0.3", "Lilli Pilli (Eurobodalla - NSW)": "3", "New South Wales": "21,156"}}, "summaryTable_qsDwelling": {"Median monthly mortgage repayments": "$1,400", "All private dwellings": "420", "Average people per household": "2.3", "Median weekly household income": "$1,260", "Median weekly rent": "$330", "Average motor vehicles per dwelling": "1.9"}, "Household income": {"Less than $650 gross weekly income": {"Australia": "--", "Lilli Pilli (Eurobodalla - NSW)_%": "19.4", "Australia_%": "20.0", "New South Wales_%": "19.7", "Lilli Pilli (Eurobodalla - NSW)": "--", "New South Wales": "--"}, "More than $3000 gross weekly income": {"Australia": "--", "Lilli Pilli (Eurobodalla - NSW)_%": "8.8", "Australia_%": "16.4", "New South Wales_%": "18.7", "Lilli Pilli (Eurobodalla - NSW)": "--", "New South Wales": "--"}}, "Country of birth": {"Other top responses": {"Lilli Pilli (Eurobodalla - NSW)": "None", "Lilli Pilli (Eurobodalla - NSW)_%": "None"}, "Australia": {"Australia": "15,614,835", "Lilli Pilli (Eurobodalla - NSW)_%": "79.0", "Australia_%": "66.7", "New South Wales_%": "65.5", "Lilli Pilli (Eurobodalla - NSW)": "485", "New South Wales": "4,899,090"}, "England": {"Australia": "907,570", "Lilli Pilli (Eurobodalla - NSW)_%": "4.6", "Australia_%": "3.9", "New South Wales_%": "3.0", "Lilli Pilli (Eurobodalla - NSW)": "28", "New South Wales": "226,564"}, "Scotland": {"Australia": "119,417", "Lilli Pilli (Eurobodalla - NSW)_%": "0.7", "Australia_%": "0.5", "New South Wales_%": "0.4", "Lilli Pilli (Eurobodalla - NSW)": "4", "New South Wales": "28,579"}, "Germany": {"Australia": "102,595", "Lilli Pilli (Eurobodalla - NSW)_%": "0.7", "Australia_%": "0.4", "New South Wales_%": "0.4", "Lilli Pilli (Eurobodalla - NSW)": "4", "New South Wales": "29,541"}, "Italy": {"Australia": "174,042", "Lilli Pilli (Eurobodalla - NSW)_%": "0.7", "Australia_%": "0.7", "New South Wales_%": "0.7", "Lilli Pilli (Eurobodalla - NSW)": "4", "New South Wales": "49,476"}, "New Zealand": {"Australia": "518,466", "Lilli Pilli (Eurobodalla - NSW)_%": "1.5", "Australia_%": "2.2", "New South Wales_%": "1.6", "Lilli Pilli (Eurobodalla - NSW)": "9", "New South Wales": "117,136"}}, "Religious affiliation, top responses": {"No Religion, so described": {"Australia": "6,933,708", "Lilli Pilli (Eurobodalla - NSW)_%": "33.2", "Australia_%": "29.6", "New South Wales_%": "25.1", "Lilli Pilli (Eurobodalla - NSW)": "206", "New South Wales": "1,879,562"}, "Catholic": {"Australia": "5,291,834", "Lilli Pilli (Eurobodalla - NSW)_%": "21.3", "Australia_%": "22.6", "New South Wales_%": "24.7", "Lilli Pilli (Eurobodalla - NSW)": "132", "New South Wales": "1,846,443"}, "Not stated": {"Australia": "2,238,735", "Lilli Pilli (Eurobodalla - NSW)_%": "11.8", "Australia_%": "9.6", "New South Wales_%": "9.2", "Lilli Pilli (Eurobodalla - NSW)": "73", "New South Wales": "684,969"}, "Uniting Church": {"Australia": "870,183", "Lilli Pilli (Eurobodalla - NSW)_%": "3.4", "Australia_%": "3.7", "New South Wales_%": "2.9", "Lilli Pilli (Eurobodalla - NSW)": "21", "New South Wales": "217,258"}, "Anglican": {"Australia": "3,101,185", "Lilli Pilli (Eurobodalla - NSW)_%": "21.1", "Australia_%": "13.3", "New South Wales_%": "15.5", "Lilli Pilli (Eurobodalla - NSW)": "131", "New South Wales": "1,161,810"}}, "Ancestry, top responses": {"German": {"Australia": "982,226", "Lilli Pilli (Eurobodalla - NSW)_%": "3.3", "Australia_%": "3.1", "New South Wales_%": "2.4", "Lilli Pilli (Eurobodalla - NSW)": "29", "New South Wales": "236,146"}, "Australian": {"Australia": "7,298,243", "Lilli Pilli (Eurobodalla - NSW)_%": "27.0", "Australia_%": "23.3", "New South Wales_%": "22.9", "Lilli Pilli (Eurobodalla - NSW)": "237", "New South Wales": "2,261,062"}, "Scottish": {"Australia": "2,023,470", "Lilli Pilli (Eurobodalla - NSW)_%": "10.2", "Australia_%": "6.4", "New South Wales_%": "5.9", "Lilli Pilli (Eurobodalla - NSW)": "90", "New South Wales": "587,052"}, "Irish": {"Australia": "2,388,058", "Lilli Pilli (Eurobodalla - NSW)_%": "9.0", "Australia_%": "7.6", "New South Wales_%": "7.5", "Lilli Pilli (Eurobodalla - NSW)": "79", "New South Wales": "741,671"}, "English": {"Australia": "7,852,224", "Lilli Pilli (Eurobodalla - NSW)_%": "29.5", "Australia_%": "25.0", "New South Wales_%": "23.3", "Lilli Pilli (Eurobodalla - NSW)": "259", "New South Wales": "2,302,481"}}, "Age": {"35-39 years": {"Australia": "1,561,679", "Lilli Pilli (Eurobodalla - NSW)_%": "4.9", "Australia_%": "6.7", "New South Wales_%": "6.7", "Lilli Pilli (Eurobodalla - NSW)": "30", "New South Wales": "499,724"}, "60-64 years": {"Australia": "1,299,397", "Lilli Pilli (Eurobodalla - NSW)_%": "9.7", "Australia_%": "5.6", "New South Wales_%": "5.6", "Lilli Pilli (Eurobodalla - NSW)": "60", "New South Wales": "420,044"}, "30-34 years": {"Australia": "1,703,847", "Lilli Pilli (Eurobodalla - NSW)_%": "3.1", "Australia_%": "7.3", "New South Wales_%": "7.2", "Lilli Pilli (Eurobodalla - NSW)": "19", "New South Wales": "540,360"}, "0-4 years": {"Australia": "1,464,779", "Lilli Pilli (Eurobodalla - NSW)_%": "2.9", "Australia_%": "6.3", "New South Wales_%": "6.2", "Lilli Pilli (Eurobodalla - NSW)": "18", "New South Wales": "465,135"}, "25-29 years": {"Australia": "1,664,602", "Lilli Pilli (Eurobodalla - NSW)_%": "3.6", "Australia_%": "7.1", "New South Wales_%": "7.0", "Lilli Pilli (Eurobodalla - NSW)": "22", "New South Wales": "527,161"}, "10-14 years": {"Australia": "1,397,183", "Lilli Pilli (Eurobodalla - NSW)_%": "5.4", "Australia_%": "6.0", "New South Wales_%": "5.9", "Lilli Pilli (Eurobodalla - NSW)": "33", "New South Wales": "443,009"}, "5-9 years": {"Australia": "1,502,646", "Lilli Pilli (Eurobodalla - NSW)_%": "4.1", "Australia_%": "6.4", "New South Wales_%": "6.4", "Lilli Pilli (Eurobodalla - NSW)": "25", "New South Wales": "478,184"}, "Median age": {"Australia": "38", "Lilli Pilli (Eurobodalla - NSW)_%": "--", "Australia_%": "--", "New South Wales_%": "--", "Lilli Pilli (Eurobodalla - NSW)": "55", "New South Wales": "38"}, "50-54 years": {"Australia": "1,523,551", "Lilli Pilli (Eurobodalla - NSW)_%": "6.7", "Australia_%": "6.5", "New South Wales_%": "6.5", "Lilli Pilli (Eurobodalla - NSW)": "41", "New South Wales": "485,546"}, "80-84 years": {"Australia": "460,549", "Lilli Pilli (Eurobodalla - NSW)_%": "3.2", "Australia_%": "2.0", "New South Wales_%": "2.1", "Lilli Pilli (Eurobodalla - NSW)": "20", "New South Wales": "155,806"}, "40-44 years": {"Australia": "1,583,257", "Lilli Pilli (Eurobodalla - NSW)_%": "6.5", "Australia_%": "6.8", "New South Wales_%": "6.7", "Lilli Pilli (Eurobodalla - NSW)": "40", "New South Wales": "503,169"}, "70-74 years": {"Australia": "887,716", "Lilli Pilli (Eurobodalla - NSW)_%": "10.2", "Australia_%": "3.8", "New South Wales_%": "3.9", "Lilli Pilli (Eurobodalla - NSW)": "63", "New South Wales": "292,556"}, "15-19 years": {"Australia": "1,421,595", "Lilli Pilli (Eurobodalla - NSW)_%": "6.3", "Australia_%": "6.1", "New South Wales_%": "6.0", "Lilli Pilli (Eurobodalla - NSW)": "39", "New South Wales": "448,425"}, "65-69 years": {"Australia": "1,188,999", "Lilli Pilli (Eurobodalla - NSW)_%": "12.7", "Australia_%": "5.1", "New South Wales_%": "5.1", "Lilli Pilli (Eurobodalla - NSW)": "78", "New South Wales": "384,470"}, "20-24 years": {"Australia": "1,566,793", "Lilli Pilli (Eurobodalla - NSW)_%": "3.4", "Australia_%": "6.7", "New South Wales_%": "6.5", "Lilli Pilli (Eurobodalla - NSW)": "21", "New South Wales": "489,673"}, "55-59 years": {"Australia": "1,454,332", "Lilli Pilli (Eurobodalla - NSW)_%": "7.5", "Australia_%": "6.2", "New South Wales_%": "6.3", "Lilli Pilli (Eurobodalla - NSW)": "46", "New South Wales": "469,726"}, "75-79 years": {"Australia": "652,657", "Lilli Pilli (Eurobodalla - NSW)_%": "4.7", "Australia_%": "2.8", "New South Wales_%": "2.9", "Lilli Pilli (Eurobodalla - NSW)": "29", "New South Wales": "217,308"}, "45-49 years": {"Australia": "1,581,455", "Lilli Pilli (Eurobodalla - NSW)_%": "3.6", "Australia_%": "6.8", "New South Wales_%": "6.6", "Lilli Pilli (Eurobodalla - NSW)": "22", "New South Wales": "492,440"}, "85 years and over": {"Australia": "486,842", "Lilli Pilli (Eurobodalla - NSW)_%": "1.6", "Australia_%": "2.1", "New South Wales_%": "2.2", "Lilli Pilli (Eurobodalla - NSW)": "10", "New South Wales": "167,506"}}, "Single (or lone) parents": {"Male": {"Australia": "--", "Lilli Pilli (Eurobodalla - NSW)_%": "0.0", "Australia_%": "18.2", "New South Wales_%": "17.8", "Lilli Pilli (Eurobodalla - NSW)": "--", "New South Wales": "--"}, "Female": {"Australia": "--", "Lilli Pilli (Eurobodalla - NSW)_%": "100.0", "Australia_%": "81.8", "New South Wales_%": "82.2", "Lilli Pilli (Eurobodalla - NSW)": "--", "New South Wales": "--"}}, "Mortgage monthly repayments": {"Median mortgage repayments": {"Australia": "1,755", "Lilli Pilli (Eurobodalla - NSW)_%": "--", "Australia_%": "--", "New South Wales_%": "--", "Lilli Pilli (Eurobodalla - NSW)": "1,400", "New South Wales": "1,986"}, "Households where mortgage repayments are less than 30% of household income": {"Australia": "--", "Lilli Pilli (Eurobodalla - NSW)_%": "94.2", "Australia_%": "92.8", "New South Wales_%": "92.6", "Lilli Pilli (Eurobodalla - NSW)": "--", "New South Wales": "--"}, "Households with mortgage repayments greater than or equal to 30% of household income": {"Australia": "--", "Lilli Pilli (Eurobodalla - NSW)_%": "5.8", "Australia_%": "7.2", "New South Wales_%": "7.4", "Lilli Pilli (Eurobodalla - NSW)": "--", "New South Wales": "--"}}, "Mortgage and rent": {"Median monthly mortgage repayments": {"Australia": "1,660", "Lilli Pilli (Eurobodalla - NSW)_%": "--", "Australia_%": "--", "New South Wales_%": "--", "Lilli Pilli (Eurobodalla - NSW)": "0", "New South Wales": "1,733"}, "Median weekly rent": {"Australia": "250", "Lilli Pilli (Eurobodalla - NSW)_%": "--", "Australia_%": "--", "New South Wales_%": "--", "Lilli Pilli (Eurobodalla - NSW)": "0", "New South Wales": "270"}}, "Tenure": {"Rented": {"Australia": "2,561,302", "Lilli Pilli (Eurobodalla - NSW)_%": "14.4", "Australia_%": "30.9", "New South Wales_%": "31.8", "Lilli Pilli (Eurobodalla - NSW)": "34", "New South Wales": "826,922"}, "Owned outright": {"Australia": "2,565,695", "Lilli Pilli (Eurobodalla - NSW)_%": "56.4", "Australia_%": "31.0", "New South Wales_%": "32.2", "Lilli Pilli (Eurobodalla - NSW)": "133", "New South Wales": "839,665"}, "Owned with a mortgage": {"Australia": "2,855,222", "Lilli Pilli (Eurobodalla - NSW)_%": "26.7", "Australia_%": "34.5", "New South Wales_%": "32.3", "Lilli Pilli (Eurobodalla - NSW)": "63", "New South Wales": "840,004"}, "Tenure type not stated": {"Australia": "224,869", "Lilli Pilli (Eurobodalla - NSW)_%": "1.3", "Australia_%": "2.7", "New South Wales_%": "2.8", "Lilli Pilli (Eurobodalla - NSW)": "3", "New South Wales": "73,763"}, "Other tenure type": {"Australia": "78,994", "Lilli Pilli (Eurobodalla - NSW)_%": "1.3", "Australia_%": "1.0", "New South Wales_%": "0.9", "Lilli Pilli (Eurobodalla - NSW)": "3", "New South Wales": "23,968"}}, "Country of birth of father, stated responses": {"Germany": {"Australia": "170,571", "Lilli Pilli (Eurobodalla - NSW)_%": "1.9", "Australia_%": "0.7", "New South Wales_%": "0.6", "Lilli Pilli (Eurobodalla - NSW)": "12", "New South Wales": "47,543"}, "Italy": {"Australia": "470,138", "Lilli Pilli (Eurobodalla - NSW)_%": "1.9", "Australia_%": "2.0", "New South Wales_%": "1.7", "Lilli Pilli (Eurobodalla - NSW)": "12", "New South Wales": "128,148"}, "Australia": {"Australia": "12,231,150", "Lilli Pilli (Eurobodalla - NSW)_%": "68.1", "Australia_%": "52.3", "New South Wales_%": "50.1", "Lilli Pilli (Eurobodalla - NSW)": "421", "New South Wales": "3,745,787"}, "England": {"Australia": "1,403,096", "Lilli Pilli (Eurobodalla - NSW)_%": "5.3", "Australia_%": "6.0", "New South Wales_%": "4.8", "Lilli Pilli (Eurobodalla - NSW)": "33", "New South Wales": "359,370"}, "New Zealand": {"Australia": "617,331", "Lilli Pilli (Eurobodalla - NSW)_%": "1.8", "Australia_%": "2.6", "New South Wales_%": "1.9", "Lilli Pilli (Eurobodalla - NSW)": "11", "New South Wales": "143,450"}}, "Country of birth of father and/or mother, stated responses": {"Father only born overseas": {"Australia": "1,488,092", "Lilli Pilli (Eurobodalla - NSW)_%": "6.2", "Australia_%": "6.4", "New South Wales_%": "6.1", "Lilli Pilli (Eurobodalla - NSW)": "39", "New South Wales": "458,394"}, "Mother only born overseas": {"Australia": "1,094,591", "Lilli Pilli (Eurobodalla - NSW)_%": "4.0", "Australia_%": "4.7", "New South Wales_%": "4.3", "Lilli Pilli (Eurobodalla - NSW)": "25", "New South Wales": "325,182"}, "Both parents born overseas": {"Australia": "8,051,196", "Lilli Pilli (Eurobodalla - NSW)_%": "18.2", "Australia_%": "34.4", "New South Wales_%": "37.0", "Lilli Pilli (Eurobodalla - NSW)": "114", "New South Wales": "2,764,170"}, "Both parents born in Australia": {"Australia": "11,070,538", "Lilli Pilli (Eurobodalla - NSW)_%": "63.0", "Australia_%": "47.3", "New South Wales_%": "45.4", "Lilli Pilli (Eurobodalla - NSW)": "395", "New South Wales": "3,399,725"}}, "Rent weekly payments": {"Households where rent payments are less than 30% of household income": {"Australia": "--", "Lilli Pilli (Eurobodalla - NSW)_%": "96.9", "Australia_%": "88.5", "New South Wales_%": "87.1", "Lilli Pilli (Eurobodalla - NSW)": "--", "New South Wales": "--"}, "Households with rent payments greater than or equal to 30% of household income": {"Australia": "--", "Lilli Pilli (Eurobodalla - NSW)_%": "3.1", "Australia_%": "11.5", "New South Wales_%": "12.9", "Lilli Pilli (Eurobodalla - NSW)": "--", "New South Wales": "--"}, "Median rent": {"Australia": "335", "Lilli Pilli (Eurobodalla - NSW)_%": "--", "Australia_%": "--", "New South Wales_%": "--", "Lilli Pilli (Eurobodalla - NSW)": "330", "New South Wales": "380"}}, "Registered marital status": {"Separated": {"Australia": "608,059", "Lilli Pilli (Eurobodalla - NSW)_%": "2.0", "Australia_%": "3.2", "New South Wales_%": "3.1", "Lilli Pilli (Eurobodalla - NSW)": "11", "New South Wales": "190,198"}, "Widowed": {"Australia": "985,204", "Lilli Pilli (Eurobodalla - NSW)_%": "4.4", "Australia_%": "5.2", "New South Wales_%": "5.4", "Lilli Pilli (Eurobodalla - NSW)": "24", "New South Wales": "331,653"}, "Married": {"Australia": "9,148,218", "Lilli Pilli (Eurobodalla - NSW)_%": "61.0", "Australia_%": "48.1", "New South Wales_%": "48.7", "Lilli Pilli (Eurobodalla - NSW)": "336", "New South Wales": "2,965,280"}, "Divorced": {"Australia": "1,626,890", "Lilli Pilli (Eurobodalla - NSW)_%": "8.5", "Australia_%": "8.5", "New South Wales_%": "8.4", "Lilli Pilli (Eurobodalla - NSW)": "47", "New South Wales": "512,298"}, "Never married": {"Australia": "6,668,910", "Lilli Pilli (Eurobodalla - NSW)_%": "24.1", "Australia_%": "35.0", "New South Wales_%": "34.4", "Lilli Pilli (Eurobodalla - NSW)": "133", "New South Wales": "2,094,460"}}, "summaryTable_qsPeople": {"Male": "46.3%", "Median age": "55", "Female": "53.7%", "People": "629"}, "Dwelling characteristics": {"Average number of people per household": {"Australia": "3.2", "Lilli Pilli (Eurobodalla - NSW)_%": "--", "Australia_%": "--", "New South Wales_%": "--", "Lilli Pilli (Eurobodalla - NSW)": "2", "New South Wales": "3.1"}, "Average number of persons per bedroom": {"Australia": "1", "Lilli Pilli (Eurobodalla - NSW)_%": "--", "Australia_%": "--", "New South Wales_%": "--", "Lilli Pilli (Eurobodalla - NSW)": "0.5", "New South Wales": "1"}, "Median weekly household income": {"Australia": "1,203", "Lilli Pilli (Eurobodalla - NSW)_%": "--", "Australia_%": "--", "New South Wales_%": "--", "Lilli Pilli (Eurobodalla - NSW)": "1,125", "New South Wales": "1,214"}}, "Unpaid work": {"Did unpaid domestic work (last week)": {"Australia": "13,143,914", "Lilli Pilli (Eurobodalla - NSW)_%": "77.9", "Australia_%": "69.0", "New South Wales_%": "67.7", "Lilli Pilli (Eurobodalla - NSW)": "430", "New South Wales": "4,127,723"}, "Provided unpaid assistance to a person with a disability (last two weeks)": {"Australia": "2,145,203", "Lilli Pilli (Eurobodalla - NSW)_%": "13.3", "Australia_%": "11.3", "New South Wales_%": "11.6", "Lilli Pilli (Eurobodalla - NSW)": "73", "New South Wales": "709,415"}, "Did voluntary work through an organisation or group (last 12 months)": {"Australia": "3,620,726", "Lilli Pilli (Eurobodalla - NSW)_%": "28.9", "Australia_%": "19.0", "New South Wales_%": "18.1", "Lilli Pilli (Eurobodalla - NSW)": "157", "New South Wales": "1,103,790"}, "Cared for child/children (last two weeks)": {"Australia": "5,259,400", "Lilli Pilli (Eurobodalla - NSW)_%": "19.1", "Australia_%": "27.6", "New South Wales_%": "27.2", "Lilli Pilli (Eurobodalla - NSW)": "105", "New South Wales": "1,659,250"}}, "Unpaid domestic work, number of hours": {"5 to 14 hours per week": {"Australia": "4,944,578", "Lilli Pilli (Eurobodalla - NSW)_%": "29.3", "Australia_%": "26.0", "New South Wales_%": "25.1", "Lilli Pilli (Eurobodalla - NSW)": "161", "New South Wales": "1,531,206"}, "30 hours or more per week": {"Australia": "1,710,970", "Lilli Pilli (Eurobodalla - NSW)_%": "12.9", "Australia_%": "9.0", "New South Wales_%": "9.0", "Lilli Pilli (Eurobodalla - NSW)": "71", "New South Wales": "545,925"}, "Less than 5 hours per week": {"Australia": "4,298,593", "Lilli Pilli (Eurobodalla - NSW)_%": "15.7", "Australia_%": "22.6", "New South Wales_%": "22.3", "Lilli Pilli (Eurobodalla - NSW)": "86", "New South Wales": "1,359,656"}, "15 to 29 hours per week": {"Australia": "2,189,776", "Lilli Pilli (Eurobodalla - NSW)_%": "19.9", "Australia_%": "11.5", "New South Wales_%": "11.3", "Lilli Pilli (Eurobodalla - NSW)": "109", "New South Wales": "690,934"}}, "Industry of employment, top responses": {"Primary Education": {"Australia": "231,198", "Lilli Pilli (Eurobodalla - NSW)_%": "8.1", "Australia_%": "2.2", "New South Wales_%": "1.9", "Lilli Pilli (Eurobodalla - NSW)": "14", "New South Wales": "65,204"}, "Wooden Structural Fitting and Component Manufacturing": {"Australia": "15,082", "Lilli Pilli (Eurobodalla - NSW)_%": "4.6", "Australia_%": "0.1", "New South Wales_%": "0.2", "Lilli Pilli (Eurobodalla - NSW)": "8", "New South Wales": "5,775"}, "Other Social Assistance Services": {"Australia": "158,230", "Lilli Pilli (Eurobodalla - NSW)_%": "5.2", "Australia_%": "1.5", "New South Wales_%": "1.6", "Lilli Pilli (Eurobodalla - NSW)": "9", "New South Wales": "54,259"}, "Aged Care Residential Services": {"Australia": "211,621", "Lilli Pilli (Eurobodalla - NSW)_%": "4.6", "Australia_%": "2.0", "New South Wales_%": "2.0", "Lilli Pilli (Eurobodalla - NSW)": "8", "New South Wales": "67,209"}, "Supermarket and Grocery Stores": {"Australia": "254,275", "Lilli Pilli (Eurobodalla - NSW)_%": "6.4", "Australia_%": "2.4", "New South Wales_%": "2.2", "Lilli Pilli (Eurobodalla - NSW)": "11", "New South Wales": "74,487"}}, "GeoInfo": {"city": "Lilli Pilli (Eurobodalla - NSW)"}, "Education": {"University or tertiary institution": {"Australia": "1,160,626", "Lilli Pilli (Eurobodalla - NSW)_%": "9.0", "Australia_%": "16.1", "New South Wales_%": "16.2", "Lilli Pilli (Eurobodalla - NSW)": "14", "New South Wales": "376,133"}, "Secondary - Catholic": {"Australia": "338,384", "Lilli Pilli (Eurobodalla - NSW)_%": "3.8", "Australia_%": "4.7", "New South Wales_%": "5.1", "Lilli Pilli (Eurobodalla - NSW)": "6", "New South Wales": "117,689"}, "Secondary - other non Government": {"Australia": "280,618", "Lilli Pilli (Eurobodalla - NSW)_%": "1.9", "Australia_%": "3.9", "New South Wales_%": "3.4", "Lilli Pilli (Eurobodalla - NSW)": "3", "New South Wales": "79,915"}, "Primary - Catholic": {"Australia": "380,604", "Lilli Pilli (Eurobodalla - NSW)_%": "9.0", "Australia_%": "5.3", "New South Wales_%": "5.3", "Lilli Pilli (Eurobodalla - NSW)": "14", "New South Wales": "122,099"}, "Primary - Government": {"Australia": "1,314,787", "Lilli Pilli (Eurobodalla - NSW)_%": "13.5", "Australia_%": "18.2", "New South Wales_%": "18.0", "Lilli Pilli (Eurobodalla - NSW)": "21", "New South Wales": "417,465"}, "Other": {"Australia": "198,383", "Lilli Pilli (Eurobodalla - NSW)_%": "0.0", "Australia_%": "2.8", "New South Wales_%": "2.7", "Lilli Pilli (Eurobodalla - NSW)": "0", "New South Wales": "63,673"}, "Technical or further education institution": {"Australia": "424,869", "Lilli Pilli (Eurobodalla - NSW)_%": "7.1", "Australia_%": "5.9", "New South Wales_%": "6.2", "Lilli Pilli (Eurobodalla - NSW)": "11", "New South Wales": "144,103"}, "Secondary - Government": {"Australia": "827,505", "Lilli Pilli (Eurobodalla - NSW)_%": "14.7", "Australia_%": "11.5", "New South Wales_%": "11.6", "Lilli Pilli (Eurobodalla - NSW)": "23", "New South Wales": "269,249"}, "Primary - other non Government": {"Australia": "231,490", "Lilli Pilli (Eurobodalla - NSW)_%": "5.1", "Australia_%": "3.2", "New South Wales_%": "2.9", "Lilli Pilli (Eurobodalla - NSW)": "8", "New South Wales": "67,611"}, "Not stated": {"Australia": "1,707,023", "Lilli Pilli (Eurobodalla - NSW)_%": "34.0", "Australia_%": "23.7", "New South Wales_%": "23.0", "Lilli Pilli (Eurobodalla - NSW)": "53", "New South Wales": "535,266"}, "Preschool": {"Australia": "347,621", "Lilli Pilli (Eurobodalla - NSW)_%": "1.9", "Australia_%": "4.8", "New South Wales_%": "5.7", "Lilli Pilli (Eurobodalla - NSW)": "3", "New South Wales": "132,047"}}, "Employment": {"Unemployed": {"Australia": "787,452", "Lilli Pilli (Eurobodalla - NSW)_%": "5.2", "Australia_%": "6.9", "New South Wales_%": "6.3", "Lilli Pilli (Eurobodalla - NSW)": "13", "New South Wales": "225,546"}, "Worked part-time": {"Australia": "3,491,503", "Lilli Pilli (Eurobodalla - NSW)_%": "44.6", "Australia_%": "30.4", "New South Wales_%": "29.7", "Lilli Pilli (Eurobodalla - NSW)": "111", "New South Wales": "1,071,151"}, "Away from work": {"Australia": "569,276", "Lilli Pilli (Eurobodalla - NSW)_%": "4.8", "Australia_%": "5.0", "New South Wales_%": "4.8", "Lilli Pilli (Eurobodalla - NSW)": "12", "New South Wales": "174,654"}, "Worked full-time": {"Australia": "6,623,065", "Lilli Pilli (Eurobodalla - NSW)_%": "45.4", "Australia_%": "57.7", "New South Wales_%": "59.2", "Lilli Pilli (Eurobodalla - NSW)": "113", "New South Wales": "2,134,521"}}, "Travel to work, top responses": {"Worked at home": {"Australia": "503,582", "Lilli Pilli (Eurobodalla - NSW)_%": "5.5", "Australia_%": "4.7", "New South Wales_%": "4.8", "Lilli Pilli (Eurobodalla - NSW)": "13", "New South Wales": "163,026"}, "People who travelled to work by car as driver or passenger": {"Australia": "7,305,271", "Lilli Pilli (Eurobodalla - NSW)_%": "77.7", "Australia_%": "68.4", "New South Wales_%": "64.6", "Lilli Pilli (Eurobodalla - NSW)": "185", "New South Wales": "2,182,854"}, "Bus": {"Australia": "323,201", "Lilli Pilli (Eurobodalla - NSW)_%": "1.3", "Australia_%": "3.0", "New South Wales_%": "4.0", "Lilli Pilli (Eurobodalla - NSW)": "3", "New South Wales": "133,903"}, "null": {"Australia": "None", "Lilli Pilli (Eurobodalla - NSW)_%": null, "Australia_%": "None", "New South Wales_%": "None", "Lilli Pilli (Eurobodalla - NSW)": null, "New South Wales": "None"}, "People who travelled to work by public transport": {"Australia": "1,225,668", "Lilli Pilli (Eurobodalla - NSW)_%": "1.3", "Australia_%": "11.5", "New South Wales_%": "16.0", "Lilli Pilli (Eurobodalla - NSW)": "3", "New South Wales": "540,215"}, "Car, as driver": {"Australia": "6,574,571", "Lilli Pilli (Eurobodalla - NSW)_%": "71.6", "Australia_%": "61.5", "New South Wales_%": "57.8", "Lilli Pilli (Eurobodalla - NSW)": "169", "New South Wales": "1,953,399"}, "Truck": {"Australia": "85,892", "Lilli Pilli (Eurobodalla - NSW)_%": "1.7", "Australia_%": "0.8", "New South Wales_%": "1.0", "Lilli Pilli (Eurobodalla - NSW)": "4", "New South Wales": "32,908"}, "Car, as passenger": {"Australia": "489,922", "Lilli Pilli (Eurobodalla - NSW)_%": "5.9", "Australia_%": "4.6", "New South Wales_%": "4.3", "Lilli Pilli (Eurobodalla - NSW)": "14", "New South Wales": "144,820"}}, "Occupation": {"Professionals": {"Australia": "2,370,966", "Lilli Pilli (Eurobodalla - NSW)_%": "18.5", "Australia_%": "22.2", "New South Wales_%": "23.6", "Lilli Pilli (Eurobodalla - NSW)": "46", "New South Wales": "798,126"}, "Managers": {"Australia": "1,390,047", "Lilli Pilli (Eurobodalla - NSW)_%": "10.0", "Australia_%": "13.0", "New South Wales_%": "13.5", "Lilli Pilli (Eurobodalla - NSW)": "25", "New South Wales": "456,084"}, "Labourers": {"Australia": "1,011,520", "Lilli Pilli (Eurobodalla - NSW)_%": "10.8", "Australia_%": "9.5", "New South Wales_%": "8.8", "Lilli Pilli (Eurobodalla - NSW)": "27", "New South Wales": "297,887"}, "Clerical and Administrative Workers": {"Australia": "1,449,681", "Lilli Pilli (Eurobodalla - NSW)_%": "13.3", "Australia_%": "13.6", "New South Wales_%": "13.8", "Lilli Pilli (Eurobodalla - NSW)": "33", "New South Wales": "467,977"}, "Machinery Operators and Drivers": {"Australia": "670,106", "Lilli Pilli (Eurobodalla - NSW)_%": "5.2", "Australia_%": "6.3", "New South Wales_%": "6.1", "Lilli Pilli (Eurobodalla - NSW)": "13", "New South Wales": "206,839"}, "Community and Personal Service Workers": {"Australia": "1,157,003", "Lilli Pilli (Eurobodalla - NSW)_%": "14.5", "Australia_%": "10.8", "New South Wales_%": "10.4", "Lilli Pilli (Eurobodalla - NSW)": "36", "New South Wales": "350,261"}, "Sales Workers": {"Australia": "1,000,955", "Lilli Pilli (Eurobodalla - NSW)_%": "16.5", "Australia_%": "9.4", "New South Wales_%": "9.2", "Lilli Pilli (Eurobodalla - NSW)": "41", "New South Wales": "311,414"}, "Technicians and Trades Workers": {"Australia": "1,447,414", "Lilli Pilli (Eurobodalla - NSW)_%": "10.0", "Australia_%": "13.5", "New South Wales_%": "12.7", "Lilli Pilli (Eurobodalla - NSW)": "25", "New South Wales": "429,239"}}}