{"Employment - hours worked": {"40 hours or more per week": {"Australia": "4,591,801", "Mallabula_%": "37.7", "Australia_%": "43.0", "New South Wales_%": "44.1", "Mallabula": "129", "New South Wales": "1,489,099"}, "25-34 hours per week": {"Australia": "1,193,445", "Mallabula_%": "14.0", "Australia_%": "11.2", "New South Wales_%": "10.5", "Mallabula": "48", "New South Wales": "353,702"}, "16-24 hours per week": {"Australia": "1,079,236", "Mallabula_%": "10.2", "Australia_%": "10.1", "New South Wales_%": "10.4", "Mallabula": "35", "New South Wales": "352,817"}, "35-39 hours per week": {"Australia": "2,031,263", "Mallabula_%": "17.5", "Australia_%": "19.0", "New South Wales_%": "19.1", "Mallabula": "60", "New South Wales": "645,428"}, "1-15 hours per week": {"Australia": "1,218,823", "Mallabula_%": "14.3", "Australia_%": "11.4", "New South Wales_%": "10.8", "Mallabula": "49", "New South Wales": "364,637"}}, "Number of registered motor vehicles": {"2 motor vehicles": {"Australia": "2,999,184", "Mallabula_%": "36.4", "Australia_%": "36.2", "New South Wales_%": "34.1", "Mallabula": "130", "New South Wales": "887,849"}, "None": {"Australia": "623,829", "Mallabula_%": "3.9", "Australia_%": "7.5", "New South Wales_%": "9.2", "Mallabula": "14", "New South Wales": "239,625"}, "Number of motor vehicles not stated": {"Australia": "285,197", "Mallabula_%": "4.5", "Australia_%": "3.4", "New South Wales_%": "3.7", "Mallabula": "16", "New South Wales": "95,623"}, "1 motor vehicle": {"Australia": "2,881,485", "Mallabula_%": "37.0", "Australia_%": "34.8", "New South Wales_%": "36.3", "Mallabula": "132", "New South Wales": "946,159"}, "3 or more vehicles": {"Australia": "1,496,382", "Mallabula_%": "18.2", "Australia_%": "18.1", "New South Wales_%": "16.7", "Mallabula": "65", "New South Wales": "435,053"}}, "Employment status of parents in couple families": {"Labour force status not stated (by one or both parents in a couple family)": {"Australia": "311,381", "Mallabula_%": "6.0", "Australia_%": "6.2", "New South Wales_%": "5.7", "Mallabula": "12", "New South Wales": "90,630"}, "One employed full-time, one part-time": {"Australia": "1,086,460", "Mallabula_%": "16.9", "Australia_%": "21.7", "New South Wales_%": "20.6", "Mallabula": "34", "New South Wales": "329,567"}, "One employed part-time, other not working": {"Australia": "302,037", "Mallabula_%": "7.5", "Australia_%": "6.0", "New South Wales_%": "6.1", "Mallabula": "15", "New South Wales": "96,933"}, "Other (includes away from work)": {"Australia": "264,145", "Mallabula_%": "5.0", "Australia_%": "5.3", "New South Wales_%": "5.1", "Mallabula": "10", "New South Wales": "80,905"}, "Both employed, worked full-time": {"Australia": "1,084,006", "Mallabula_%": "12.9", "Australia_%": "21.6", "New South Wales_%": "22.6", "Mallabula": "26", "New South Wales": "360,916"}, "One employed full-time, other not working": {"Australia": "749,886", "Mallabula_%": "17.4", "Australia_%": "15.0", "New South Wales_%": "15.0", "Mallabula": "35", "New South Wales": "240,084"}, "Both employed, worked part-time": {"Australia": "203,596", "Mallabula_%": "3.5", "Australia_%": "4.1", "New South Wales_%": "4.0", "Mallabula": "7", "New South Wales": "63,106"}, "Both not working": {"Australia": "1,006,697", "Mallabula_%": "30.8", "Australia_%": "20.1", "New South Wales_%": "21.0", "Mallabula": "62", "New South Wales": "334,742"}}, "Country of birth of mother, stated responses": {"Scotland": {"Australia": "245,915", "Mallabula_%": "1.3", "Australia_%": "1.1", "New South Wales_%": "0.8", "Mallabula": "12", "New South Wales": "63,302"}, "New Zealand": {"Australia": "608,329", "Mallabula_%": "1.8", "Australia_%": "2.6", "New South Wales_%": "1.9", "Mallabula": "16", "New South Wales": "139,899"}, "Australia": {"Australia": "12,643,365", "Mallabula_%": "79.2", "Australia_%": "54.0", "New South Wales_%": "51.9", "Mallabula": "719", "New South Wales": "3,884,762"}, "England": {"Australia": "1,302,147", "Mallabula_%": "5.0", "Australia_%": "5.6", "New South Wales_%": "4.3", "Mallabula": "45", "New South Wales": "322,472"}, "United Kingdom, Channel Islands and Isle of Man, nfd": {"Australia": "155,231", "Mallabula_%": "1.4", "Australia_%": "0.7", "New South Wales_%": "0.5", "Mallabula": "13", "New South Wales": "38,504"}}, "Dwelling structure": {"Other dwelling": {"Australia": "64,425", "Mallabula_%": "0.0", "Australia_%": "0.8", "New South Wales_%": "0.9", "Mallabula": "0", "New South Wales": "23,580"}, "Semi-detached, row or terrace house, townhouse etc": {"Australia": "1,055,016", "Mallabula_%": "0.0", "Australia_%": "12.7", "New South Wales_%": "12.2", "Mallabula": "0", "New South Wales": "317,453"}, "Separate house": {"Australia": "6,041,788", "Mallabula_%": "97.4", "Australia_%": "72.9", "New South Wales_%": "66.4", "Mallabula": "343", "New South Wales": "1,729,820"}, "Flat or apartment": {"Australia": "1,087,434", "Mallabula_%": "2.6", "Australia_%": "13.1", "New South Wales_%": "19.9", "Mallabula": "9", "New South Wales": "519,390"}}, "Number of bedrooms": {"1 bedroom": {"Australia": "411,252", "Mallabula_%": "0.0", "Australia_%": "5.0", "New South Wales_%": "6.0", "Mallabula": "0", "New South Wales": "157,194"}, "3 bedrooms": {"Australia": "3,403,190", "Mallabula_%": "55.5", "Australia_%": "41.1", "New South Wales_%": "37.2", "Mallabula": "193", "New South Wales": "970,001"}, "Average number of people per household": {"Australia": "2.6", "Mallabula_%": "--", "Australia_%": "--", "New South Wales_%": "--", "Mallabula": "2.4", "New South Wales": "2.6"}, "2 bedrooms": {"Australia": "1,562,759", "Mallabula_%": "12.1", "Australia_%": "18.9", "New South Wales_%": "22.2", "Mallabula": "42", "New South Wales": "577,675"}, "4 or more bedrooms": {"Australia": "2,670,758", "Mallabula_%": "30.5", "Australia_%": "32.2", "New South Wales_%": "31.3", "Mallabula": "106", "New South Wales": "816,405"}, "None (includes bedsitters)": {"Australia": "39,769", "Mallabula_%": "0.0", "Australia_%": "0.5", "New South Wales_%": "0.7", "Mallabula": "0", "New South Wales": "17,157"}, "Number of bedrooms not stated": {"Australia": "198,351", "Mallabula_%": "2.0", "Australia_%": "2.4", "New South Wales_%": "2.5", "Mallabula": "7", "New South Wales": "65,888"}, "Average number of bedrooms per dwelling": {"Australia": "3.1", "Mallabula_%": "--", "Australia_%": "--", "New South Wales_%": "--", "Mallabula": "3.2", "New South Wales": "3"}}, "summaryTable_qsFamilies": {"for all families": "0.7", "for families with children": "1.9", "Families": "255", "Average children per family": "None"}, "People characteristics": {"Male": {"Australia": "322,171", "Mallabula_%": "59.3", "Australia_%": "49.6", "New South Wales_%": "49.7", "Mallabula": "32", "New South Wales": "107,368"}, "Median age": {"Australia": "23", "Mallabula_%": "--", "Australia_%": "--", "New South Wales_%": "--", "Mallabula": "24", "New South Wales": "22"}, "Female": {"Australia": "326,996", "Mallabula_%": "40.7", "Australia_%": "50.4", "New South Wales_%": "50.3", "Mallabula": "22", "New South Wales": "108,809"}}, "Dwelling count": {"Unoccupied private dwellings": {"Australia": "1,039,874", "Mallabula_%": "12.7", "Australia_%": "11.2", "New South Wales_%": "9.9", "Mallabula": "51", "New South Wales": "284,741"}, "Occupied private dwellings": {"Australia": "8,286,073", "Mallabula_%": "87.3", "Australia_%": "88.8", "New South Wales_%": "90.1", "Mallabula": "352", "New South Wales": "2,604,320"}}, "Level of highest educational attainment": {"Certificate level III": {"Australia": "2,442,203", "Mallabula_%": "21.7", "Australia_%": "12.8", "New South Wales_%": "12.0", "Mallabula": "162", "New South Wales": "730,498"}, "Certificate level II": {"Australia": "13,454", "Mallabula_%": "0.0", "Australia_%": "0.1", "New South Wales_%": "0.1", "Mallabula": "0", "New South Wales": "4,849"}, "No educational attainment": {"Australia": "145,844", "Mallabula_%": "0.0", "Australia_%": "0.8", "New South Wales_%": "0.9", "Mallabula": "0", "New South Wales": "54,870"}, "Bachelor Degree level and above": {"Australia": "4,181,406", "Mallabula_%": "6.0", "Australia_%": "22.0", "New South Wales_%": "23.4", "Mallabula": "45", "New South Wales": "1,424,716"}, "Certificate level I": {"Australia": "2,176", "Mallabula_%": "0.0", "Australia_%": "0.0", "New South Wales_%": "0.0", "Mallabula": "0", "New South Wales": "625"}, "Year 11": {"Australia": "941,531", "Mallabula_%": "4.1", "Australia_%": "4.9", "New South Wales_%": "3.3", "Mallabula": "31", "New South Wales": "203,574"}, "Not stated": {"Australia": "1,974,794", "Mallabula_%": "14.1", "Australia_%": "10.4", "New South Wales_%": "10.3", "Mallabula": "105", "New South Wales": "627,465"}, "Year 9 or below": {"Australia": "1,529,897", "Mallabula_%": "11.5", "Australia_%": "8.0", "New South Wales_%": "8.4", "Mallabula": "86", "New South Wales": "513,209"}, "Certificate level IV": {"Australia": "551,767", "Mallabula_%": "4.4", "Australia_%": "2.9", "New South Wales_%": "2.8", "Mallabula": "33", "New South Wales": "167,947"}, "Year 10": {"Australia": "2,054,331", "Mallabula_%": "17.0", "Australia_%": "10.8", "New South Wales_%": "11.5", "Mallabula": "127", "New South Wales": "702,178"}, "Year 12": {"Australia": "2,994,097", "Mallabula_%": "9.8", "Australia_%": "15.7", "New South Wales_%": "15.3", "Mallabula": "73", "New South Wales": "930,654"}, "Advanced Diploma and Diploma level": {"Australia": "1,687,893", "Mallabula_%": "8.4", "Australia_%": "8.9", "New South Wales_%": "8.9", "Mallabula": "63", "New South Wales": "543,142"}}, "Median weekly incomes": {"Personal": {"Australia": "662", "Mallabula_%": "--", "Australia_%": "--", "New South Wales_%": "--", "Mallabula": "515", "New South Wales": "664"}, "Household": {"Australia": "1,438", "Mallabula_%": "--", "Australia_%": "--", "New South Wales_%": "--", "Mallabula": "968", "New South Wales": "1,486"}, "Family": {"Australia": "1,734", "Mallabula_%": "--", "Australia_%": "--", "New South Wales_%": "--", "Mallabula": "1,179", "New South Wales": "1,780"}}, "Family composition": {"Other family": {"Australia": "102,559", "Mallabula_%": "2.0", "Australia_%": "1.7", "New South Wales_%": "1.7", "Mallabula": "5", "New South Wales": "32,438"}, "Couple family with children": {"Australia": "2,716,224", "Mallabula_%": "35.2", "Australia_%": "44.7", "New South Wales_%": "45.7", "Mallabula": "88", "New South Wales": "887,358"}, "Couple family without children": {"Australia": "2,291,987", "Mallabula_%": "42.8", "Australia_%": "37.8", "New South Wales_%": "36.6", "Mallabula": "107", "New South Wales": "709,524"}, "One parent family": {"Australia": "959,543", "Mallabula_%": "20.0", "Australia_%": "15.8", "New South Wales_%": "16.0", "Mallabula": "50", "New South Wales": "310,906"}}, "Dwelling internet connection": {"Not stated": {"Australia": "221,494", "Mallabula_%": "4.0", "Australia_%": "2.7", "New South Wales_%": "2.8", "Mallabula": "14", "New South Wales": "73,565"}, "Internet not accessed from dwelling": {"Australia": "1,172,415", "Mallabula_%": "14.2", "Australia_%": "14.1", "New South Wales_%": "14.7", "Mallabula": "50", "New South Wales": "381,709"}, "Internet accessed from dwelling": {"Australia": "6,892,165", "Mallabula_%": "81.8", "Australia_%": "83.2", "New South Wales_%": "82.5", "Mallabula": "287", "New South Wales": "2,149,040"}}, "Social marital status": {"Not married": {"Australia": "7,024,973", "Mallabula_%": "42.1", "Australia_%": "41.9", "New South Wales_%": "42.3", "Mallabula": "283", "New South Wales": "2,290,887"}, "De facto marriage": {"Australia": "1,751,731", "Mallabula_%": "13.5", "Australia_%": "10.4", "New South Wales_%": "9.4", "Mallabula": "91", "New South Wales": "506,133"}, "Registered marriage": {"Australia": "8,001,141", "Mallabula_%": "44.3", "Australia_%": "47.7", "New South Wales_%": "48.3", "Mallabula": "298", "New South Wales": "2,612,630"}}, "Household composition": {"Family households": {"Australia": "5,907,625", "Mallabula_%": "70.3", "Australia_%": "71.3", "New South Wales_%": "72.0", "Mallabula": "249", "New South Wales": "1,874,524"}, "Group households": {"Australia": "354,917", "Mallabula_%": "2.0", "Australia_%": "4.3", "New South Wales_%": "4.2", "Mallabula": "7", "New South Wales": "109,004"}, "Single (or lone) person households": {"Australia": "2,023,542", "Mallabula_%": "27.7", "Australia_%": "24.4", "New South Wales_%": "23.8", "Mallabula": "98", "New South Wales": "620,778"}}, "People": {"Male": {"Australia": "11,546,638", "Mallabula_%": "52.1", "Australia_%": "49.3", "New South Wales_%": "49.3", "Mallabula": "484", "New South Wales": "3,686,014"}, "Aboriginal and/or Torres Strait Islander people": {"Australia": "649,171", "Mallabula_%": "5.8", "Australia_%": "2.8", "New South Wales_%": "2.9", "Mallabula": "54", "New South Wales": "216,176"}, "Female": {"Australia": "11,855,248", "Mallabula_%": "47.9", "Australia_%": "50.7", "New South Wales_%": "50.7", "Mallabula": "445", "New South Wales": "3,794,217"}}, "Language, top responses (other than English)": {"Households where a non English language is spoken": {"Australia": "1,971,011", "Mallabula_%": "2.9", "Australia_%": "22.2", "New South Wales_%": "26.5", "Mallabula": "11", "New South Wales": "735,563"}, "null": {"Australia": "None", "Mallabula_%": null, "Australia_%": "None", "New South Wales_%": "None", "Mallabula": null, "New South Wales": "None"}, "French": {"Australia": "70,873", "Mallabula_%": "0.3", "Australia_%": "0.3", "New South Wales_%": "0.3", "Mallabula": "3", "New South Wales": "23,743"}, "English only spoken at home": {"Australia": "17,020,417", "Mallabula_%": "92.2", "Australia_%": "72.7", "New South Wales_%": "68.5", "Mallabula": "850", "New South Wales": "5,126,633"}}, "summaryTable_qsDwelling": {"Median monthly mortgage repayments": "$1,500", "All private dwellings": "422", "Average people per household": "2.4", "Median weekly household income": "$968", "Median weekly rent": "$300", "Average motor vehicles per dwelling": "1.7"}, "Household income": {"Less than $650 gross weekly income": {"Australia": "--", "Mallabula_%": "25.9", "Australia_%": "20.0", "New South Wales_%": "19.7", "Mallabula": "--", "New South Wales": "--"}, "More than $3000 gross weekly income": {"Australia": "--", "Mallabula_%": "4.1", "Australia_%": "16.4", "New South Wales_%": "18.7", "Mallabula": "--", "New South Wales": "--"}}, "Country of birth": {"Other top responses": {"Mallabula": "None", "Mallabula_%": "None"}, "Australia": {"Australia": "15,614,835", "Mallabula_%": "81.3", "Australia_%": "66.7", "New South Wales_%": "65.5", "Mallabula": "752", "New South Wales": "4,899,090"}, "England": {"Australia": "907,570", "Mallabula_%": "4.9", "Australia_%": "3.9", "New South Wales_%": "3.0", "Mallabula": "45", "New South Wales": "226,564"}, "United States of America": {"Australia": "86,125", "Mallabula_%": "0.4", "Australia_%": "0.4", "New South Wales_%": "0.4", "Mallabula": "4", "New South Wales": "30,081"}, "Scotland": {"Australia": "119,417", "Mallabula_%": "1.3", "Australia_%": "0.5", "New South Wales_%": "0.4", "Mallabula": "12", "New South Wales": "28,579"}, "Papua New Guinea": {"Australia": "28,800", "Mallabula_%": "0.3", "Australia_%": "0.1", "New South Wales_%": "0.1", "Mallabula": "3", "New South Wales": "5,466"}, "New Zealand": {"Australia": "518,466", "Mallabula_%": "1.3", "Australia_%": "2.2", "New South Wales_%": "1.6", "Mallabula": "12", "New South Wales": "117,136"}}, "Religious affiliation, top responses": {"No Religion, so described": {"Australia": "6,933,708", "Mallabula_%": "28.7", "Australia_%": "29.6", "New South Wales_%": "25.1", "Mallabula": "263", "New South Wales": "1,879,562"}, "Anglican": {"Australia": "3,101,185", "Mallabula_%": "27.6", "Australia_%": "13.3", "New South Wales_%": "15.5", "Mallabula": "253", "New South Wales": "1,161,810"}, "Not stated": {"Australia": "2,238,735", "Mallabula_%": "9.9", "Australia_%": "9.6", "New South Wales_%": "9.2", "Mallabula": "91", "New South Wales": "684,969"}, "Uniting Church": {"Australia": "870,183", "Mallabula_%": "3.6", "Australia_%": "3.7", "New South Wales_%": "2.9", "Mallabula": "33", "New South Wales": "217,258"}, "Catholic": {"Australia": "5,291,834", "Mallabula_%": "18.9", "Australia_%": "22.6", "New South Wales_%": "24.7", "Mallabula": "173", "New South Wales": "1,846,443"}}, "Ancestry, top responses": {"German": {"Australia": "982,226", "Mallabula_%": "2.8", "Australia_%": "3.1", "New South Wales_%": "2.4", "Mallabula": "34", "New South Wales": "236,146"}, "Australian": {"Australia": "7,298,243", "Mallabula_%": "33.9", "Australia_%": "23.3", "New South Wales_%": "22.9", "Mallabula": "419", "New South Wales": "2,261,062"}, "Scottish": {"Australia": "2,023,470", "Mallabula_%": "8.7", "Australia_%": "6.4", "New South Wales_%": "5.9", "Mallabula": "108", "New South Wales": "587,052"}, "Irish": {"Australia": "2,388,058", "Mallabula_%": "10.1", "Australia_%": "7.6", "New South Wales_%": "7.5", "Mallabula": "125", "New South Wales": "741,671"}, "English": {"Australia": "7,852,224", "Mallabula_%": "32.7", "Australia_%": "25.0", "New South Wales_%": "23.3", "Mallabula": "404", "New South Wales": "2,302,481"}}, "Age": {"35-39 years": {"Australia": "1,561,679", "Mallabula_%": "4.8", "Australia_%": "6.7", "New South Wales_%": "6.7", "Mallabula": "45", "New South Wales": "499,724"}, "60-64 years": {"Australia": "1,299,397", "Mallabula_%": "6.9", "Australia_%": "5.6", "New South Wales_%": "5.6", "Mallabula": "65", "New South Wales": "420,044"}, "30-34 years": {"Australia": "1,703,847", "Mallabula_%": "5.5", "Australia_%": "7.3", "New South Wales_%": "7.2", "Mallabula": "52", "New South Wales": "540,360"}, "0-4 years": {"Australia": "1,464,779", "Mallabula_%": "6.2", "Australia_%": "6.3", "New South Wales_%": "6.2", "Mallabula": "58", "New South Wales": "465,135"}, "25-29 years": {"Australia": "1,664,602", "Mallabula_%": "5.2", "Australia_%": "7.1", "New South Wales_%": "7.0", "Mallabula": "49", "New South Wales": "527,161"}, "10-14 years": {"Australia": "1,397,183", "Mallabula_%": "6.3", "Australia_%": "6.0", "New South Wales_%": "5.9", "Mallabula": "59", "New South Wales": "443,009"}, "5-9 years": {"Australia": "1,502,646", "Mallabula_%": "6.5", "Australia_%": "6.4", "New South Wales_%": "6.4", "Mallabula": "61", "New South Wales": "478,184"}, "Median age": {"Australia": "38", "Mallabula_%": "--", "Australia_%": "--", "New South Wales_%": "--", "Mallabula": "44", "New South Wales": "38"}, "50-54 years": {"Australia": "1,523,551", "Mallabula_%": "6.9", "Australia_%": "6.5", "New South Wales_%": "6.5", "Mallabula": "65", "New South Wales": "485,546"}, "80-84 years": {"Australia": "460,549", "Mallabula_%": "2.4", "Australia_%": "2.0", "New South Wales_%": "2.1", "Mallabula": "23", "New South Wales": "155,806"}, "40-44 years": {"Australia": "1,583,257", "Mallabula_%": "6.1", "Australia_%": "6.8", "New South Wales_%": "6.7", "Mallabula": "57", "New South Wales": "503,169"}, "70-74 years": {"Australia": "887,716", "Mallabula_%": "6.0", "Australia_%": "3.8", "New South Wales_%": "3.9", "Mallabula": "56", "New South Wales": "292,556"}, "15-19 years": {"Australia": "1,421,595", "Mallabula_%": "4.8", "Australia_%": "6.1", "New South Wales_%": "6.0", "Mallabula": "45", "New South Wales": "448,425"}, "65-69 years": {"Australia": "1,188,999", "Mallabula_%": "7.2", "Australia_%": "5.1", "New South Wales_%": "5.1", "Mallabula": "68", "New South Wales": "384,470"}, "20-24 years": {"Australia": "1,566,793", "Mallabula_%": "5.4", "Australia_%": "6.7", "New South Wales_%": "6.5", "Mallabula": "51", "New South Wales": "489,673"}, "55-59 years": {"Australia": "1,454,332", "Mallabula_%": "8.5", "Australia_%": "6.2", "New South Wales_%": "6.3", "Mallabula": "80", "New South Wales": "469,726"}, "75-79 years": {"Australia": "652,657", "Mallabula_%": "4.2", "Australia_%": "2.8", "New South Wales_%": "2.9", "Mallabula": "39", "New South Wales": "217,308"}, "45-49 years": {"Australia": "1,581,455", "Mallabula_%": "5.1", "Australia_%": "6.8", "New South Wales_%": "6.6", "Mallabula": "48", "New South Wales": "492,440"}, "85 years and over": {"Australia": "486,842", "Mallabula_%": "1.9", "Australia_%": "2.1", "New South Wales_%": "2.2", "Mallabula": "18", "New South Wales": "167,506"}}, "Single (or lone) parents": {"Male": {"Australia": "--", "Mallabula_%": "11.8", "Australia_%": "18.2", "New South Wales_%": "17.8", "Mallabula": "--", "New South Wales": "--"}, "Female": {"Australia": "--", "Mallabula_%": "88.2", "Australia_%": "81.8", "New South Wales_%": "82.2", "Mallabula": "--", "New South Wales": "--"}}, "Mortgage monthly repayments": {"Median mortgage repayments": {"Australia": "1,755", "Mallabula_%": "--", "Australia_%": "--", "New South Wales_%": "--", "Mallabula": "1,500", "New South Wales": "1,986"}, "Households where mortgage repayments are less than 30% of household income": {"Australia": "--", "Mallabula_%": "91.0", "Australia_%": "92.8", "New South Wales_%": "92.6", "Mallabula": "--", "New South Wales": "--"}, "Households with mortgage repayments greater than or equal to 30% of household income": {"Australia": "--", "Mallabula_%": "9.0", "Australia_%": "7.2", "New South Wales_%": "7.4", "Mallabula": "--", "New South Wales": "--"}}, "Mortgage and rent": {"Median monthly mortgage repayments": {"Australia": "1,660", "Mallabula_%": "--", "Australia_%": "--", "New South Wales_%": "--", "Mallabula": "1,800", "New South Wales": "1,733"}, "Median weekly rent": {"Australia": "250", "Mallabula_%": "--", "Australia_%": "--", "New South Wales_%": "--", "Mallabula": "260", "New South Wales": "270"}}, "Tenure": {"Rented": {"Australia": "2,561,302", "Mallabula_%": "27.8", "Australia_%": "30.9", "New South Wales_%": "31.8", "Mallabula": "98", "New South Wales": "826,922"}, "Owned outright": {"Australia": "2,565,695", "Mallabula_%": "36.4", "Australia_%": "31.0", "New South Wales_%": "32.2", "Mallabula": "128", "New South Wales": "839,665"}, "Owned with a mortgage": {"Australia": "2,855,222", "Mallabula_%": "34.7", "Australia_%": "34.5", "New South Wales_%": "32.3", "Mallabula": "122", "New South Wales": "840,004"}, "Tenure type not stated": {"Australia": "224,869", "Mallabula_%": "1.1", "Australia_%": "2.7", "New South Wales_%": "2.8", "Mallabula": "4", "New South Wales": "73,763"}, "Other tenure type": {"Australia": "78,994", "Mallabula_%": "0.0", "Australia_%": "1.0", "New South Wales_%": "0.9", "Mallabula": "0", "New South Wales": "23,968"}}, "Country of birth of father, stated responses": {"Scotland": {"Australia": "276,038", "Mallabula_%": "2.1", "Australia_%": "1.2", "New South Wales_%": "1.0", "Mallabula": "19", "New South Wales": "72,321"}, "New Zealand": {"Australia": "617,331", "Mallabula_%": "1.2", "Australia_%": "2.6", "New South Wales_%": "1.9", "Mallabula": "11", "New South Wales": "143,450"}, "Australia": {"Australia": "12,231,150", "Mallabula_%": "76.3", "Australia_%": "52.3", "New South Wales_%": "50.1", "Mallabula": "695", "New South Wales": "3,745,787"}, "England": {"Australia": "1,403,096", "Mallabula_%": "7.8", "Australia_%": "6.0", "New South Wales_%": "4.8", "Mallabula": "71", "New South Wales": "359,370"}, "Netherlands": {"Australia": "175,354", "Mallabula_%": "1.0", "Australia_%": "0.7", "New South Wales_%": "0.5", "Mallabula": "9", "New South Wales": "40,444"}}, "Country of birth of father and/or mother, stated responses": {"Father only born overseas": {"Australia": "1,488,092", "Mallabula_%": "6.1", "Australia_%": "6.4", "New South Wales_%": "6.1", "Mallabula": "56", "New South Wales": "458,394"}, "Mother only born overseas": {"Australia": "1,094,591", "Mallabula_%": "4.1", "Australia_%": "4.7", "New South Wales_%": "4.3", "Mallabula": "38", "New South Wales": "325,182"}, "Both parents born overseas": {"Australia": "8,051,196", "Mallabula_%": "11.1", "Australia_%": "34.4", "New South Wales_%": "37.0", "Mallabula": "103", "New South Wales": "2,764,170"}, "Both parents born in Australia": {"Australia": "11,070,538", "Mallabula_%": "70.6", "Australia_%": "47.3", "New South Wales_%": "45.4", "Mallabula": "653", "New South Wales": "3,399,725"}}, "Rent weekly payments": {"Households where rent payments are less than 30% of household income": {"Australia": "--", "Mallabula_%": "86.3", "Australia_%": "88.5", "New South Wales_%": "87.1", "Mallabula": "--", "New South Wales": "--"}, "Households with rent payments greater than or equal to 30% of household income": {"Australia": "--", "Mallabula_%": "13.7", "Australia_%": "11.5", "New South Wales_%": "12.9", "Mallabula": "--", "New South Wales": "--"}, "Median rent": {"Australia": "335", "Mallabula_%": "--", "Australia_%": "--", "New South Wales_%": "--", "Mallabula": "300", "New South Wales": "380"}}, "Registered marital status": {"Separated": {"Australia": "608,059", "Mallabula_%": "3.0", "Australia_%": "3.2", "New South Wales_%": "3.1", "Mallabula": "23", "New South Wales": "190,198"}, "Widowed": {"Australia": "985,204", "Mallabula_%": "7.2", "Australia_%": "5.2", "New South Wales_%": "5.4", "Mallabula": "55", "New South Wales": "331,653"}, "Married": {"Australia": "9,148,218", "Mallabula_%": "46.6", "Australia_%": "48.1", "New South Wales_%": "48.7", "Mallabula": "354", "New South Wales": "2,965,280"}, "Divorced": {"Australia": "1,626,890", "Mallabula_%": "11.7", "Australia_%": "8.5", "New South Wales_%": "8.4", "Mallabula": "89", "New South Wales": "512,298"}, "Never married": {"Australia": "6,668,910", "Mallabula_%": "31.4", "Australia_%": "35.0", "New South Wales_%": "34.4", "Mallabula": "238", "New South Wales": "2,094,460"}}, "summaryTable_qsPeople": {"Male": "52.1%", "Median age": "44", "Female": "47.9%", "People": "931"}, "Dwelling characteristics": {"Average number of people per household": {"Australia": "3.2", "Mallabula_%": "--", "Australia_%": "--", "New South Wales_%": "--", "Mallabula": "3.2", "New South Wales": "3.1"}, "Average number of persons per bedroom": {"Australia": "1", "Mallabula_%": "--", "Australia_%": "--", "New South Wales_%": "--", "Mallabula": "1", "New South Wales": "1"}, "Median weekly household income": {"Australia": "1,203", "Mallabula_%": "--", "Australia_%": "--", "New South Wales_%": "--", "Mallabula": "1,174", "New South Wales": "1,214"}}, "Unpaid work": {"Did unpaid domestic work (last week)": {"Australia": "13,143,914", "Mallabula_%": "67.6", "Australia_%": "69.0", "New South Wales_%": "67.7", "Mallabula": "506", "New South Wales": "4,127,723"}, "Provided unpaid assistance to a person with a disability (last two weeks)": {"Australia": "2,145,203", "Mallabula_%": "13.8", "Australia_%": "11.3", "New South Wales_%": "11.6", "Mallabula": "104", "New South Wales": "709,415"}, "Did voluntary work through an organisation or group (last 12 months)": {"Australia": "3,620,726", "Mallabula_%": "15.5", "Australia_%": "19.0", "New South Wales_%": "18.1", "Mallabula": "117", "New South Wales": "1,103,790"}, "Cared for child/children (last two weeks)": {"Australia": "5,259,400", "Mallabula_%": "24.7", "Australia_%": "27.6", "New South Wales_%": "27.2", "Mallabula": "187", "New South Wales": "1,659,250"}}, "Unpaid domestic work, number of hours": {"5 to 14 hours per week": {"Australia": "4,944,578", "Mallabula_%": "24.4", "Australia_%": "26.0", "New South Wales_%": "25.1", "Mallabula": "184", "New South Wales": "1,531,206"}, "30 hours or more per week": {"Australia": "1,710,970", "Mallabula_%": "12.3", "Australia_%": "9.0", "New South Wales_%": "9.0", "Mallabula": "93", "New South Wales": "545,925"}, "Less than 5 hours per week": {"Australia": "4,298,593", "Mallabula_%": "18.8", "Australia_%": "22.6", "New South Wales_%": "22.3", "Mallabula": "142", "New South Wales": "1,359,656"}, "15 to 29 hours per week": {"Australia": "2,189,776", "Mallabula_%": "12.5", "Australia_%": "11.5", "New South Wales_%": "11.3", "Mallabula": "94", "New South Wales": "690,934"}}, "Industry of employment, top responses": {"Road Freight Transport": {"Australia": "129,528", "Mallabula_%": "5.2", "Australia_%": "1.2", "New South Wales_%": "1.1", "Mallabula": "13", "New South Wales": "37,995"}, "Other Social Assistance Services": {"Australia": "158,230", "Mallabula_%": "3.2", "Australia_%": "1.5", "New South Wales_%": "1.6", "Mallabula": "8", "New South Wales": "54,259"}, "Gardening Services": {"Australia": "36,893", "Mallabula_%": "4.8", "Australia_%": "0.3", "New South Wales_%": "0.3", "Mallabula": "12", "New South Wales": "10,835"}, "Aged Care Residential Services": {"Australia": "211,621", "Mallabula_%": "8.5", "Australia_%": "2.0", "New South Wales_%": "2.0", "Mallabula": "21", "New South Wales": "67,209"}, "Building and Other Industrial Cleaning Services": {"Australia": "131,908", "Mallabula_%": "3.2", "Australia_%": "1.2", "New South Wales_%": "1.2", "Mallabula": "8", "New South Wales": "41,390"}}, "GeoInfo": {"city": "Mallabula"}, "Education": {"University or tertiary institution": {"Australia": "1,160,626", "Mallabula_%": "5.7", "Australia_%": "16.1", "New South Wales_%": "16.2", "Mallabula": "15", "New South Wales": "376,133"}, "Secondary - Catholic": {"Australia": "338,384", "Mallabula_%": "4.2", "Australia_%": "4.7", "New South Wales_%": "5.1", "Mallabula": "11", "New South Wales": "117,689"}, "Secondary - other non Government": {"Australia": "280,618", "Mallabula_%": "2.3", "Australia_%": "3.9", "New South Wales_%": "3.4", "Mallabula": "6", "New South Wales": "79,915"}, "Primary - Catholic": {"Australia": "380,604", "Mallabula_%": "0.0", "Australia_%": "5.3", "New South Wales_%": "5.3", "Mallabula": "0", "New South Wales": "122,099"}, "Primary - Government": {"Australia": "1,314,787", "Mallabula_%": "31.0", "Australia_%": "18.2", "New South Wales_%": "18.0", "Mallabula": "81", "New South Wales": "417,465"}, "Other": {"Australia": "198,383", "Mallabula_%": "0.0", "Australia_%": "2.8", "New South Wales_%": "2.7", "Mallabula": "0", "New South Wales": "63,673"}, "Technical or further education institution": {"Australia": "424,869", "Mallabula_%": "6.5", "Australia_%": "5.9", "New South Wales_%": "6.2", "Mallabula": "17", "New South Wales": "144,103"}, "Secondary - Government": {"Australia": "827,505", "Mallabula_%": "9.6", "Australia_%": "11.5", "New South Wales_%": "11.6", "Mallabula": "25", "New South Wales": "269,249"}, "Primary - other non Government": {"Australia": "231,490", "Mallabula_%": "1.5", "Australia_%": "3.2", "New South Wales_%": "2.9", "Mallabula": "4", "New South Wales": "67,611"}, "Not stated": {"Australia": "1,707,023", "Mallabula_%": "29.9", "Australia_%": "23.7", "New South Wales_%": "23.0", "Mallabula": "78", "New South Wales": "535,266"}, "Preschool": {"Australia": "347,621", "Mallabula_%": "9.2", "Australia_%": "4.8", "New South Wales_%": "5.7", "Mallabula": "24", "New South Wales": "132,047"}}, "Employment": {"Unemployed": {"Australia": "787,452", "Mallabula_%": "9.5", "Australia_%": "6.9", "New South Wales_%": "6.3", "Mallabula": "36", "New South Wales": "225,546"}, "Worked part-time": {"Australia": "3,491,503", "Mallabula_%": "33.0", "Australia_%": "30.4", "New South Wales_%": "29.7", "Mallabula": "125", "New South Wales": "1,071,151"}, "Away from work": {"Australia": "569,276", "Mallabula_%": "7.1", "Australia_%": "5.0", "New South Wales_%": "4.8", "Mallabula": "27", "New South Wales": "174,654"}, "Worked full-time": {"Australia": "6,623,065", "Mallabula_%": "50.4", "Australia_%": "57.7", "New South Wales_%": "59.2", "Mallabula": "191", "New South Wales": "2,134,521"}}, "Travel to work, top responses": {"Worked at home": {"Australia": "503,582", "Mallabula_%": "2.1", "Australia_%": "4.7", "New South Wales_%": "4.8", "Mallabula": "7", "New South Wales": "163,026"}, "People who travelled to work by car as driver or passenger": {"Australia": "7,305,271", "Mallabula_%": "77.3", "Australia_%": "68.4", "New South Wales_%": "64.6", "Mallabula": "266", "New South Wales": "2,182,854"}, "Bus": {"Australia": "323,201", "Mallabula_%": "1.5", "Australia_%": "3.0", "New South Wales_%": "4.0", "Mallabula": "5", "New South Wales": "133,903"}, "null": {"Australia": "None", "Mallabula_%": null, "Australia_%": "None", "New South Wales_%": "None", "Mallabula": null, "New South Wales": "None"}, "People who travelled to work by public transport": {"Australia": "1,225,668", "Mallabula_%": "2.7", "Australia_%": "11.5", "New South Wales_%": "16.0", "Mallabula": "9", "New South Wales": "540,215"}, "Car, as driver": {"Australia": "6,574,571", "Mallabula_%": "73.6", "Australia_%": "61.5", "New South Wales_%": "57.8", "Mallabula": "240", "New South Wales": "1,953,399"}, "Truck": {"Australia": "85,892", "Mallabula_%": "1.2", "Australia_%": "0.8", "New South Wales_%": "1.0", "Mallabula": "4", "New South Wales": "32,908"}, "Car, as passenger": {"Australia": "489,922", "Mallabula_%": "5.5", "Australia_%": "4.6", "New South Wales_%": "4.3", "Mallabula": "18", "New South Wales": "144,820"}}, "Occupation": {"Professionals": {"Australia": "2,370,966", "Mallabula_%": "10.3", "Australia_%": "22.2", "New South Wales_%": "23.6", "Mallabula": "34", "New South Wales": "798,126"}, "Technicians and Trades Workers": {"Australia": "1,447,414", "Mallabula_%": "22.4", "Australia_%": "13.5", "New South Wales_%": "12.7", "Mallabula": "74", "New South Wales": "429,239"}, "Community and Personal Service Workers": {"Australia": "1,157,003", "Mallabula_%": "12.4", "Australia_%": "10.8", "New South Wales_%": "10.4", "Mallabula": "41", "New South Wales": "350,261"}, "Clerical and Administrative Workers": {"Australia": "1,449,681", "Mallabula_%": "9.1", "Australia_%": "13.6", "New South Wales_%": "13.8", "Mallabula": "30", "New South Wales": "467,977"}, "Machinery Operators and Drivers": {"Australia": "670,106", "Mallabula_%": "12.4", "Australia_%": "6.3", "New South Wales_%": "6.1", "Mallabula": "41", "New South Wales": "206,839"}, "Labourers": {"Australia": "1,011,520", "Mallabula_%": "15.2", "Australia_%": "9.5", "New South Wales_%": "8.8", "Mallabula": "50", "New South Wales": "297,887"}, "Sales Workers": {"Australia": "1,000,955", "Mallabula_%": "9.4", "Australia_%": "9.4", "New South Wales_%": "9.2", "Mallabula": "31", "New South Wales": "311,414"}, "Managers": {"Australia": "1,390,047", "Mallabula_%": "6.7", "Australia_%": "13.0", "New South Wales_%": "13.5", "Mallabula": "22", "New South Wales": "456,084"}}}