{"Employment - hours worked": {"40 hours or more per week": {"Meadowbank (NSW)_%": "48.4", "Australia": "4,591,801", "Australia_%": "43.0", "New South Wales_%": "44.1", "Meadowbank (NSW)": "1,326", "New South Wales": "1,489,099"}, "25-34 hours per week": {"Meadowbank (NSW)_%": "7.2", "Australia": "1,193,445", "Australia_%": "11.2", "New South Wales_%": "10.5", "Meadowbank (NSW)": "197", "New South Wales": "353,702"}, "16-24 hours per week": {"Meadowbank (NSW)_%": "8.0", "Australia": "1,079,236", "Australia_%": "10.1", "New South Wales_%": "10.4", "Meadowbank (NSW)": "219", "New South Wales": "352,817"}, "35-39 hours per week": {"Meadowbank (NSW)_%": "24.8", "Australia": "2,031,263", "Australia_%": "19.0", "New South Wales_%": "19.1", "Meadowbank (NSW)": "679", "New South Wales": "645,428"}, "1-15 hours per week": {"Meadowbank (NSW)_%": "7.0", "Australia": "1,218,823", "Australia_%": "11.4", "New South Wales_%": "10.8", "Meadowbank (NSW)": "193", "New South Wales": "364,637"}}, "Number of registered motor vehicles": {"2 motor vehicles": {"Meadowbank (NSW)_%": "20.3", "Australia": "2,999,184", "Australia_%": "36.2", "New South Wales_%": "34.1", "Meadowbank (NSW)": "407", "New South Wales": "887,849"}, "None": {"Meadowbank (NSW)_%": "16.7", "Australia": "623,829", "Australia_%": "7.5", "New South Wales_%": "9.2", "Meadowbank (NSW)": "335", "New South Wales": "239,625"}, "Number of motor vehicles not stated": {"Meadowbank (NSW)_%": "2.0", "Australia": "285,197", "Australia_%": "3.4", "New South Wales_%": "3.7", "Meadowbank (NSW)": "41", "New South Wales": "95,623"}, "1 motor vehicle": {"Meadowbank (NSW)_%": "58.3", "Australia": "2,881,485", "Australia_%": "34.8", "New South Wales_%": "36.3", "Meadowbank (NSW)": "1,170", "New South Wales": "946,159"}, "3 or more vehicles": {"Meadowbank (NSW)_%": "2.7", "Australia": "1,496,382", "Australia_%": "18.1", "New South Wales_%": "16.7", "Meadowbank (NSW)": "55", "New South Wales": "435,053"}}, "Employment status of parents in couple families": {"Labour force status not stated (by one or both parents in a couple family)": {"Meadowbank (NSW)_%": "5.2", "Australia": "311,381", "Australia_%": "6.2", "New South Wales_%": "5.7", "Meadowbank (NSW)": "58", "New South Wales": "90,630"}, "One employed full-time, one part-time": {"Meadowbank (NSW)_%": "17.4", "Australia": "1,086,460", "Australia_%": "21.7", "New South Wales_%": "20.6", "Meadowbank (NSW)": "193", "New South Wales": "329,567"}, "One employed part-time, other not working": {"Meadowbank (NSW)_%": "5.0", "Australia": "302,037", "Australia_%": "6.0", "New South Wales_%": "6.1", "Meadowbank (NSW)": "55", "New South Wales": "96,933"}, "Other (includes away from work)": {"Meadowbank (NSW)_%": "6.4", "Australia": "264,145", "Australia_%": "5.3", "New South Wales_%": "5.1", "Meadowbank (NSW)": "71", "New South Wales": "80,905"}, "Both employed, worked full-time": {"Meadowbank (NSW)_%": "35.7", "Australia": "1,084,006", "Australia_%": "21.6", "New South Wales_%": "22.6", "Meadowbank (NSW)": "396", "New South Wales": "360,916"}, "One employed full-time, other not working": {"Meadowbank (NSW)_%": "18.7", "Australia": "749,886", "Australia_%": "15.0", "New South Wales_%": "15.0", "Meadowbank (NSW)": "208", "New South Wales": "240,084"}, "Both employed, worked part-time": {"Meadowbank (NSW)_%": "3.6", "Australia": "203,596", "Australia_%": "4.1", "New South Wales_%": "4.0", "Meadowbank (NSW)": "40", "New South Wales": "63,106"}, "Both not working": {"Meadowbank (NSW)_%": "8.0", "Australia": "1,006,697", "Australia_%": "20.1", "New South Wales_%": "21.0", "Meadowbank (NSW)": "89", "New South Wales": "334,742"}}, "Country of birth of mother, stated responses": {"Philippines": {"Meadowbank (NSW)_%": "4.4", "Australia": "325,049", "Australia_%": "1.4", "New South Wales_%": "1.7", "Meadowbank (NSW)": "190", "New South Wales": "124,029"}, "Australia": {"Meadowbank (NSW)_%": "20.5", "Australia": "12,643,365", "Australia_%": "54.0", "New South Wales_%": "51.9", "Meadowbank (NSW)": "895", "New South Wales": "3,884,762"}, "India": {"Meadowbank (NSW)_%": "10.4", "Australia": "605,777", "Australia_%": "2.6", "New South Wales_%": "2.6", "Meadowbank (NSW)": "454", "New South Wales": "191,594"}, "China (excludes SARs and Taiwan)": {"Meadowbank (NSW)_%": "17.4", "Australia": "699,074", "Australia_%": "3.0", "New South Wales_%": "4.4", "Meadowbank (NSW)": "758", "New South Wales": "329,967"}, "Korea, Republic of (South)": {"Meadowbank (NSW)_%": "11.0", "Australia": "120,878", "Australia_%": "0.5", "New South Wales_%": "0.9", "Meadowbank (NSW)": "481", "New South Wales": "65,642"}}, "Dwelling structure": {"Other dwelling": {"Meadowbank (NSW)_%": "0.1", "Australia": "64,425", "Australia_%": "0.8", "New South Wales_%": "0.9", "Meadowbank (NSW)": "3", "New South Wales": "23,580"}, "Semi-detached, row or terrace house, townhouse etc": {"Meadowbank (NSW)_%": "0.5", "Australia": "1,055,016", "Australia_%": "12.7", "New South Wales_%": "12.2", "Meadowbank (NSW)": "10", "New South Wales": "317,453"}, "Separate house": {"Meadowbank (NSW)_%": "3.0", "Australia": "6,041,788", "Australia_%": "72.9", "New South Wales_%": "66.4", "Meadowbank (NSW)": "61", "New South Wales": "1,729,820"}, "Flat or apartment": {"Meadowbank (NSW)_%": "96.3", "Australia": "1,087,434", "Australia_%": "13.1", "New South Wales_%": "19.9", "Meadowbank (NSW)": "1,936", "New South Wales": "519,390"}}, "Number of bedrooms": {"1 bedroom": {"Meadowbank (NSW)_%": "26.8", "Australia": "411,252", "Australia_%": "5.0", "New South Wales_%": "6.0", "Meadowbank (NSW)": "537", "New South Wales": "157,194"}, "3 bedrooms": {"Meadowbank (NSW)_%": "14.1", "Australia": "3,403,190", "Australia_%": "41.1", "New South Wales_%": "37.2", "Meadowbank (NSW)": "283", "New South Wales": "970,001"}, "Average number of people per household": {"Meadowbank (NSW)_%": "--", "Australia": "2.6", "Australia_%": "--", "New South Wales_%": "--", "Meadowbank (NSW)": "2.1", "New South Wales": "2.6"}, "2 bedrooms": {"Meadowbank (NSW)_%": "55.0", "Australia": "1,562,759", "Australia_%": "18.9", "New South Wales_%": "22.2", "Meadowbank (NSW)": "1,104", "New South Wales": "577,675"}, "4 or more bedrooms": {"Meadowbank (NSW)_%": "1.7", "Australia": "2,670,758", "Australia_%": "32.2", "New South Wales_%": "31.3", "Meadowbank (NSW)": "35", "New South Wales": "816,405"}, "None (includes bedsitters)": {"Meadowbank (NSW)_%": "1.3", "Australia": "39,769", "Australia_%": "0.5", "New South Wales_%": "0.7", "Meadowbank (NSW)": "26", "New South Wales": "17,157"}, "Number of bedrooms not stated": {"Meadowbank (NSW)_%": "1.0", "Australia": "198,351", "Australia_%": "2.4", "New South Wales_%": "2.5", "Meadowbank (NSW)": "21", "New South Wales": "65,888"}, "Average number of bedrooms per dwelling": {"Meadowbank (NSW)_%": "--", "Australia": "3.1", "Australia_%": "--", "New South Wales_%": "--", "Meadowbank (NSW)": "1.9", "New South Wales": "3"}}, "summaryTable_qsFamilies": {"for all families": "0.3", "for families with children": "1.4", "Families": "1,262", "Average children per family": "None"}, "People characteristics": {"Male": {"Meadowbank (NSW)_%": "46.2", "Australia": "322,171", "Australia_%": "49.6", "New South Wales_%": "49.7", "Meadowbank (NSW)": "6", "New South Wales": "107,368"}, "Median age": {"Meadowbank (NSW)_%": "--", "Australia": "23", "Australia_%": "--", "New South Wales_%": "--", "Meadowbank (NSW)": "26", "New South Wales": "22"}, "Female": {"Meadowbank (NSW)_%": "53.8", "Australia": "326,996", "Australia_%": "50.4", "New South Wales_%": "50.3", "Meadowbank (NSW)": "7", "New South Wales": "108,809"}}, "Dwelling count": {"Unoccupied private dwellings": {"Meadowbank (NSW)_%": "7.8", "Australia": "1,039,874", "Australia_%": "11.2", "New South Wales_%": "9.9", "Meadowbank (NSW)": "170", "New South Wales": "284,741"}, "Occupied private dwellings": {"Meadowbank (NSW)_%": "92.2", "Australia": "8,286,073", "Australia_%": "88.8", "New South Wales_%": "90.1", "Meadowbank (NSW)": "2,010", "New South Wales": "2,604,320"}}, "Level of highest educational attainment": {"Certificate level III": {"Meadowbank (NSW)_%": "4.8", "Australia": "2,442,203", "Australia_%": "12.8", "New South Wales_%": "12.0", "Meadowbank (NSW)": "187", "New South Wales": "730,498"}, "Certificate level II": {"Meadowbank (NSW)_%": "0.0", "Australia": "13,454", "Australia_%": "0.1", "New South Wales_%": "0.1", "Meadowbank (NSW)": "0", "New South Wales": "4,849"}, "No educational attainment": {"Meadowbank (NSW)_%": "0.4", "Australia": "145,844", "Australia_%": "0.8", "New South Wales_%": "0.9", "Meadowbank (NSW)": "16", "New South Wales": "54,870"}, "Bachelor Degree level and above": {"Meadowbank (NSW)_%": "55.7", "Australia": "4,181,406", "Australia_%": "22.0", "New South Wales_%": "23.4", "Meadowbank (NSW)": "2,163", "New South Wales": "1,424,716"}, "Certificate level I": {"Meadowbank (NSW)_%": "0.0", "Australia": "2,176", "Australia_%": "0.0", "New South Wales_%": "0.0", "Meadowbank (NSW)": "0", "New South Wales": "625"}, "Year 11": {"Meadowbank (NSW)_%": "1.4", "Australia": "941,531", "Australia_%": "4.9", "New South Wales_%": "3.3", "Meadowbank (NSW)": "56", "New South Wales": "203,574"}, "Not stated": {"Meadowbank (NSW)_%": "4.1", "Australia": "1,974,794", "Australia_%": "10.4", "New South Wales_%": "10.3", "Meadowbank (NSW)": "159", "New South Wales": "627,465"}, "Year 9 or below": {"Meadowbank (NSW)_%": "2.0", "Australia": "1,529,897", "Australia_%": "8.0", "New South Wales_%": "8.4", "Meadowbank (NSW)": "78", "New South Wales": "513,209"}, "Certificate level IV": {"Meadowbank (NSW)_%": "2.2", "Australia": "551,767", "Australia_%": "2.9", "New South Wales_%": "2.8", "Meadowbank (NSW)": "87", "New South Wales": "167,947"}, "Year 10": {"Meadowbank (NSW)_%": "3.0", "Australia": "2,054,331", "Australia_%": "10.8", "New South Wales_%": "11.5", "Meadowbank (NSW)": "118", "New South Wales": "702,178"}, "Year 12": {"Meadowbank (NSW)_%": "14.8", "Australia": "2,994,097", "Australia_%": "15.7", "New South Wales_%": "15.3", "Meadowbank (NSW)": "574", "New South Wales": "930,654"}, "Advanced Diploma and Diploma level": {"Meadowbank (NSW)_%": "8.5", "Australia": "1,687,893", "Australia_%": "8.9", "New South Wales_%": "8.9", "Meadowbank (NSW)": "332", "New South Wales": "543,142"}}, "Median weekly incomes": {"Personal": {"Meadowbank (NSW)_%": "--", "Australia": "662", "Australia_%": "--", "New South Wales_%": "--", "Meadowbank (NSW)": "945", "New South Wales": "664"}, "Household": {"Meadowbank (NSW)_%": "--", "Australia": "1,438", "Australia_%": "--", "New South Wales_%": "--", "Meadowbank (NSW)": "1,704", "New South Wales": "1,486"}, "Family": {"Meadowbank (NSW)_%": "--", "Australia": "1,734", "Australia_%": "--", "New South Wales_%": "--", "Meadowbank (NSW)": "2,026", "New South Wales": "1,780"}}, "Family composition": {"Other family": {"Meadowbank (NSW)_%": "3.3", "Australia": "102,559", "Australia_%": "1.7", "New South Wales_%": "1.7", "Meadowbank (NSW)": "42", "New South Wales": "32,438"}, "Couple family with children": {"Meadowbank (NSW)_%": "32.9", "Australia": "2,716,224", "Australia_%": "44.7", "New South Wales_%": "45.7", "Meadowbank (NSW)": "414", "New South Wales": "887,358"}, "Couple family without children": {"Meadowbank (NSW)_%": "55.6", "Australia": "2,291,987", "Australia_%": "37.8", "New South Wales_%": "36.6", "Meadowbank (NSW)": "700", "New South Wales": "709,524"}, "One parent family": {"Meadowbank (NSW)_%": "8.2", "Australia": "959,543", "Australia_%": "15.8", "New South Wales_%": "16.0", "Meadowbank (NSW)": "103", "New South Wales": "310,906"}}, "Dwelling internet connection": {"Not stated": {"Meadowbank (NSW)_%": "1.2", "Australia": "221,494", "Australia_%": "2.7", "New South Wales_%": "2.8", "Meadowbank (NSW)": "25", "New South Wales": "73,565"}, "Internet not accessed from dwelling": {"Meadowbank (NSW)_%": "8.8", "Australia": "1,172,415", "Australia_%": "14.1", "New South Wales_%": "14.7", "Meadowbank (NSW)": "177", "New South Wales": "381,709"}, "Internet accessed from dwelling": {"Meadowbank (NSW)_%": "89.9", "Australia": "6,892,165", "Australia_%": "83.2", "New South Wales_%": "82.5", "Meadowbank (NSW)": "1,806", "New South Wales": "2,149,040"}}, "Social marital status": {"Not married": {"Meadowbank (NSW)_%": "40.9", "Australia": "7,024,973", "Australia_%": "41.9", "New South Wales_%": "42.3", "Meadowbank (NSW)": "1,506", "New South Wales": "2,290,887"}, "De facto marriage": {"Meadowbank (NSW)_%": "11.1", "Australia": "1,751,731", "Australia_%": "10.4", "New South Wales_%": "9.4", "Meadowbank (NSW)": "409", "New South Wales": "506,133"}, "Registered marriage": {"Meadowbank (NSW)_%": "48.0", "Australia": "8,001,141", "Australia_%": "47.7", "New South Wales_%": "48.3", "Meadowbank (NSW)": "1,765", "New South Wales": "2,612,630"}}, "Household composition": {"Family households": {"Meadowbank (NSW)_%": "62.2", "Australia": "5,907,625", "Australia_%": "71.3", "New South Wales_%": "72.0", "Meadowbank (NSW)": "1,251", "New South Wales": "1,874,524"}, "Group households": {"Meadowbank (NSW)_%": "7.3", "Australia": "354,917", "Australia_%": "4.3", "New South Wales_%": "4.2", "Meadowbank (NSW)": "147", "New South Wales": "109,004"}, "Single (or lone) person households": {"Meadowbank (NSW)_%": "30.5", "Australia": "2,023,542", "Australia_%": "24.4", "New South Wales_%": "23.8", "Meadowbank (NSW)": "614", "New South Wales": "620,778"}}, "People": {"Male": {"Meadowbank (NSW)_%": "49.4", "Australia": "11,546,638", "Australia_%": "49.3", "New South Wales_%": "49.3", "Meadowbank (NSW)": "2,180", "New South Wales": "3,686,014"}, "Aboriginal and/or Torres Strait Islander people": {"Meadowbank (NSW)_%": "0.5", "Australia": "649,171", "Australia_%": "2.8", "New South Wales_%": "2.9", "Meadowbank (NSW)": "20", "New South Wales": "216,176"}, "Female": {"Meadowbank (NSW)_%": "50.6", "Australia": "11,855,248", "Australia_%": "50.7", "New South Wales_%": "50.7", "Meadowbank (NSW)": "2,230", "New South Wales": "3,794,217"}}, "Language, top responses (other than English)": {"null": {"Meadowbank (NSW)_%": null, "Australia": "None", "Australia_%": "None", "New South Wales_%": "None", "Meadowbank (NSW)": null, "New South Wales": "None"}, "English only spoken at home": {"Meadowbank (NSW)_%": "36.2", "Australia": "17,020,417", "Australia_%": "72.7", "New South Wales_%": "68.5", "Meadowbank (NSW)": "1,589", "New South Wales": "5,126,633"}, "Persian (excluding Dari)": {"Meadowbank (NSW)_%": "2.3", "Australia": "58,313", "Australia_%": "0.2", "New South Wales_%": "0.3", "Meadowbank (NSW)": "102", "New South Wales": "22,044"}, "Households where a non English language is spoken": {"Meadowbank (NSW)_%": "59.3", "Australia": "1,971,011", "Australia_%": "22.2", "New South Wales_%": "26.5", "Meadowbank (NSW)": "1,223", "New South Wales": "735,563"}, "Hindi": {"Meadowbank (NSW)_%": "3.4", "Australia": "159,652", "Australia_%": "0.7", "New South Wales_%": "0.9", "Meadowbank (NSW)": "149", "New South Wales": "67,034"}, "Cantonese": {"Meadowbank (NSW)_%": "6.8", "Australia": "280,943", "Australia_%": "1.2", "New South Wales_%": "1.9", "Meadowbank (NSW)": "296", "New South Wales": "143,333"}, "Mandarin": {"Meadowbank (NSW)_%": "14.8", "Australia": "596,711", "Australia_%": "2.5", "New South Wales_%": "3.2", "Meadowbank (NSW)": "650", "New South Wales": "239,945"}, "Korean": {"Meadowbank (NSW)_%": "10.1", "Australia": "108,997", "Australia_%": "0.5", "New South Wales_%": "0.8", "Meadowbank (NSW)": "444", "New South Wales": "59,912"}}, "summaryTable_qsDwelling": {"Median monthly mortgage repayments": "$2,076", "All private dwellings": "2,229", "Average people per household": "2.1", "Median weekly household income": "$1,704", "Median weekly rent": "$430", "Average motor vehicles per dwelling": "1.1"}, "Household income": {"Less than $650 gross weekly income": {"Meadowbank (NSW)_%": "13.8", "Australia": "--", "Australia_%": "20.0", "New South Wales_%": "19.7", "Meadowbank (NSW)": "--", "New South Wales": "--"}, "More than $3000 gross weekly income": {"Meadowbank (NSW)_%": "17.4", "Australia": "--", "Australia_%": "16.4", "New South Wales_%": "18.7", "Meadowbank (NSW)": "--", "New South Wales": "--"}}, "Country of birth": {"Other top responses": {"Meadowbank (NSW)": "None", "Meadowbank (NSW)_%": "None"}, "Australia": {"Meadowbank (NSW)_%": "34.2", "Australia": "15,614,835", "Australia_%": "66.7", "New South Wales_%": "65.5", "Meadowbank (NSW)": "1,507", "New South Wales": "4,899,090"}, "Philippines": {"Meadowbank (NSW)_%": "3.3", "Australia": "232,386", "Australia_%": "1.0", "New South Wales_%": "1.2", "Meadowbank (NSW)": "145", "New South Wales": "86,749"}, "India": {"Meadowbank (NSW)_%": "9.0", "Australia": "455,389", "Australia_%": "1.9", "New South Wales_%": "1.9", "Meadowbank (NSW)": "395", "New South Wales": "143,459"}, "China (excludes SARs and Taiwan)": {"Meadowbank (NSW)_%": "14.2", "Australia": "509,555", "Australia_%": "2.2", "New South Wales_%": "3.1", "Meadowbank (NSW)": "624", "New South Wales": "234,508"}, "Hong Kong (SAR of China)": {"Meadowbank (NSW)_%": "2.9", "Australia": "86,886", "Australia_%": "0.4", "New South Wales_%": "0.6", "Meadowbank (NSW)": "129", "New South Wales": "42,347"}, "Korea, Republic of (South)": {"Meadowbank (NSW)_%": "8.8", "Australia": "98,776", "Australia_%": "0.4", "New South Wales_%": "0.7", "Meadowbank (NSW)": "386", "New South Wales": "51,816"}}, "Religious affiliation, top responses": {"No Religion, so described": {"Meadowbank (NSW)_%": "33.8", "Australia": "6,933,708", "Australia_%": "29.6", "New South Wales_%": "25.1", "Meadowbank (NSW)": "1,488", "New South Wales": "1,879,562"}, "Catholic": {"Meadowbank (NSW)_%": "17.8", "Australia": "5,291,834", "Australia_%": "22.6", "New South Wales_%": "24.7", "Meadowbank (NSW)": "782", "New South Wales": "1,846,443"}, "Not stated": {"Meadowbank (NSW)_%": "6.3", "Australia": "2,238,735", "Australia_%": "9.6", "New South Wales_%": "9.2", "Meadowbank (NSW)": "276", "New South Wales": "684,969"}, "Anglican": {"Meadowbank (NSW)_%": "5.9", "Australia": "3,101,185", "Australia_%": "13.3", "New South Wales_%": "15.5", "Meadowbank (NSW)": "259", "New South Wales": "1,161,810"}, "Hinduism": {"Meadowbank (NSW)_%": "9.3", "Australia": "440,300", "Australia_%": "1.9", "New South Wales_%": "2.4", "Meadowbank (NSW)": "407", "New South Wales": "181,402"}}, "Ancestry, top responses": {"Australian": {"Meadowbank (NSW)_%": "10.2", "Australia": "7,298,243", "Australia_%": "23.3", "New South Wales_%": "22.9", "Meadowbank (NSW)": "538", "New South Wales": "2,261,062"}, "Indian": {"Meadowbank (NSW)_%": "8.8", "Australia": "619,164", "Australia_%": "2.0", "New South Wales_%": "2.1", "Meadowbank (NSW)": "467", "New South Wales": "211,927"}, "Korean": {"Meadowbank (NSW)_%": "8.9", "Australia": "123,017", "Australia_%": "0.4", "New South Wales_%": "0.7", "Meadowbank (NSW)": "473", "New South Wales": "66,613"}, "Chinese": {"Meadowbank (NSW)_%": "20.8", "Australia": "1,213,903", "Australia_%": "3.9", "New South Wales_%": "5.2", "Meadowbank (NSW)": "1,099", "New South Wales": "514,594"}, "English": {"Meadowbank (NSW)_%": "12.0", "Australia": "7,852,224", "Australia_%": "25.0", "New South Wales_%": "23.3", "Meadowbank (NSW)": "636", "New South Wales": "2,302,481"}}, "Age": {"35-39 years": {"Meadowbank (NSW)_%": "12.3", "Australia": "1,561,679", "Australia_%": "6.7", "New South Wales_%": "6.7", "Meadowbank (NSW)": "540", "New South Wales": "499,724"}, "60-64 years": {"Meadowbank (NSW)_%": "3.5", "Australia": "1,299,397", "Australia_%": "5.6", "New South Wales_%": "5.6", "Meadowbank (NSW)": "153", "New South Wales": "420,044"}, "30-34 years": {"Meadowbank (NSW)_%": "20.4", "Australia": "1,703,847", "Australia_%": "7.3", "New South Wales_%": "7.2", "Meadowbank (NSW)": "900", "New South Wales": "540,360"}, "0-4 years": {"Meadowbank (NSW)_%": "7.6", "Australia": "1,464,779", "Australia_%": "6.3", "New South Wales_%": "6.2", "Meadowbank (NSW)": "336", "New South Wales": "465,135"}, "25-29 years": {"Meadowbank (NSW)_%": "17.1", "Australia": "1,664,602", "Australia_%": "7.1", "New South Wales_%": "7.0", "Meadowbank (NSW)": "752", "New South Wales": "527,161"}, "10-14 years": {"Meadowbank (NSW)_%": "1.7", "Australia": "1,397,183", "Australia_%": "6.0", "New South Wales_%": "5.9", "Meadowbank (NSW)": "75", "New South Wales": "443,009"}, "5-9 years": {"Meadowbank (NSW)_%": "2.8", "Australia": "1,502,646", "Australia_%": "6.4", "New South Wales_%": "6.4", "Meadowbank (NSW)": "125", "New South Wales": "478,184"}, "Median age": {"Meadowbank (NSW)_%": "--", "Australia": "38", "Australia_%": "--", "New South Wales_%": "--", "Meadowbank (NSW)": "32", "New South Wales": "38"}, "50-54 years": {"Meadowbank (NSW)_%": "4.0", "Australia": "1,523,551", "Australia_%": "6.5", "New South Wales_%": "6.5", "Meadowbank (NSW)": "174", "New South Wales": "485,546"}, "80-84 years": {"Meadowbank (NSW)_%": "0.6", "Australia": "460,549", "Australia_%": "2.0", "New South Wales_%": "2.1", "Meadowbank (NSW)": "28", "New South Wales": "155,806"}, "40-44 years": {"Meadowbank (NSW)_%": "6.1", "Australia": "1,583,257", "Australia_%": "6.8", "New South Wales_%": "6.7", "Meadowbank (NSW)": "268", "New South Wales": "503,169"}, "70-74 years": {"Meadowbank (NSW)_%": "1.7", "Australia": "887,716", "Australia_%": "3.8", "New South Wales_%": "3.9", "Meadowbank (NSW)": "74", "New South Wales": "292,556"}, "15-19 years": {"Meadowbank (NSW)_%": "2.6", "Australia": "1,421,595", "Australia_%": "6.1", "New South Wales_%": "6.0", "Meadowbank (NSW)": "113", "New South Wales": "448,425"}, "65-69 years": {"Meadowbank (NSW)_%": "2.5", "Australia": "1,188,999", "Australia_%": "5.1", "New South Wales_%": "5.1", "Meadowbank (NSW)": "108", "New South Wales": "384,470"}, "20-24 years": {"Meadowbank (NSW)_%": "7.7", "Australia": "1,566,793", "Australia_%": "6.7", "New South Wales_%": "6.5", "Meadowbank (NSW)": "339", "New South Wales": "489,673"}, "55-59 years": {"Meadowbank (NSW)_%": "3.8", "Australia": "1,454,332", "Australia_%": "6.2", "New South Wales_%": "6.3", "Meadowbank (NSW)": "168", "New South Wales": "469,726"}, "75-79 years": {"Meadowbank (NSW)_%": "1.2", "Australia": "652,657", "Australia_%": "2.8", "New South Wales_%": "2.9", "Meadowbank (NSW)": "53", "New South Wales": "217,308"}, "45-49 years": {"Meadowbank (NSW)_%": "4.2", "Australia": "1,581,455", "Australia_%": "6.8", "New South Wales_%": "6.6", "Meadowbank (NSW)": "183", "New South Wales": "492,440"}, "85 years and over": {"Meadowbank (NSW)_%": "0.4", "Australia": "486,842", "Australia_%": "2.1", "New South Wales_%": "2.2", "Meadowbank (NSW)": "16", "New South Wales": "167,506"}}, "Single (or lone) parents": {"Male": {"Meadowbank (NSW)_%": "17.3", "Australia": "--", "Australia_%": "18.2", "New South Wales_%": "17.8", "Meadowbank (NSW)": "--", "New South Wales": "--"}, "Female": {"Meadowbank (NSW)_%": "82.7", "Australia": "--", "Australia_%": "81.8", "New South Wales_%": "82.2", "Meadowbank (NSW)": "--", "New South Wales": "--"}}, "Mortgage monthly repayments": {"Median mortgage repayments": {"Meadowbank (NSW)_%": "--", "Australia": "1,755", "Australia_%": "--", "New South Wales_%": "--", "Meadowbank (NSW)": "2,076", "New South Wales": "1,986"}, "Households where mortgage repayments are less than 30% of household income": {"Meadowbank (NSW)_%": "93.7", "Australia": "--", "Australia_%": "92.8", "New South Wales_%": "92.6", "Meadowbank (NSW)": "--", "New South Wales": "--"}, "Households with mortgage repayments greater than or equal to 30% of household income": {"Meadowbank (NSW)_%": "6.3", "Australia": "--", "Australia_%": "7.2", "New South Wales_%": "7.4", "Meadowbank (NSW)": "--", "New South Wales": "--"}}, "Mortgage and rent": {"Median monthly mortgage repayments": {"Meadowbank (NSW)_%": "--", "Australia": "1,660", "Australia_%": "--", "New South Wales_%": "--", "Meadowbank (NSW)": "0", "New South Wales": "1,733"}, "Median weekly rent": {"Meadowbank (NSW)_%": "--", "Australia": "250", "Australia_%": "--", "New South Wales_%": "--", "Meadowbank (NSW)": "440", "New South Wales": "270"}}, "Tenure": {"Rented": {"Meadowbank (NSW)_%": "60.5", "Australia": "2,561,302", "Australia_%": "30.9", "New South Wales_%": "31.8", "Meadowbank (NSW)": "1,217", "New South Wales": "826,922"}, "Owned outright": {"Meadowbank (NSW)_%": "12.5", "Australia": "2,565,695", "Australia_%": "31.0", "New South Wales_%": "32.2", "Meadowbank (NSW)": "252", "New South Wales": "839,665"}, "Owned with a mortgage": {"Meadowbank (NSW)_%": "25.7", "Australia": "2,855,222", "Australia_%": "34.5", "New South Wales_%": "32.3", "Meadowbank (NSW)": "518", "New South Wales": "840,004"}, "Tenure type not stated": {"Meadowbank (NSW)_%": "1.0", "Australia": "224,869", "Australia_%": "2.7", "New South Wales_%": "2.8", "Meadowbank (NSW)": "21", "New South Wales": "73,763"}, "Other tenure type": {"Meadowbank (NSW)_%": "0.2", "Australia": "78,994", "Australia_%": "1.0", "New South Wales_%": "0.9", "Meadowbank (NSW)": "4", "New South Wales": "23,968"}}, "Country of birth of father, stated responses": {"Philippines": {"Meadowbank (NSW)_%": "3.9", "Australia": "270,177", "Australia_%": "1.2", "New South Wales_%": "1.4", "Meadowbank (NSW)": "171", "New South Wales": "106,423"}, "Australia": {"Meadowbank (NSW)_%": "19.7", "Australia": "12,231,150", "Australia_%": "52.3", "New South Wales_%": "50.1", "Meadowbank (NSW)": "868", "New South Wales": "3,745,787"}, "India": {"Meadowbank (NSW)_%": "10.5", "Australia": "616,939", "Australia_%": "2.6", "New South Wales_%": "2.6", "Meadowbank (NSW)": "463", "New South Wales": "195,217"}, "China (excludes SARs and Taiwan)": {"Meadowbank (NSW)_%": "17.3", "Australia": "704,658", "Australia_%": "3.0", "New South Wales_%": "4.4", "Meadowbank (NSW)": "760", "New South Wales": "332,465"}, "Korea, Republic of (South)": {"Meadowbank (NSW)_%": "10.5", "Australia": "116,045", "Australia_%": "0.5", "New South Wales_%": "0.8", "Meadowbank (NSW)": "463", "New South Wales": "63,494"}}, "Country of birth of father and/or mother, stated responses": {"Father only born overseas": {"Meadowbank (NSW)_%": "3.5", "Australia": "1,488,092", "Australia_%": "6.4", "New South Wales_%": "6.1", "Meadowbank (NSW)": "156", "New South Wales": "458,394"}, "Mother only born overseas": {"Meadowbank (NSW)_%": "3.0", "Australia": "1,094,591", "Australia_%": "4.7", "New South Wales_%": "4.3", "Meadowbank (NSW)": "134", "New South Wales": "325,182"}, "Both parents born overseas": {"Meadowbank (NSW)_%": "73.5", "Australia": "8,051,196", "Australia_%": "34.4", "New South Wales_%": "37.0", "Meadowbank (NSW)": "3,243", "New South Wales": "2,764,170"}, "Both parents born in Australia": {"Meadowbank (NSW)_%": "16.6", "Australia": "11,070,538", "Australia_%": "47.3", "New South Wales_%": "45.4", "Meadowbank (NSW)": "733", "New South Wales": "3,399,725"}}, "Rent weekly payments": {"Households where rent payments are less than 30% of household income": {"Meadowbank (NSW)_%": "75.7", "Australia": "--", "Australia_%": "88.5", "New South Wales_%": "87.1", "Meadowbank (NSW)": "--", "New South Wales": "--"}, "Households with rent payments greater than or equal to 30% of household income": {"Meadowbank (NSW)_%": "24.3", "Australia": "--", "Australia_%": "11.5", "New South Wales_%": "12.9", "Meadowbank (NSW)": "--", "New South Wales": "--"}, "Median rent": {"Meadowbank (NSW)_%": "--", "Australia": "335", "Australia_%": "--", "New South Wales_%": "--", "Meadowbank (NSW)": "430", "New South Wales": "380"}}, "Registered marital status": {"Separated": {"Meadowbank (NSW)_%": "2.4", "Australia": "608,059", "Australia_%": "3.2", "New South Wales_%": "3.1", "Meadowbank (NSW)": "94", "New South Wales": "190,198"}, "Widowed": {"Meadowbank (NSW)_%": "1.5", "Australia": "985,204", "Australia_%": "5.2", "New South Wales_%": "5.4", "Meadowbank (NSW)": "59", "New South Wales": "331,653"}, "Married": {"Meadowbank (NSW)_%": "50.9", "Australia": "9,148,218", "Australia_%": "48.1", "New South Wales_%": "48.7", "Meadowbank (NSW)": "1,972", "New South Wales": "2,965,280"}, "Divorced": {"Meadowbank (NSW)_%": "6.1", "Australia": "1,626,890", "Australia_%": "8.5", "New South Wales_%": "8.4", "Meadowbank (NSW)": "237", "New South Wales": "512,298"}, "Never married": {"Meadowbank (NSW)_%": "39.1", "Australia": "6,668,910", "Australia_%": "35.0", "New South Wales_%": "34.4", "Meadowbank (NSW)": "1,514", "New South Wales": "2,094,460"}}, "summaryTable_qsPeople": {"Male": "49.4%", "Median age": "32", "Female": "50.6%", "People": "4,408"}, "Dwelling characteristics": {"Average number of people per household": {"Meadowbank (NSW)_%": "--", "Australia": "3.2", "Australia_%": "--", "New South Wales_%": "--", "Meadowbank (NSW)": "2", "New South Wales": "3.1"}, "Average number of persons per bedroom": {"Meadowbank (NSW)_%": "--", "Australia": "1", "Australia_%": "--", "New South Wales_%": "--", "Meadowbank (NSW)": "1", "New South Wales": "1"}, "Median weekly household income": {"Meadowbank (NSW)_%": "--", "Australia": "1,203", "Australia_%": "--", "New South Wales_%": "--", "Meadowbank (NSW)": "900", "New South Wales": "1,214"}}, "Unpaid work": {"Did unpaid domestic work (last week)": {"Meadowbank (NSW)_%": "71.4", "Australia": "13,143,914", "Australia_%": "69.0", "New South Wales_%": "67.7", "Meadowbank (NSW)": "2,765", "New South Wales": "4,127,723"}, "Provided unpaid assistance to a person with a disability (last two weeks)": {"Meadowbank (NSW)_%": "7.8", "Australia": "2,145,203", "Australia_%": "11.3", "New South Wales_%": "11.6", "Meadowbank (NSW)": "304", "New South Wales": "709,415"}, "Did voluntary work through an organisation or group (last 12 months)": {"Meadowbank (NSW)_%": "16.6", "Australia": "3,620,726", "Australia_%": "19.0", "New South Wales_%": "18.1", "Meadowbank (NSW)": "644", "New South Wales": "1,103,790"}, "Cared for child/children (last two weeks)": {"Meadowbank (NSW)_%": "21.6", "Australia": "5,259,400", "Australia_%": "27.6", "New South Wales_%": "27.2", "Meadowbank (NSW)": "837", "New South Wales": "1,659,250"}}, "Unpaid domestic work, number of hours": {"5 to 14 hours per week": {"Meadowbank (NSW)_%": "28.1", "Australia": "4,944,578", "Australia_%": "26.0", "New South Wales_%": "25.1", "Meadowbank (NSW)": "1,087", "New South Wales": "1,531,206"}, "30 hours or more per week": {"Meadowbank (NSW)_%": "5.5", "Australia": "1,710,970", "Australia_%": "9.0", "New South Wales_%": "9.0", "Meadowbank (NSW)": "214", "New South Wales": "545,925"}, "Less than 5 hours per week": {"Meadowbank (NSW)_%": "28.8", "Australia": "4,298,593", "Australia_%": "22.6", "New South Wales_%": "22.3", "Meadowbank (NSW)": "1,117", "New South Wales": "1,359,656"}, "15 to 29 hours per week": {"Meadowbank (NSW)_%": "9.0", "Australia": "2,189,776", "Australia_%": "11.5", "New South Wales_%": "11.3", "Meadowbank (NSW)": "347", "New South Wales": "690,934"}}, "Industry of employment, top responses": {"Cafes and Restaurants": {"Meadowbank (NSW)_%": "2.8", "Australia": "253,385", "Australia_%": "2.4", "New South Wales_%": "2.4", "Meadowbank (NSW)": "73", "New South Wales": "80,552"}, "Computer System Design and Related Services": {"Meadowbank (NSW)_%": "5.3", "Australia": "162,884", "Australia_%": "1.5", "New South Wales_%": "1.9", "Meadowbank (NSW)": "141", "New South Wales": "63,717"}, "Higher Education": {"Meadowbank (NSW)_%": "2.6", "Australia": "155,985", "Australia_%": "1.5", "New South Wales_%": "1.4", "Meadowbank (NSW)": "70", "New South Wales": "46,246"}, "Hospitals (except Psychiatric Hospitals)": {"Meadowbank (NSW)_%": "4.1", "Australia": "411,808", "Australia_%": "3.9", "New South Wales_%": "3.5", "Meadowbank (NSW)": "108", "New South Wales": "119,350"}, "Banking": {"Meadowbank (NSW)_%": "4.5", "Australia": "144,232", "Australia_%": "1.3", "New South Wales_%": "1.9", "Meadowbank (NSW)": "118", "New South Wales": "63,678"}}, "GeoInfo": {"city": "Meadowbank (NSW)"}, "Education": {"University or tertiary institution": {"Meadowbank (NSW)_%": "39.6", "Australia": "1,160,626", "Australia_%": "16.1", "New South Wales_%": "16.2", "Meadowbank (NSW)": "430", "New South Wales": "376,133"}, "Secondary - Catholic": {"Meadowbank (NSW)_%": "2.1", "Australia": "338,384", "Australia_%": "4.7", "New South Wales_%": "5.1", "Meadowbank (NSW)": "23", "New South Wales": "117,689"}, "Secondary - other non Government": {"Meadowbank (NSW)_%": "0.6", "Australia": "280,618", "Australia_%": "3.9", "New South Wales_%": "3.4", "Meadowbank (NSW)": "6", "New South Wales": "79,915"}, "Primary - Catholic": {"Meadowbank (NSW)_%": "2.2", "Australia": "380,604", "Australia_%": "5.3", "New South Wales_%": "5.3", "Meadowbank (NSW)": "24", "New South Wales": "122,099"}, "Primary - Government": {"Meadowbank (NSW)_%": "10.0", "Australia": "1,314,787", "Australia_%": "18.2", "New South Wales_%": "18.0", "Meadowbank (NSW)": "109", "New South Wales": "417,465"}, "Other": {"Meadowbank (NSW)_%": "6.4", "Australia": "198,383", "Australia_%": "2.8", "New South Wales_%": "2.7", "Meadowbank (NSW)": "70", "New South Wales": "63,673"}, "Technical or further education institution": {"Meadowbank (NSW)_%": "14.4", "Australia": "424,869", "Australia_%": "5.9", "New South Wales_%": "6.2", "Meadowbank (NSW)": "156", "New South Wales": "144,103"}, "Secondary - Government": {"Meadowbank (NSW)_%": "5.5", "Australia": "827,505", "Australia_%": "11.5", "New South Wales_%": "11.6", "Meadowbank (NSW)": "60", "New South Wales": "269,249"}, "Primary - other non Government": {"Meadowbank (NSW)_%": "0.5", "Australia": "231,490", "Australia_%": "3.2", "New South Wales_%": "2.9", "Meadowbank (NSW)": "5", "New South Wales": "67,611"}, "Not stated": {"Meadowbank (NSW)_%": "13.0", "Australia": "1,707,023", "Australia_%": "23.7", "New South Wales_%": "23.0", "Meadowbank (NSW)": "141", "New South Wales": "535,266"}, "Preschool": {"Meadowbank (NSW)_%": "5.7", "Australia": "347,621", "Australia_%": "4.8", "New South Wales_%": "5.7", "Meadowbank (NSW)": "62", "New South Wales": "132,047"}}, "Employment": {"Unemployed": {"Meadowbank (NSW)_%": "6.7", "Australia": "787,452", "Australia_%": "6.9", "New South Wales_%": "6.3", "Meadowbank (NSW)": "196", "New South Wales": "225,546"}, "Worked part-time": {"Meadowbank (NSW)_%": "20.7", "Australia": "3,491,503", "Australia_%": "30.4", "New South Wales_%": "29.7", "Meadowbank (NSW)": "605", "New South Wales": "1,071,151"}, "Away from work": {"Meadowbank (NSW)_%": "4.4", "Australia": "569,276", "Australia_%": "5.0", "New South Wales_%": "4.8", "Meadowbank (NSW)": "128", "New South Wales": "174,654"}, "Worked full-time": {"Meadowbank (NSW)_%": "68.3", "Australia": "6,623,065", "Australia_%": "57.7", "New South Wales_%": "59.2", "Meadowbank (NSW)": "1,998", "New South Wales": "2,134,521"}}, "Travel to work, top responses": {"Worked at home": {"Meadowbank (NSW)_%": "3.0", "Australia": "503,582", "Australia_%": "4.7", "New South Wales_%": "4.8", "Meadowbank (NSW)": "81", "New South Wales": "163,026"}, "People who travelled to work by car as driver or passenger": {"Meadowbank (NSW)_%": "41.5", "Australia": "7,305,271", "Australia_%": "68.4", "New South Wales_%": "64.6", "Meadowbank (NSW)": "1,138", "New South Wales": "2,182,854"}, "null": {"Meadowbank (NSW)_%": null, "Australia": "None", "Australia_%": "None", "New South Wales_%": "None", "Meadowbank (NSW)": null, "New South Wales": "None"}, "People who travelled to work by public transport": {"Meadowbank (NSW)_%": "45.9", "Australia": "1,225,668", "Australia_%": "11.5", "New South Wales_%": "16.0", "Meadowbank (NSW)": "1,256", "New South Wales": "540,215"}, "Car, as driver": {"Meadowbank (NSW)_%": "37.6", "Australia": "6,574,571", "Australia_%": "61.5", "New South Wales_%": "57.8", "Meadowbank (NSW)": "1,024", "New South Wales": "1,953,399"}, "Train": {"Meadowbank (NSW)_%": "38.4", "Australia": "488,012", "Australia_%": "4.6", "New South Wales_%": "7.5", "Meadowbank (NSW)": "1,046", "New South Wales": "252,786"}, "Train, bus": {"Meadowbank (NSW)_%": "3.4", "Australia": "104,122", "Australia_%": "1.0", "New South Wales_%": "1.8", "Meadowbank (NSW)": "93", "New South Wales": "60,155"}, "Car, as passenger": {"Meadowbank (NSW)_%": "2.5", "Australia": "489,922", "Australia_%": "4.6", "New South Wales_%": "4.3", "Meadowbank (NSW)": "68", "New South Wales": "144,820"}}, "Occupation": {"Professionals": {"Meadowbank (NSW)_%": "39.1", "Australia": "2,370,966", "Australia_%": "22.2", "New South Wales_%": "23.6", "Meadowbank (NSW)": "1,074", "New South Wales": "798,126"}, "Technicians and Trades Workers": {"Meadowbank (NSW)_%": "9.0", "Australia": "1,447,414", "Australia_%": "13.5", "New South Wales_%": "12.7", "Meadowbank (NSW)": "247", "New South Wales": "429,239"}, "Community and Personal Service Workers": {"Meadowbank (NSW)_%": "6.8", "Australia": "1,157,003", "Australia_%": "10.8", "New South Wales_%": "10.4", "Meadowbank (NSW)": "187", "New South Wales": "350,261"}, "Clerical and Administrative Workers": {"Meadowbank (NSW)_%": "16.8", "Australia": "1,449,681", "Australia_%": "13.6", "New South Wales_%": "13.8", "Meadowbank (NSW)": "461", "New South Wales": "467,977"}, "Machinery Operators and Drivers": {"Meadowbank (NSW)_%": "2.8", "Australia": "670,106", "Australia_%": "6.3", "New South Wales_%": "6.1", "Meadowbank (NSW)": "76", "New South Wales": "206,839"}, "Labourers": {"Meadowbank (NSW)_%": "4.1", "Australia": "1,011,520", "Australia_%": "9.5", "New South Wales_%": "8.8", "Meadowbank (NSW)": "113", "New South Wales": "297,887"}, "Sales Workers": {"Meadowbank (NSW)_%": "7.8", "Australia": "1,000,955", "Australia_%": "9.4", "New South Wales_%": "9.2", "Meadowbank (NSW)": "215", "New South Wales": "311,414"}, "Managers": {"Meadowbank (NSW)_%": "12.0", "Australia": "1,390,047", "Australia_%": "13.0", "New South Wales_%": "13.5", "Meadowbank (NSW)": "329", "New South Wales": "456,084"}}}