{"Employment - hours worked": {"40 hours or more per week": {"Australia": "4,591,801", "Mount White": "46", "Australia_%": "43.0", "New South Wales_%": "44.1", "Mount White_%": "47.4", "New South Wales": "1,489,099"}, "25-34 hours per week": {"Australia": "1,193,445", "Mount White": "7", "Australia_%": "11.2", "New South Wales_%": "10.5", "Mount White_%": "7.2", "New South Wales": "353,702"}, "16-24 hours per week": {"Australia": "1,079,236", "Mount White": "20", "Australia_%": "10.1", "New South Wales_%": "10.4", "Mount White_%": "20.6", "New South Wales": "352,817"}, "35-39 hours per week": {"Australia": "2,031,263", "Mount White": "11", "Australia_%": "19.0", "New South Wales_%": "19.1", "Mount White_%": "11.3", "New South Wales": "645,428"}, "1-15 hours per week": {"Australia": "1,218,823", "Mount White": "6", "Australia_%": "11.4", "New South Wales_%": "10.8", "Mount White_%": "6.2", "New South Wales": "364,637"}}, "Number of registered motor vehicles": {"2 motor vehicles": {"Australia": "2,999,184", "Mount White": "23", "Australia_%": "36.2", "New South Wales_%": "34.1", "Mount White_%": "25.3", "New South Wales": "887,849"}, "None": {"Australia": "623,829", "Mount White": "3", "Australia_%": "7.5", "New South Wales_%": "9.2", "Mount White_%": "3.3", "New South Wales": "239,625"}, "Number of motor vehicles not stated": {"Australia": "285,197", "Mount White": "7", "Australia_%": "3.4", "New South Wales_%": "3.7", "Mount White_%": "7.7", "New South Wales": "95,623"}, "1 motor vehicle": {"Australia": "2,881,485", "Mount White": "37", "Australia_%": "34.8", "New South Wales_%": "36.3", "Mount White_%": "40.7", "New South Wales": "946,159"}, "3 or more vehicles": {"Australia": "1,496,382", "Mount White": "21", "Australia_%": "18.1", "New South Wales_%": "16.7", "Mount White_%": "23.1", "New South Wales": "435,053"}}, "Employment status of parents in couple families": {"Labour force status not stated (by one or both parents in a couple family)": {"Australia": "311,381", "Mount White": "3", "Australia_%": "6.2", "New South Wales_%": "5.7", "Mount White_%": "7.9", "New South Wales": "90,630"}, "One employed full-time, one part-time": {"Australia": "1,086,460", "Mount White": "9", "Australia_%": "21.7", "New South Wales_%": "20.6", "Mount White_%": "23.7", "New South Wales": "329,567"}, "One employed part-time, other not working": {"Australia": "302,037", "Mount White": "3", "Australia_%": "6.0", "New South Wales_%": "6.1", "Mount White_%": "7.9", "New South Wales": "96,933"}, "Other (includes away from work)": {"Australia": "264,145", "Mount White": "3", "Australia_%": "5.3", "New South Wales_%": "5.1", "Mount White_%": "7.9", "New South Wales": "80,905"}, "Both employed, worked full-time": {"Australia": "1,084,006", "Mount White": "10", "Australia_%": "21.6", "New South Wales_%": "22.6", "Mount White_%": "26.3", "New South Wales": "360,916"}, "One employed full-time, other not working": {"Australia": "749,886", "Mount White": "4", "Australia_%": "15.0", "New South Wales_%": "15.0", "Mount White_%": "10.5", "New South Wales": "240,084"}, "Both employed, worked part-time": {"Australia": "203,596", "Mount White": "0", "Australia_%": "4.1", "New South Wales_%": "4.0", "Mount White_%": "0.0", "New South Wales": "63,106"}, "Both not working": {"Australia": "1,006,697", "Mount White": "6", "Australia_%": "20.1", "New South Wales_%": "21.0", "Mount White_%": "15.8", "New South Wales": "334,742"}}, "Country of birth of mother, stated responses": {"Germany": {"Australia": "169,618", "Mount White": "3", "Australia_%": "0.7", "New South Wales_%": "0.6", "Mount White_%": "1.8", "New South Wales": "47,489"}, "New Zealand": {"Australia": "608,329", "Mount White": "6", "Australia_%": "2.6", "New South Wales_%": "1.9", "Mount White_%": "3.6", "New South Wales": "139,899"}, "Australia": {"Australia": "12,643,365", "Mount White": "113", "Australia_%": "54.0", "New South Wales_%": "51.9", "Mount White_%": "68.1", "New South Wales": "3,884,762"}, "England": {"Australia": "1,302,147", "Mount White": "14", "Australia_%": "5.6", "New South Wales_%": "4.3", "Mount White_%": "8.4", "New South Wales": "322,472"}, "Chile": {"Australia": "40,194", "Mount White": "4", "Australia_%": "0.2", "New South Wales_%": "0.3", "Mount White_%": "2.4", "New South Wales": "20,041"}}, "Dwelling structure": {"Other dwelling": {"Australia": "64,425", "Mount White": "22", "Australia_%": "0.8", "New South Wales_%": "0.9", "Mount White_%": "25.6", "New South Wales": "23,580"}, "Semi-detached, row or terrace house, townhouse etc": {"Australia": "1,055,016", "Mount White": "0", "Australia_%": "12.7", "New South Wales_%": "12.2", "Mount White_%": "0.0", "New South Wales": "317,453"}, "Separate house": {"Australia": "6,041,788", "Mount White": "47", "Australia_%": "72.9", "New South Wales_%": "66.4", "Mount White_%": "54.7", "New South Wales": "1,729,820"}, "Flat or apartment": {"Australia": "1,087,434", "Mount White": "14", "Australia_%": "13.1", "New South Wales_%": "19.9", "Mount White_%": "16.3", "New South Wales": "519,390"}}, "Number of bedrooms": {"1 bedroom": {"Australia": "411,252", "Mount White": "25", "Australia_%": "5.0", "New South Wales_%": "6.0", "Mount White_%": "27.5", "New South Wales": "157,194"}, "3 bedrooms": {"Australia": "3,403,190", "Mount White": "16", "Australia_%": "41.1", "New South Wales_%": "37.2", "Mount White_%": "17.6", "New South Wales": "970,001"}, "Average number of people per household": {"Australia": "2.6", "Mount White": "2", "Australia_%": "--", "New South Wales_%": "--", "Mount White_%": "--", "New South Wales": "2.6"}, "2 bedrooms": {"Australia": "1,562,759", "Mount White": "21", "Australia_%": "18.9", "New South Wales_%": "22.2", "Mount White_%": "23.1", "New South Wales": "577,675"}, "4 or more bedrooms": {"Australia": "2,670,758", "Mount White": "22", "Australia_%": "32.2", "New South Wales_%": "31.3", "Mount White_%": "24.2", "New South Wales": "816,405"}, "None (includes bedsitters)": {"Australia": "39,769", "Mount White": "4", "Australia_%": "0.5", "New South Wales_%": "0.7", "Mount White_%": "4.4", "New South Wales": "17,157"}, "Number of bedrooms not stated": {"Australia": "198,351", "Mount White": "3", "Australia_%": "2.4", "New South Wales_%": "2.5", "Mount White_%": "3.3", "New South Wales": "65,888"}, "Average number of bedrooms per dwelling": {"Australia": "3.1", "Mount White": "2.2", "Australia_%": "--", "New South Wales_%": "--", "Mount White_%": "--", "New South Wales": "3"}}, "summaryTable_qsFamilies": {"for all families": "0.5", "for families with children": "1.8", "Families": "43", "Average children per family": "None"}, "People characteristics": {"Male": {"Australia": "322,171", "Mount White": "0", "Australia_%": "49.6", "New South Wales_%": "49.7", "Mount White_%": "0.0", "New South Wales": "107,368"}, "Median age": {"Australia": "23", "Mount White": "0", "Australia_%": "--", "New South Wales_%": "--", "Mount White_%": "--", "New South Wales": "22"}, "Female": {"Australia": "326,996", "Mount White": "0", "Australia_%": "50.4", "New South Wales_%": "50.3", "Mount White_%": "0.0", "New South Wales": "108,809"}}, "Dwelling count": {"Unoccupied private dwellings": {"Australia": "1,039,874", "Mount White": "11", "Australia_%": "11.2", "New South Wales_%": "9.9", "Mount White_%": "11.3", "New South Wales": "284,741"}, "Occupied private dwellings": {"Australia": "8,286,073", "Mount White": "86", "Australia_%": "88.8", "New South Wales_%": "90.1", "Mount White_%": "88.7", "New South Wales": "2,604,320"}}, "Level of highest educational attainment": {"Certificate level III": {"Australia": "2,442,203", "Mount White": "32", "Australia_%": "12.8", "New South Wales_%": "12.0", "Mount White_%": "19.2", "New South Wales": "730,498"}, "Certificate level II": {"Australia": "13,454", "Mount White": "0", "Australia_%": "0.1", "New South Wales_%": "0.1", "Mount White_%": "0.0", "New South Wales": "4,849"}, "No educational attainment": {"Australia": "145,844", "Mount White": "0", "Australia_%": "0.8", "New South Wales_%": "0.9", "Mount White_%": "0.0", "New South Wales": "54,870"}, "Bachelor Degree level and above": {"Australia": "4,181,406", "Mount White": "16", "Australia_%": "22.0", "New South Wales_%": "23.4", "Mount White_%": "9.6", "New South Wales": "1,424,716"}, "Certificate level I": {"Australia": "2,176", "Mount White": "0", "Australia_%": "0.0", "New South Wales_%": "0.0", "Mount White_%": "0.0", "New South Wales": "625"}, "Year 11": {"Australia": "941,531", "Mount White": "12", "Australia_%": "4.9", "New South Wales_%": "3.3", "Mount White_%": "7.2", "New South Wales": "203,574"}, "Not stated": {"Australia": "1,974,794", "Mount White": "16", "Australia_%": "10.4", "New South Wales_%": "10.3", "Mount White_%": "9.6", "New South Wales": "627,465"}, "Year 9 or below": {"Australia": "1,529,897", "Mount White": "14", "Australia_%": "8.0", "New South Wales_%": "8.4", "Mount White_%": "8.4", "New South Wales": "513,209"}, "Certificate level IV": {"Australia": "551,767", "Mount White": "5", "Australia_%": "2.9", "New South Wales_%": "2.8", "Mount White_%": "3.0", "New South Wales": "167,947"}, "Year 10": {"Australia": "2,054,331", "Mount White": "25", "Australia_%": "10.8", "New South Wales_%": "11.5", "Mount White_%": "15.0", "New South Wales": "702,178"}, "Year 12": {"Australia": "2,994,097", "Mount White": "31", "Australia_%": "15.7", "New South Wales_%": "15.3", "Mount White_%": "18.6", "New South Wales": "930,654"}, "Advanced Diploma and Diploma level": {"Australia": "1,687,893", "Mount White": "10", "Australia_%": "8.9", "New South Wales_%": "8.9", "Mount White_%": "6.0", "New South Wales": "543,142"}}, "Median weekly incomes": {"Personal": {"Australia": "662", "Mount White": "680", "Australia_%": "--", "New South Wales_%": "--", "Mount White_%": "--", "New South Wales": "664"}, "Household": {"Australia": "1,438", "Mount White": "954", "Australia_%": "--", "New South Wales_%": "--", "Mount White_%": "--", "New South Wales": "1,486"}, "Family": {"Australia": "1,734", "Mount White": "1,292", "Australia_%": "--", "New South Wales_%": "--", "Mount White_%": "--", "New South Wales": "1,780"}}, "Family composition": {"Other family": {"Australia": "102,559", "Mount White": "0", "Australia_%": "1.7", "New South Wales_%": "1.7", "Mount White_%": "0.0", "New South Wales": "32,438"}, "Couple family with children": {"Australia": "2,716,224", "Mount White": "15", "Australia_%": "44.7", "New South Wales_%": "45.7", "Mount White_%": "36.6", "New South Wales": "887,358"}, "Couple family without children": {"Australia": "2,291,987", "Mount White": "20", "Australia_%": "37.8", "New South Wales_%": "36.6", "Mount White_%": "48.8", "New South Wales": "709,524"}, "One parent family": {"Australia": "959,543", "Mount White": "6", "Australia_%": "15.8", "New South Wales_%": "16.0", "Mount White_%": "14.6", "New South Wales": "310,906"}}, "Dwelling internet connection": {"Not stated": {"Australia": "221,494", "Mount White": "3", "Australia_%": "2.7", "New South Wales_%": "2.8", "Mount White_%": "3.6", "New South Wales": "73,565"}, "Internet not accessed from dwelling": {"Australia": "1,172,415", "Mount White": "22", "Australia_%": "14.1", "New South Wales_%": "14.7", "Mount White_%": "26.5", "New South Wales": "381,709"}, "Internet accessed from dwelling": {"Australia": "6,892,165", "Mount White": "58", "Australia_%": "83.2", "New South Wales_%": "82.5", "Mount White_%": "69.9", "New South Wales": "2,149,040"}}, "Social marital status": {"Not married": {"Australia": "7,024,973", "Mount White": "76", "Australia_%": "41.9", "New South Wales_%": "42.3", "Mount White_%": "55.5", "New South Wales": "2,290,887"}, "De facto marriage": {"Australia": "1,751,731", "Mount White": "9", "Australia_%": "10.4", "New South Wales_%": "9.4", "Mount White_%": "6.6", "New South Wales": "506,133"}, "Registered marriage": {"Australia": "8,001,141", "Mount White": "52", "Australia_%": "47.7", "New South Wales_%": "48.3", "Mount White_%": "38.0", "New South Wales": "2,612,630"}}, "Household composition": {"Family households": {"Australia": "5,907,625", "Mount White": "39", "Australia_%": "71.3", "New South Wales_%": "72.0", "Mount White_%": "47.0", "New South Wales": "1,874,524"}, "Group households": {"Australia": "354,917", "Mount White": "4", "Australia_%": "4.3", "New South Wales_%": "4.2", "Mount White_%": "4.8", "New South Wales": "109,004"}, "Single (or lone) person households": {"Australia": "2,023,542", "Mount White": "40", "Australia_%": "24.4", "New South Wales_%": "23.8", "Mount White_%": "48.2", "New South Wales": "620,778"}}, "People": {"Male": {"Australia": "11,546,638", "Mount White": "95", "Australia_%": "49.3", "New South Wales_%": "49.3", "Mount White_%": "53.4", "New South Wales": "3,686,014"}, "Aboriginal and/or Torres Strait Islander people": {"Australia": "649,171", "Mount White": "0", "Australia_%": "2.8", "New South Wales_%": "2.9", "Mount White_%": "0.0", "New South Wales": "216,176"}, "Female": {"Australia": "11,855,248", "Mount White": "83", "Australia_%": "50.7", "New South Wales_%": "50.7", "Mount White_%": "46.6", "New South Wales": "3,794,217"}}, "Language, top responses (other than English)": {"Finnish": {"Australia": "5,962", "Mount White": "3", "Australia_%": "0.0", "New South Wales_%": "0.0", "Mount White_%": "1.7", "New South Wales": "1,589"}, "null": {"Australia": "None", "Mount White": null, "Australia_%": "None", "New South Wales_%": "None", "Mount White_%": null, "New South Wales": "None"}, "English only spoken at home": {"Australia": "17,020,417", "Mount White": "148", "Australia_%": "72.7", "New South Wales_%": "68.5", "Mount White_%": "86.0", "New South Wales": "5,126,633"}, "Households where a non English language is spoken": {"Australia": "1,971,011", "Mount White": "10", "Australia_%": "22.2", "New South Wales_%": "26.5", "Mount White_%": "10.6", "New South Wales": "735,563"}, "Spanish": {"Australia": "140,817", "Mount White": "3", "Australia_%": "0.6", "New South Wales_%": "0.8", "Mount White_%": "1.7", "New South Wales": "63,527"}, "Mandarin": {"Australia": "596,711", "Mount White": "3", "Australia_%": "2.5", "New South Wales_%": "3.2", "Mount White_%": "1.7", "New South Wales": "239,945"}, "Arabic": {"Australia": "321,728", "Mount White": "3", "Australia_%": "1.4", "New South Wales_%": "2.7", "Mount White_%": "1.7", "New South Wales": "200,825"}}, "summaryTable_qsDwelling": {"Median monthly mortgage repayments": "$1,525", "All private dwellings": "98", "Average people per household": "2", "Median weekly household income": "$954", "Median weekly rent": "$210", "Average motor vehicles per dwelling": "1.7"}, "Household income": {"Less than $650 gross weekly income": {"Australia": "--", "Mount White": "--", "Australia_%": "20.0", "New South Wales_%": "19.7", "Mount White_%": "31.9", "New South Wales": "--"}, "More than $3000 gross weekly income": {"Australia": "--", "Mount White": "--", "Australia_%": "16.4", "New South Wales_%": "18.7", "Mount White_%": "15.3", "New South Wales": "--"}}, "Country of birth": {"Other top responses": {"Mount White": "None", "Mount White_%": "None"}, "Australia": {"Australia": "15,614,835", "Mount White": "122", "Australia_%": "66.7", "New South Wales_%": "65.5", "Mount White_%": "68.9", "New South Wales": "4,899,090"}, "England": {"Australia": "907,570", "Mount White": "17", "Australia_%": "3.9", "New South Wales_%": "3.0", "Mount White_%": "9.6", "New South Wales": "226,564"}, "Singapore": {"Australia": "54,939", "Mount White": "3", "Australia_%": "0.2", "New South Wales_%": "0.2", "Mount White_%": "1.7", "New South Wales": "12,730"}, "Finland": {"Australia": "7,711", "Mount White": "3", "Australia_%": "0.0", "New South Wales_%": "0.0", "Mount White_%": "1.7", "New South Wales": "2,267"}, "Chile": {"Australia": "26,086", "Mount White": "3", "Australia_%": "0.1", "New South Wales_%": "0.2", "Mount White_%": "1.7", "New South Wales": "13,058"}, "New Zealand": {"Australia": "518,466", "Mount White": "3", "Australia_%": "2.2", "New South Wales_%": "1.6", "Mount White_%": "1.7", "New South Wales": "117,136"}}, "Religious affiliation, top responses": {"No Religion, so described": {"Australia": "6,933,708", "Mount White": "55", "Australia_%": "29.6", "New South Wales_%": "25.1", "Mount White_%": "31.2", "New South Wales": "1,879,562"}, "Anglican": {"Australia": "3,101,185", "Mount White": "36", "Australia_%": "13.3", "New South Wales_%": "15.5", "Mount White_%": "20.5", "New South Wales": "1,161,810"}, "Not stated": {"Australia": "2,238,735", "Mount White": "24", "Australia_%": "9.6", "New South Wales_%": "9.2", "Mount White_%": "13.6", "New South Wales": "684,969"}, "Christian, nfd": {"Australia": "612,371", "Mount White": "8", "Australia_%": "2.6", "New South Wales_%": "2.2", "Mount White_%": "4.5", "New South Wales": "165,351"}, "Catholic": {"Australia": "5,291,834", "Mount White": "29", "Australia_%": "22.6", "New South Wales_%": "24.7", "Mount White_%": "16.5", "New South Wales": "1,846,443"}}, "Ancestry, top responses": {"German": {"Australia": "982,226", "Mount White": "11", "Australia_%": "3.1", "New South Wales_%": "2.4", "Mount White_%": "4.7", "New South Wales": "236,146"}, "Australian": {"Australia": "7,298,243", "Mount White": "66", "Australia_%": "23.3", "New South Wales_%": "22.9", "Mount White_%": "28.2", "New South Wales": "2,261,062"}, "Scottish": {"Australia": "2,023,470", "Mount White": "25", "Australia_%": "6.4", "New South Wales_%": "5.9", "Mount White_%": "10.7", "New South Wales": "587,052"}, "Irish": {"Australia": "2,388,058", "Mount White": "20", "Australia_%": "7.6", "New South Wales_%": "7.5", "Mount White_%": "8.5", "New South Wales": "741,671"}, "English": {"Australia": "7,852,224", "Mount White": "77", "Australia_%": "25.0", "New South Wales_%": "23.3", "Mount White_%": "32.9", "New South Wales": "2,302,481"}}, "Age": {"35-39 years": {"Australia": "1,561,679", "Mount White": "3", "Australia_%": "6.7", "New South Wales_%": "6.7", "Mount White_%": "1.7", "New South Wales": "499,724"}, "60-64 years": {"Australia": "1,299,397", "Mount White": "27", "Australia_%": "5.6", "New South Wales_%": "5.6", "Mount White_%": "15.1", "New South Wales": "420,044"}, "30-34 years": {"Australia": "1,703,847", "Mount White": "10", "Australia_%": "7.3", "New South Wales_%": "7.2", "Mount White_%": "5.6", "New South Wales": "540,360"}, "0-4 years": {"Australia": "1,464,779", "Mount White": "3", "Australia_%": "6.3", "New South Wales_%": "6.2", "Mount White_%": "1.7", "New South Wales": "465,135"}, "25-29 years": {"Australia": "1,664,602", "Mount White": "5", "Australia_%": "7.1", "New South Wales_%": "7.0", "Mount White_%": "2.8", "New South Wales": "527,161"}, "10-14 years": {"Australia": "1,397,183", "Mount White": "10", "Australia_%": "6.0", "New South Wales_%": "5.9", "Mount White_%": "5.6", "New South Wales": "443,009"}, "5-9 years": {"Australia": "1,502,646", "Mount White": "4", "Australia_%": "6.4", "New South Wales_%": "6.4", "Mount White_%": "2.2", "New South Wales": "478,184"}, "Median age": {"Australia": "38", "Mount White": "53", "Australia_%": "--", "New South Wales_%": "--", "Mount White_%": "--", "New South Wales": "38"}, "50-54 years": {"Australia": "1,523,551", "Mount White": "20", "Australia_%": "6.5", "New South Wales_%": "6.5", "Mount White_%": "11.2", "New South Wales": "485,546"}, "80-84 years": {"Australia": "460,549", "Mount White": "3", "Australia_%": "2.0", "New South Wales_%": "2.1", "Mount White_%": "1.7", "New South Wales": "155,806"}, "40-44 years": {"Australia": "1,583,257", "Mount White": "11", "Australia_%": "6.8", "New South Wales_%": "6.7", "Mount White_%": "6.1", "New South Wales": "503,169"}, "70-74 years": {"Australia": "887,716", "Mount White": "5", "Australia_%": "3.8", "New South Wales_%": "3.9", "Mount White_%": "2.8", "New South Wales": "292,556"}, "15-19 years": {"Australia": "1,421,595", "Mount White": "8", "Australia_%": "6.1", "New South Wales_%": "6.0", "Mount White_%": "4.5", "New South Wales": "448,425"}, "65-69 years": {"Australia": "1,188,999", "Mount White": "23", "Australia_%": "5.1", "New South Wales_%": "5.1", "Mount White_%": "12.8", "New South Wales": "384,470"}, "20-24 years": {"Australia": "1,566,793", "Mount White": "9", "Australia_%": "6.7", "New South Wales_%": "6.5", "Mount White_%": "5.0", "New South Wales": "489,673"}, "55-59 years": {"Australia": "1,454,332", "Mount White": "17", "Australia_%": "6.2", "New South Wales_%": "6.3", "Mount White_%": "9.5", "New South Wales": "469,726"}, "75-79 years": {"Australia": "652,657", "Mount White": "5", "Australia_%": "2.8", "New South Wales_%": "2.9", "Mount White_%": "2.8", "New South Wales": "217,308"}, "45-49 years": {"Australia": "1,581,455", "Mount White": "13", "Australia_%": "6.8", "New South Wales_%": "6.6", "Mount White_%": "7.3", "New South Wales": "492,440"}, "85 years and over": {"Australia": "486,842", "Mount White": "3", "Australia_%": "2.1", "New South Wales_%": "2.2", "Mount White_%": "1.7", "New South Wales": "167,506"}}, "Single (or lone) parents": {"Male": {"Australia": "--", "Mount White": "--", "Australia_%": "18.2", "New South Wales_%": "17.8", "Mount White_%": "0.0", "New South Wales": "--"}, "Female": {"Australia": "--", "Mount White": "--", "Australia_%": "81.8", "New South Wales_%": "82.2", "Mount White_%": "100.0", "New South Wales": "--"}}, "Mortgage monthly repayments": {"Median mortgage repayments": {"Australia": "1,755", "Mount White": "1,525", "Australia_%": "--", "New South Wales_%": "--", "Mount White_%": "--", "New South Wales": "1,986"}, "Households where mortgage repayments are less than 30% of household income": {"Australia": "--", "Mount White": "--", "Australia_%": "92.8", "New South Wales_%": "92.6", "Mount White_%": "96.1", "New South Wales": "--"}, "Households with mortgage repayments greater than or equal to 30% of household income": {"Australia": "--", "Mount White": "--", "Australia_%": "7.2", "New South Wales_%": "7.4", "Mount White_%": "3.9", "New South Wales": "--"}}, "Mortgage and rent": {"Median monthly mortgage repayments": {"Australia": "1,660", "Mount White": "0", "Australia_%": "--", "New South Wales_%": "--", "Mount White_%": "--", "New South Wales": "1,733"}, "Median weekly rent": {"Australia": "250", "Mount White": "0", "Australia_%": "--", "New South Wales_%": "--", "Mount White_%": "--", "New South Wales": "270"}}, "Tenure": {"Rented": {"Australia": "2,561,302", "Mount White": "39", "Australia_%": "30.9", "New South Wales_%": "31.8", "Mount White_%": "45.9", "New South Wales": "826,922"}, "Owned outright": {"Australia": "2,565,695", "Mount White": "35", "Australia_%": "31.0", "New South Wales_%": "32.2", "Mount White_%": "41.2", "New South Wales": "839,665"}, "Owned with a mortgage": {"Australia": "2,855,222", "Mount White": "6", "Australia_%": "34.5", "New South Wales_%": "32.3", "Mount White_%": "7.1", "New South Wales": "840,004"}, "Tenure type not stated": {"Australia": "224,869", "Mount White": "5", "Australia_%": "2.7", "New South Wales_%": "2.8", "Mount White_%": "5.9", "New South Wales": "73,763"}, "Other tenure type": {"Australia": "78,994", "Mount White": "0", "Australia_%": "1.0", "New South Wales_%": "0.9", "Mount White_%": "0.0", "New South Wales": "23,968"}}, "Country of birth of father, stated responses": {"Germany": {"Australia": "170,571", "Mount White": "5", "Australia_%": "0.7", "New South Wales_%": "0.6", "Mount White_%": "2.8", "New South Wales": "47,543"}, "Netherlands": {"Australia": "175,354", "Mount White": "5", "Australia_%": "0.7", "New South Wales_%": "0.5", "Mount White_%": "2.8", "New South Wales": "40,444"}, "Australia": {"Australia": "12,231,150", "Mount White": "98", "Australia_%": "52.3", "New South Wales_%": "50.1", "Mount White_%": "55.7", "New South Wales": "3,745,787"}, "England": {"Australia": "1,403,096", "Mount White": "21", "Australia_%": "6.0", "New South Wales_%": "4.8", "Mount White_%": "11.9", "New South Wales": "359,370"}, "Finland": {"Australia": "13,602", "Mount White": "5", "Australia_%": "0.1", "New South Wales_%": "0.1", "Mount White_%": "2.8", "New South Wales": "3,864"}}, "Country of birth of father and/or mother, stated responses": {"Father only born overseas": {"Australia": "1,488,092", "Mount White": "22", "Australia_%": "6.4", "New South Wales_%": "6.1", "Mount White_%": "11.9", "New South Wales": "458,394"}, "Mother only born overseas": {"Australia": "1,094,591", "Mount White": "10", "Australia_%": "4.7", "New South Wales_%": "4.3", "Mount White_%": "5.4", "New South Wales": "325,182"}, "Both parents born overseas": {"Australia": "8,051,196", "Mount White": "45", "Australia_%": "34.4", "New South Wales_%": "37.0", "Mount White_%": "24.3", "New South Wales": "2,764,170"}, "Both parents born in Australia": {"Australia": "11,070,538", "Mount White": "88", "Australia_%": "47.3", "New South Wales_%": "45.4", "Mount White_%": "47.6", "New South Wales": "3,399,725"}}, "Rent weekly payments": {"Households where rent payments are less than 30% of household income": {"Australia": "--", "Mount White": "--", "Australia_%": "88.5", "New South Wales_%": "87.1", "Mount White_%": "89.9", "New South Wales": "--"}, "Households with rent payments greater than or equal to 30% of household income": {"Australia": "--", "Mount White": "--", "Australia_%": "11.5", "New South Wales_%": "12.9", "Mount White_%": "10.1", "New South Wales": "--"}, "Median rent": {"Australia": "335", "Mount White": "210", "Australia_%": "--", "New South Wales_%": "--", "Mount White_%": "--", "New South Wales": "380"}}, "Registered marital status": {"Separated": {"Australia": "608,059", "Mount White": "4", "Australia_%": "3.2", "New South Wales_%": "3.1", "Mount White_%": "2.4", "New South Wales": "190,198"}, "Widowed": {"Australia": "985,204", "Mount White": "12", "Australia_%": "5.2", "New South Wales_%": "5.4", "Mount White_%": "7.3", "New South Wales": "331,653"}, "Married": {"Australia": "9,148,218", "Mount White": "66", "Australia_%": "48.1", "New South Wales_%": "48.7", "Mount White_%": "40.0", "New South Wales": "2,965,280"}, "Divorced": {"Australia": "1,626,890", "Mount White": "19", "Australia_%": "8.5", "New South Wales_%": "8.4", "Mount White_%": "11.5", "New South Wales": "512,298"}, "Never married": {"Australia": "6,668,910", "Mount White": "64", "Australia_%": "35.0", "New South Wales_%": "34.4", "Mount White_%": "38.8", "New South Wales": "2,094,460"}}, "summaryTable_qsPeople": {"Male": "53.4%", "Median age": "53", "Female": "46.6%", "People": "183"}, "Dwelling characteristics": {"Average number of people per household": {"Australia": "3.2", "Mount White": "0", "Australia_%": "--", "New South Wales_%": "--", "Mount White_%": "--", "New South Wales": "3.1"}, "Average number of persons per bedroom": {"Australia": "1", "Mount White": "0", "Australia_%": "--", "New South Wales_%": "--", "Mount White_%": "--", "New South Wales": "1"}, "Median weekly household income": {"Australia": "1,203", "Mount White": "0", "Australia_%": "--", "New South Wales_%": "--", "Mount White_%": "--", "New South Wales": "1,214"}}, "Unpaid work": {"Did unpaid domestic work (last week)": {"Australia": "13,143,914", "Mount White": "112", "Australia_%": "69.0", "New South Wales_%": "67.7", "Mount White_%": "71.3", "New South Wales": "4,127,723"}, "Provided unpaid assistance to a person with a disability (last two weeks)": {"Australia": "2,145,203", "Mount White": "20", "Australia_%": "11.3", "New South Wales_%": "11.6", "Mount White_%": "12.5", "New South Wales": "709,415"}, "Did voluntary work through an organisation or group (last 12 months)": {"Australia": "3,620,726", "Mount White": "30", "Australia_%": "19.0", "New South Wales_%": "18.1", "Mount White_%": "18.2", "New South Wales": "1,103,790"}, "Cared for child/children (last two weeks)": {"Australia": "5,259,400", "Mount White": "24", "Australia_%": "27.6", "New South Wales_%": "27.2", "Mount White_%": "15.4", "New South Wales": "1,659,250"}}, "Unpaid domestic work, number of hours": {"5 to 14 hours per week": {"Australia": "4,944,578", "Mount White": "48", "Australia_%": "26.0", "New South Wales_%": "25.1", "Mount White_%": "30.4", "New South Wales": "1,531,206"}, "30 hours or more per week": {"Australia": "1,710,970", "Mount White": "13", "Australia_%": "9.0", "New South Wales_%": "9.0", "Mount White_%": "8.2", "New South Wales": "545,925"}, "Less than 5 hours per week": {"Australia": "4,298,593", "Mount White": "37", "Australia_%": "22.6", "New South Wales_%": "22.3", "Mount White_%": "23.4", "New South Wales": "1,359,656"}, "15 to 29 hours per week": {"Australia": "2,189,776", "Mount White": "15", "Australia_%": "11.5", "New South Wales_%": "11.3", "Mount White_%": "9.5", "New South Wales": "690,934"}}, "Industry of employment, top responses": {"Other Agricultural Product Wholesaling": {"Australia": "10,610", "Mount White": "3", "Australia_%": "0.1", "New South Wales_%": "0.1", "Mount White_%": "6.5", "New South Wales": "2,970"}, "Horse Farming": {"Australia": "3,491", "Mount White": "3", "Australia_%": "0.0", "New South Wales_%": "0.0", "Mount White_%": "6.5", "New South Wales": "1,514"}, "Office Administrative Services": {"Australia": "19,126", "Mount White": "4", "Australia_%": "0.2", "New South Wales_%": "0.2", "Mount White_%": "8.7", "New South Wales": "5,716"}, "Gardening Services": {"Australia": "36,893", "Mount White": "4", "Australia_%": "0.3", "New South Wales_%": "0.3", "Mount White_%": "8.7", "New South Wales": "10,835"}, "Sports and Physical Recreation Instruction": {"Australia": "27,463", "Mount White": "4", "Australia_%": "0.3", "New South Wales_%": "0.3", "Mount White_%": "8.7", "New South Wales": "8,790"}}, "GeoInfo": {"city": "Mount White"}, "Education": {"University or tertiary institution": {"Australia": "1,160,626", "Mount White": "6", "Australia_%": "16.1", "New South Wales_%": "16.2", "Mount White_%": "16.7", "New South Wales": "376,133"}, "Secondary - Catholic": {"Australia": "338,384", "Mount White": "0", "Australia_%": "4.7", "New South Wales_%": "5.1", "Mount White_%": "0.0", "New South Wales": "117,689"}, "Secondary - other non Government": {"Australia": "280,618", "Mount White": "3", "Australia_%": "3.9", "New South Wales_%": "3.4", "Mount White_%": "8.3", "New South Wales": "79,915"}, "Primary - Catholic": {"Australia": "380,604", "Mount White": "0", "Australia_%": "5.3", "New South Wales_%": "5.3", "Mount White_%": "0.0", "New South Wales": "122,099"}, "Primary - Government": {"Australia": "1,314,787", "Mount White": "6", "Australia_%": "18.2", "New South Wales_%": "18.0", "Mount White_%": "16.7", "New South Wales": "417,465"}, "Other": {"Australia": "198,383", "Mount White": "0", "Australia_%": "2.8", "New South Wales_%": "2.7", "Mount White_%": "0.0", "New South Wales": "63,673"}, "Technical or further education institution": {"Australia": "424,869", "Mount White": "0", "Australia_%": "5.9", "New South Wales_%": "6.2", "Mount White_%": "0.0", "New South Wales": "144,103"}, "Secondary - Government": {"Australia": "827,505", "Mount White": "0", "Australia_%": "11.5", "New South Wales_%": "11.6", "Mount White_%": "0.0", "New South Wales": "269,249"}, "Primary - other non Government": {"Australia": "231,490", "Mount White": "3", "Australia_%": "3.2", "New South Wales_%": "2.9", "Mount White_%": "8.3", "New South Wales": "67,611"}, "Not stated": {"Australia": "1,707,023", "Mount White": "18", "Australia_%": "23.7", "New South Wales_%": "23.0", "Mount White_%": "50.0", "New South Wales": "535,266"}, "Preschool": {"Australia": "347,621", "Mount White": "0", "Australia_%": "4.8", "New South Wales_%": "5.7", "Mount White_%": "0.0", "New South Wales": "132,047"}}, "Employment": {"Unemployed": {"Australia": "787,452", "Mount White": "3", "Australia_%": "6.9", "New South Wales_%": "6.3", "Mount White_%": "3.1", "New South Wales": "225,546"}, "Worked part-time": {"Australia": "3,491,503", "Mount White": "30", "Australia_%": "30.4", "New South Wales_%": "29.7", "Mount White_%": "31.2", "New South Wales": "1,071,151"}, "Away from work": {"Australia": "569,276", "Mount White": "5", "Australia_%": "5.0", "New South Wales_%": "4.8", "Mount White_%": "5.2", "New South Wales": "174,654"}, "Worked full-time": {"Australia": "6,623,065", "Mount White": "58", "Australia_%": "57.7", "New South Wales_%": "59.2", "Mount White_%": "60.4", "New South Wales": "2,134,521"}}, "Travel to work, top responses": {"Worked at home": {"Australia": "503,582", "Mount White": "10", "Australia_%": "4.7", "New South Wales_%": "4.8", "Mount White_%": "10.4", "New South Wales": "163,026"}, "People who travelled to work by car as driver or passenger": {"Australia": "7,305,271", "Mount White": "67", "Australia_%": "68.4", "New South Wales_%": "64.6", "Mount White_%": "69.1", "New South Wales": "2,182,854"}, "null": {"Australia": "None", "Mount White": null, "Australia_%": "None", "New South Wales_%": "None", "Mount White_%": null, "New South Wales": "None"}, "People who travelled to work by public transport": {"Australia": "1,225,668", "Mount White": "10", "Australia_%": "11.5", "New South Wales_%": "16.0", "Mount White_%": "10.1", "New South Wales": "540,215"}, "Car, as driver": {"Australia": "6,574,571", "Mount White": "51", "Australia_%": "61.5", "New South Wales_%": "57.8", "Mount White_%": "53.1", "New South Wales": "1,953,399"}, "Truck": {"Australia": "85,892", "Mount White": "5", "Australia_%": "0.8", "New South Wales_%": "1.0", "Mount White_%": "5.2", "New South Wales": "32,908"}, "Train, car as driver": {"Australia": "86,003", "Mount White": "11", "Australia_%": "0.8", "New South Wales_%": "1.0", "Mount White_%": "11.5", "New South Wales": "34,213"}, "Car, as passenger": {"Australia": "489,922", "Mount White": "7", "Australia_%": "4.6", "New South Wales_%": "4.3", "Mount White_%": "7.3", "New South Wales": "144,820"}}, "Occupation": {"Professionals": {"Australia": "2,370,966", "Mount White": "12", "Australia_%": "22.2", "New South Wales_%": "23.6", "Mount White_%": "12.0", "New South Wales": "798,126"}, "Managers": {"Australia": "1,390,047", "Mount White": "13", "Australia_%": "13.0", "New South Wales_%": "13.5", "Mount White_%": "13.0", "New South Wales": "456,084"}, "Community and Personal Service Workers": {"Australia": "1,157,003", "Mount White": "9", "Australia_%": "10.8", "New South Wales_%": "10.4", "Mount White_%": "9.0", "New South Wales": "350,261"}, "Clerical and Administrative Workers": {"Australia": "1,449,681", "Mount White": "11", "Australia_%": "13.6", "New South Wales_%": "13.8", "Mount White_%": "11.0", "New South Wales": "467,977"}, "Machinery Operators and Drivers": {"Australia": "670,106", "Mount White": "9", "Australia_%": "6.3", "New South Wales_%": "6.1", "Mount White_%": "9.0", "New South Wales": "206,839"}, "Labourers": {"Australia": "1,011,520", "Mount White": "18", "Australia_%": "9.5", "New South Wales_%": "8.8", "Mount White_%": "18.0", "New South Wales": "297,887"}, "Sales Workers": {"Australia": "1,000,955", "Mount White": "8", "Australia_%": "9.4", "New South Wales_%": "9.2", "Mount White_%": "8.0", "New South Wales": "311,414"}, "Technicians and Trades Workers": {"Australia": "1,447,414", "Mount White": "15", "Australia_%": "13.5", "New South Wales_%": "12.7", "Mount White_%": "15.0", "New South Wales": "429,239"}}}