{"Employment - hours worked": {"40 hours or more per week": {"Australia": "4,591,801", "Mungindi (NSW)": "130", "Australia_%": "43.0", "New South Wales_%": "44.1", "Mungindi (NSW)_%": "54.9", "New South Wales": "1,489,099"}, "25-34 hours per week": {"Australia": "1,193,445", "Mungindi (NSW)": "36", "Australia_%": "11.2", "New South Wales_%": "10.5", "Mungindi (NSW)_%": "15.2", "New South Wales": "353,702"}, "16-24 hours per week": {"Australia": "1,079,236", "Mungindi (NSW)": "13", "Australia_%": "10.1", "New South Wales_%": "10.4", "Mungindi (NSW)_%": "5.5", "New South Wales": "352,817"}, "35-39 hours per week": {"Australia": "2,031,263", "Mungindi (NSW)": "27", "Australia_%": "19.0", "New South Wales_%": "19.1", "Mungindi (NSW)_%": "11.4", "New South Wales": "645,428"}, "1-15 hours per week": {"Australia": "1,218,823", "Mungindi (NSW)": "16", "Australia_%": "11.4", "New South Wales_%": "10.8", "Mungindi (NSW)_%": "6.8", "New South Wales": "364,637"}}, "Number of registered motor vehicles": {"2 motor vehicles": {"Australia": "2,999,184", "Mungindi (NSW)": "70", "Australia_%": "36.2", "New South Wales_%": "34.1", "Mungindi (NSW)_%": "32.1", "New South Wales": "887,849"}, "None": {"Australia": "623,829", "Mungindi (NSW)": "14", "Australia_%": "7.5", "New South Wales_%": "9.2", "Mungindi (NSW)_%": "6.4", "New South Wales": "239,625"}, "Number of motor vehicles not stated": {"Australia": "285,197", "Mungindi (NSW)": "23", "Australia_%": "3.4", "New South Wales_%": "3.7", "Mungindi (NSW)_%": "10.6", "New South Wales": "95,623"}, "1 motor vehicle": {"Australia": "2,881,485", "Mungindi (NSW)": "73", "Australia_%": "34.8", "New South Wales_%": "36.3", "Mungindi (NSW)_%": "33.5", "New South Wales": "946,159"}, "3 or more vehicles": {"Australia": "1,496,382", "Mungindi (NSW)": "38", "Australia_%": "18.1", "New South Wales_%": "16.7", "Mungindi (NSW)_%": "17.4", "New South Wales": "435,053"}}, "Employment status of parents in couple families": {"Labour force status not stated (by one or both parents in a couple family)": {"Australia": "311,381", "Mungindi (NSW)": "8", "Australia_%": "6.2", "New South Wales_%": "5.7", "Mungindi (NSW)_%": "7.5", "New South Wales": "90,630"}, "One employed full-time, one part-time": {"Australia": "1,086,460", "Mungindi (NSW)": "23", "Australia_%": "21.7", "New South Wales_%": "20.6", "Mungindi (NSW)_%": "21.7", "New South Wales": "329,567"}, "One employed part-time, other not working": {"Australia": "302,037", "Mungindi (NSW)": "0", "Australia_%": "6.0", "New South Wales_%": "6.1", "Mungindi (NSW)_%": "0.0", "New South Wales": "96,933"}, "Other (includes away from work)": {"Australia": "264,145", "Mungindi (NSW)": "12", "Australia_%": "5.3", "New South Wales_%": "5.1", "Mungindi (NSW)_%": "11.3", "New South Wales": "80,905"}, "Both employed, worked full-time": {"Australia": "1,084,006", "Mungindi (NSW)": "29", "Australia_%": "21.6", "New South Wales_%": "22.6", "Mungindi (NSW)_%": "27.4", "New South Wales": "360,916"}, "One employed full-time, other not working": {"Australia": "749,886", "Mungindi (NSW)": "15", "Australia_%": "15.0", "New South Wales_%": "15.0", "Mungindi (NSW)_%": "14.2", "New South Wales": "240,084"}, "Both employed, worked part-time": {"Australia": "203,596", "Mungindi (NSW)": "6", "Australia_%": "4.1", "New South Wales_%": "4.0", "Mungindi (NSW)_%": "5.7", "New South Wales": "63,106"}, "Both not working": {"Australia": "1,006,697", "Mungindi (NSW)": "13", "Australia_%": "20.1", "New South Wales_%": "21.0", "Mungindi (NSW)_%": "12.3", "New South Wales": "334,742"}}, "Country of birth of mother, stated responses": {"Austria": {"Australia": "27,927", "Mungindi (NSW)": "6", "Australia_%": "0.1", "New South Wales_%": "0.1", "Mungindi (NSW)_%": "1.0", "New South Wales": "9,195"}, "Australia": {"Australia": "12,643,365", "Mungindi (NSW)": "461", "Australia_%": "54.0", "New South Wales_%": "51.9", "Mungindi (NSW)_%": "78.8", "New South Wales": "3,884,762"}, "England": {"Australia": "1,302,147", "Mungindi (NSW)": "13", "Australia_%": "5.6", "New South Wales_%": "4.3", "Mungindi (NSW)_%": "2.2", "New South Wales": "322,472"}, "Zimbabwe": {"Australia": "38,601", "Mungindi (NSW)": "7", "Australia_%": "0.2", "New South Wales_%": "0.1", "Mungindi (NSW)_%": "1.2", "New South Wales": "7,570"}, "South Africa": {"Australia": "193,412", "Mungindi (NSW)": "17", "Australia_%": "0.8", "New South Wales_%": "0.7", "Mungindi (NSW)_%": "2.9", "New South Wales": "52,673"}}, "Dwelling structure": {"Other dwelling": {"Australia": "64,425", "Mungindi (NSW)": "6", "Australia_%": "0.8", "New South Wales_%": "0.9", "Mungindi (NSW)_%": "2.7", "New South Wales": "23,580"}, "Semi-detached, row or terrace house, townhouse etc": {"Australia": "1,055,016", "Mungindi (NSW)": "11", "Australia_%": "12.7", "New South Wales_%": "12.2", "Mungindi (NSW)_%": "5.0", "New South Wales": "317,453"}, "Separate house": {"Australia": "6,041,788", "Mungindi (NSW)": "204", "Australia_%": "72.9", "New South Wales_%": "66.4", "Mungindi (NSW)_%": "92.3", "New South Wales": "1,729,820"}, "Flat or apartment": {"Australia": "1,087,434", "Mungindi (NSW)": "0", "Australia_%": "13.1", "New South Wales_%": "19.9", "Mungindi (NSW)_%": "0.0", "New South Wales": "519,390"}}, "Number of bedrooms": {"1 bedroom": {"Australia": "411,252", "Mungindi (NSW)": "15", "Australia_%": "5.0", "New South Wales_%": "6.0", "Mungindi (NSW)_%": "6.8", "New South Wales": "157,194"}, "3 bedrooms": {"Australia": "3,403,190", "Mungindi (NSW)": "81", "Australia_%": "41.1", "New South Wales_%": "37.2", "Mungindi (NSW)_%": "36.5", "New South Wales": "970,001"}, "Average number of people per household": {"Australia": "2.6", "Mungindi (NSW)": "2.4", "Australia_%": "--", "New South Wales_%": "--", "Mungindi (NSW)_%": "--", "New South Wales": "2.6"}, "2 bedrooms": {"Australia": "1,562,759", "Mungindi (NSW)": "38", "Australia_%": "18.9", "New South Wales_%": "22.2", "Mungindi (NSW)_%": "17.1", "New South Wales": "577,675"}, "4 or more bedrooms": {"Australia": "2,670,758", "Mungindi (NSW)": "68", "Australia_%": "32.2", "New South Wales_%": "31.3", "Mungindi (NSW)_%": "30.6", "New South Wales": "816,405"}, "None (includes bedsitters)": {"Australia": "39,769", "Mungindi (NSW)": "0", "Australia_%": "0.5", "New South Wales_%": "0.7", "Mungindi (NSW)_%": "0.0", "New South Wales": "17,157"}, "Number of bedrooms not stated": {"Australia": "198,351", "Mungindi (NSW)": "20", "Australia_%": "2.4", "New South Wales_%": "2.5", "Mungindi (NSW)_%": "9.0", "New South Wales": "65,888"}, "Average number of bedrooms per dwelling": {"Australia": "3.1", "Mungindi (NSW)": "3.1", "Australia_%": "--", "New South Wales_%": "--", "Mungindi (NSW)_%": "--", "New South Wales": "3"}}, "summaryTable_qsFamilies": {"for all families": "0.7", "for families with children": "2.3", "Families": "130", "Average children per family": "None"}, "People characteristics": {"Male": {"Australia": "322,171", "Mungindi (NSW)": "60", "Australia_%": "49.6", "New South Wales_%": "49.7", "Mungindi (NSW)_%": "47.2", "New South Wales": "107,368"}, "Median age": {"Australia": "23", "Mungindi (NSW)": "18", "Australia_%": "--", "New South Wales_%": "--", "Mungindi (NSW)_%": "--", "New South Wales": "22"}, "Female": {"Australia": "326,996", "Mungindi (NSW)": "67", "Australia_%": "50.4", "New South Wales_%": "50.3", "Mungindi (NSW)_%": "52.8", "New South Wales": "108,809"}}, "Dwelling count": {"Unoccupied private dwellings": {"Australia": "1,039,874", "Mungindi (NSW)": "98", "Australia_%": "11.2", "New South Wales_%": "9.9", "Mungindi (NSW)_%": "30.7", "New South Wales": "284,741"}, "Occupied private dwellings": {"Australia": "8,286,073", "Mungindi (NSW)": "221", "Australia_%": "88.8", "New South Wales_%": "90.1", "Mungindi (NSW)_%": "69.3", "New South Wales": "2,604,320"}}, "Level of highest educational attainment": {"Certificate level III": {"Australia": "2,442,203", "Mungindi (NSW)": "54", "Australia_%": "12.8", "New South Wales_%": "12.0", "Mungindi (NSW)_%": "12.7", "New South Wales": "730,498"}, "Certificate level II": {"Australia": "13,454", "Mungindi (NSW)": "0", "Australia_%": "0.1", "New South Wales_%": "0.1", "Mungindi (NSW)_%": "0.0", "New South Wales": "4,849"}, "No educational attainment": {"Australia": "145,844", "Mungindi (NSW)": "3", "Australia_%": "0.8", "New South Wales_%": "0.9", "Mungindi (NSW)_%": "0.7", "New South Wales": "54,870"}, "Bachelor Degree level and above": {"Australia": "4,181,406", "Mungindi (NSW)": "41", "Australia_%": "22.0", "New South Wales_%": "23.4", "Mungindi (NSW)_%": "9.6", "New South Wales": "1,424,716"}, "Certificate level I": {"Australia": "2,176", "Mungindi (NSW)": "0", "Australia_%": "0.0", "New South Wales_%": "0.0", "Mungindi (NSW)_%": "0.0", "New South Wales": "625"}, "Year 11": {"Australia": "941,531", "Mungindi (NSW)": "29", "Australia_%": "4.9", "New South Wales_%": "3.3", "Mungindi (NSW)_%": "6.8", "New South Wales": "203,574"}, "Not stated": {"Australia": "1,974,794", "Mungindi (NSW)": "68", "Australia_%": "10.4", "New South Wales_%": "10.3", "Mungindi (NSW)_%": "16.0", "New South Wales": "627,465"}, "Year 9 or below": {"Australia": "1,529,897", "Mungindi (NSW)": "45", "Australia_%": "8.0", "New South Wales_%": "8.4", "Mungindi (NSW)_%": "10.6", "New South Wales": "513,209"}, "Certificate level IV": {"Australia": "551,767", "Mungindi (NSW)": "8", "Australia_%": "2.9", "New South Wales_%": "2.8", "Mungindi (NSW)_%": "1.9", "New South Wales": "167,947"}, "Year 10": {"Australia": "2,054,331", "Mungindi (NSW)": "84", "Australia_%": "10.8", "New South Wales_%": "11.5", "Mungindi (NSW)_%": "19.8", "New South Wales": "702,178"}, "Year 12": {"Australia": "2,994,097", "Mungindi (NSW)": "53", "Australia_%": "15.7", "New South Wales_%": "15.3", "Mungindi (NSW)_%": "12.5", "New South Wales": "930,654"}, "Advanced Diploma and Diploma level": {"Australia": "1,687,893", "Mungindi (NSW)": "28", "Australia_%": "8.9", "New South Wales_%": "8.9", "Mungindi (NSW)_%": "6.6", "New South Wales": "543,142"}}, "Median weekly incomes": {"Personal": {"Australia": "662", "Mungindi (NSW)": "687", "Australia_%": "--", "New South Wales_%": "--", "Mungindi (NSW)_%": "--", "New South Wales": "664"}, "Household": {"Australia": "1,438", "Mungindi (NSW)": "1,229", "Australia_%": "--", "New South Wales_%": "--", "Mungindi (NSW)_%": "--", "New South Wales": "1,486"}, "Family": {"Australia": "1,734", "Mungindi (NSW)": "1,510", "Australia_%": "--", "New South Wales_%": "--", "Mungindi (NSW)_%": "--", "New South Wales": "1,780"}}, "Family composition": {"Other family": {"Australia": "102,559", "Mungindi (NSW)": "3", "Australia_%": "1.7", "New South Wales_%": "1.7", "Mungindi (NSW)_%": "2.4", "New South Wales": "32,438"}, "Couple family with children": {"Australia": "2,716,224", "Mungindi (NSW)": "49", "Australia_%": "44.7", "New South Wales_%": "45.7", "Mungindi (NSW)_%": "38.9", "New South Wales": "887,358"}, "Couple family without children": {"Australia": "2,291,987", "Mungindi (NSW)": "50", "Australia_%": "37.8", "New South Wales_%": "36.6", "Mungindi (NSW)_%": "39.7", "New South Wales": "709,524"}, "One parent family": {"Australia": "959,543", "Mungindi (NSW)": "24", "Australia_%": "15.8", "New South Wales_%": "16.0", "Mungindi (NSW)_%": "19.0", "New South Wales": "310,906"}}, "Dwelling internet connection": {"Not stated": {"Australia": "221,494", "Mungindi (NSW)": "17", "Australia_%": "2.7", "New South Wales_%": "2.8", "Mungindi (NSW)_%": "7.7", "New South Wales": "73,565"}, "Internet not accessed from dwelling": {"Australia": "1,172,415", "Mungindi (NSW)": "67", "Australia_%": "14.1", "New South Wales_%": "14.7", "Mungindi (NSW)_%": "30.3", "New South Wales": "381,709"}, "Internet accessed from dwelling": {"Australia": "6,892,165", "Mungindi (NSW)": "137", "Australia_%": "83.2", "New South Wales_%": "82.5", "Mungindi (NSW)_%": "62.0", "New South Wales": "2,149,040"}}, "Social marital status": {"Not married": {"Australia": "7,024,973", "Mungindi (NSW)": "156", "Australia_%": "41.9", "New South Wales_%": "42.3", "Mungindi (NSW)_%": "43.7", "New South Wales": "2,290,887"}, "De facto marriage": {"Australia": "1,751,731", "Mungindi (NSW)": "59", "Australia_%": "10.4", "New South Wales_%": "9.4", "Mungindi (NSW)_%": "16.5", "New South Wales": "506,133"}, "Registered marriage": {"Australia": "8,001,141", "Mungindi (NSW)": "142", "Australia_%": "47.7", "New South Wales_%": "48.3", "Mungindi (NSW)_%": "39.8", "New South Wales": "2,612,630"}}, "Household composition": {"Family households": {"Australia": "5,907,625", "Mungindi (NSW)": "123", "Australia_%": "71.3", "New South Wales_%": "72.0", "Mungindi (NSW)_%": "55.9", "New South Wales": "1,874,524"}, "Group households": {"Australia": "354,917", "Mungindi (NSW)": "10", "Australia_%": "4.3", "New South Wales_%": "4.2", "Mungindi (NSW)_%": "4.5", "New South Wales": "109,004"}, "Single (or lone) person households": {"Australia": "2,023,542", "Mungindi (NSW)": "87", "Australia_%": "24.4", "New South Wales_%": "23.8", "Mungindi (NSW)_%": "39.5", "New South Wales": "620,778"}}, "People": {"Male": {"Australia": "11,546,638", "Mungindi (NSW)": "302", "Australia_%": "49.3", "New South Wales_%": "49.3", "Mungindi (NSW)_%": "50.5", "New South Wales": "3,686,014"}, "Aboriginal and/or Torres Strait Islander people": {"Australia": "649,171", "Mungindi (NSW)": "127", "Australia_%": "2.8", "New South Wales_%": "2.9", "Mungindi (NSW)_%": "21.3", "New South Wales": "216,176"}, "Female": {"Australia": "11,855,248", "Mungindi (NSW)": "296", "Australia_%": "50.7", "New South Wales_%": "50.7", "Mungindi (NSW)_%": "49.5", "New South Wales": "3,794,217"}}, "Language, top responses (other than English)": {"Shona": {"Australia": "11,037", "Mungindi (NSW)": "7", "Australia_%": "0.0", "New South Wales_%": "0.0", "Mungindi (NSW)_%": "1.2", "New South Wales": "2,583"}, "English only spoken at home": {"Australia": "17,020,417", "Mungindi (NSW)": "497", "Australia_%": "72.7", "New South Wales_%": "68.5", "Mungindi (NSW)_%": "83.1", "New South Wales": "5,126,633"}, "Households where a non English language is spoken": {"Australia": "1,971,011", "Mungindi (NSW)": "13", "Australia_%": "22.2", "New South Wales_%": "26.5", "Mungindi (NSW)_%": "5.2", "New South Wales": "735,563"}, "Fijian": {"Australia": "8,145", "Mungindi (NSW)": "3", "Australia_%": "0.0", "New South Wales_%": "0.1", "Mungindi (NSW)_%": "0.5", "New South Wales": "4,525"}, "Dutch": {"Australia": "33,835", "Mungindi (NSW)": "3", "Australia_%": "0.1", "New South Wales_%": "0.1", "Mungindi (NSW)_%": "0.5", "New South Wales": "8,686"}, "Mandarin": {"Australia": "596,711", "Mungindi (NSW)": "4", "Australia_%": "2.5", "New South Wales_%": "3.2", "Mungindi (NSW)_%": "0.7", "New South Wales": "239,945"}, "Afrikaans": {"Australia": "43,741", "Mungindi (NSW)": "9", "Australia_%": "0.2", "New South Wales_%": "0.1", "Mungindi (NSW)_%": "1.5", "New South Wales": "7,735"}, "null": {"Australia": "None", "Mungindi (NSW)": null, "Australia_%": "None", "New South Wales_%": "None", "Mungindi (NSW)_%": null, "New South Wales": "None"}}, "summaryTable_qsDwelling": {"Median monthly mortgage repayments": "$672", "All private dwellings": "356", "Average people per household": "2.4", "Median weekly household income": "$1,229", "Median weekly rent": "$100", "Average motor vehicles per dwelling": "1.7"}, "Household income": {"Less than $650 gross weekly income": {"Australia": "--", "Mungindi (NSW)": "--", "Australia_%": "20.0", "New South Wales_%": "19.7", "Mungindi (NSW)_%": "24.5", "New South Wales": "--"}, "More than $3000 gross weekly income": {"Australia": "--", "Mungindi (NSW)": "--", "Australia_%": "16.4", "New South Wales_%": "18.7", "Mungindi (NSW)_%": "7.8", "New South Wales": "--"}}, "Country of birth": {"Other top responses": {"Mungindi (NSW)": "None", "Mungindi (NSW)_%": "None"}, "Australia": {"Australia": "15,614,835", "Mungindi (NSW)": "467", "Australia_%": "66.7", "New South Wales_%": "65.5", "Mungindi (NSW)_%": "80.4", "New South Wales": "4,899,090"}, "England": {"Australia": "907,570", "Mungindi (NSW)": "3", "Australia_%": "3.9", "New South Wales_%": "3.0", "Mungindi (NSW)_%": "0.5", "New South Wales": "226,564"}, "South Africa": {"Australia": "162,449", "Mungindi (NSW)": "16", "Australia_%": "0.7", "New South Wales_%": "0.6", "Mungindi (NSW)_%": "2.8", "New South Wales": "43,058"}, "Zimbabwe": {"Australia": "34,787", "Mungindi (NSW)": "5", "Australia_%": "0.1", "New South Wales_%": "0.1", "Mungindi (NSW)_%": "0.9", "New South Wales": "6,495"}, "New Zealand": {"Australia": "518,466", "Mungindi (NSW)": "5", "Australia_%": "2.2", "New South Wales_%": "1.6", "Mungindi (NSW)_%": "0.9", "New South Wales": "117,136"}, "Fiji": {"Australia": "61,469", "Mungindi (NSW)": "3", "Australia_%": "0.3", "New South Wales_%": "0.5", "Mungindi (NSW)_%": "0.5", "New South Wales": "33,879"}}, "Religious affiliation, top responses": {"No Religion, so described": {"Australia": "6,933,708", "Mungindi (NSW)": "94", "Australia_%": "29.6", "New South Wales_%": "25.1", "Mungindi (NSW)_%": "15.9", "New South Wales": "1,879,562"}, "Anglican": {"Australia": "3,101,185", "Mungindi (NSW)": "199", "Australia_%": "13.3", "New South Wales_%": "15.5", "Mungindi (NSW)_%": "33.6", "New South Wales": "1,161,810"}, "Not stated": {"Australia": "2,238,735", "Mungindi (NSW)": "82", "Australia_%": "9.6", "New South Wales_%": "9.2", "Mungindi (NSW)_%": "13.9", "New South Wales": "684,969"}, "Presbyterian and Reformed": {"Australia": "526,689", "Mungindi (NSW)": "17", "Australia_%": "2.3", "New South Wales_%": "2.5", "Mungindi (NSW)_%": "2.9", "New South Wales": "188,330"}, "Catholic": {"Australia": "5,291,834", "Mungindi (NSW)": "171", "Australia_%": "22.6", "New South Wales_%": "24.7", "Mungindi (NSW)_%": "28.9", "New South Wales": "1,846,443"}}, "Ancestry, top responses": {"German": {"Australia": "982,226", "Mungindi (NSW)": "23", "Australia_%": "3.1", "New South Wales_%": "2.4", "Mungindi (NSW)_%": "3.0", "New South Wales": "236,146"}, "Australian": {"Australia": "7,298,243", "Mungindi (NSW)": "284", "Australia_%": "23.3", "New South Wales_%": "22.9", "Mungindi (NSW)_%": "36.9", "New South Wales": "2,261,062"}, "Scottish": {"Australia": "2,023,470", "Mungindi (NSW)": "58", "Australia_%": "6.4", "New South Wales_%": "5.9", "Mungindi (NSW)_%": "7.5", "New South Wales": "587,052"}, "Irish": {"Australia": "2,388,058", "Mungindi (NSW)": "61", "Australia_%": "7.6", "New South Wales_%": "7.5", "Mungindi (NSW)_%": "7.9", "New South Wales": "741,671"}, "English": {"Australia": "7,852,224", "Mungindi (NSW)": "208", "Australia_%": "25.0", "New South Wales_%": "23.3", "Mungindi (NSW)_%": "27.0", "New South Wales": "2,302,481"}}, "Age": {"35-39 years": {"Australia": "1,561,679", "Mungindi (NSW)": "57", "Australia_%": "6.7", "New South Wales_%": "6.7", "Mungindi (NSW)_%": "9.6", "New South Wales": "499,724"}, "60-64 years": {"Australia": "1,299,397", "Mungindi (NSW)": "31", "Australia_%": "5.6", "New South Wales_%": "5.6", "Mungindi (NSW)_%": "5.2", "New South Wales": "420,044"}, "30-34 years": {"Australia": "1,703,847", "Mungindi (NSW)": "43", "Australia_%": "7.3", "New South Wales_%": "7.2", "Mungindi (NSW)_%": "7.2", "New South Wales": "540,360"}, "0-4 years": {"Australia": "1,464,779", "Mungindi (NSW)": "61", "Australia_%": "6.3", "New South Wales_%": "6.2", "Mungindi (NSW)_%": "10.3", "New South Wales": "465,135"}, "25-29 years": {"Australia": "1,664,602", "Mungindi (NSW)": "31", "Australia_%": "7.1", "New South Wales_%": "7.0", "Mungindi (NSW)_%": "5.2", "New South Wales": "527,161"}, "10-14 years": {"Australia": "1,397,183", "Mungindi (NSW)": "47", "Australia_%": "6.0", "New South Wales_%": "5.9", "Mungindi (NSW)_%": "7.9", "New South Wales": "443,009"}, "5-9 years": {"Australia": "1,502,646", "Mungindi (NSW)": "63", "Australia_%": "6.4", "New South Wales_%": "6.4", "Mungindi (NSW)_%": "10.6", "New South Wales": "478,184"}, "Median age": {"Australia": "38", "Mungindi (NSW)": "36", "Australia_%": "--", "New South Wales_%": "--", "Mungindi (NSW)_%": "--", "New South Wales": "38"}, "50-54 years": {"Australia": "1,523,551", "Mungindi (NSW)": "40", "Australia_%": "6.5", "New South Wales_%": "6.5", "Mungindi (NSW)_%": "6.7", "New South Wales": "485,546"}, "80-84 years": {"Australia": "460,549", "Mungindi (NSW)": "9", "Australia_%": "2.0", "New South Wales_%": "2.1", "Mungindi (NSW)_%": "1.5", "New South Wales": "155,806"}, "40-44 years": {"Australia": "1,583,257", "Mungindi (NSW)": "34", "Australia_%": "6.8", "New South Wales_%": "6.7", "Mungindi (NSW)_%": "5.7", "New South Wales": "503,169"}, "70-74 years": {"Australia": "887,716", "Mungindi (NSW)": "28", "Australia_%": "3.8", "New South Wales_%": "3.9", "Mungindi (NSW)_%": "4.7", "New South Wales": "292,556"}, "15-19 years": {"Australia": "1,421,595", "Mungindi (NSW)": "23", "Australia_%": "6.1", "New South Wales_%": "6.0", "Mungindi (NSW)_%": "3.9", "New South Wales": "448,425"}, "65-69 years": {"Australia": "1,188,999", "Mungindi (NSW)": "25", "Australia_%": "5.1", "New South Wales_%": "5.1", "Mungindi (NSW)_%": "4.2", "New South Wales": "384,470"}, "20-24 years": {"Australia": "1,566,793", "Mungindi (NSW)": "17", "Australia_%": "6.7", "New South Wales_%": "6.5", "Mungindi (NSW)_%": "2.9", "New South Wales": "489,673"}, "55-59 years": {"Australia": "1,454,332", "Mungindi (NSW)": "35", "Australia_%": "6.2", "New South Wales_%": "6.3", "Mungindi (NSW)_%": "5.9", "New South Wales": "469,726"}, "75-79 years": {"Australia": "652,657", "Mungindi (NSW)": "9", "Australia_%": "2.8", "New South Wales_%": "2.9", "Mungindi (NSW)_%": "1.5", "New South Wales": "217,308"}, "45-49 years": {"Australia": "1,581,455", "Mungindi (NSW)": "37", "Australia_%": "6.8", "New South Wales_%": "6.6", "Mungindi (NSW)_%": "6.2", "New South Wales": "492,440"}, "85 years and over": {"Australia": "486,842", "Mungindi (NSW)": "4", "Australia_%": "2.1", "New South Wales_%": "2.2", "Mungindi (NSW)_%": "0.7", "New South Wales": "167,506"}}, "Single (or lone) parents": {"Male": {"Australia": "--", "Mungindi (NSW)": "--", "Australia_%": "18.2", "New South Wales_%": "17.8", "Mungindi (NSW)_%": "0.0", "New South Wales": "--"}, "Female": {"Australia": "--", "Mungindi (NSW)": "--", "Australia_%": "81.8", "New South Wales_%": "82.2", "Mungindi (NSW)_%": "100.0", "New South Wales": "--"}}, "Mortgage monthly repayments": {"Median mortgage repayments": {"Australia": "1,755", "Mungindi (NSW)": "672", "Australia_%": "--", "New South Wales_%": "--", "Mungindi (NSW)_%": "--", "New South Wales": "1,986"}, "Households where mortgage repayments are less than 30% of household income": {"Australia": "--", "Mungindi (NSW)": "--", "Australia_%": "92.8", "New South Wales_%": "92.6", "Mungindi (NSW)_%": "96.4", "New South Wales": "--"}, "Households with mortgage repayments greater than or equal to 30% of household income": {"Australia": "--", "Mungindi (NSW)": "--", "Australia_%": "7.2", "New South Wales_%": "7.4", "Mungindi (NSW)_%": "3.6", "New South Wales": "--"}}, "Mortgage and rent": {"Median monthly mortgage repayments": {"Australia": "1,660", "Mungindi (NSW)": "630", "Australia_%": "--", "New South Wales_%": "--", "Mungindi (NSW)_%": "--", "New South Wales": "1,733"}, "Median weekly rent": {"Australia": "250", "Mungindi (NSW)": "155", "Australia_%": "--", "New South Wales_%": "--", "Mungindi (NSW)_%": "--", "New South Wales": "270"}}, "Tenure": {"Rented": {"Australia": "2,561,302", "Mungindi (NSW)": "105", "Australia_%": "30.9", "New South Wales_%": "31.8", "Mungindi (NSW)_%": "47.3", "New South Wales": "826,922"}, "Owned outright": {"Australia": "2,565,695", "Mungindi (NSW)": "50", "Australia_%": "31.0", "New South Wales_%": "32.2", "Mungindi (NSW)_%": "22.5", "New South Wales": "839,665"}, "Owned with a mortgage": {"Australia": "2,855,222", "Mungindi (NSW)": "45", "Australia_%": "34.5", "New South Wales_%": "32.3", "Mungindi (NSW)_%": "20.3", "New South Wales": "840,004"}, "Tenure type not stated": {"Australia": "224,869", "Mungindi (NSW)": "19", "Australia_%": "2.7", "New South Wales_%": "2.8", "Mungindi (NSW)_%": "8.6", "New South Wales": "73,763"}, "Other tenure type": {"Australia": "78,994", "Mungindi (NSW)": "3", "Australia_%": "1.0", "New South Wales_%": "0.9", "Mungindi (NSW)_%": "1.4", "New South Wales": "23,968"}}, "Country of birth of father, stated responses": {"Austria": {"Australia": "32,514", "Mungindi (NSW)": "6", "Australia_%": "0.1", "New South Wales_%": "0.1", "Mungindi (NSW)_%": "1.0", "New South Wales": "10,704"}, "Australia": {"Australia": "12,231,150", "Mungindi (NSW)": "455", "Australia_%": "52.3", "New South Wales_%": "50.1", "Mungindi (NSW)_%": "77.1", "New South Wales": "3,745,787"}, "England": {"Australia": "1,403,096", "Mungindi (NSW)": "7", "Australia_%": "6.0", "New South Wales_%": "4.8", "Mungindi (NSW)_%": "1.2", "New South Wales": "359,370"}, "Zimbabwe": {"Australia": "39,096", "Mungindi (NSW)": "7", "Australia_%": "0.2", "New South Wales_%": "0.1", "Mungindi (NSW)_%": "1.2", "New South Wales": "7,744"}, "South Africa": {"Australia": "190,816", "Mungindi (NSW)": "19", "Australia_%": "0.8", "New South Wales_%": "0.7", "Mungindi (NSW)_%": "3.2", "New South Wales": "52,344"}}, "Country of birth of father and/or mother, stated responses": {"Father only born overseas": {"Australia": "1,488,092", "Mungindi (NSW)": "7", "Australia_%": "6.4", "New South Wales_%": "6.1", "Mungindi (NSW)_%": "1.2", "New South Wales": "458,394"}, "Mother only born overseas": {"Australia": "1,094,591", "Mungindi (NSW)": "12", "Australia_%": "4.7", "New South Wales_%": "4.3", "Mungindi (NSW)_%": "2.0", "New South Wales": "325,182"}, "Both parents born overseas": {"Australia": "8,051,196", "Mungindi (NSW)": "54", "Australia_%": "34.4", "New South Wales_%": "37.0", "Mungindi (NSW)_%": "9.1", "New South Wales": "2,764,170"}, "Both parents born in Australia": {"Australia": "11,070,538", "Mungindi (NSW)": "437", "Australia_%": "47.3", "New South Wales_%": "45.4", "Mungindi (NSW)_%": "73.9", "New South Wales": "3,399,725"}}, "Rent weekly payments": {"Households where rent payments are less than 30% of household income": {"Australia": "--", "Mungindi (NSW)": "--", "Australia_%": "88.5", "New South Wales_%": "87.1", "Mungindi (NSW)_%": "94.1", "New South Wales": "--"}, "Households with rent payments greater than or equal to 30% of household income": {"Australia": "--", "Mungindi (NSW)": "--", "Australia_%": "11.5", "New South Wales_%": "12.9", "Mungindi (NSW)_%": "5.9", "New South Wales": "--"}, "Median rent": {"Australia": "335", "Mungindi (NSW)": "100", "Australia_%": "--", "New South Wales_%": "--", "Mungindi (NSW)_%": "--", "New South Wales": "380"}}, "Registered marital status": {"Separated": {"Australia": "608,059", "Mungindi (NSW)": "12", "Australia_%": "3.2", "New South Wales_%": "3.1", "Mungindi (NSW)_%": "2.8", "New South Wales": "190,198"}, "Widowed": {"Australia": "985,204", "Mungindi (NSW)": "21", "Australia_%": "5.2", "New South Wales_%": "5.4", "Mungindi (NSW)_%": "4.9", "New South Wales": "331,653"}, "Married": {"Australia": "9,148,218", "Mungindi (NSW)": "175", "Australia_%": "48.1", "New South Wales_%": "48.7", "Mungindi (NSW)_%": "41.0", "New South Wales": "2,965,280"}, "Divorced": {"Australia": "1,626,890", "Mungindi (NSW)": "45", "Australia_%": "8.5", "New South Wales_%": "8.4", "Mungindi (NSW)_%": "10.5", "New South Wales": "512,298"}, "Never married": {"Australia": "6,668,910", "Mungindi (NSW)": "174", "Australia_%": "35.0", "New South Wales_%": "34.4", "Mungindi (NSW)_%": "40.7", "New South Wales": "2,094,460"}}, "summaryTable_qsPeople": {"Male": "50.5%", "Median age": "36", "Female": "49.5%", "People": "601"}, "Dwelling characteristics": {"Average number of people per household": {"Australia": "3.2", "Mungindi (NSW)": "3.2", "Australia_%": "--", "New South Wales_%": "--", "Mungindi (NSW)_%": "--", "New South Wales": "3.1"}, "Average number of persons per bedroom": {"Australia": "1", "Mungindi (NSW)": "1.3", "Australia_%": "--", "New South Wales_%": "--", "Mungindi (NSW)_%": "--", "New South Wales": "1"}, "Median weekly household income": {"Australia": "1,203", "Mungindi (NSW)": "900", "Australia_%": "--", "New South Wales_%": "--", "Mungindi (NSW)_%": "--", "New South Wales": "1,214"}}, "Unpaid work": {"Did unpaid domestic work (last week)": {"Australia": "13,143,914", "Mungindi (NSW)": "268", "Australia_%": "69.0", "New South Wales_%": "67.7", "Mungindi (NSW)_%": "62.3", "New South Wales": "4,127,723"}, "Provided unpaid assistance to a person with a disability (last two weeks)": {"Australia": "2,145,203", "Mungindi (NSW)": "51", "Australia_%": "11.3", "New South Wales_%": "11.6", "Mungindi (NSW)_%": "11.9", "New South Wales": "709,415"}, "Did voluntary work through an organisation or group (last 12 months)": {"Australia": "3,620,726", "Mungindi (NSW)": "121", "Australia_%": "19.0", "New South Wales_%": "18.1", "Mungindi (NSW)_%": "28.6", "New South Wales": "1,103,790"}, "Cared for child/children (last two weeks)": {"Australia": "5,259,400", "Mungindi (NSW)": "134", "Australia_%": "27.6", "New South Wales_%": "27.2", "Mungindi (NSW)_%": "31.5", "New South Wales": "1,659,250"}}, "Unpaid domestic work, number of hours": {"5 to 14 hours per week": {"Australia": "4,944,578", "Mungindi (NSW)": "103", "Australia_%": "26.0", "New South Wales_%": "25.1", "Mungindi (NSW)_%": "24.0", "New South Wales": "1,531,206"}, "30 hours or more per week": {"Australia": "1,710,970", "Mungindi (NSW)": "51", "Australia_%": "9.0", "New South Wales_%": "9.0", "Mungindi (NSW)_%": "11.9", "New South Wales": "545,925"}, "Less than 5 hours per week": {"Australia": "4,298,593", "Mungindi (NSW)": "70", "Australia_%": "22.6", "New South Wales_%": "22.3", "Mungindi (NSW)_%": "16.3", "New South Wales": "1,359,656"}, "15 to 29 hours per week": {"Australia": "2,189,776", "Mungindi (NSW)": "43", "Australia_%": "11.5", "New South Wales_%": "11.3", "Mungindi (NSW)_%": "10.0", "New South Wales": "690,934"}}, "Industry of employment, top responses": {"Combined Primary and Secondary Education": {"Australia": "122,286", "Mungindi (NSW)": "26", "Australia_%": "1.1", "New South Wales_%": "1.0", "Mungindi (NSW)_%": "13.3", "New South Wales": "34,152"}, "Cotton Growing": {"Australia": "1,181", "Mungindi (NSW)": "11", "Australia_%": "0.0", "New South Wales_%": "0.0", "Mungindi (NSW)_%": "5.6", "New South Wales": "666"}, "Other Grain Growing": {"Australia": "19,053", "Mungindi (NSW)": "29", "Australia_%": "0.2", "New South Wales_%": "0.2", "Mungindi (NSW)_%": "14.9", "New South Wales": "5,109"}, "Other Agriculture and Fishing Support Services": {"Australia": "12,317", "Mungindi (NSW)": "10", "Australia_%": "0.1", "New South Wales_%": "0.1", "Mungindi (NSW)_%": "5.1", "New South Wales": "3,160"}, "Grain-Sheep or Grain-Beef Cattle Farming": {"Australia": "15,056", "Mungindi (NSW)": "13", "Australia_%": "0.1", "New South Wales_%": "0.1", "Mungindi (NSW)_%": "6.7", "New South Wales": "4,557"}}, "GeoInfo": {"city": "Mungindi (NSW)"}, "Education": {"University or tertiary institution": {"Australia": "1,160,626", "Mungindi (NSW)": "10", "Australia_%": "16.1", "New South Wales_%": "16.2", "Mungindi (NSW)_%": "4.7", "New South Wales": "376,133"}, "Secondary - Catholic": {"Australia": "338,384", "Mungindi (NSW)": "0", "Australia_%": "4.7", "New South Wales_%": "5.1", "Mungindi (NSW)_%": "0.0", "New South Wales": "117,689"}, "Secondary - other non Government": {"Australia": "280,618", "Mungindi (NSW)": "7", "Australia_%": "3.9", "New South Wales_%": "3.4", "Mungindi (NSW)_%": "3.3", "New South Wales": "79,915"}, "Primary - Catholic": {"Australia": "380,604", "Mungindi (NSW)": "21", "Australia_%": "5.3", "New South Wales_%": "5.3", "Mungindi (NSW)_%": "9.9", "New South Wales": "122,099"}, "Primary - Government": {"Australia": "1,314,787", "Mungindi (NSW)": "47", "Australia_%": "18.2", "New South Wales_%": "18.0", "Mungindi (NSW)_%": "22.2", "New South Wales": "417,465"}, "Other": {"Australia": "198,383", "Mungindi (NSW)": "3", "Australia_%": "2.8", "New South Wales_%": "2.7", "Mungindi (NSW)_%": "1.4", "New South Wales": "63,673"}, "Technical or further education institution": {"Australia": "424,869", "Mungindi (NSW)": "3", "Australia_%": "5.9", "New South Wales_%": "6.2", "Mungindi (NSW)_%": "1.4", "New South Wales": "144,103"}, "Secondary - Government": {"Australia": "827,505", "Mungindi (NSW)": "23", "Australia_%": "11.5", "New South Wales_%": "11.6", "Mungindi (NSW)_%": "10.8", "New South Wales": "269,249"}, "Primary - other non Government": {"Australia": "231,490", "Mungindi (NSW)": "3", "Australia_%": "3.2", "New South Wales_%": "2.9", "Mungindi (NSW)_%": "1.4", "New South Wales": "67,611"}, "Not stated": {"Australia": "1,707,023", "Mungindi (NSW)": "77", "Australia_%": "23.7", "New South Wales_%": "23.0", "Mungindi (NSW)_%": "36.3", "New South Wales": "535,266"}, "Preschool": {"Australia": "347,621", "Mungindi (NSW)": "18", "Australia_%": "4.8", "New South Wales_%": "5.7", "Mungindi (NSW)_%": "8.5", "New South Wales": "132,047"}}, "Employment": {"Unemployed": {"Australia": "787,452", "Mungindi (NSW)": "16", "Australia_%": "6.9", "New South Wales_%": "6.3", "Mungindi (NSW)_%": "6.2", "New South Wales": "225,546"}, "Worked part-time": {"Australia": "3,491,503", "Mungindi (NSW)": "63", "Australia_%": "30.4", "New South Wales_%": "29.7", "Mungindi (NSW)_%": "24.3", "New South Wales": "1,071,151"}, "Away from work": {"Australia": "569,276", "Mungindi (NSW)": "19", "Australia_%": "5.0", "New South Wales_%": "4.8", "Mungindi (NSW)_%": "7.3", "New South Wales": "174,654"}, "Worked full-time": {"Australia": "6,623,065", "Mungindi (NSW)": "161", "Australia_%": "57.7", "New South Wales_%": "59.2", "Mungindi (NSW)_%": "62.2", "New South Wales": "2,134,521"}}, "Travel to work, top responses": {"Walked only": {"Australia": "370,427", "Mungindi (NSW)": "23", "Australia_%": "3.5", "New South Wales_%": "3.9", "Mungindi (NSW)_%": "9.8", "New South Wales": "130,957"}, "Worked at home": {"Australia": "503,582", "Mungindi (NSW)": "9", "Australia_%": "4.7", "New South Wales_%": "4.8", "Mungindi (NSW)_%": "3.8", "New South Wales": "163,026"}, "People who travelled to work by car as driver or passenger": {"Australia": "7,305,271", "Mungindi (NSW)": "169", "Australia_%": "68.4", "New South Wales_%": "64.6", "Mungindi (NSW)_%": "70.7", "New South Wales": "2,182,854"}, "null": {"Australia": "None", "Mungindi (NSW)": null, "Australia_%": "None", "New South Wales_%": "None", "Mungindi (NSW)_%": null, "New South Wales": "None"}, "Car, as driver": {"Australia": "6,574,571", "Mungindi (NSW)": "162", "Australia_%": "61.5", "New South Wales_%": "57.8", "Mungindi (NSW)_%": "68.9", "New South Wales": "1,953,399"}, "Other": {"Australia": "73,512", "Mungindi (NSW)": "5", "Australia_%": "0.7", "New South Wales_%": "0.6", "Mungindi (NSW)_%": "2.1", "New South Wales": "18,811"}, "Car, as passenger": {"Australia": "489,922", "Mungindi (NSW)": "4", "Australia_%": "4.6", "New South Wales_%": "4.3", "Mungindi (NSW)_%": "1.7", "New South Wales": "144,820"}}, "Occupation": {"Professionals": {"Australia": "2,370,966", "Mungindi (NSW)": "29", "Australia_%": "22.2", "New South Wales_%": "23.6", "Mungindi (NSW)_%": "11.6", "New South Wales": "798,126"}, "Managers": {"Australia": "1,390,047", "Mungindi (NSW)": "66", "Australia_%": "13.0", "New South Wales_%": "13.5", "Mungindi (NSW)_%": "26.4", "New South Wales": "456,084"}, "Community and Personal Service Workers": {"Australia": "1,157,003", "Mungindi (NSW)": "29", "Australia_%": "10.8", "New South Wales_%": "10.4", "Mungindi (NSW)_%": "11.6", "New South Wales": "350,261"}, "Clerical and Administrative Workers": {"Australia": "1,449,681", "Mungindi (NSW)": "26", "Australia_%": "13.6", "New South Wales_%": "13.8", "Mungindi (NSW)_%": "10.4", "New South Wales": "467,977"}, "Machinery Operators and Drivers": {"Australia": "670,106", "Mungindi (NSW)": "36", "Australia_%": "6.3", "New South Wales_%": "6.1", "Mungindi (NSW)_%": "14.4", "New South Wales": "206,839"}, "Labourers": {"Australia": "1,011,520", "Mungindi (NSW)": "37", "Australia_%": "9.5", "New South Wales_%": "8.8", "Mungindi (NSW)_%": "14.8", "New South Wales": "297,887"}, "Sales Workers": {"Australia": "1,000,955", "Mungindi (NSW)": "11", "Australia_%": "9.4", "New South Wales_%": "9.2", "Mungindi (NSW)_%": "4.4", "New South Wales": "311,414"}, "Technicians and Trades Workers": {"Australia": "1,447,414", "Mungindi (NSW)": "11", "Australia_%": "13.5", "New South Wales_%": "12.7", "Mungindi (NSW)_%": "4.4", "New South Wales": "429,239"}}}