{"Employment - hours worked": {"40 hours or more per week": {"Australia": "4,591,801", "Murrays Beach": "116", "Murrays Beach_%": "42.0", "Australia_%": "43.0", "New South Wales_%": "44.1", "New South Wales": "1,489,099"}, "25-34 hours per week": {"Australia": "1,193,445", "Murrays Beach": "31", "Murrays Beach_%": "11.2", "Australia_%": "11.2", "New South Wales_%": "10.5", "New South Wales": "353,702"}, "16-24 hours per week": {"Australia": "1,079,236", "Murrays Beach": "24", "Murrays Beach_%": "8.7", "Australia_%": "10.1", "New South Wales_%": "10.4", "New South Wales": "352,817"}, "35-39 hours per week": {"Australia": "2,031,263", "Murrays Beach": "58", "Murrays Beach_%": "21.0", "Australia_%": "19.0", "New South Wales_%": "19.1", "New South Wales": "645,428"}, "1-15 hours per week": {"Australia": "1,218,823", "Murrays Beach": "35", "Murrays Beach_%": "12.7", "Australia_%": "11.4", "New South Wales_%": "10.8", "New South Wales": "364,637"}}, "Number of registered motor vehicles": {"2 motor vehicles": {"Australia": "2,999,184", "Murrays Beach": "135", "Murrays Beach_%": "65.2", "Australia_%": "36.2", "New South Wales_%": "34.1", "New South Wales": "887,849"}, "None": {"Australia": "623,829", "Murrays Beach": "0", "Murrays Beach_%": "0.0", "Australia_%": "7.5", "New South Wales_%": "9.2", "New South Wales": "239,625"}, "Number of motor vehicles not stated": {"Australia": "285,197", "Murrays Beach": "3", "Murrays Beach_%": "1.4", "Australia_%": "3.4", "New South Wales_%": "3.7", "New South Wales": "95,623"}, "1 motor vehicle": {"Australia": "2,881,485", "Murrays Beach": "43", "Murrays Beach_%": "20.8", "Australia_%": "34.8", "New South Wales_%": "36.3", "New South Wales": "946,159"}, "3 or more vehicles": {"Australia": "1,496,382", "Murrays Beach": "26", "Murrays Beach_%": "12.6", "Australia_%": "18.1", "New South Wales_%": "16.7", "New South Wales": "435,053"}}, "Employment status of parents in couple families": {"Labour force status not stated (by one or both parents in a couple family)": {"Australia": "311,381", "Murrays Beach": "9", "Murrays Beach_%": "5.0", "Australia_%": "6.2", "New South Wales_%": "5.7", "New South Wales": "90,630"}, "One employed full-time, one part-time": {"Australia": "1,086,460", "Murrays Beach": "42", "Murrays Beach_%": "23.5", "Australia_%": "21.7", "New South Wales_%": "20.6", "New South Wales": "329,567"}, "One employed part-time, other not working": {"Australia": "302,037", "Murrays Beach": "10", "Murrays Beach_%": "5.6", "Australia_%": "6.0", "New South Wales_%": "6.1", "New South Wales": "96,933"}, "Other (includes away from work)": {"Australia": "264,145", "Murrays Beach": "8", "Murrays Beach_%": "4.5", "Australia_%": "5.3", "New South Wales_%": "5.1", "New South Wales": "80,905"}, "Both employed, worked full-time": {"Australia": "1,084,006", "Murrays Beach": "38", "Murrays Beach_%": "21.2", "Australia_%": "21.6", "New South Wales_%": "22.6", "New South Wales": "360,916"}, "One employed full-time, other not working": {"Australia": "749,886", "Murrays Beach": "29", "Murrays Beach_%": "16.2", "Australia_%": "15.0", "New South Wales_%": "15.0", "New South Wales": "240,084"}, "Both employed, worked part-time": {"Australia": "203,596", "Murrays Beach": "3", "Murrays Beach_%": "1.7", "Australia_%": "4.1", "New South Wales_%": "4.0", "New South Wales": "63,106"}, "Both not working": {"Australia": "1,006,697", "Murrays Beach": "40", "Murrays Beach_%": "22.3", "Australia_%": "20.1", "New South Wales_%": "21.0", "New South Wales": "334,742"}}, "Country of birth of mother, stated responses": {"New Zealand": {"Australia": "608,329", "Murrays Beach": "20", "Murrays Beach_%": "3.2", "Australia_%": "2.6", "New South Wales_%": "1.9", "New South Wales": "139,899"}, "Australia": {"Australia": "12,643,365", "Murrays Beach": "446", "Murrays Beach_%": "71.4", "Australia_%": "54.0", "New South Wales_%": "51.9", "New South Wales": "3,884,762"}, "England": {"Australia": "1,302,147", "Murrays Beach": "50", "Murrays Beach_%": "8.0", "Australia_%": "5.6", "New South Wales_%": "4.3", "New South Wales": "322,472"}, "United Kingdom, Channel Islands and Isle of Man, nfd": {"Australia": "155,231", "Murrays Beach": "16", "Murrays Beach_%": "2.6", "Australia_%": "0.7", "New South Wales_%": "0.5", "New South Wales": "38,504"}, "Netherlands": {"Australia": "152,088", "Murrays Beach": "11", "Murrays Beach_%": "1.8", "Australia_%": "0.6", "New South Wales_%": "0.5", "New South Wales": "34,775"}}, "Dwelling structure": {"Other dwelling": {"Australia": "64,425", "Murrays Beach": "0", "Murrays Beach_%": "0.0", "Australia_%": "0.8", "New South Wales_%": "0.9", "New South Wales": "23,580"}, "Semi-detached, row or terrace house, townhouse etc": {"Australia": "1,055,016", "Murrays Beach": "0", "Murrays Beach_%": "0.0", "Australia_%": "12.7", "New South Wales_%": "12.2", "New South Wales": "317,453"}, "Separate house": {"Australia": "6,041,788", "Murrays Beach": "206", "Murrays Beach_%": "100.0", "Australia_%": "72.9", "New South Wales_%": "66.4", "New South Wales": "1,729,820"}, "Flat or apartment": {"Australia": "1,087,434", "Murrays Beach": "0", "Murrays Beach_%": "0.0", "Australia_%": "13.1", "New South Wales_%": "19.9", "New South Wales": "519,390"}}, "Number of bedrooms": {"1 bedroom": {"Australia": "411,252", "Murrays Beach": "0", "Murrays Beach_%": "0.0", "Australia_%": "5.0", "New South Wales_%": "6.0", "New South Wales": "157,194"}, "3 bedrooms": {"Australia": "3,403,190", "Murrays Beach": "77", "Murrays Beach_%": "37.9", "Australia_%": "41.1", "New South Wales_%": "37.2", "New South Wales": "970,001"}, "Average number of people per household": {"Australia": "2.6", "Murrays Beach": "2.9", "Murrays Beach_%": "--", "Australia_%": "--", "New South Wales_%": "--", "New South Wales": "2.6"}, "2 bedrooms": {"Australia": "1,562,759", "Murrays Beach": "4", "Murrays Beach_%": "2.0", "Australia_%": "18.9", "New South Wales_%": "22.2", "New South Wales": "577,675"}, "4 or more bedrooms": {"Australia": "2,670,758", "Murrays Beach": "119", "Murrays Beach_%": "58.6", "Australia_%": "32.2", "New South Wales_%": "31.3", "New South Wales": "816,405"}, "None (includes bedsitters)": {"Australia": "39,769", "Murrays Beach": "0", "Murrays Beach_%": "0.0", "Australia_%": "0.5", "New South Wales_%": "0.7", "New South Wales": "17,157"}, "Number of bedrooms not stated": {"Australia": "198,351", "Murrays Beach": "3", "Murrays Beach_%": "1.5", "Australia_%": "2.4", "New South Wales_%": "2.5", "New South Wales": "65,888"}, "Average number of bedrooms per dwelling": {"Australia": "3.1", "Murrays Beach": "3.7", "Murrays Beach_%": "--", "Australia_%": "--", "New South Wales_%": "--", "New South Wales": "3"}}, "summaryTable_qsFamilies": {"for all families": "0.9", "for families with children": "1.9", "Families": "195", "Average children per family": "None"}, "People characteristics": {"Male": {"Australia": "322,171", "Murrays Beach": "4", "Murrays Beach_%": "33.3", "Australia_%": "49.6", "New South Wales_%": "49.7", "New South Wales": "107,368"}, "Median age": {"Australia": "23", "Murrays Beach": "14", "Murrays Beach_%": "--", "Australia_%": "--", "New South Wales_%": "--", "New South Wales": "22"}, "Female": {"Australia": "326,996", "Murrays Beach": "8", "Murrays Beach_%": "66.7", "Australia_%": "50.4", "New South Wales_%": "50.3", "New South Wales": "108,809"}}, "Dwelling count": {"Unoccupied private dwellings": {"Australia": "1,039,874", "Murrays Beach": "29", "Murrays Beach_%": "12.3", "Australia_%": "11.2", "New South Wales_%": "9.9", "New South Wales": "284,741"}, "Occupied private dwellings": {"Australia": "8,286,073", "Murrays Beach": "206", "Murrays Beach_%": "87.7", "Australia_%": "88.8", "New South Wales_%": "90.1", "New South Wales": "2,604,320"}}, "Level of highest educational attainment": {"Certificate level III": {"Australia": "2,442,203", "Murrays Beach": "69", "Murrays Beach_%": "15.0", "Australia_%": "12.8", "New South Wales_%": "12.0", "New South Wales": "730,498"}, "Certificate level II": {"Australia": "13,454", "Murrays Beach": "0", "Murrays Beach_%": "0.0", "Australia_%": "0.1", "New South Wales_%": "0.1", "New South Wales": "4,849"}, "No educational attainment": {"Australia": "145,844", "Murrays Beach": "0", "Murrays Beach_%": "0.0", "Australia_%": "0.8", "New South Wales_%": "0.9", "New South Wales": "54,870"}, "Bachelor Degree level and above": {"Australia": "4,181,406", "Murrays Beach": "164", "Murrays Beach_%": "35.6", "Australia_%": "22.0", "New South Wales_%": "23.4", "New South Wales": "1,424,716"}, "Certificate level I": {"Australia": "2,176", "Murrays Beach": "0", "Murrays Beach_%": "0.0", "Australia_%": "0.0", "New South Wales_%": "0.0", "New South Wales": "625"}, "Year 11": {"Australia": "941,531", "Murrays Beach": "13", "Murrays Beach_%": "2.8", "Australia_%": "4.9", "New South Wales_%": "3.3", "New South Wales": "203,574"}, "Not stated": {"Australia": "1,974,794", "Murrays Beach": "21", "Murrays Beach_%": "4.6", "Australia_%": "10.4", "New South Wales_%": "10.3", "New South Wales": "627,465"}, "Year 9 or below": {"Australia": "1,529,897", "Murrays Beach": "14", "Murrays Beach_%": "3.0", "Australia_%": "8.0", "New South Wales_%": "8.4", "New South Wales": "513,209"}, "Certificate level IV": {"Australia": "551,767", "Murrays Beach": "15", "Murrays Beach_%": "3.3", "Australia_%": "2.9", "New South Wales_%": "2.8", "New South Wales": "167,947"}, "Year 10": {"Australia": "2,054,331", "Murrays Beach": "50", "Murrays Beach_%": "10.8", "Australia_%": "10.8", "New South Wales_%": "11.5", "New South Wales": "702,178"}, "Year 12": {"Australia": "2,994,097", "Murrays Beach": "35", "Murrays Beach_%": "7.6", "Australia_%": "15.7", "New South Wales_%": "15.3", "New South Wales": "930,654"}, "Advanced Diploma and Diploma level": {"Australia": "1,687,893", "Murrays Beach": "64", "Murrays Beach_%": "13.9", "Australia_%": "8.9", "New South Wales_%": "8.9", "New South Wales": "543,142"}}, "Median weekly incomes": {"Personal": {"Australia": "662", "Murrays Beach": "933", "Murrays Beach_%": "--", "Australia_%": "--", "New South Wales_%": "--", "New South Wales": "664"}, "Household": {"Australia": "1,438", "Murrays Beach": "2,070", "Murrays Beach_%": "--", "Australia_%": "--", "New South Wales_%": "--", "New South Wales": "1,486"}, "Family": {"Australia": "1,734", "Murrays Beach": "2,137", "Murrays Beach_%": "--", "Australia_%": "--", "New South Wales_%": "--", "New South Wales": "1,780"}}, "Family composition": {"Other family": {"Australia": "102,559", "Murrays Beach": "0", "Murrays Beach_%": "0.0", "Australia_%": "1.7", "New South Wales_%": "1.7", "New South Wales": "32,438"}, "Couple family with children": {"Australia": "2,716,224", "Murrays Beach": "99", "Murrays Beach_%": "51.6", "Australia_%": "44.7", "New South Wales_%": "45.7", "New South Wales": "887,358"}, "Couple family without children": {"Australia": "2,291,987", "Murrays Beach": "85", "Murrays Beach_%": "44.3", "Australia_%": "37.8", "New South Wales_%": "36.6", "New South Wales": "709,524"}, "One parent family": {"Australia": "959,543", "Murrays Beach": "8", "Murrays Beach_%": "4.2", "Australia_%": "15.8", "New South Wales_%": "16.0", "New South Wales": "310,906"}}, "Dwelling internet connection": {"Not stated": {"Australia": "221,494", "Murrays Beach": "3", "Murrays Beach_%": "1.5", "Australia_%": "2.7", "New South Wales_%": "2.8", "New South Wales": "73,565"}, "Internet not accessed from dwelling": {"Australia": "1,172,415", "Murrays Beach": "4", "Murrays Beach_%": "1.9", "Australia_%": "14.1", "New South Wales_%": "14.7", "New South Wales": "381,709"}, "Internet accessed from dwelling": {"Australia": "6,892,165", "Murrays Beach": "199", "Murrays Beach_%": "96.6", "Australia_%": "83.2", "New South Wales_%": "82.5", "New South Wales": "2,149,040"}}, "Social marital status": {"Not married": {"Australia": "7,024,973", "Murrays Beach": "65", "Murrays Beach_%": "15.2", "Australia_%": "41.9", "New South Wales_%": "42.3", "New South Wales": "2,290,887"}, "De facto marriage": {"Australia": "1,751,731", "Murrays Beach": "40", "Murrays Beach_%": "9.4", "Australia_%": "10.4", "New South Wales_%": "9.4", "New South Wales": "506,133"}, "Registered marriage": {"Australia": "8,001,141", "Murrays Beach": "322", "Murrays Beach_%": "75.4", "Australia_%": "47.7", "New South Wales_%": "48.3", "New South Wales": "2,612,630"}}, "Household composition": {"Family households": {"Australia": "5,907,625", "Murrays Beach": "194", "Murrays Beach_%": "92.4", "Australia_%": "71.3", "New South Wales_%": "72.0", "New South Wales": "1,874,524"}, "Group households": {"Australia": "354,917", "Murrays Beach": "0", "Murrays Beach_%": "0.0", "Australia_%": "4.3", "New South Wales_%": "4.2", "New South Wales": "109,004"}, "Single (or lone) person households": {"Australia": "2,023,542", "Murrays Beach": "16", "Murrays Beach_%": "7.6", "Australia_%": "24.4", "New South Wales_%": "23.8", "New South Wales": "620,778"}}, "People": {"Male": {"Australia": "11,546,638", "Murrays Beach": "306", "Murrays Beach_%": "48.6", "Australia_%": "49.3", "New South Wales_%": "49.3", "New South Wales": "3,686,014"}, "Aboriginal and/or Torres Strait Islander people": {"Australia": "649,171", "Murrays Beach": "19", "Murrays Beach_%": "3.0", "Australia_%": "2.8", "New South Wales_%": "2.9", "New South Wales": "216,176"}, "Female": {"Australia": "11,855,248", "Murrays Beach": "324", "Murrays Beach_%": "51.4", "Australia_%": "50.7", "New South Wales_%": "50.7", "New South Wales": "3,794,217"}}, "Language, top responses (other than English)": {"Swedish": {"Australia": "8,956", "Murrays Beach": "5", "Murrays Beach_%": "0.8", "Australia_%": "0.0", "New South Wales_%": "0.0", "New South Wales": "3,317"}, "Portuguese": {"Australia": "48,853", "Murrays Beach": "3", "Murrays Beach_%": "0.5", "Australia_%": "0.2", "New South Wales_%": "0.3", "New South Wales": "23,003"}, "null": {"Australia": "None", "Murrays Beach": null, "Murrays Beach_%": null, "Australia_%": "None", "New South Wales_%": "None", "New South Wales": "None"}, "French": {"Australia": "70,873", "Murrays Beach": "3", "Murrays Beach_%": "0.5", "Australia_%": "0.3", "New South Wales_%": "0.3", "New South Wales": "23,743"}, "English only spoken at home": {"Australia": "17,020,417", "Murrays Beach": "581", "Murrays Beach_%": "93.0", "Australia_%": "72.7", "New South Wales_%": "68.5", "New South Wales": "5,126,633"}, "Russian": {"Australia": "50,314", "Murrays Beach": "4", "Murrays Beach_%": "0.6", "Australia_%": "0.2", "New South Wales_%": "0.3", "New South Wales": "18,763"}, "Households where a non English language is spoken": {"Australia": "1,971,011", "Murrays Beach": "26", "Murrays Beach_%": "12.2", "Australia_%": "22.2", "New South Wales_%": "26.5", "New South Wales": "735,563"}, "Mandarin": {"Australia": "596,711", "Murrays Beach": "6", "Murrays Beach_%": "1.0", "Australia_%": "2.5", "New South Wales_%": "3.2", "New South Wales": "239,945"}}, "summaryTable_qsDwelling": {"Median monthly mortgage repayments": "$2,253", "All private dwellings": "241", "Average people per household": "2.9", "Median weekly household income": "$2,070", "Median weekly rent": "$530", "Average motor vehicles per dwelling": "1.9"}, "Household income": {"Less than $650 gross weekly income": {"Australia": "--", "Murrays Beach": "--", "Murrays Beach_%": "8.3", "Australia_%": "20.0", "New South Wales_%": "19.7", "New South Wales": "--"}, "More than $3000 gross weekly income": {"Australia": "--", "Murrays Beach": "--", "Murrays Beach_%": "27.6", "Australia_%": "16.4", "New South Wales_%": "18.7", "New South Wales": "--"}}, "Country of birth": {"Other top responses": {"Murrays Beach": "None", "Murrays Beach_%": "None"}, "Australia": {"Australia": "15,614,835", "Murrays Beach": "509", "Murrays Beach_%": "81.7", "Australia_%": "66.7", "New South Wales_%": "65.5", "New South Wales": "4,899,090"}, "England": {"Australia": "907,570", "Murrays Beach": "44", "Murrays Beach_%": "7.1", "Australia_%": "3.9", "New South Wales_%": "3.0", "New South Wales": "226,564"}, "Scotland": {"Australia": "119,417", "Murrays Beach": "5", "Murrays Beach_%": "0.8", "Australia_%": "0.5", "New South Wales_%": "0.4", "New South Wales": "28,579"}, "Sweden": {"Australia": "9,553", "Murrays Beach": "5", "Murrays Beach_%": "0.8", "Australia_%": "0.0", "New South Wales_%": "0.0", "New South Wales": "3,424"}, "Ireland": {"Australia": "74,888", "Murrays Beach": "4", "Murrays Beach_%": "0.6", "Australia_%": "0.3", "New South Wales_%": "0.3", "New South Wales": "24,038"}, "New Zealand": {"Australia": "518,466", "Murrays Beach": "12", "Murrays Beach_%": "1.9", "Australia_%": "2.2", "New South Wales_%": "1.6", "New South Wales": "117,136"}}, "Religious affiliation, top responses": {"No Religion, so described": {"Australia": "6,933,708", "Murrays Beach": "246", "Murrays Beach_%": "38.7", "Australia_%": "29.6", "New South Wales_%": "25.1", "New South Wales": "1,879,562"}, "Catholic": {"Australia": "5,291,834", "Murrays Beach": "133", "Murrays Beach_%": "20.9", "Australia_%": "22.6", "New South Wales_%": "24.7", "New South Wales": "1,846,443"}, "Not stated": {"Australia": "2,238,735", "Murrays Beach": "36", "Murrays Beach_%": "5.7", "Australia_%": "9.6", "New South Wales_%": "9.2", "New South Wales": "684,969"}, "Baptist": {"Australia": "345,142", "Murrays Beach": "33", "Murrays Beach_%": "5.2", "Australia_%": "1.5", "New South Wales_%": "1.3", "New South Wales": "94,647"}, "Anglican": {"Australia": "3,101,185", "Murrays Beach": "91", "Murrays Beach_%": "14.3", "Australia_%": "13.3", "New South Wales_%": "15.5", "New South Wales": "1,161,810"}}, "Ancestry, top responses": {"German": {"Australia": "982,226", "Murrays Beach": "30", "Murrays Beach_%": "3.4", "Australia_%": "3.1", "New South Wales_%": "2.4", "New South Wales": "236,146"}, "Australian": {"Australia": "7,298,243", "Murrays Beach": "276", "Murrays Beach_%": "31.6", "Australia_%": "23.3", "New South Wales_%": "22.9", "New South Wales": "2,261,062"}, "Scottish": {"Australia": "2,023,470", "Murrays Beach": "93", "Murrays Beach_%": "10.6", "Australia_%": "6.4", "New South Wales_%": "5.9", "New South Wales": "587,052"}, "Irish": {"Australia": "2,388,058", "Murrays Beach": "64", "Murrays Beach_%": "7.3", "Australia_%": "7.6", "New South Wales_%": "7.5", "New South Wales": "741,671"}, "English": {"Australia": "7,852,224", "Murrays Beach": "272", "Murrays Beach_%": "31.1", "Australia_%": "25.0", "New South Wales_%": "23.3", "New South Wales": "2,302,481"}}, "Age": {"35-39 years": {"Australia": "1,561,679", "Murrays Beach": "76", "Murrays Beach_%": "12.2", "Australia_%": "6.7", "New South Wales_%": "6.7", "New South Wales": "499,724"}, "60-64 years": {"Australia": "1,299,397", "Murrays Beach": "53", "Murrays Beach_%": "8.5", "Australia_%": "5.6", "New South Wales_%": "5.6", "New South Wales": "420,044"}, "30-34 years": {"Australia": "1,703,847", "Murrays Beach": "36", "Murrays Beach_%": "5.8", "Australia_%": "7.3", "New South Wales_%": "7.2", "New South Wales": "540,360"}, "0-4 years": {"Australia": "1,464,779", "Murrays Beach": "71", "Murrays Beach_%": "11.4", "Australia_%": "6.3", "New South Wales_%": "6.2", "New South Wales": "465,135"}, "25-29 years": {"Australia": "1,664,602", "Murrays Beach": "22", "Murrays Beach_%": "3.5", "Australia_%": "7.1", "New South Wales_%": "7.0", "New South Wales": "527,161"}, "10-14 years": {"Australia": "1,397,183", "Murrays Beach": "35", "Murrays Beach_%": "5.6", "Australia_%": "6.0", "New South Wales_%": "5.9", "New South Wales": "443,009"}, "5-9 years": {"Australia": "1,502,646", "Murrays Beach": "62", "Murrays Beach_%": "9.9", "Australia_%": "6.4", "New South Wales_%": "6.4", "New South Wales": "478,184"}, "Median age": {"Australia": "38", "Murrays Beach": "38", "Murrays Beach_%": "--", "Australia_%": "--", "New South Wales_%": "--", "New South Wales": "38"}, "50-54 years": {"Australia": "1,523,551", "Murrays Beach": "27", "Murrays Beach_%": "4.3", "Australia_%": "6.5", "New South Wales_%": "6.5", "New South Wales": "485,546"}, "80-84 years": {"Australia": "460,549", "Murrays Beach": "4", "Murrays Beach_%": "0.6", "Australia_%": "2.0", "New South Wales_%": "2.1", "New South Wales": "155,806"}, "40-44 years": {"Australia": "1,583,257", "Murrays Beach": "51", "Murrays Beach_%": "8.2", "Australia_%": "6.8", "New South Wales_%": "6.7", "New South Wales": "503,169"}, "70-74 years": {"Australia": "887,716", "Murrays Beach": "27", "Murrays Beach_%": "4.3", "Australia_%": "3.8", "New South Wales_%": "3.9", "New South Wales": "292,556"}, "15-19 years": {"Australia": "1,421,595", "Murrays Beach": "19", "Murrays Beach_%": "3.0", "Australia_%": "6.1", "New South Wales_%": "6.0", "New South Wales": "448,425"}, "65-69 years": {"Australia": "1,188,999", "Murrays Beach": "57", "Murrays Beach_%": "9.1", "Australia_%": "5.1", "New South Wales_%": "5.1", "New South Wales": "384,470"}, "20-24 years": {"Australia": "1,566,793", "Murrays Beach": "5", "Murrays Beach_%": "0.8", "Australia_%": "6.7", "New South Wales_%": "6.5", "New South Wales": "489,673"}, "55-59 years": {"Australia": "1,454,332", "Murrays Beach": "35", "Murrays Beach_%": "5.6", "Australia_%": "6.2", "New South Wales_%": "6.3", "New South Wales": "469,726"}, "75-79 years": {"Australia": "652,657", "Murrays Beach": "8", "Murrays Beach_%": "1.3", "Australia_%": "2.8", "New South Wales_%": "2.9", "New South Wales": "217,308"}, "45-49 years": {"Australia": "1,581,455", "Murrays Beach": "33", "Murrays Beach_%": "5.3", "Australia_%": "6.8", "New South Wales_%": "6.6", "New South Wales": "492,440"}, "85 years and over": {"Australia": "486,842", "Murrays Beach": "3", "Murrays Beach_%": "0.5", "Australia_%": "2.1", "New South Wales_%": "2.2", "New South Wales": "167,506"}}, "Single (or lone) parents": {"Male": {"Australia": "--", "Murrays Beach": "--", "Murrays Beach_%": "0.0", "Australia_%": "18.2", "New South Wales_%": "17.8", "New South Wales": "--"}, "Female": {"Australia": "--", "Murrays Beach": "--", "Murrays Beach_%": "100.0", "Australia_%": "81.8", "New South Wales_%": "82.2", "New South Wales": "--"}}, "Mortgage monthly repayments": {"Median mortgage repayments": {"Australia": "1,755", "Murrays Beach": "2,253", "Murrays Beach_%": "--", "Australia_%": "--", "New South Wales_%": "--", "New South Wales": "1,986"}, "Households where mortgage repayments are less than 30% of household income": {"Australia": "--", "Murrays Beach": "--", "Murrays Beach_%": "91.3", "Australia_%": "92.8", "New South Wales_%": "92.6", "New South Wales": "--"}, "Households with mortgage repayments greater than or equal to 30% of household income": {"Australia": "--", "Murrays Beach": "--", "Murrays Beach_%": "8.7", "Australia_%": "7.2", "New South Wales_%": "7.4", "New South Wales": "--"}}, "Mortgage and rent": {"Median monthly mortgage repayments": {"Australia": "1,660", "Murrays Beach": "2,900", "Murrays Beach_%": "--", "Australia_%": "--", "New South Wales_%": "--", "New South Wales": "1,733"}, "Median weekly rent": {"Australia": "250", "Murrays Beach": "0", "Murrays Beach_%": "--", "Australia_%": "--", "New South Wales_%": "--", "New South Wales": "270"}}, "Tenure": {"Rented": {"Australia": "2,561,302", "Murrays Beach": "16", "Murrays Beach_%": "7.8", "Australia_%": "30.9", "New South Wales_%": "31.8", "New South Wales": "826,922"}, "Owned outright": {"Australia": "2,565,695", "Murrays Beach": "69", "Murrays Beach_%": "33.7", "Australia_%": "31.0", "New South Wales_%": "32.2", "New South Wales": "839,665"}, "Owned with a mortgage": {"Australia": "2,855,222", "Murrays Beach": "117", "Murrays Beach_%": "57.1", "Australia_%": "34.5", "New South Wales_%": "32.3", "New South Wales": "840,004"}, "Tenure type not stated": {"Australia": "224,869", "Murrays Beach": "3", "Murrays Beach_%": "1.5", "Australia_%": "2.7", "New South Wales_%": "2.8", "New South Wales": "73,763"}, "Other tenure type": {"Australia": "78,994", "Murrays Beach": "0", "Murrays Beach_%": "0.0", "Australia_%": "1.0", "New South Wales_%": "0.9", "New South Wales": "23,968"}}, "Country of birth of father, stated responses": {"Netherlands": {"Australia": "175,354", "Murrays Beach": "12", "Murrays Beach_%": "1.9", "Australia_%": "0.7", "New South Wales_%": "0.5", "New South Wales": "40,444"}, "Australia": {"Australia": "12,231,150", "Murrays Beach": "433", "Murrays Beach_%": "70.0", "Australia_%": "52.3", "New South Wales_%": "50.1", "New South Wales": "3,745,787"}, "England": {"Australia": "1,403,096", "Murrays Beach": "59", "Murrays Beach_%": "9.5", "Australia_%": "6.0", "New South Wales_%": "4.8", "New South Wales": "359,370"}, "United Kingdom, Channel Islands and Isle of Man, nfd": {"Australia": "177,536", "Murrays Beach": "11", "Murrays Beach_%": "1.8", "Australia_%": "0.8", "New South Wales_%": "0.6", "New South Wales": "45,238"}, "Ireland": {"Australia": "169,273", "Murrays Beach": "13", "Murrays Beach_%": "2.1", "Australia_%": "0.7", "New South Wales_%": "0.7", "New South Wales": "52,104"}}, "Country of birth of father and/or mother, stated responses": {"Father only born overseas": {"Australia": "1,488,092", "Murrays Beach": "50", "Murrays Beach_%": "7.8", "Australia_%": "6.4", "New South Wales_%": "6.1", "New South Wales": "458,394"}, "Mother only born overseas": {"Australia": "1,094,591", "Murrays Beach": "35", "Murrays Beach_%": "5.5", "Australia_%": "4.7", "New South Wales_%": "4.3", "New South Wales": "325,182"}, "Both parents born overseas": {"Australia": "8,051,196", "Murrays Beach": "139", "Murrays Beach_%": "21.8", "Australia_%": "34.4", "New South Wales_%": "37.0", "New South Wales": "2,764,170"}, "Both parents born in Australia": {"Australia": "11,070,538", "Murrays Beach": "397", "Murrays Beach_%": "62.2", "Australia_%": "47.3", "New South Wales_%": "45.4", "New South Wales": "3,399,725"}}, "Rent weekly payments": {"Households where rent payments are less than 30% of household income": {"Australia": "--", "Murrays Beach": "--", "Murrays Beach_%": "98.0", "Australia_%": "88.5", "New South Wales_%": "87.1", "New South Wales": "--"}, "Households with rent payments greater than or equal to 30% of household income": {"Australia": "--", "Murrays Beach": "--", "Murrays Beach_%": "2.0", "Australia_%": "11.5", "New South Wales_%": "12.9", "New South Wales": "--"}, "Median rent": {"Australia": "335", "Murrays Beach": "530", "Murrays Beach_%": "--", "Australia_%": "--", "New South Wales_%": "--", "New South Wales": "380"}}, "Registered marital status": {"Separated": {"Australia": "608,059", "Murrays Beach": "0", "Murrays Beach_%": "0.0", "Australia_%": "3.2", "New South Wales_%": "3.1", "New South Wales": "190,198"}, "Widowed": {"Australia": "985,204", "Murrays Beach": "3", "Murrays Beach_%": "0.6", "Australia_%": "5.2", "New South Wales_%": "5.4", "New South Wales": "331,653"}, "Married": {"Australia": "9,148,218", "Murrays Beach": "362", "Murrays Beach_%": "77.5", "Australia_%": "48.1", "New South Wales_%": "48.7", "New South Wales": "2,965,280"}, "Divorced": {"Australia": "1,626,890", "Murrays Beach": "35", "Murrays Beach_%": "7.5", "Australia_%": "8.5", "New South Wales_%": "8.4", "New South Wales": "512,298"}, "Never married": {"Australia": "6,668,910", "Murrays Beach": "67", "Murrays Beach_%": "14.3", "Australia_%": "35.0", "New South Wales_%": "34.4", "New South Wales": "2,094,460"}}, "summaryTable_qsPeople": {"Male": "48.6%", "Median age": "38", "Female": "51.4%", "People": "637"}, "Dwelling characteristics": {"Average number of people per household": {"Australia": "3.2", "Murrays Beach": "0", "Murrays Beach_%": "--", "Australia_%": "--", "New South Wales_%": "--", "New South Wales": "3.1"}, "Average number of persons per bedroom": {"Australia": "1", "Murrays Beach": "1.2", "Murrays Beach_%": "--", "Australia_%": "--", "New South Wales_%": "--", "New South Wales": "1"}, "Median weekly household income": {"Australia": "1,203", "Murrays Beach": "3,250", "Murrays Beach_%": "--", "Australia_%": "--", "New South Wales_%": "--", "New South Wales": "1,214"}}, "Unpaid work": {"Did unpaid domestic work (last week)": {"Australia": "13,143,914", "Murrays Beach": "405", "Murrays Beach_%": "87.5", "Australia_%": "69.0", "New South Wales_%": "67.7", "New South Wales": "4,127,723"}, "Provided unpaid assistance to a person with a disability (last two weeks)": {"Australia": "2,145,203", "Murrays Beach": "67", "Murrays Beach_%": "14.5", "Australia_%": "11.3", "New South Wales_%": "11.6", "New South Wales": "709,415"}, "Did voluntary work through an organisation or group (last 12 months)": {"Australia": "3,620,726", "Murrays Beach": "111", "Murrays Beach_%": "23.9", "Australia_%": "19.0", "New South Wales_%": "18.1", "New South Wales": "1,103,790"}, "Cared for child/children (last two weeks)": {"Australia": "5,259,400", "Murrays Beach": "227", "Murrays Beach_%": "49.5", "Australia_%": "27.6", "New South Wales_%": "27.2", "New South Wales": "1,659,250"}}, "Unpaid domestic work, number of hours": {"5 to 14 hours per week": {"Australia": "4,944,578", "Murrays Beach": "175", "Murrays Beach_%": "37.5", "Australia_%": "26.0", "New South Wales_%": "25.1", "New South Wales": "1,531,206"}, "30 hours or more per week": {"Australia": "1,710,970", "Murrays Beach": "52", "Murrays Beach_%": "11.1", "Australia_%": "9.0", "New South Wales_%": "9.0", "New South Wales": "545,925"}, "Less than 5 hours per week": {"Australia": "4,298,593", "Murrays Beach": "104", "Murrays Beach_%": "22.3", "Australia_%": "22.6", "New South Wales_%": "22.3", "New South Wales": "1,359,656"}, "15 to 29 hours per week": {"Australia": "2,189,776", "Murrays Beach": "78", "Murrays Beach_%": "16.7", "Australia_%": "11.5", "New South Wales_%": "11.3", "New South Wales": "690,934"}}, "Industry of employment, top responses": {"Primary Education": {"Australia": "231,198", "Murrays Beach": "14", "Murrays Beach_%": "7.2", "Australia_%": "2.2", "New South Wales_%": "1.9", "New South Wales": "65,204"}, "Non-Residential Building Construction": {"Australia": "67,107", "Murrays Beach": "7", "Murrays Beach_%": "3.6", "Australia_%": "0.6", "New South Wales_%": "0.6", "New South Wales": "21,343"}, "Hospitals (except Psychiatric Hospitals)": {"Australia": "411,808", "Murrays Beach": "16", "Murrays Beach_%": "8.2", "Australia_%": "3.9", "New South Wales_%": "3.5", "New South Wales": "119,350"}, "Engineering Design and Engineering Consulting Services": {"Australia": "76,325", "Murrays Beach": "13", "Murrays Beach_%": "6.7", "Australia_%": "0.7", "New South Wales_%": "0.6", "New South Wales": "20,943"}, "Police Services": {"Australia": "68,686", "Murrays Beach": "8", "Murrays Beach_%": "4.1", "Australia_%": "0.6", "New South Wales_%": "0.6", "New South Wales": "19,156"}}, "GeoInfo": {"city": "Murrays Beach"}, "Education": {"University or tertiary institution": {"Australia": "1,160,626", "Murrays Beach": "20", "Murrays Beach_%": "12.3", "Australia_%": "16.1", "New South Wales_%": "16.2", "New South Wales": "376,133"}, "Secondary - Catholic": {"Australia": "338,384", "Murrays Beach": "3", "Murrays Beach_%": "1.8", "Australia_%": "4.7", "New South Wales_%": "5.1", "New South Wales": "117,689"}, "Secondary - other non Government": {"Australia": "280,618", "Murrays Beach": "6", "Murrays Beach_%": "3.7", "Australia_%": "3.9", "New South Wales_%": "3.4", "New South Wales": "79,915"}, "Primary - Catholic": {"Australia": "380,604", "Murrays Beach": "11", "Murrays Beach_%": "6.7", "Australia_%": "5.3", "New South Wales_%": "5.3", "New South Wales": "122,099"}, "Primary - Government": {"Australia": "1,314,787", "Murrays Beach": "55", "Murrays Beach_%": "33.7", "Australia_%": "18.2", "New South Wales_%": "18.0", "New South Wales": "417,465"}, "Other": {"Australia": "198,383", "Murrays Beach": "0", "Murrays Beach_%": "0.0", "Australia_%": "2.8", "New South Wales_%": "2.7", "New South Wales": "63,673"}, "Technical or further education institution": {"Australia": "424,869", "Murrays Beach": "3", "Murrays Beach_%": "1.8", "Australia_%": "5.9", "New South Wales_%": "6.2", "New South Wales": "144,103"}, "Secondary - Government": {"Australia": "827,505", "Murrays Beach": "21", "Murrays Beach_%": "12.9", "Australia_%": "11.5", "New South Wales_%": "11.6", "New South Wales": "269,249"}, "Primary - other non Government": {"Australia": "231,490", "Murrays Beach": "3", "Murrays Beach_%": "1.8", "Australia_%": "3.2", "New South Wales_%": "2.9", "New South Wales": "67,611"}, "Not stated": {"Australia": "1,707,023", "Murrays Beach": "16", "Murrays Beach_%": "9.8", "Australia_%": "23.7", "New South Wales_%": "23.0", "New South Wales": "535,266"}, "Preschool": {"Australia": "347,621", "Murrays Beach": "25", "Murrays Beach_%": "15.3", "Australia_%": "4.8", "New South Wales_%": "5.7", "New South Wales": "132,047"}}, "Employment": {"Unemployed": {"Australia": "787,452", "Murrays Beach": "14", "Murrays Beach_%": "4.9", "Australia_%": "6.9", "New South Wales_%": "6.3", "New South Wales": "225,546"}, "Worked part-time": {"Australia": "3,491,503", "Murrays Beach": "91", "Murrays Beach_%": "31.7", "Australia_%": "30.4", "New South Wales_%": "29.7", "New South Wales": "1,071,151"}, "Away from work": {"Australia": "569,276", "Murrays Beach": "14", "Murrays Beach_%": "4.9", "Australia_%": "5.0", "New South Wales_%": "4.8", "New South Wales": "174,654"}, "Worked full-time": {"Australia": "6,623,065", "Murrays Beach": "168", "Murrays Beach_%": "58.5", "Australia_%": "57.7", "New South Wales_%": "59.2", "New South Wales": "2,134,521"}}, "Travel to work, top responses": {"Car as driver, other": {"Australia": "6,420", "Murrays Beach": "3", "Murrays Beach_%": "1.1", "Australia_%": "0.1", "New South Wales_%": "0.1", "New South Wales": "1,793"}, "Worked at home": {"Australia": "503,582", "Murrays Beach": "18", "Murrays Beach_%": "6.8", "Australia_%": "4.7", "New South Wales_%": "4.8", "New South Wales": "163,026"}, "People who travelled to work by car as driver or passenger": {"Australia": "7,305,271", "Murrays Beach": "217", "Murrays Beach_%": "79.5", "Australia_%": "68.4", "New South Wales_%": "64.6", "New South Wales": "2,182,854"}, "null": {"Australia": "None", "Murrays Beach": null, "Murrays Beach_%": null, "Australia_%": "None", "New South Wales_%": "None", "New South Wales": "None"}, "People who travelled to work by public transport": {"Australia": "1,225,668", "Murrays Beach": "10", "Murrays Beach_%": "3.5", "Australia_%": "11.5", "New South Wales_%": "16.0", "New South Wales": "540,215"}, "Car, as driver": {"Australia": "6,574,571", "Murrays Beach": "195", "Murrays Beach_%": "73.9", "Australia_%": "61.5", "New South Wales_%": "57.8", "New South Wales": "1,953,399"}, "Train, car as driver": {"Australia": "86,003", "Murrays Beach": "3", "Murrays Beach_%": "1.1", "Australia_%": "0.8", "New South Wales_%": "1.0", "New South Wales": "34,213"}, "Car, as passenger": {"Australia": "489,922", "Murrays Beach": "6", "Murrays Beach_%": "2.3", "Australia_%": "4.6", "New South Wales_%": "4.3", "New South Wales": "144,820"}}, "Occupation": {"Professionals": {"Australia": "2,370,966", "Murrays Beach": "88", "Murrays Beach_%": "31.2", "Australia_%": "22.2", "New South Wales_%": "23.6", "New South Wales": "798,126"}, "Technicians and Trades Workers": {"Australia": "1,447,414", "Murrays Beach": "30", "Murrays Beach_%": "10.6", "Australia_%": "13.5", "New South Wales_%": "12.7", "New South Wales": "429,239"}, "Community and Personal Service Workers": {"Australia": "1,157,003", "Murrays Beach": "21", "Murrays Beach_%": "7.4", "Australia_%": "10.8", "New South Wales_%": "10.4", "New South Wales": "350,261"}, "Clerical and Administrative Workers": {"Australia": "1,449,681", "Murrays Beach": "49", "Murrays Beach_%": "17.4", "Australia_%": "13.6", "New South Wales_%": "13.8", "New South Wales": "467,977"}, "Machinery Operators and Drivers": {"Australia": "670,106", "Murrays Beach": "12", "Murrays Beach_%": "4.3", "Australia_%": "6.3", "New South Wales_%": "6.1", "New South Wales": "206,839"}, "Labourers": {"Australia": "1,011,520", "Murrays Beach": "10", "Murrays Beach_%": "3.5", "Australia_%": "9.5", "New South Wales_%": "8.8", "New South Wales": "297,887"}, "Sales Workers": {"Australia": "1,000,955", "Murrays Beach": "19", "Murrays Beach_%": "6.7", "Australia_%": "9.4", "New South Wales_%": "9.2", "New South Wales": "311,414"}, "Managers": {"Australia": "1,390,047", "Murrays Beach": "50", "Murrays Beach_%": "17.7", "Australia_%": "13.0", "New South Wales_%": "13.5", "New South Wales": "456,084"}}}