{"Employment - hours worked": {"40 hours or more per week": {"Pambula_%": "32.4", "Australia": "4,591,801", "Australia_%": "43.0", "New South Wales_%": "44.1", "Pambula": "115", "New South Wales": "1,489,099"}, "25-34 hours per week": {"Pambula_%": "14.4", "Australia": "1,193,445", "Australia_%": "11.2", "New South Wales_%": "10.5", "Pambula": "51", "New South Wales": "353,702"}, "16-24 hours per week": {"Pambula_%": "11.8", "Australia": "1,079,236", "Australia_%": "10.1", "New South Wales_%": "10.4", "Pambula": "42", "New South Wales": "352,817"}, "35-39 hours per week": {"Pambula_%": "17.5", "Australia": "2,031,263", "Australia_%": "19.0", "New South Wales_%": "19.1", "Pambula": "62", "New South Wales": "645,428"}, "1-15 hours per week": {"Pambula_%": "18.6", "Australia": "1,218,823", "Australia_%": "11.4", "New South Wales_%": "10.8", "Pambula": "66", "New South Wales": "364,637"}}, "Number of registered motor vehicles": {"2 motor vehicles": {"Pambula_%": "31.8", "Australia": "2,999,184", "Australia_%": "36.2", "New South Wales_%": "34.1", "Pambula": "120", "New South Wales": "887,849"}, "None": {"Pambula_%": "7.2", "Australia": "623,829", "Australia_%": "7.5", "New South Wales_%": "9.2", "Pambula": "27", "New South Wales": "239,625"}, "Number of motor vehicles not stated": {"Pambula_%": "4.5", "Australia": "285,197", "Australia_%": "3.4", "New South Wales_%": "3.7", "Pambula": "17", "New South Wales": "95,623"}, "1 motor vehicle": {"Pambula_%": "43.0", "Australia": "2,881,485", "Australia_%": "34.8", "New South Wales_%": "36.3", "Pambula": "162", "New South Wales": "946,159"}, "3 or more vehicles": {"Pambula_%": "13.5", "Australia": "1,496,382", "Australia_%": "18.1", "New South Wales_%": "16.7", "Pambula": "51", "New South Wales": "435,053"}}, "Employment status of parents in couple families": {"Labour force status not stated (by one or both parents in a couple family)": {"Pambula_%": "10.5", "Australia": "311,381", "Australia_%": "6.2", "New South Wales_%": "5.7", "Pambula": "20", "New South Wales": "90,630"}, "One employed full-time, one part-time": {"Pambula_%": "22.0", "Australia": "1,086,460", "Australia_%": "21.7", "New South Wales_%": "20.6", "Pambula": "42", "New South Wales": "329,567"}, "One employed part-time, other not working": {"Pambula_%": "9.9", "Australia": "302,037", "Australia_%": "6.0", "New South Wales_%": "6.1", "Pambula": "19", "New South Wales": "96,933"}, "Other (includes away from work)": {"Pambula_%": "2.6", "Australia": "264,145", "Australia_%": "5.3", "New South Wales_%": "5.1", "Pambula": "5", "New South Wales": "80,905"}, "Both employed, worked full-time": {"Pambula_%": "15.2", "Australia": "1,084,006", "Australia_%": "21.6", "New South Wales_%": "22.6", "Pambula": "29", "New South Wales": "360,916"}, "One employed full-time, other not working": {"Pambula_%": "7.9", "Australia": "749,886", "Australia_%": "15.0", "New South Wales_%": "15.0", "Pambula": "15", "New South Wales": "240,084"}, "Both employed, worked part-time": {"Pambula_%": "7.3", "Australia": "203,596", "Australia_%": "4.1", "New South Wales_%": "4.0", "Pambula": "14", "New South Wales": "63,106"}, "Both not working": {"Pambula_%": "24.6", "Australia": "1,006,697", "Australia_%": "20.1", "New South Wales_%": "21.0", "Pambula": "47", "New South Wales": "334,742"}}, "Country of birth of mother, stated responses": {"Germany": {"Pambula_%": "0.8", "Australia": "169,618", "Australia_%": "0.7", "New South Wales_%": "0.6", "Pambula": "8", "New South Wales": "47,489"}, "Scotland": {"Pambula_%": "1.0", "Australia": "245,915", "Australia_%": "1.1", "New South Wales_%": "0.8", "Pambula": "10", "New South Wales": "63,302"}, "New Zealand": {"Pambula_%": "2.0", "Australia": "608,329", "Australia_%": "2.6", "New South Wales_%": "1.9", "Pambula": "19", "New South Wales": "139,899"}, "Australia": {"Pambula_%": "75.2", "Australia": "12,643,365", "Australia_%": "54.0", "New South Wales_%": "51.9", "Pambula": "723", "New South Wales": "3,884,762"}, "England": {"Pambula_%": "6.1", "Australia": "1,302,147", "Australia_%": "5.6", "New South Wales_%": "4.3", "Pambula": "59", "New South Wales": "322,472"}}, "Dwelling structure": {"Other dwelling": {"Pambula_%": "5.7", "Australia": "64,425", "Australia_%": "0.8", "New South Wales_%": "0.9", "Pambula": "22", "New South Wales": "23,580"}, "Semi-detached, row or terrace house, townhouse etc": {"Pambula_%": "28.3", "Australia": "1,055,016", "Australia_%": "12.7", "New South Wales_%": "12.2", "Pambula": "109", "New South Wales": "317,453"}, "Separate house": {"Pambula_%": "64.4", "Australia": "6,041,788", "Australia_%": "72.9", "New South Wales_%": "66.4", "Pambula": "248", "New South Wales": "1,729,820"}, "Flat or apartment": {"Pambula_%": "0.8", "Australia": "1,087,434", "Australia_%": "13.1", "New South Wales_%": "19.9", "Pambula": "3", "New South Wales": "519,390"}}, "Number of bedrooms": {"1 bedroom": {"Pambula_%": "6.2", "Australia": "411,252", "Australia_%": "5.0", "New South Wales_%": "6.0", "Pambula": "24", "New South Wales": "157,194"}, "3 bedrooms": {"Pambula_%": "38.7", "Australia": "3,403,190", "Australia_%": "41.1", "New South Wales_%": "37.2", "Pambula": "149", "New South Wales": "970,001"}, "Average number of people per household": {"Pambula_%": "--", "Australia": "2.6", "Australia_%": "--", "New South Wales_%": "--", "Pambula": "2.2", "New South Wales": "2.6"}, "2 bedrooms": {"Pambula_%": "32.2", "Australia": "1,562,759", "Australia_%": "18.9", "New South Wales_%": "22.2", "Pambula": "124", "New South Wales": "577,675"}, "4 or more bedrooms": {"Pambula_%": "19.0", "Australia": "2,670,758", "Australia_%": "32.2", "New South Wales_%": "31.3", "Pambula": "73", "New South Wales": "816,405"}, "None (includes bedsitters)": {"Pambula_%": "0.8", "Australia": "39,769", "Australia_%": "0.5", "New South Wales_%": "0.7", "Pambula": "3", "New South Wales": "17,157"}, "Number of bedrooms not stated": {"Pambula_%": "3.1", "Australia": "198,351", "Australia_%": "2.4", "New South Wales_%": "2.5", "Pambula": "12", "New South Wales": "65,888"}, "Average number of bedrooms per dwelling": {"Pambula_%": "--", "Australia": "3.1", "Australia_%": "--", "New South Wales_%": "--", "Pambula": "2.8", "New South Wales": "3"}}, "summaryTable_qsFamilies": {"for all families": "0.7", "for families with children": "2", "Families": "241", "Average children per family": "None"}, "People characteristics": {"Male": {"Pambula_%": "38.5", "Australia": "322,171", "Australia_%": "49.6", "New South Wales_%": "49.7", "Pambula": "5", "New South Wales": "107,368"}, "Median age": {"Pambula_%": "--", "Australia": "23", "Australia_%": "--", "New South Wales_%": "--", "Pambula": "20", "New South Wales": "22"}, "Female": {"Pambula_%": "61.5", "Australia": "326,996", "Australia_%": "50.4", "New South Wales_%": "50.3", "Pambula": "8", "New South Wales": "108,809"}}, "Dwelling count": {"Unoccupied private dwellings": {"Pambula_%": "9.2", "Australia": "1,039,874", "Australia_%": "11.2", "New South Wales_%": "9.9", "Pambula": "39", "New South Wales": "284,741"}, "Occupied private dwellings": {"Pambula_%": "90.8", "Australia": "8,286,073", "Australia_%": "88.8", "New South Wales_%": "90.1", "Pambula": "385", "New South Wales": "2,604,320"}}, "Level of highest educational attainment": {"Certificate level III": {"Pambula_%": "17.8", "Australia": "2,442,203", "Australia_%": "12.8", "New South Wales_%": "12.0", "Pambula": "139", "New South Wales": "730,498"}, "Certificate level II": {"Pambula_%": "0.4", "Australia": "13,454", "Australia_%": "0.1", "New South Wales_%": "0.1", "Pambula": "3", "New South Wales": "4,849"}, "No educational attainment": {"Pambula_%": "0.4", "Australia": "145,844", "Australia_%": "0.8", "New South Wales_%": "0.9", "Pambula": "3", "New South Wales": "54,870"}, "Bachelor Degree level and above": {"Pambula_%": "10.1", "Australia": "4,181,406", "Australia_%": "22.0", "New South Wales_%": "23.4", "Pambula": "79", "New South Wales": "1,424,716"}, "Certificate level I": {"Pambula_%": "0.0", "Australia": "2,176", "Australia_%": "0.0", "New South Wales_%": "0.0", "Pambula": "0", "New South Wales": "625"}, "Year 11": {"Pambula_%": "3.7", "Australia": "941,531", "Australia_%": "4.9", "New South Wales_%": "3.3", "Pambula": "29", "New South Wales": "203,574"}, "Not stated": {"Pambula_%": "17.0", "Australia": "1,974,794", "Australia_%": "10.4", "New South Wales_%": "10.3", "Pambula": "133", "New South Wales": "627,465"}, "Year 9 or below": {"Pambula_%": "10.2", "Australia": "1,529,897", "Australia_%": "8.0", "New South Wales_%": "8.4", "Pambula": "80", "New South Wales": "513,209"}, "Certificate level IV": {"Pambula_%": "3.4", "Australia": "551,767", "Australia_%": "2.9", "New South Wales_%": "2.8", "Pambula": "27", "New South Wales": "167,947"}, "Year 10": {"Pambula_%": "14.6", "Australia": "2,054,331", "Australia_%": "10.8", "New South Wales_%": "11.5", "Pambula": "114", "New South Wales": "702,178"}, "Year 12": {"Pambula_%": "10.6", "Australia": "2,994,097", "Australia_%": "15.7", "New South Wales_%": "15.3", "Pambula": "83", "New South Wales": "930,654"}, "Advanced Diploma and Diploma level": {"Pambula_%": "10.0", "Australia": "1,687,893", "Australia_%": "8.9", "New South Wales_%": "8.9", "Pambula": "78", "New South Wales": "543,142"}}, "Median weekly incomes": {"Personal": {"Pambula_%": "--", "Australia": "662", "Australia_%": "--", "New South Wales_%": "--", "Pambula": "501", "New South Wales": "664"}, "Household": {"Pambula_%": "--", "Australia": "1,438", "Australia_%": "--", "New South Wales_%": "--", "Pambula": "843", "New South Wales": "1,486"}, "Family": {"Pambula_%": "--", "Australia": "1,734", "Australia_%": "--", "New South Wales_%": "--", "Pambula": "1,142", "New South Wales": "1,780"}}, "Family composition": {"Other family": {"Pambula_%": "1.2", "Australia": "102,559", "Australia_%": "1.7", "New South Wales_%": "1.7", "Pambula": "3", "New South Wales": "32,438"}, "Couple family with children": {"Pambula_%": "32.8", "Australia": "2,716,224", "Australia_%": "44.7", "New South Wales_%": "45.7", "Pambula": "79", "New South Wales": "887,358"}, "Couple family without children": {"Pambula_%": "43.2", "Australia": "2,291,987", "Australia_%": "37.8", "New South Wales_%": "36.6", "Pambula": "104", "New South Wales": "709,524"}, "One parent family": {"Pambula_%": "22.8", "Australia": "959,543", "Australia_%": "15.8", "New South Wales_%": "16.0", "Pambula": "55", "New South Wales": "310,906"}}, "Dwelling internet connection": {"Not stated": {"Pambula_%": "2.4", "Australia": "221,494", "Australia_%": "2.7", "New South Wales_%": "2.8", "Pambula": "9", "New South Wales": "73,565"}, "Internet not accessed from dwelling": {"Pambula_%": "23.3", "Australia": "1,172,415", "Australia_%": "14.1", "New South Wales_%": "14.7", "Pambula": "89", "New South Wales": "381,709"}, "Internet accessed from dwelling": {"Pambula_%": "74.3", "Australia": "6,892,165", "Australia_%": "83.2", "New South Wales_%": "82.5", "Pambula": "284", "New South Wales": "2,149,040"}}, "Social marital status": {"Not married": {"Pambula_%": "46.4", "Australia": "7,024,973", "Australia_%": "41.9", "New South Wales_%": "42.3", "Pambula": "305", "New South Wales": "2,290,887"}, "De facto marriage": {"Pambula_%": "12.6", "Australia": "1,751,731", "Australia_%": "10.4", "New South Wales_%": "9.4", "Pambula": "83", "New South Wales": "506,133"}, "Registered marriage": {"Pambula_%": "41.0", "Australia": "8,001,141", "Australia_%": "47.7", "New South Wales_%": "48.3", "Pambula": "270", "New South Wales": "2,612,630"}}, "Household composition": {"Family households": {"Pambula_%": "63.0", "Australia": "5,907,625", "Australia_%": "71.3", "New South Wales_%": "72.0", "Pambula": "240", "New South Wales": "1,874,524"}, "Group households": {"Pambula_%": "1.6", "Australia": "354,917", "Australia_%": "4.3", "New South Wales_%": "4.2", "Pambula": "6", "New South Wales": "109,004"}, "Single (or lone) person households": {"Pambula_%": "35.4", "Australia": "2,023,542", "Australia_%": "24.4", "New South Wales_%": "23.8", "Pambula": "135", "New South Wales": "620,778"}}, "People": {"Male": {"Pambula_%": "46.3", "Australia": "11,546,638", "Australia_%": "49.3", "New South Wales_%": "49.3", "Pambula": "451", "New South Wales": "3,686,014"}, "Aboriginal and/or Torres Strait Islander people": {"Pambula_%": "1.8", "Australia": "649,171", "Australia_%": "2.8", "New South Wales_%": "2.9", "Pambula": "17", "New South Wales": "216,176"}, "Female": {"Pambula_%": "53.7", "Australia": "11,855,248", "Australia_%": "50.7", "New South Wales_%": "50.7", "Pambula": "524", "New South Wales": "3,794,217"}}, "Language, top responses (other than English)": {"Swedish": {"Pambula_%": "0.3", "Australia": "8,956", "Australia_%": "0.0", "New South Wales_%": "0.0", "Pambula": "3", "New South Wales": "3,317"}, "Filipino": {"Pambula_%": "0.5", "Australia": "71,220", "Australia_%": "0.3", "New South Wales_%": "0.3", "Pambula": "5", "New South Wales": "24,214"}, "Telugu": {"Pambula_%": "0.3", "Australia": "34,435", "Australia_%": "0.1", "New South Wales_%": "0.2", "Pambula": "3", "New South Wales": "12,456"}, "German": {"Pambula_%": "0.3", "Australia": "79,353", "Australia_%": "0.3", "New South Wales_%": "0.3", "Pambula": "3", "New South Wales": "23,033"}, "null": {"Pambula_%": null, "Australia": "None", "Australia_%": "None", "New South Wales_%": "None", "Pambula": null, "New South Wales": "None"}, "English only spoken at home": {"Pambula_%": "91.0", "Australia": "17,020,417", "Australia_%": "72.7", "New South Wales_%": "68.5", "Pambula": "884", "New South Wales": "5,126,633"}, "Spanish": {"Pambula_%": "0.5", "Australia": "140,817", "Australia_%": "0.6", "New South Wales_%": "0.8", "Pambula": "5", "New South Wales": "63,527"}, "Households where a non English language is spoken": {"Pambula_%": "3.7", "Australia": "1,971,011", "Australia_%": "22.2", "New South Wales_%": "26.5", "Pambula": "15", "New South Wales": "735,563"}}, "summaryTable_qsDwelling": {"Median monthly mortgage repayments": "$1,300", "All private dwellings": "443", "Average people per household": "2.2", "Median weekly household income": "$843", "Median weekly rent": "$255", "Average motor vehicles per dwelling": "1.6"}, "Household income": {"Less than $650 gross weekly income": {"Pambula_%": "38.2", "Australia": "--", "Australia_%": "20.0", "New South Wales_%": "19.7", "Pambula": "--", "New South Wales": "--"}, "More than $3000 gross weekly income": {"Pambula_%": "2.4", "Australia": "--", "Australia_%": "16.4", "New South Wales_%": "18.7", "Pambula": "--", "New South Wales": "--"}}, "Country of birth": {"Other top responses": {"Pambula_%": "None", "Pambula": "None"}, "Australia": {"Pambula_%": "83.3", "Australia": "15,614,835", "Australia_%": "66.7", "New South Wales_%": "65.5", "Pambula": "803", "New South Wales": "4,899,090"}, "England": {"Pambula_%": "3.7", "Australia": "907,570", "Australia_%": "3.9", "New South Wales_%": "3.0", "Pambula": "36", "New South Wales": "226,564"}, "Philippines": {"Pambula_%": "0.8", "Australia": "232,386", "Australia_%": "1.0", "New South Wales_%": "1.2", "Pambula": "8", "New South Wales": "86,749"}, "Germany": {"Pambula_%": "0.5", "Australia": "102,595", "Australia_%": "0.4", "New South Wales_%": "0.4", "Pambula": "5", "New South Wales": "29,541"}, "New Zealand": {"Pambula_%": "1.0", "Australia": "518,466", "Australia_%": "2.2", "New South Wales_%": "1.6", "Pambula": "10", "New South Wales": "117,136"}, "Spain": {"Pambula_%": "0.4", "Australia": "15,391", "Australia_%": "0.1", "New South Wales_%": "0.1", "Pambula": "4", "New South Wales": "6,387"}}, "Religious affiliation, top responses": {"No Religion, so described": {"Pambula_%": "36.6", "Australia": "6,933,708", "Australia_%": "29.6", "New South Wales_%": "25.1", "Pambula": "354", "New South Wales": "1,879,562"}, "Anglican": {"Pambula_%": "24.0", "Australia": "3,101,185", "Australia_%": "13.3", "New South Wales_%": "15.5", "Pambula": "232", "New South Wales": "1,161,810"}, "Not stated": {"Pambula_%": "7.6", "Australia": "2,238,735", "Australia_%": "9.6", "New South Wales_%": "9.2", "Pambula": "74", "New South Wales": "684,969"}, "Presbyterian and Reformed": {"Pambula_%": "4.9", "Australia": "526,689", "Australia_%": "2.3", "New South Wales_%": "2.5", "Pambula": "47", "New South Wales": "188,330"}, "Catholic": {"Pambula_%": "15.6", "Australia": "5,291,834", "Australia_%": "22.6", "New South Wales_%": "24.7", "Pambula": "151", "New South Wales": "1,846,443"}}, "Ancestry, top responses": {"German": {"Pambula_%": "2.7", "Australia": "982,226", "Australia_%": "3.1", "New South Wales_%": "2.4", "Pambula": "35", "New South Wales": "236,146"}, "Australian": {"Pambula_%": "30.2", "Australia": "7,298,243", "Australia_%": "23.3", "New South Wales_%": "22.9", "Pambula": "387", "New South Wales": "2,261,062"}, "Scottish": {"Pambula_%": "9.4", "Australia": "2,023,470", "Australia_%": "6.4", "New South Wales_%": "5.9", "Pambula": "121", "New South Wales": "587,052"}, "Irish": {"Pambula_%": "7.2", "Australia": "2,388,058", "Australia_%": "7.6", "New South Wales_%": "7.5", "Pambula": "92", "New South Wales": "741,671"}, "English": {"Pambula_%": "34.9", "Australia": "7,852,224", "Australia_%": "25.0", "New South Wales_%": "23.3", "Pambula": "447", "New South Wales": "2,302,481"}}, "Age": {"35-39 years": {"Pambula_%": "5.1", "Australia": "1,561,679", "Australia_%": "6.7", "New South Wales_%": "6.7", "Pambula": "49", "New South Wales": "499,724"}, "60-64 years": {"Pambula_%": "7.3", "Australia": "1,299,397", "Australia_%": "5.6", "New South Wales_%": "5.6", "Pambula": "70", "New South Wales": "420,044"}, "30-34 years": {"Pambula_%": "4.4", "Australia": "1,703,847", "Australia_%": "7.3", "New South Wales_%": "7.2", "Pambula": "42", "New South Wales": "540,360"}, "0-4 years": {"Pambula_%": "4.4", "Australia": "1,464,779", "Australia_%": "6.3", "New South Wales_%": "6.2", "Pambula": "42", "New South Wales": "465,135"}, "25-29 years": {"Pambula_%": "3.2", "Australia": "1,664,602", "Australia_%": "7.1", "New South Wales_%": "7.0", "Pambula": "31", "New South Wales": "527,161"}, "10-14 years": {"Pambula_%": "7.5", "Australia": "1,397,183", "Australia_%": "6.0", "New South Wales_%": "5.9", "Pambula": "72", "New South Wales": "443,009"}, "5-9 years": {"Pambula_%": "6.4", "Australia": "1,502,646", "Australia_%": "6.4", "New South Wales_%": "6.4", "Pambula": "61", "New South Wales": "478,184"}, "Median age": {"Pambula_%": "--", "Australia": "38", "Australia_%": "--", "New South Wales_%": "--", "Pambula": "50", "New South Wales": "38"}, "50-54 years": {"Pambula_%": "5.9", "Australia": "1,523,551", "Australia_%": "6.5", "New South Wales_%": "6.5", "Pambula": "57", "New South Wales": "485,546"}, "80-84 years": {"Pambula_%": "3.5", "Australia": "460,549", "Australia_%": "2.0", "New South Wales_%": "2.1", "Pambula": "34", "New South Wales": "155,806"}, "40-44 years": {"Pambula_%": "4.8", "Australia": "1,583,257", "Australia_%": "6.8", "New South Wales_%": "6.7", "Pambula": "46", "New South Wales": "503,169"}, "70-74 years": {"Pambula_%": "5.8", "Australia": "887,716", "Australia_%": "3.8", "New South Wales_%": "3.9", "Pambula": "56", "New South Wales": "292,556"}, "15-19 years": {"Pambula_%": "4.4", "Australia": "1,421,595", "Australia_%": "6.1", "New South Wales_%": "6.0", "Pambula": "42", "New South Wales": "448,425"}, "65-69 years": {"Pambula_%": "8.9", "Australia": "1,188,999", "Australia_%": "5.1", "New South Wales_%": "5.1", "Pambula": "85", "New South Wales": "384,470"}, "20-24 years": {"Pambula_%": "2.9", "Australia": "1,566,793", "Australia_%": "6.7", "New South Wales_%": "6.5", "Pambula": "28", "New South Wales": "489,673"}, "55-59 years": {"Pambula_%": "8.9", "Australia": "1,454,332", "Australia_%": "6.2", "New South Wales_%": "6.3", "Pambula": "85", "New South Wales": "469,726"}, "75-79 years": {"Pambula_%": "4.1", "Australia": "652,657", "Australia_%": "2.8", "New South Wales_%": "2.9", "Pambula": "39", "New South Wales": "217,308"}, "45-49 years": {"Pambula_%": "5.9", "Australia": "1,581,455", "Australia_%": "6.8", "New South Wales_%": "6.6", "Pambula": "57", "New South Wales": "492,440"}, "85 years and over": {"Pambula_%": "6.7", "Australia": "486,842", "Australia_%": "2.1", "New South Wales_%": "2.2", "Pambula": "64", "New South Wales": "167,506"}}, "Single (or lone) parents": {"Male": {"Pambula_%": "15.8", "Australia": "--", "Australia_%": "18.2", "New South Wales_%": "17.8", "Pambula": "--", "New South Wales": "--"}, "Female": {"Pambula_%": "84.2", "Australia": "--", "Australia_%": "81.8", "New South Wales_%": "82.2", "Pambula": "--", "New South Wales": "--"}}, "Mortgage monthly repayments": {"Median mortgage repayments": {"Pambula_%": "--", "Australia": "1,755", "Australia_%": "--", "New South Wales_%": "--", "Pambula": "1,300", "New South Wales": "1,986"}, "Households where mortgage repayments are less than 30% of household income": {"Pambula_%": "95.3", "Australia": "--", "Australia_%": "92.8", "New South Wales_%": "92.6", "Pambula": "--", "New South Wales": "--"}, "Households with mortgage repayments greater than or equal to 30% of household income": {"Pambula_%": "4.7", "Australia": "--", "Australia_%": "7.2", "New South Wales_%": "7.4", "Pambula": "--", "New South Wales": "--"}}, "Mortgage and rent": {"Median monthly mortgage repayments": {"Pambula_%": "--", "Australia": "1,660", "Australia_%": "--", "New South Wales_%": "--", "Pambula": "0", "New South Wales": "1,733"}, "Median weekly rent": {"Pambula_%": "--", "Australia": "250", "Australia_%": "--", "New South Wales_%": "--", "Pambula": "305", "New South Wales": "270"}}, "Tenure": {"Rented": {"Pambula_%": "27.6", "Australia": "2,561,302", "Australia_%": "30.9", "New South Wales_%": "31.8", "Pambula": "105", "New South Wales": "826,922"}, "Owned outright": {"Pambula_%": "47.5", "Australia": "2,565,695", "Australia_%": "31.0", "New South Wales_%": "32.2", "Pambula": "181", "New South Wales": "839,665"}, "Owned with a mortgage": {"Pambula_%": "22.3", "Australia": "2,855,222", "Australia_%": "34.5", "New South Wales_%": "32.3", "Pambula": "85", "New South Wales": "840,004"}, "Tenure type not stated": {"Pambula_%": "2.6", "Australia": "224,869", "Australia_%": "2.7", "New South Wales_%": "2.8", "Pambula": "10", "New South Wales": "73,763"}, "Other tenure type": {"Pambula_%": "0.0", "Australia": "78,994", "Australia_%": "1.0", "New South Wales_%": "0.9", "Pambula": "0", "New South Wales": "23,968"}}, "Country of birth of father, stated responses": {"Scotland": {"Pambula_%": "1.7", "Australia": "276,038", "Australia_%": "1.2", "New South Wales_%": "1.0", "Pambula": "16", "New South Wales": "72,321"}, "New Zealand": {"Pambula_%": "1.7", "Australia": "617,331", "Australia_%": "2.6", "New South Wales_%": "1.9", "Pambula": "16", "New South Wales": "143,450"}, "Australia": {"Pambula_%": "73.0", "Australia": "12,231,150", "Australia_%": "52.3", "New South Wales_%": "50.1", "Pambula": "699", "New South Wales": "3,745,787"}, "England": {"Pambula_%": "8.0", "Australia": "1,403,096", "Australia_%": "6.0", "New South Wales_%": "4.8", "Pambula": "77", "New South Wales": "359,370"}, "Netherlands": {"Pambula_%": "1.1", "Australia": "175,354", "Australia_%": "0.7", "New South Wales_%": "0.5", "Pambula": "11", "New South Wales": "40,444"}}, "Country of birth of father and/or mother, stated responses": {"Father only born overseas": {"Pambula_%": "6.5", "Australia": "1,488,092", "Australia_%": "6.4", "New South Wales_%": "6.1", "Pambula": "63", "New South Wales": "458,394"}, "Mother only born overseas": {"Pambula_%": "4.4", "Australia": "1,094,591", "Australia_%": "4.7", "New South Wales_%": "4.3", "Pambula": "43", "New South Wales": "325,182"}, "Both parents born overseas": {"Pambula_%": "11.2", "Australia": "8,051,196", "Australia_%": "34.4", "New South Wales_%": "37.0", "Pambula": "109", "New South Wales": "2,764,170"}, "Both parents born in Australia": {"Pambula_%": "67.7", "Australia": "11,070,538", "Australia_%": "47.3", "New South Wales_%": "45.4", "Pambula": "657", "New South Wales": "3,399,725"}}, "Rent weekly payments": {"Households where rent payments are less than 30% of household income": {"Pambula_%": "86.6", "Australia": "--", "Australia_%": "88.5", "New South Wales_%": "87.1", "Pambula": "--", "New South Wales": "--"}, "Households with rent payments greater than or equal to 30% of household income": {"Pambula_%": "13.4", "Australia": "--", "Australia_%": "11.5", "New South Wales_%": "12.9", "Pambula": "--", "New South Wales": "--"}, "Median rent": {"Pambula_%": "--", "Australia": "335", "Australia_%": "--", "New South Wales_%": "--", "Pambula": "255", "New South Wales": "380"}}, "Registered marital status": {"Separated": {"Pambula_%": "4.5", "Australia": "608,059", "Australia_%": "3.2", "New South Wales_%": "3.1", "Pambula": "36", "New South Wales": "190,198"}, "Widowed": {"Pambula_%": "13.1", "Australia": "985,204", "Australia_%": "5.2", "New South Wales_%": "5.4", "Pambula": "104", "New South Wales": "331,653"}, "Married": {"Pambula_%": "41.8", "Australia": "9,148,218", "Australia_%": "48.1", "New South Wales_%": "48.7", "Pambula": "332", "New South Wales": "2,965,280"}, "Divorced": {"Pambula_%": "11.2", "Australia": "1,626,890", "Australia_%": "8.5", "New South Wales_%": "8.4", "Pambula": "89", "New South Wales": "512,298"}, "Never married": {"Pambula_%": "29.3", "Australia": "6,668,910", "Australia_%": "35.0", "New South Wales_%": "34.4", "Pambula": "233", "New South Wales": "2,094,460"}}, "summaryTable_qsPeople": {"Male": "46.3%", "Median age": "50", "Female": "53.7%", "People": "970"}, "Dwelling characteristics": {"Average number of people per household": {"Pambula_%": "--", "Australia": "3.2", "Australia_%": "--", "New South Wales_%": "--", "Pambula": "2.4", "New South Wales": "3.1"}, "Average number of persons per bedroom": {"Pambula_%": "--", "Australia": "1", "Australia_%": "--", "New South Wales_%": "--", "Pambula": "1", "New South Wales": "1"}, "Median weekly household income": {"Pambula_%": "--", "Australia": "1,203", "Australia_%": "--", "New South Wales_%": "--", "Pambula": "725", "New South Wales": "1,214"}}, "Unpaid work": {"Did unpaid domestic work (last week)": {"Pambula_%": "66.1", "Australia": "13,143,914", "Australia_%": "69.0", "New South Wales_%": "67.7", "Pambula": "520", "New South Wales": "4,127,723"}, "Provided unpaid assistance to a person with a disability (last two weeks)": {"Pambula_%": "9.5", "Australia": "2,145,203", "Australia_%": "11.3", "New South Wales_%": "11.6", "Pambula": "76", "New South Wales": "709,415"}, "Did voluntary work through an organisation or group (last 12 months)": {"Pambula_%": "22.9", "Australia": "3,620,726", "Australia_%": "19.0", "New South Wales_%": "18.1", "Pambula": "182", "New South Wales": "1,103,790"}, "Cared for child/children (last two weeks)": {"Pambula_%": "23.4", "Australia": "5,259,400", "Australia_%": "27.6", "New South Wales_%": "27.2", "Pambula": "185", "New South Wales": "1,659,250"}}, "Unpaid domestic work, number of hours": {"5 to 14 hours per week": {"Pambula_%": "28.5", "Australia": "4,944,578", "Australia_%": "26.0", "New South Wales_%": "25.1", "Pambula": "227", "New South Wales": "1,531,206"}, "30 hours or more per week": {"Pambula_%": "8.4", "Australia": "1,710,970", "Australia_%": "9.0", "New South Wales_%": "9.0", "Pambula": "67", "New South Wales": "545,925"}, "Less than 5 hours per week": {"Pambula_%": "16.1", "Australia": "4,298,593", "Australia_%": "22.6", "New South Wales_%": "22.3", "Pambula": "128", "New South Wales": "1,359,656"}, "15 to 29 hours per week": {"Pambula_%": "13.6", "Australia": "2,189,776", "Australia_%": "11.5", "New South Wales_%": "11.3", "Pambula": "108", "New South Wales": "690,934"}}, "Industry of employment, top responses": {"Supermarket and Grocery Stores": {"Pambula_%": "5.3", "Australia": "254,275", "Australia_%": "2.4", "New South Wales_%": "2.2", "Pambula": "16", "New South Wales": "74,487"}, "Clubs (Hospitality)": {"Pambula_%": "3.3", "Australia": "46,915", "Australia_%": "0.4", "New South Wales_%": "0.8", "Pambula": "10", "New South Wales": "25,773"}, "Accommodation": {"Pambula_%": "5.6", "Australia": "113,377", "Australia_%": "1.1", "New South Wales_%": "1.0", "Pambula": "17", "New South Wales": "34,450"}, "Aged Care Residential Services": {"Pambula_%": "6.9", "Australia": "211,621", "Australia_%": "2.0", "New South Wales_%": "2.0", "Pambula": "21", "New South Wales": "67,209"}, "Other Social Assistance Services": {"Pambula_%": "3.9", "Australia": "158,230", "Australia_%": "1.5", "New South Wales_%": "1.6", "Pambula": "12", "New South Wales": "54,259"}}, "GeoInfo": {"city": "Pambula"}, "Education": {"University or tertiary institution": {"Pambula_%": "6.4", "Australia": "1,160,626", "Australia_%": "16.1", "New South Wales_%": "16.2", "Pambula": "17", "New South Wales": "376,133"}, "Secondary - Catholic": {"Pambula_%": "8.7", "Australia": "338,384", "Australia_%": "4.7", "New South Wales_%": "5.1", "Pambula": "23", "New South Wales": "117,689"}, "Secondary - other non Government": {"Pambula_%": "0.0", "Australia": "280,618", "Australia_%": "3.9", "New South Wales_%": "3.4", "Pambula": "0", "New South Wales": "79,915"}, "Primary - Catholic": {"Pambula_%": "2.3", "Australia": "380,604", "Australia_%": "5.3", "New South Wales_%": "5.3", "Pambula": "6", "New South Wales": "122,099"}, "Primary - Government": {"Pambula_%": "28.7", "Australia": "1,314,787", "Australia_%": "18.2", "New South Wales_%": "18.0", "Pambula": "76", "New South Wales": "417,465"}, "Other": {"Pambula_%": "1.1", "Australia": "198,383", "Australia_%": "2.8", "New South Wales_%": "2.7", "Pambula": "3", "New South Wales": "63,673"}, "Technical or further education institution": {"Pambula_%": "3.8", "Australia": "424,869", "Australia_%": "5.9", "New South Wales_%": "6.2", "Pambula": "10", "New South Wales": "144,103"}, "Secondary - Government": {"Pambula_%": "14.7", "Australia": "827,505", "Australia_%": "11.5", "New South Wales_%": "11.6", "Pambula": "39", "New South Wales": "269,249"}, "Primary - other non Government": {"Pambula_%": "0.0", "Australia": "231,490", "Australia_%": "3.2", "New South Wales_%": "2.9", "Pambula": "0", "New South Wales": "67,611"}, "Not stated": {"Pambula_%": "27.2", "Australia": "1,707,023", "Australia_%": "23.7", "New South Wales_%": "23.0", "Pambula": "72", "New South Wales": "535,266"}, "Preschool": {"Pambula_%": "7.2", "Australia": "347,621", "Australia_%": "4.8", "New South Wales_%": "5.7", "Pambula": "19", "New South Wales": "132,047"}}, "Employment": {"Unemployed": {"Pambula_%": "6.6", "Australia": "787,452", "Australia_%": "6.9", "New South Wales_%": "6.3", "Pambula": "25", "New South Wales": "225,546"}, "Worked part-time": {"Pambula_%": "42.4", "Australia": "3,491,503", "Australia_%": "30.4", "New South Wales_%": "29.7", "Pambula": "160", "New South Wales": "1,071,151"}, "Away from work": {"Pambula_%": "4.2", "Australia": "569,276", "Australia_%": "5.0", "New South Wales_%": "4.8", "Pambula": "16", "New South Wales": "174,654"}, "Worked full-time": {"Pambula_%": "46.7", "Australia": "6,623,065", "Australia_%": "57.7", "New South Wales_%": "59.2", "Pambula": "176", "New South Wales": "2,134,521"}}, "Travel to work, top responses": {"Walked only": {"Pambula_%": "7.1", "Australia": "370,427", "Australia_%": "3.5", "New South Wales_%": "3.9", "Pambula": "25", "New South Wales": "130,957"}, "Worked at home": {"Pambula_%": "7.6", "Australia": "503,582", "Australia_%": "4.7", "New South Wales_%": "4.8", "Pambula": "27", "New South Wales": "163,026"}, "People who travelled to work by car as driver or passenger": {"Pambula_%": "67.3", "Australia": "7,305,271", "Australia_%": "68.4", "New South Wales_%": "64.6", "Pambula": "239", "New South Wales": "2,182,854"}, "Bus": {"Pambula_%": "1.1", "Australia": "323,201", "Australia_%": "3.0", "New South Wales_%": "4.0", "Pambula": "4", "New South Wales": "133,903"}, "null": {"Pambula_%": null, "Australia": "None", "Australia_%": "None", "New South Wales_%": "None", "Pambula": null, "New South Wales": "None"}, "People who travelled to work by public transport": {"Pambula_%": "0.8", "Australia": "1,225,668", "Australia_%": "11.5", "New South Wales_%": "16.0", "Pambula": "3", "New South Wales": "540,215"}, "Car, as driver": {"Pambula_%": "63.7", "Australia": "6,574,571", "Australia_%": "61.5", "New South Wales_%": "57.8", "Pambula": "225", "New South Wales": "1,953,399"}, "Car, as passenger": {"Pambula_%": "4.0", "Australia": "489,922", "Australia_%": "4.6", "New South Wales_%": "4.3", "Pambula": "14", "New South Wales": "144,820"}}, "Occupation": {"Professionals": {"Pambula_%": "13.6", "Australia": "2,370,966", "Australia_%": "22.2", "New South Wales_%": "23.6", "Pambula": "48", "New South Wales": "798,126"}, "Managers": {"Pambula_%": "13.0", "Australia": "1,390,047", "Australia_%": "13.0", "New South Wales_%": "13.5", "Pambula": "46", "New South Wales": "456,084"}, "Labourers": {"Pambula_%": "10.5", "Australia": "1,011,520", "Australia_%": "9.5", "New South Wales_%": "8.8", "Pambula": "37", "New South Wales": "297,887"}, "Clerical and Administrative Workers": {"Pambula_%": "11.3", "Australia": "1,449,681", "Australia_%": "13.6", "New South Wales_%": "13.8", "Pambula": "40", "New South Wales": "467,977"}, "Machinery Operators and Drivers": {"Pambula_%": "7.6", "Australia": "670,106", "Australia_%": "6.3", "New South Wales_%": "6.1", "Pambula": "27", "New South Wales": "206,839"}, "Community and Personal Service Workers": {"Pambula_%": "14.1", "Australia": "1,157,003", "Australia_%": "10.8", "New South Wales_%": "10.4", "Pambula": "50", "New South Wales": "350,261"}, "Sales Workers": {"Pambula_%": "9.6", "Australia": "1,000,955", "Australia_%": "9.4", "New South Wales_%": "9.2", "Pambula": "34", "New South Wales": "311,414"}, "Technicians and Trades Workers": {"Pambula_%": "20.3", "Australia": "1,447,414", "Australia_%": "13.5", "New South Wales_%": "12.7", "Pambula": "72", "New South Wales": "429,239"}}}