{"Employment - hours worked": {"40 hours or more per week": {"New South Wales_%": "44.1", "Pendle Hill_%": "40.6", "Australia": "4,591,801", "Australia_%": "43.0", "Pendle Hill": "1,206", "New South Wales": "1,489,099"}, "25-34 hours per week": {"New South Wales_%": "10.5", "Pendle Hill_%": "8.0", "Australia": "1,193,445", "Australia_%": "11.2", "Pendle Hill": "239", "New South Wales": "353,702"}, "16-24 hours per week": {"New South Wales_%": "10.4", "Pendle Hill_%": "9.0", "Australia": "1,079,236", "Australia_%": "10.1", "Pendle Hill": "268", "New South Wales": "352,817"}, "35-39 hours per week": {"New South Wales_%": "19.1", "Pendle Hill_%": "29.8", "Australia": "2,031,263", "Australia_%": "19.0", "Pendle Hill": "886", "New South Wales": "645,428"}, "1-15 hours per week": {"New South Wales_%": "10.8", "Pendle Hill_%": "7.7", "Australia": "1,218,823", "Australia_%": "11.4", "Pendle Hill": "228", "New South Wales": "364,637"}}, "Number of registered motor vehicles": {"2 motor vehicles": {"New South Wales_%": "34.1", "Pendle Hill_%": "28.9", "Australia": "2,999,184", "Australia_%": "36.2", "Pendle Hill": "663", "New South Wales": "887,849"}, "None": {"New South Wales_%": "9.2", "Pendle Hill_%": "13.0", "Australia": "623,829", "Australia_%": "7.5", "Pendle Hill": "298", "New South Wales": "239,625"}, "Number of motor vehicles not stated": {"New South Wales_%": "3.7", "Pendle Hill_%": "4.1", "Australia": "285,197", "Australia_%": "3.4", "Pendle Hill": "95", "New South Wales": "95,623"}, "1 motor vehicle": {"New South Wales_%": "36.3", "Pendle Hill_%": "43.2", "Australia": "2,881,485", "Australia_%": "34.8", "Pendle Hill": "992", "New South Wales": "946,159"}, "3 or more vehicles": {"New South Wales_%": "16.7", "Pendle Hill_%": "10.9", "Australia": "1,496,382", "Australia_%": "18.1", "Pendle Hill": "250", "New South Wales": "435,053"}}, "Employment status of parents in couple families": {"Labour force status not stated (by one or both parents in a couple family)": {"New South Wales_%": "5.7", "Pendle Hill_%": "5.4", "Australia": "311,381", "Australia_%": "6.2", "Pendle Hill": "80", "New South Wales": "90,630"}, "One employed full-time, one part-time": {"New South Wales_%": "20.6", "Pendle Hill_%": "15.4", "Australia": "1,086,460", "Australia_%": "21.7", "Pendle Hill": "226", "New South Wales": "329,567"}, "One employed part-time, other not working": {"New South Wales_%": "6.1", "Pendle Hill_%": "5.6", "Australia": "302,037", "Australia_%": "6.0", "Pendle Hill": "82", "New South Wales": "96,933"}, "Other (includes away from work)": {"New South Wales_%": "5.1", "Pendle Hill_%": "4.1", "Australia": "264,145", "Australia_%": "5.3", "Pendle Hill": "61", "New South Wales": "80,905"}, "Both employed, worked full-time": {"New South Wales_%": "22.6", "Pendle Hill_%": "27.8", "Australia": "1,084,006", "Australia_%": "21.6", "Pendle Hill": "408", "New South Wales": "360,916"}, "One employed full-time, other not working": {"New South Wales_%": "15.0", "Pendle Hill_%": "22.4", "Australia": "749,886", "Australia_%": "15.0", "Pendle Hill": "329", "New South Wales": "240,084"}, "Both employed, worked part-time": {"New South Wales_%": "4.0", "Pendle Hill_%": "2.3", "Australia": "203,596", "Australia_%": "4.1", "Pendle Hill": "34", "New South Wales": "63,106"}, "Both not working": {"New South Wales_%": "21.0", "Pendle Hill_%": "17.0", "Australia": "1,006,697", "Australia_%": "20.1", "Pendle Hill": "250", "New South Wales": "334,742"}}, "Country of birth of mother, stated responses": {"Sri Lanka": {"New South Wales_%": "0.5", "Pendle Hill_%": "15.2", "Australia": "149,082", "Australia_%": "0.6", "Pendle Hill": "1,107", "New South Wales": "39,399"}, "Lebanon": {"New South Wales_%": "1.7", "Pendle Hill_%": "2.7", "Australia": "176,241", "Australia_%": "0.8", "Pendle Hill": "197", "New South Wales": "129,707"}, "Australia": {"New South Wales_%": "51.9", "Pendle Hill_%": "19.9", "Australia": "12,643,365", "Australia_%": "54.0", "Pendle Hill": "1,446", "New South Wales": "3,884,762"}, "India": {"New South Wales_%": "2.6", "Pendle Hill_%": "25.8", "Australia": "605,777", "Australia_%": "2.6", "Pendle Hill": "1,871", "New South Wales": "191,594"}, "China (excludes SARs and Taiwan)": {"New South Wales_%": "4.4", "Pendle Hill_%": "3.0", "Australia": "699,074", "Australia_%": "3.0", "Pendle Hill": "219", "New South Wales": "329,967"}}, "Dwelling structure": {"Other dwelling": {"New South Wales_%": "0.9", "Pendle Hill_%": "0.3", "Australia": "64,425", "Australia_%": "0.8", "Pendle Hill": "8", "New South Wales": "23,580"}, "Semi-detached, row or terrace house, townhouse etc": {"New South Wales_%": "12.2", "Pendle Hill_%": "18.0", "Australia": "1,055,016", "Australia_%": "12.7", "Pendle Hill": "413", "New South Wales": "317,453"}, "Separate house": {"New South Wales_%": "66.4", "Pendle Hill_%": "47.7", "Australia": "6,041,788", "Australia_%": "72.9", "Pendle Hill": "1,093", "New South Wales": "1,729,820"}, "Flat or apartment": {"New South Wales_%": "19.9", "Pendle Hill_%": "33.1", "Australia": "1,087,434", "Australia_%": "13.1", "Pendle Hill": "758", "New South Wales": "519,390"}}, "Number of bedrooms": {"1 bedroom": {"New South Wales_%": "6.0", "Pendle Hill_%": "5.4", "Australia": "411,252", "Australia_%": "5.0", "Pendle Hill": "125", "New South Wales": "157,194"}, "3 bedrooms": {"New South Wales_%": "37.2", "Pendle Hill_%": "34.9", "Australia": "3,403,190", "Australia_%": "41.1", "Pendle Hill": "802", "New South Wales": "970,001"}, "Average number of people per household": {"New South Wales_%": "--", "Pendle Hill_%": "--", "Australia": "2.6", "Australia_%": "--", "Pendle Hill": "2.8", "New South Wales": "2.6"}, "2 bedrooms": {"New South Wales_%": "22.2", "Pendle Hill_%": "37.9", "Australia": "1,562,759", "Australia_%": "18.9", "Pendle Hill": "870", "New South Wales": "577,675"}, "4 or more bedrooms": {"New South Wales_%": "31.3", "Pendle Hill_%": "18.7", "Australia": "2,670,758", "Australia_%": "32.2", "Pendle Hill": "429", "New South Wales": "816,405"}, "None (includes bedsitters)": {"New South Wales_%": "0.7", "Pendle Hill_%": "0.2", "Australia": "39,769", "Australia_%": "0.5", "Pendle Hill": "5", "New South Wales": "17,157"}, "Number of bedrooms not stated": {"New South Wales_%": "2.5", "Pendle Hill_%": "2.9", "Australia": "198,351", "Australia_%": "2.4", "Pendle Hill": "66", "New South Wales": "65,888"}, "Average number of bedrooms per dwelling": {"New South Wales_%": "--", "Pendle Hill_%": "--", "Australia": "3.1", "Australia_%": "--", "Pendle Hill": "2.7", "New South Wales": "3"}}, "summaryTable_qsFamilies": {"for all families": "0.8", "for families with children": "1.7", "Families": "1,777", "Average children per family": "None"}, "People characteristics": {"Male": {"New South Wales_%": "49.7", "Pendle Hill_%": "44.4", "Australia": "322,171", "Australia_%": "49.6", "Pendle Hill": "20", "New South Wales": "107,368"}, "Median age": {"New South Wales_%": "--", "Pendle Hill_%": "--", "Australia": "23", "Australia_%": "--", "Pendle Hill": "23", "New South Wales": "22"}, "Female": {"New South Wales_%": "50.3", "Pendle Hill_%": "55.6", "Australia": "326,996", "Australia_%": "50.4", "Pendle Hill": "25", "New South Wales": "108,809"}}, "Dwelling count": {"Unoccupied private dwellings": {"New South Wales_%": "9.9", "Pendle Hill_%": "7.2", "Australia": "1,039,874", "Australia_%": "11.2", "Pendle Hill": "178", "New South Wales": "284,741"}, "Occupied private dwellings": {"New South Wales_%": "90.1", "Pendle Hill_%": "92.8", "Australia": "8,286,073", "Australia_%": "88.8", "Pendle Hill": "2,292", "New South Wales": "2,604,320"}}, "Level of highest educational attainment": {"Certificate level III": {"New South Wales_%": "12.0", "Pendle Hill_%": "7.0", "Australia": "2,442,203", "Australia_%": "12.8", "Pendle Hill": "408", "New South Wales": "730,498"}, "Certificate level II": {"New South Wales_%": "0.1", "Pendle Hill_%": "0.1", "Australia": "13,454", "Australia_%": "0.1", "Pendle Hill": "3", "New South Wales": "4,849"}, "No educational attainment": {"New South Wales_%": "0.9", "Pendle Hill_%": "1.7", "Australia": "145,844", "Australia_%": "0.8", "Pendle Hill": "97", "New South Wales": "54,870"}, "Bachelor Degree level and above": {"New South Wales_%": "23.4", "Pendle Hill_%": "29.5", "Australia": "4,181,406", "Australia_%": "22.0", "Pendle Hill": "1,730", "New South Wales": "1,424,716"}, "Certificate level I": {"New South Wales_%": "0.0", "Pendle Hill_%": "0.0", "Australia": "2,176", "Australia_%": "0.0", "Pendle Hill": "0", "New South Wales": "625"}, "Year 11": {"New South Wales_%": "3.3", "Pendle Hill_%": "3.1", "Australia": "941,531", "Australia_%": "4.9", "Pendle Hill": "181", "New South Wales": "203,574"}, "Not stated": {"New South Wales_%": "10.3", "Pendle Hill_%": "11.5", "Australia": "1,974,794", "Australia_%": "10.4", "Pendle Hill": "674", "New South Wales": "627,465"}, "Year 9 or below": {"New South Wales_%": "8.4", "Pendle Hill_%": "8.8", "Australia": "1,529,897", "Australia_%": "8.0", "Pendle Hill": "519", "New South Wales": "513,209"}, "Certificate level IV": {"New South Wales_%": "2.8", "Pendle Hill_%": "1.5", "Australia": "551,767", "Australia_%": "2.9", "Pendle Hill": "86", "New South Wales": "167,947"}, "Year 10": {"New South Wales_%": "11.5", "Pendle Hill_%": "10.5", "Australia": "2,054,331", "Australia_%": "10.8", "Pendle Hill": "614", "New South Wales": "702,178"}, "Year 12": {"New South Wales_%": "15.3", "Pendle Hill_%": "15.7", "Australia": "2,994,097", "Australia_%": "15.7", "Pendle Hill": "921", "New South Wales": "930,654"}, "Advanced Diploma and Diploma level": {"New South Wales_%": "8.9", "Pendle Hill_%": "7.8", "Australia": "1,687,893", "Australia_%": "8.9", "Pendle Hill": "457", "New South Wales": "543,142"}}, "Median weekly incomes": {"Personal": {"New South Wales_%": "--", "Pendle Hill_%": "--", "Australia": "662", "Australia_%": "--", "Pendle Hill": "590", "New South Wales": "664"}, "Household": {"New South Wales_%": "--", "Pendle Hill_%": "--", "Australia": "1,438", "Australia_%": "--", "Pendle Hill": "1,504", "New South Wales": "1,486"}, "Family": {"New South Wales_%": "--", "Pendle Hill_%": "--", "Australia": "1,734", "Australia_%": "--", "Pendle Hill": "1,704", "New South Wales": "1,780"}}, "Family composition": {"Other family": {"New South Wales_%": "1.7", "Pendle Hill_%": "2.8", "Australia": "102,559", "Australia_%": "1.7", "Pendle Hill": "49", "New South Wales": "32,438"}, "Couple family with children": {"New South Wales_%": "45.7", "Pendle Hill_%": "55.6", "Australia": "2,716,224", "Australia_%": "44.7", "Pendle Hill": "988", "New South Wales": "887,358"}, "Couple family without children": {"New South Wales_%": "36.6", "Pendle Hill_%": "27.3", "Australia": "2,291,987", "Australia_%": "37.8", "Pendle Hill": "485", "New South Wales": "709,524"}, "One parent family": {"New South Wales_%": "16.0", "Pendle Hill_%": "14.4", "Australia": "959,543", "Australia_%": "15.8", "Pendle Hill": "256", "New South Wales": "310,906"}}, "Dwelling internet connection": {"Not stated": {"New South Wales_%": "2.8", "Pendle Hill_%": "3.5", "Australia": "221,494", "Australia_%": "2.7", "Pendle Hill": "81", "New South Wales": "73,565"}, "Internet not accessed from dwelling": {"New South Wales_%": "14.7", "Pendle Hill_%": "17.0", "Australia": "1,172,415", "Australia_%": "14.1", "Pendle Hill": "392", "New South Wales": "381,709"}, "Internet accessed from dwelling": {"New South Wales_%": "82.5", "Pendle Hill_%": "79.4", "Australia": "6,892,165", "Australia_%": "83.2", "Pendle Hill": "1,828", "New South Wales": "2,149,040"}}, "Social marital status": {"Not married": {"New South Wales_%": "42.3", "Pendle Hill_%": "43.5", "Australia": "7,024,973", "Australia_%": "41.9", "Pendle Hill": "2,233", "New South Wales": "2,290,887"}, "De facto marriage": {"New South Wales_%": "9.4", "Pendle Hill_%": "3.7", "Australia": "1,751,731", "Australia_%": "10.4", "Pendle Hill": "192", "New South Wales": "506,133"}, "Registered marriage": {"New South Wales_%": "48.3", "Pendle Hill_%": "52.7", "Australia": "8,001,141", "Australia_%": "47.7", "Pendle Hill": "2,703", "New South Wales": "2,612,630"}}, "Household composition": {"Family households": {"New South Wales_%": "72.0", "Pendle Hill_%": "72.4", "Australia": "5,907,625", "Australia_%": "71.3", "Pendle Hill": "1,668", "New South Wales": "1,874,524"}, "Group households": {"New South Wales_%": "4.2", "Pendle Hill_%": "4.3", "Australia": "354,917", "Australia_%": "4.3", "Pendle Hill": "100", "New South Wales": "109,004"}, "Single (or lone) person households": {"New South Wales_%": "23.8", "Pendle Hill_%": "23.2", "Australia": "2,023,542", "Australia_%": "24.4", "Pendle Hill": "535", "New South Wales": "620,778"}}, "People": {"Male": {"New South Wales_%": "49.3", "Pendle Hill_%": "50.6", "Australia": "11,546,638", "Australia_%": "49.3", "Pendle Hill": "3,671", "New South Wales": "3,686,014"}, "Aboriginal and/or Torres Strait Islander people": {"New South Wales_%": "2.9", "Pendle Hill_%": "0.6", "Australia": "649,171", "Australia_%": "2.8", "Pendle Hill": "47", "New South Wales": "216,176"}, "Female": {"New South Wales_%": "50.7", "Pendle Hill_%": "49.4", "Australia": "11,855,248", "Australia_%": "50.7", "Pendle Hill": "3,577", "New South Wales": "3,794,217"}}, "Language, top responses (other than English)": {"Telugu": {"New South Wales_%": "0.2", "Pendle Hill_%": "3.3", "Australia": "34,435", "Australia_%": "0.1", "Pendle Hill": "241", "New South Wales": "12,456"}, "null": {"New South Wales_%": "None", "Pendle Hill_%": null, "Australia": "None", "Australia_%": "None", "Pendle Hill": null, "New South Wales": "None"}, "English only spoken at home": {"New South Wales_%": "68.5", "Pendle Hill_%": "34.5", "Australia": "17,020,417", "Australia_%": "72.7", "Pendle Hill": "2,485", "New South Wales": "5,126,633"}, "Gujarati": {"New South Wales_%": "0.3", "Pendle Hill_%": "6.5", "Australia": "52,888", "Australia_%": "0.2", "Pendle Hill": "471", "New South Wales": "18,873"}, "Hindi": {"New South Wales_%": "0.9", "Pendle Hill_%": "5.9", "Australia": "159,652", "Australia_%": "0.7", "Pendle Hill": "427", "New South Wales": "67,034"}, "Households where a non English language is spoken": {"New South Wales_%": "26.5", "Pendle Hill_%": "59.9", "Australia": "1,971,011", "Australia_%": "22.2", "Pendle Hill": "1,451", "New South Wales": "735,563"}, "Arabic": {"New South Wales_%": "2.7", "Pendle Hill_%": "3.3", "Australia": "321,728", "Australia_%": "1.4", "Pendle Hill": "239", "New South Wales": "200,825"}, "Tamil": {"New South Wales_%": "0.4", "Pendle Hill_%": "17.0", "Australia": "73,161", "Australia_%": "0.3", "Pendle Hill": "1,227", "New South Wales": "29,681"}}, "summaryTable_qsDwelling": {"Median monthly mortgage repayments": "$2,000", "All private dwellings": "2,595", "Average people per household": "2.8", "Median weekly household income": "$1,504", "Median weekly rent": "$400", "Average motor vehicles per dwelling": "1.4"}, "Household income": {"Less than $650 gross weekly income": {"New South Wales_%": "19.7", "Pendle Hill_%": "21.3", "Australia": "--", "Australia_%": "20.0", "Pendle Hill": "--", "New South Wales": "--"}, "More than $3000 gross weekly income": {"New South Wales_%": "18.7", "Pendle Hill_%": "13.2", "Australia": "--", "Australia_%": "16.4", "Pendle Hill": "--", "New South Wales": "--"}}, "Country of birth": {"Other top responses": {"Pendle Hill": "None", "Pendle Hill_%": "None"}, "Australia": {"New South Wales_%": "65.5", "Pendle Hill_%": "38.7", "Australia": "15,614,835", "Australia_%": "66.7", "Pendle Hill": "2,810", "New South Wales": "4,899,090"}, "Philippines": {"New South Wales_%": "1.2", "Pendle Hill_%": "1.8", "Australia": "232,386", "Australia_%": "1.0", "Pendle Hill": "134", "New South Wales": "86,749"}, "India": {"New South Wales_%": "1.9", "Pendle Hill_%": "20.1", "Australia": "455,389", "Australia_%": "1.9", "Pendle Hill": "1,460", "New South Wales": "143,459"}, "China (excludes SARs and Taiwan)": {"New South Wales_%": "3.1", "Pendle Hill_%": "2.0", "Australia": "509,555", "Australia_%": "2.2", "Pendle Hill": "144", "New South Wales": "234,508"}, "Sri Lanka": {"New South Wales_%": "0.4", "Pendle Hill_%": "12.3", "Australia": "109,849", "Australia_%": "0.5", "Pendle Hill": "892", "New South Wales": "28,732"}, "New Zealand": {"New South Wales_%": "1.6", "Pendle Hill_%": "1.6", "Australia": "518,466", "Australia_%": "2.2", "Pendle Hill": "114", "New South Wales": "117,136"}}, "Religious affiliation, top responses": {"No Religion, so described": {"New South Wales_%": "25.1", "Pendle Hill_%": "9.8", "Australia": "6,933,708", "Australia_%": "29.6", "Pendle Hill": "712", "New South Wales": "1,879,562"}, "Hinduism": {"New South Wales_%": "2.4", "Pendle Hill_%": "34.3", "Australia": "440,300", "Australia_%": "1.9", "Pendle Hill": "2,480", "New South Wales": "181,402"}, "Not stated": {"New South Wales_%": "9.2", "Pendle Hill_%": "8.8", "Australia": "2,238,735", "Australia_%": "9.6", "Pendle Hill": "640", "New South Wales": "684,969"}, "Anglican": {"New South Wales_%": "15.5", "Pendle Hill_%": "6.8", "Australia": "3,101,185", "Australia_%": "13.3", "Pendle Hill": "490", "New South Wales": "1,161,810"}, "Catholic": {"New South Wales_%": "24.7", "Pendle Hill_%": "19.0", "Australia": "5,291,834", "Australia_%": "22.6", "Pendle Hill": "1,377", "New South Wales": "1,846,443"}}, "Ancestry, top responses": {"Australian": {"New South Wales_%": "22.9", "Pendle Hill_%": "12.4", "Australia": "7,298,243", "Australia_%": "23.3", "Pendle Hill": "1,052", "New South Wales": "2,261,062"}, "Indian": {"New South Wales_%": "2.1", "Pendle Hill_%": "20.7", "Australia": "619,164", "Australia_%": "2.0", "Pendle Hill": "1,752", "New South Wales": "211,927"}, "Sri Lankan": {"New South Wales_%": "0.3", "Pendle Hill_%": "4.0", "Australia": "110,917", "Australia_%": "0.4", "Pendle Hill": "337", "New South Wales": "26,239"}, "Chinese": {"New South Wales_%": "5.2", "Pendle Hill_%": "3.8", "Australia": "1,213,903", "Australia_%": "3.9", "Pendle Hill": "323", "New South Wales": "514,594"}, "English": {"New South Wales_%": "23.3", "Pendle Hill_%": "10.5", "Australia": "7,852,224", "Australia_%": "25.0", "Pendle Hill": "888", "New South Wales": "2,302,481"}}, "Age": {"35-39 years": {"New South Wales_%": "6.7", "Pendle Hill_%": "8.5", "Australia": "1,561,679", "Australia_%": "6.7", "Pendle Hill": "617", "New South Wales": "499,724"}, "60-64 years": {"New South Wales_%": "5.6", "Pendle Hill_%": "4.4", "Australia": "1,299,397", "Australia_%": "5.6", "Pendle Hill": "318", "New South Wales": "420,044"}, "30-34 years": {"New South Wales_%": "7.2", "Pendle Hill_%": "10.4", "Australia": "1,703,847", "Australia_%": "7.3", "Pendle Hill": "751", "New South Wales": "540,360"}, "0-4 years": {"New South Wales_%": "6.2", "Pendle Hill_%": "7.3", "Australia": "1,464,779", "Australia_%": "6.3", "Pendle Hill": "530", "New South Wales": "465,135"}, "25-29 years": {"New South Wales_%": "7.0", "Pendle Hill_%": "8.0", "Australia": "1,664,602", "Australia_%": "7.1", "Pendle Hill": "578", "New South Wales": "527,161"}, "10-14 years": {"New South Wales_%": "5.9", "Pendle Hill_%": "5.2", "Australia": "1,397,183", "Australia_%": "6.0", "Pendle Hill": "380", "New South Wales": "443,009"}, "5-9 years": {"New South Wales_%": "6.4", "Pendle Hill_%": "6.5", "Australia": "1,502,646", "Australia_%": "6.4", "Pendle Hill": "470", "New South Wales": "478,184"}, "Median age": {"New South Wales_%": "--", "Pendle Hill_%": "--", "Australia": "38", "Australia_%": "--", "Pendle Hill": "36", "New South Wales": "38"}, "50-54 years": {"New South Wales_%": "6.5", "Pendle Hill_%": "5.5", "Australia": "1,523,551", "Australia_%": "6.5", "Pendle Hill": "397", "New South Wales": "485,546"}, "80-84 years": {"New South Wales_%": "2.1", "Pendle Hill_%": "2.5", "Australia": "460,549", "Australia_%": "2.0", "Pendle Hill": "178", "New South Wales": "155,806"}, "40-44 years": {"New South Wales_%": "6.7", "Pendle Hill_%": "6.6", "Australia": "1,583,257", "Australia_%": "6.8", "Pendle Hill": "478", "New South Wales": "503,169"}, "70-74 years": {"New South Wales_%": "3.9", "Pendle Hill_%": "2.8", "Australia": "887,716", "Australia_%": "3.8", "Pendle Hill": "205", "New South Wales": "292,556"}, "15-19 years": {"New South Wales_%": "6.0", "Pendle Hill_%": "4.5", "Australia": "1,421,595", "Australia_%": "6.1", "Pendle Hill": "324", "New South Wales": "448,425"}, "65-69 years": {"New South Wales_%": "5.1", "Pendle Hill_%": "3.7", "Australia": "1,188,999", "Australia_%": "5.1", "Pendle Hill": "270", "New South Wales": "384,470"}, "20-24 years": {"New South Wales_%": "6.5", "Pendle Hill_%": "5.5", "Australia": "1,566,793", "Australia_%": "6.7", "Pendle Hill": "397", "New South Wales": "489,673"}, "55-59 years": {"New South Wales_%": "6.3", "Pendle Hill_%": "5.2", "Australia": "1,454,332", "Australia_%": "6.2", "Pendle Hill": "378", "New South Wales": "469,726"}, "75-79 years": {"New South Wales_%": "2.9", "Pendle Hill_%": "3.1", "Australia": "652,657", "Australia_%": "2.8", "Pendle Hill": "226", "New South Wales": "217,308"}, "45-49 years": {"New South Wales_%": "6.6", "Pendle Hill_%": "5.9", "Australia": "1,581,455", "Australia_%": "6.8", "Pendle Hill": "424", "New South Wales": "492,440"}, "85 years and over": {"New South Wales_%": "2.2", "Pendle Hill_%": "4.4", "Australia": "486,842", "Australia_%": "2.1", "Pendle Hill": "322", "New South Wales": "167,506"}}, "Single (or lone) parents": {"Male": {"New South Wales_%": "17.8", "Pendle Hill_%": "23.3", "Australia": "--", "Australia_%": "18.2", "Pendle Hill": "--", "New South Wales": "--"}, "Female": {"New South Wales_%": "82.2", "Pendle Hill_%": "76.7", "Australia": "--", "Australia_%": "81.8", "Pendle Hill": "--", "New South Wales": "--"}}, "Mortgage monthly repayments": {"Median mortgage repayments": {"New South Wales_%": "--", "Pendle Hill_%": "--", "Australia": "1,755", "Australia_%": "--", "Pendle Hill": "2,000", "New South Wales": "1,986"}, "Households where mortgage repayments are less than 30% of household income": {"New South Wales_%": "92.6", "Pendle Hill_%": "93.7", "Australia": "--", "Australia_%": "92.8", "Pendle Hill": "--", "New South Wales": "--"}, "Households with mortgage repayments greater than or equal to 30% of household income": {"New South Wales_%": "7.4", "Pendle Hill_%": "6.3", "Australia": "--", "Australia_%": "7.2", "Pendle Hill": "--", "New South Wales": "--"}}, "Mortgage and rent": {"Median monthly mortgage repayments": {"New South Wales_%": "--", "Pendle Hill_%": "--", "Australia": "1,660", "Australia_%": "--", "Pendle Hill": "0", "New South Wales": "1,733"}, "Median weekly rent": {"New South Wales_%": "--", "Pendle Hill_%": "--", "Australia": "250", "Australia_%": "--", "Pendle Hill": "380", "New South Wales": "270"}}, "Tenure": {"Rented": {"New South Wales_%": "31.8", "Pendle Hill_%": "45.1", "Australia": "2,561,302", "Australia_%": "30.9", "Pendle Hill": "1,035", "New South Wales": "826,922"}, "Owned outright": {"New South Wales_%": "32.2", "Pendle Hill_%": "21.4", "Australia": "2,565,695", "Australia_%": "31.0", "Pendle Hill": "491", "New South Wales": "839,665"}, "Owned with a mortgage": {"New South Wales_%": "32.3", "Pendle Hill_%": "28.3", "Australia": "2,855,222", "Australia_%": "34.5", "Pendle Hill": "649", "New South Wales": "840,004"}, "Tenure type not stated": {"New South Wales_%": "2.8", "Pendle Hill_%": "3.4", "Australia": "224,869", "Australia_%": "2.7", "Pendle Hill": "78", "New South Wales": "73,763"}, "Other tenure type": {"New South Wales_%": "0.9", "Pendle Hill_%": "1.9", "Australia": "78,994", "Australia_%": "1.0", "Pendle Hill": "43", "New South Wales": "23,968"}}, "Country of birth of father, stated responses": {"Sri Lanka": {"New South Wales_%": "0.5", "Pendle Hill_%": "15.5", "Australia": "151,933", "Australia_%": "0.6", "Pendle Hill": "1,125", "New South Wales": "39,911"}, "Lebanon": {"New South Wales_%": "1.9", "Pendle Hill_%": "3.0", "Australia": "196,333", "Australia_%": "0.8", "Pendle Hill": "217", "New South Wales": "143,993"}, "Australia": {"New South Wales_%": "50.1", "Pendle Hill_%": "19.2", "Australia": "12,231,150", "Australia_%": "52.3", "Pendle Hill": "1,392", "New South Wales": "3,745,787"}, "India": {"New South Wales_%": "2.6", "Pendle Hill_%": "25.8", "Australia": "616,939", "Australia_%": "2.6", "Pendle Hill": "1,869", "New South Wales": "195,217"}, "China (excludes SARs and Taiwan)": {"New South Wales_%": "4.4", "Pendle Hill_%": "3.2", "Australia": "704,658", "Australia_%": "3.0", "Pendle Hill": "230", "New South Wales": "332,465"}}, "Country of birth of father and/or mother, stated responses": {"Father only born overseas": {"New South Wales_%": "6.1", "Pendle Hill_%": "2.9", "Australia": "1,488,092", "Australia_%": "6.4", "Pendle Hill": "212", "New South Wales": "458,394"}, "Mother only born overseas": {"New South Wales_%": "4.3", "Pendle Hill_%": "2.1", "Australia": "1,094,591", "Australia_%": "4.7", "Pendle Hill": "153", "New South Wales": "325,182"}, "Both parents born overseas": {"New South Wales_%": "37.0", "Pendle Hill_%": "70.8", "Australia": "8,051,196", "Australia_%": "34.4", "Pendle Hill": "5,134", "New South Wales": "2,764,170"}, "Both parents born in Australia": {"New South Wales_%": "45.4", "Pendle Hill_%": "16.9", "Australia": "11,070,538", "Australia_%": "47.3", "Pendle Hill": "1,228", "New South Wales": "3,399,725"}}, "Rent weekly payments": {"Households where rent payments are less than 30% of household income": {"New South Wales_%": "87.1", "Pendle Hill_%": "83.3", "Australia": "--", "Australia_%": "88.5", "Pendle Hill": "--", "New South Wales": "--"}, "Households with rent payments greater than or equal to 30% of household income": {"New South Wales_%": "12.9", "Pendle Hill_%": "16.7", "Australia": "--", "Australia_%": "11.5", "Pendle Hill": "--", "New South Wales": "--"}, "Median rent": {"New South Wales_%": "--", "Pendle Hill_%": "--", "Australia": "335", "Australia_%": "--", "Pendle Hill": "400", "New South Wales": "380"}}, "Registered marital status": {"Separated": {"New South Wales_%": "3.1", "Pendle Hill_%": "2.4", "Australia": "608,059", "Australia_%": "3.2", "Pendle Hill": "141", "New South Wales": "190,198"}, "Widowed": {"New South Wales_%": "5.4", "Pendle Hill_%": "9.0", "Australia": "985,204", "Australia_%": "5.2", "Pendle Hill": "531", "New South Wales": "331,653"}, "Married": {"New South Wales_%": "48.7", "Pendle Hill_%": "54.8", "Australia": "9,148,218", "Australia_%": "48.1", "Pendle Hill": "3,222", "New South Wales": "2,965,280"}, "Divorced": {"New South Wales_%": "8.4", "Pendle Hill_%": "6.8", "Australia": "1,626,890", "Australia_%": "8.5", "Pendle Hill": "401", "New South Wales": "512,298"}, "Never married": {"New South Wales_%": "34.4", "Pendle Hill_%": "26.9", "Australia": "6,668,910", "Australia_%": "35.0", "Pendle Hill": "1,584", "New South Wales": "2,094,460"}}, "summaryTable_qsPeople": {"Male": "50.6%", "Median age": "36", "Female": "49.4%", "People": "7,247"}, "Dwelling characteristics": {"Average number of people per household": {"New South Wales_%": "--", "Pendle Hill_%": "--", "Australia": "3.2", "Australia_%": "--", "Pendle Hill": "2.9", "New South Wales": "3.1"}, "Average number of persons per bedroom": {"New South Wales_%": "--", "Pendle Hill_%": "--", "Australia": "1", "Australia_%": "--", "Pendle Hill": "0.9", "New South Wales": "1"}, "Median weekly household income": {"New South Wales_%": "--", "Pendle Hill_%": "--", "Australia": "1,203", "Australia_%": "--", "Pendle Hill": "1,375", "New South Wales": "1,214"}}, "Unpaid work": {"Did unpaid domestic work (last week)": {"New South Wales_%": "67.7", "Pendle Hill_%": "58.1", "Australia": "13,143,914", "Australia_%": "69.0", "Pendle Hill": "3,408", "New South Wales": "4,127,723"}, "Provided unpaid assistance to a person with a disability (last two weeks)": {"New South Wales_%": "11.6", "Pendle Hill_%": "11.3", "Australia": "2,145,203", "Australia_%": "11.3", "Pendle Hill": "661", "New South Wales": "709,415"}, "Did voluntary work through an organisation or group (last 12 months)": {"New South Wales_%": "18.1", "Pendle Hill_%": "12.6", "Australia": "3,620,726", "Australia_%": "19.0", "Pendle Hill": "740", "New South Wales": "1,103,790"}, "Cared for child/children (last two weeks)": {"New South Wales_%": "27.2", "Pendle Hill_%": "26.5", "Australia": "5,259,400", "Australia_%": "27.6", "Pendle Hill": "1,556", "New South Wales": "1,659,250"}}, "Unpaid domestic work, number of hours": {"5 to 14 hours per week": {"New South Wales_%": "25.1", "Pendle Hill_%": "20.6", "Australia": "4,944,578", "Australia_%": "26.0", "Pendle Hill": "1,207", "New South Wales": "1,531,206"}, "30 hours or more per week": {"New South Wales_%": "9.0", "Pendle Hill_%": "9.2", "Australia": "1,710,970", "Australia_%": "9.0", "Pendle Hill": "541", "New South Wales": "545,925"}, "Less than 5 hours per week": {"New South Wales_%": "22.3", "Pendle Hill_%": "18.2", "Australia": "4,298,593", "Australia_%": "22.6", "Pendle Hill": "1,067", "New South Wales": "1,359,656"}, "15 to 29 hours per week": {"New South Wales_%": "11.3", "Pendle Hill_%": "10.2", "Australia": "2,189,776", "Australia_%": "11.5", "Pendle Hill": "597", "New South Wales": "690,934"}}, "Industry of employment, top responses": {"Computer System Design and Related Services": {"New South Wales_%": "1.9", "Pendle Hill_%": "4.4", "Australia": "162,884", "Australia_%": "1.5", "Pendle Hill": "126", "New South Wales": "63,717"}, "Hospitals (except Psychiatric Hospitals)": {"New South Wales_%": "3.5", "Pendle Hill_%": "5.3", "Australia": "411,808", "Australia_%": "3.9", "Pendle Hill": "152", "New South Wales": "119,350"}, "Supermarket and Grocery Stores": {"New South Wales_%": "2.2", "Pendle Hill_%": "2.4", "Australia": "254,275", "Australia_%": "2.4", "Pendle Hill": "68", "New South Wales": "74,487"}, "Aged Care Residential Services": {"New South Wales_%": "2.0", "Pendle Hill_%": "2.5", "Australia": "211,621", "Australia_%": "2.0", "Pendle Hill": "72", "New South Wales": "67,209"}, "Banking": {"New South Wales_%": "1.9", "Pendle Hill_%": "3.1", "Australia": "144,232", "Australia_%": "1.3", "Pendle Hill": "90", "New South Wales": "63,678"}}, "GeoInfo": {"city": "Pendle Hill"}, "Education": {"University or tertiary institution": {"New South Wales_%": "16.2", "Pendle Hill_%": "16.3", "Australia": "1,160,626", "Australia_%": "16.1", "Pendle Hill": "345", "New South Wales": "376,133"}, "Secondary - Catholic": {"New South Wales_%": "5.1", "Pendle Hill_%": "4.2", "Australia": "338,384", "Australia_%": "4.7", "Pendle Hill": "89", "New South Wales": "117,689"}, "Secondary - other non Government": {"New South Wales_%": "3.4", "Pendle Hill_%": "1.4", "Australia": "280,618", "Australia_%": "3.9", "Pendle Hill": "29", "New South Wales": "79,915"}, "Primary - Catholic": {"New South Wales_%": "5.3", "Pendle Hill_%": "3.2", "Australia": "380,604", "Australia_%": "5.3", "Pendle Hill": "67", "New South Wales": "122,099"}, "Primary - Government": {"New South Wales_%": "18.0", "Pendle Hill_%": "22.3", "Australia": "1,314,787", "Australia_%": "18.2", "Pendle Hill": "472", "New South Wales": "417,465"}, "Other": {"New South Wales_%": "2.7", "Pendle Hill_%": "3.6", "Australia": "198,383", "Australia_%": "2.8", "Pendle Hill": "77", "New South Wales": "63,673"}, "Technical or further education institution": {"New South Wales_%": "6.2", "Pendle Hill_%": "4.8", "Australia": "424,869", "Australia_%": "5.9", "Pendle Hill": "101", "New South Wales": "144,103"}, "Secondary - Government": {"New South Wales_%": "11.6", "Pendle Hill_%": "13.7", "Australia": "827,505", "Australia_%": "11.5", "Pendle Hill": "289", "New South Wales": "269,249"}, "Primary - other non Government": {"New South Wales_%": "2.9", "Pendle Hill_%": "1.0", "Australia": "231,490", "Australia_%": "3.2", "Pendle Hill": "21", "New South Wales": "67,611"}, "Not stated": {"New South Wales_%": "23.0", "Pendle Hill_%": "24.7", "Australia": "1,707,023", "Australia_%": "23.7", "Pendle Hill": "523", "New South Wales": "535,266"}, "Preschool": {"New South Wales_%": "5.7", "Pendle Hill_%": "4.8", "Australia": "347,621", "Australia_%": "4.8", "Pendle Hill": "102", "New South Wales": "132,047"}}, "Employment": {"Unemployed": {"New South Wales_%": "6.3", "Pendle Hill_%": "8.4", "Australia": "787,452", "Australia_%": "6.9", "Pendle Hill": "271", "New South Wales": "225,546"}, "Worked part-time": {"New South Wales_%": "29.7", "Pendle Hill_%": "22.6", "Australia": "3,491,503", "Australia_%": "30.4", "Pendle Hill": "732", "New South Wales": "1,071,151"}, "Away from work": {"New South Wales_%": "4.8", "Pendle Hill_%": "4.3", "Australia": "569,276", "Australia_%": "5.0", "Pendle Hill": "139", "New South Wales": "174,654"}, "Worked full-time": {"New South Wales_%": "59.2", "Pendle Hill_%": "64.8", "Australia": "6,623,065", "Australia_%": "57.7", "Pendle Hill": "2,098", "New South Wales": "2,134,521"}}, "Travel to work, top responses": {"Walked only": {"New South Wales_%": "3.9", "Pendle Hill_%": "2.5", "Australia": "370,427", "Australia_%": "3.5", "Pendle Hill": "75", "New South Wales": "130,957"}, "People who travelled to work by car as driver or passenger": {"New South Wales_%": "64.6", "Pendle Hill_%": "59.1", "Australia": "7,305,271", "Australia_%": "68.4", "Pendle Hill": "1,754", "New South Wales": "2,182,854"}, "null": {"New South Wales_%": "None", "Pendle Hill_%": null, "Australia": "None", "Australia_%": "None", "Pendle Hill": null, "New South Wales": "None"}, "People who travelled to work by public transport": {"New South Wales_%": "16.0", "Pendle Hill_%": "29.7", "Australia": "1,225,668", "Australia_%": "11.5", "Pendle Hill": "881", "New South Wales": "540,215"}, "Car, as driver": {"New South Wales_%": "57.8", "Pendle Hill_%": "52.7", "Australia": "6,574,571", "Australia_%": "61.5", "Pendle Hill": "1,561", "New South Wales": "1,953,399"}, "Train": {"New South Wales_%": "7.5", "Pendle Hill_%": "23.2", "Australia": "488,012", "Australia_%": "4.6", "Pendle Hill": "688", "New South Wales": "252,786"}, "Train, bus": {"New South Wales_%": "1.8", "Pendle Hill_%": "3.0", "Australia": "104,122", "Australia_%": "1.0", "Pendle Hill": "90", "New South Wales": "60,155"}, "Car, as passenger": {"New South Wales_%": "4.3", "Pendle Hill_%": "3.6", "Australia": "489,922", "Australia_%": "4.6", "Pendle Hill": "106", "New South Wales": "144,820"}}, "Occupation": {"Professionals": {"New South Wales_%": "23.6", "Pendle Hill_%": "25.3", "Australia": "2,370,966", "Australia_%": "22.2", "Pendle Hill": "752", "New South Wales": "798,126"}, "Technicians and Trades Workers": {"New South Wales_%": "12.7", "Pendle Hill_%": "10.6", "Australia": "1,447,414", "Australia_%": "13.5", "Pendle Hill": "316", "New South Wales": "429,239"}, "Labourers": {"New South Wales_%": "8.8", "Pendle Hill_%": "11.6", "Australia": "1,011,520", "Australia_%": "9.5", "Pendle Hill": "344", "New South Wales": "297,887"}, "Clerical and Administrative Workers": {"New South Wales_%": "13.8", "Pendle Hill_%": "16.4", "Australia": "1,449,681", "Australia_%": "13.6", "Pendle Hill": "488", "New South Wales": "467,977"}, "Machinery Operators and Drivers": {"New South Wales_%": "6.1", "Pendle Hill_%": "9.0", "Australia": "670,106", "Australia_%": "6.3", "Pendle Hill": "269", "New South Wales": "206,839"}, "Community and Personal Service Workers": {"New South Wales_%": "10.4", "Pendle Hill_%": "8.3", "Australia": "1,157,003", "Australia_%": "10.8", "Pendle Hill": "247", "New South Wales": "350,261"}, "Sales Workers": {"New South Wales_%": "9.2", "Pendle Hill_%": "7.8", "Australia": "1,000,955", "Australia_%": "9.4", "Pendle Hill": "232", "New South Wales": "311,414"}, "Managers": {"New South Wales_%": "13.5", "Pendle Hill_%": "8.9", "Australia": "1,390,047", "Australia_%": "13.0", "Pendle Hill": "265", "New South Wales": "456,084"}}}