{"Employment - hours worked": {"40 hours or more per week": {"Australia": "4,591,801", "Redhead_%": "39.0", "Australia_%": "43.0", "New South Wales_%": "44.1", "Redhead": "590", "New South Wales": "1,489,099"}, "25-34 hours per week": {"Australia": "1,193,445", "Redhead_%": "12.8", "Australia_%": "11.2", "New South Wales_%": "10.5", "Redhead": "194", "New South Wales": "353,702"}, "16-24 hours per week": {"Australia": "1,079,236", "Redhead_%": "13.4", "Australia_%": "10.1", "New South Wales_%": "10.4", "Redhead": "202", "New South Wales": "352,817"}, "35-39 hours per week": {"Australia": "2,031,263", "Redhead_%": "17.1", "Australia_%": "19.0", "New South Wales_%": "19.1", "Redhead": "258", "New South Wales": "645,428"}, "1-15 hours per week": {"Australia": "1,218,823", "Redhead_%": "13.0", "Australia_%": "11.4", "New South Wales_%": "10.8", "Redhead": "196", "New South Wales": "364,637"}}, "Number of registered motor vehicles": {"2 motor vehicles": {"Australia": "2,999,184", "Redhead_%": "35.7", "Australia_%": "36.2", "New South Wales_%": "34.1", "Redhead": "479", "New South Wales": "887,849"}, "None": {"Australia": "623,829", "Redhead_%": "5.8", "Australia_%": "7.5", "New South Wales_%": "9.2", "Redhead": "78", "New South Wales": "239,625"}, "Number of motor vehicles not stated": {"Australia": "285,197", "Redhead_%": "4.0", "Australia_%": "3.4", "New South Wales_%": "3.7", "Redhead": "53", "New South Wales": "95,623"}, "1 motor vehicle": {"Australia": "2,881,485", "Redhead_%": "35.1", "Australia_%": "34.8", "New South Wales_%": "36.3", "Redhead": "471", "New South Wales": "946,159"}, "3 or more vehicles": {"Australia": "1,496,382", "Redhead_%": "19.3", "Australia_%": "18.1", "New South Wales_%": "16.7", "Redhead": "259", "New South Wales": "435,053"}}, "Employment status of parents in couple families": {"Labour force status not stated (by one or both parents in a couple family)": {"Australia": "311,381", "Redhead_%": "6.7", "Australia_%": "6.2", "New South Wales_%": "5.7", "Redhead": "53", "New South Wales": "90,630"}, "One employed full-time, one part-time": {"Australia": "1,086,460", "Redhead_%": "23.3", "Australia_%": "21.7", "New South Wales_%": "20.6", "Redhead": "184", "New South Wales": "329,567"}, "One employed part-time, other not working": {"Australia": "302,037", "Redhead_%": "5.9", "Australia_%": "6.0", "New South Wales_%": "6.1", "Redhead": "47", "New South Wales": "96,933"}, "Other (includes away from work)": {"Australia": "264,145", "Redhead_%": "3.7", "Australia_%": "5.3", "New South Wales_%": "5.1", "Redhead": "29", "New South Wales": "80,905"}, "Both employed, worked full-time": {"Australia": "1,084,006", "Redhead_%": "17.8", "Australia_%": "21.6", "New South Wales_%": "22.6", "Redhead": "141", "New South Wales": "360,916"}, "One employed full-time, other not working": {"Australia": "749,886", "Redhead_%": "11.1", "Australia_%": "15.0", "New South Wales_%": "15.0", "Redhead": "88", "New South Wales": "240,084"}, "Both employed, worked part-time": {"Australia": "203,596", "Redhead_%": "5.6", "Australia_%": "4.1", "New South Wales_%": "4.0", "Redhead": "44", "New South Wales": "63,106"}, "Both not working": {"Australia": "1,006,697", "Redhead_%": "25.9", "Australia_%": "20.1", "New South Wales_%": "21.0", "Redhead": "205", "New South Wales": "334,742"}}, "Country of birth of mother, stated responses": {"Germany": {"Australia": "169,618", "Redhead_%": "1.0", "Australia_%": "0.7", "New South Wales_%": "0.6", "Redhead": "36", "New South Wales": "47,489"}, "Scotland": {"Australia": "245,915", "Redhead_%": "1.1", "Australia_%": "1.1", "New South Wales_%": "0.8", "Redhead": "38", "New South Wales": "63,302"}, "New Zealand": {"Australia": "608,329", "Redhead_%": "1.4", "Australia_%": "2.6", "New South Wales_%": "1.9", "Redhead": "48", "New South Wales": "139,899"}, "Australia": {"Australia": "12,643,365", "Redhead_%": "78.1", "Australia_%": "54.0", "New South Wales_%": "51.9", "Redhead": "2,718", "New South Wales": "3,884,762"}, "England": {"Australia": "1,302,147", "Redhead_%": "4.9", "Australia_%": "5.6", "New South Wales_%": "4.3", "Redhead": "169", "New South Wales": "322,472"}}, "Dwelling structure": {"Other dwelling": {"Australia": "64,425", "Redhead_%": "7.3", "Australia_%": "0.8", "New South Wales_%": "0.9", "Redhead": "97", "New South Wales": "23,580"}, "Semi-detached, row or terrace house, townhouse etc": {"Australia": "1,055,016", "Redhead_%": "21.7", "Australia_%": "12.7", "New South Wales_%": "12.2", "Redhead": "290", "New South Wales": "317,453"}, "Separate house": {"Australia": "6,041,788", "Redhead_%": "70.1", "Australia_%": "72.9", "New South Wales_%": "66.4", "Redhead": "936", "New South Wales": "1,729,820"}, "Flat or apartment": {"Australia": "1,087,434", "Redhead_%": "1.0", "Australia_%": "13.1", "New South Wales_%": "19.9", "Redhead": "13", "New South Wales": "519,390"}}, "Number of bedrooms": {"1 bedroom": {"Australia": "411,252", "Redhead_%": "5.8", "Australia_%": "5.0", "New South Wales_%": "6.0", "Redhead": "79", "New South Wales": "157,194"}, "3 bedrooms": {"Australia": "3,403,190", "Redhead_%": "31.1", "Australia_%": "41.1", "New South Wales_%": "37.2", "Redhead": "420", "New South Wales": "970,001"}, "Average number of people per household": {"Australia": "2.6", "Redhead_%": "--", "Australia_%": "--", "New South Wales_%": "--", "Redhead": "2.4", "New South Wales": "2.6"}, "2 bedrooms": {"Australia": "1,562,759", "Redhead_%": "24.4", "Australia_%": "18.9", "New South Wales_%": "22.2", "Redhead": "330", "New South Wales": "577,675"}, "4 or more bedrooms": {"Australia": "2,670,758", "Redhead_%": "36.0", "Australia_%": "32.2", "New South Wales_%": "31.3", "Redhead": "487", "New South Wales": "816,405"}, "None (includes bedsitters)": {"Australia": "39,769", "Redhead_%": "0.2", "Australia_%": "0.5", "New South Wales_%": "0.7", "Redhead": "3", "New South Wales": "17,157"}, "Number of bedrooms not stated": {"Australia": "198,351", "Redhead_%": "2.4", "Australia_%": "2.4", "New South Wales_%": "2.5", "Redhead": "32", "New South Wales": "65,888"}, "Average number of bedrooms per dwelling": {"Australia": "3.1", "Redhead_%": "--", "Australia_%": "--", "New South Wales_%": "--", "Redhead": "3.1", "New South Wales": "3"}}, "summaryTable_qsFamilies": {"for all families": "0.8", "for families with children": "1.9", "Families": "918", "Average children per family": "None"}, "People characteristics": {"Male": {"Australia": "322,171", "Redhead_%": "58.9", "Australia_%": "49.6", "New South Wales_%": "49.7", "Redhead": "56", "New South Wales": "107,368"}, "Median age": {"Australia": "23", "Redhead_%": "--", "Australia_%": "--", "New South Wales_%": "--", "Redhead": "19", "New South Wales": "22"}, "Female": {"Australia": "326,996", "Redhead_%": "41.1", "Australia_%": "50.4", "New South Wales_%": "50.3", "Redhead": "39", "New South Wales": "108,809"}}, "Dwelling count": {"Unoccupied private dwellings": {"Australia": "1,039,874", "Redhead_%": "5.6", "Australia_%": "11.2", "New South Wales_%": "9.9", "Redhead": "79", "New South Wales": "284,741"}, "Occupied private dwellings": {"Australia": "8,286,073", "Redhead_%": "94.4", "Australia_%": "88.8", "New South Wales_%": "90.1", "Redhead": "1,336", "New South Wales": "2,604,320"}}, "Level of highest educational attainment": {"Certificate level III": {"Australia": "2,442,203", "Redhead_%": "15.9", "Australia_%": "12.8", "New South Wales_%": "12.0", "Redhead": "456", "New South Wales": "730,498"}, "Certificate level II": {"Australia": "13,454", "Redhead_%": "0.0", "Australia_%": "0.1", "New South Wales_%": "0.1", "Redhead": "0", "New South Wales": "4,849"}, "No educational attainment": {"Australia": "145,844", "Redhead_%": "0.1", "Australia_%": "0.8", "New South Wales_%": "0.9", "Redhead": "3", "New South Wales": "54,870"}, "Bachelor Degree level and above": {"Australia": "4,181,406", "Redhead_%": "20.9", "Australia_%": "22.0", "New South Wales_%": "23.4", "Redhead": "598", "New South Wales": "1,424,716"}, "Certificate level I": {"Australia": "2,176", "Redhead_%": "0.0", "Australia_%": "0.0", "New South Wales_%": "0.0", "Redhead": "0", "New South Wales": "625"}, "Year 11": {"Australia": "941,531", "Redhead_%": "3.1", "Australia_%": "4.9", "New South Wales_%": "3.3", "Redhead": "89", "New South Wales": "203,574"}, "Not stated": {"Australia": "1,974,794", "Redhead_%": "10.0", "Australia_%": "10.4", "New South Wales_%": "10.3", "Redhead": "285", "New South Wales": "627,465"}, "Year 9 or below": {"Australia": "1,529,897", "Redhead_%": "10.3", "Australia_%": "8.0", "New South Wales_%": "8.4", "Redhead": "294", "New South Wales": "513,209"}, "Certificate level IV": {"Australia": "551,767", "Redhead_%": "3.0", "Australia_%": "2.9", "New South Wales_%": "2.8", "Redhead": "86", "New South Wales": "167,947"}, "Year 10": {"Australia": "2,054,331", "Redhead_%": "14.2", "Australia_%": "10.8", "New South Wales_%": "11.5", "Redhead": "407", "New South Wales": "702,178"}, "Year 12": {"Australia": "2,994,097", "Redhead_%": "10.0", "Australia_%": "15.7", "New South Wales_%": "15.3", "Redhead": "287", "New South Wales": "930,654"}, "Advanced Diploma and Diploma level": {"Australia": "1,687,893", "Redhead_%": "9.3", "Australia_%": "8.9", "New South Wales_%": "8.9", "Redhead": "266", "New South Wales": "543,142"}}, "Median weekly incomes": {"Personal": {"Australia": "662", "Redhead_%": "--", "Australia_%": "--", "New South Wales_%": "--", "Redhead": "639", "New South Wales": "664"}, "Household": {"Australia": "1,438", "Redhead_%": "--", "Australia_%": "--", "New South Wales_%": "--", "Redhead": "1,281", "New South Wales": "1,486"}, "Family": {"Australia": "1,734", "Redhead_%": "--", "Australia_%": "--", "New South Wales_%": "--", "Redhead": "1,877", "New South Wales": "1,780"}}, "Family composition": {"Other family": {"Australia": "102,559", "Redhead_%": "0.4", "Australia_%": "1.7", "New South Wales_%": "1.7", "Redhead": "4", "New South Wales": "32,438"}, "Couple family with children": {"Australia": "2,716,224", "Redhead_%": "47.6", "Australia_%": "44.7", "New South Wales_%": "45.7", "Redhead": "437", "New South Wales": "887,358"}, "Couple family without children": {"Australia": "2,291,987", "Redhead_%": "38.5", "Australia_%": "37.8", "New South Wales_%": "36.6", "Redhead": "353", "New South Wales": "709,524"}, "One parent family": {"Australia": "959,543", "Redhead_%": "13.5", "Australia_%": "15.8", "New South Wales_%": "16.0", "Redhead": "124", "New South Wales": "310,906"}}, "Dwelling internet connection": {"Not stated": {"Australia": "221,494", "Redhead_%": "2.5", "Australia_%": "2.7", "New South Wales_%": "2.8", "Redhead": "34", "New South Wales": "73,565"}, "Internet not accessed from dwelling": {"Australia": "1,172,415", "Redhead_%": "20.5", "Australia_%": "14.1", "New South Wales_%": "14.7", "Redhead": "275", "New South Wales": "381,709"}, "Internet accessed from dwelling": {"Australia": "6,892,165", "Redhead_%": "76.9", "Australia_%": "83.2", "New South Wales_%": "82.5", "Redhead": "1,031", "New South Wales": "2,149,040"}}, "Social marital status": {"Not married": {"Australia": "7,024,973", "Redhead_%": "40.6", "Australia_%": "41.9", "New South Wales_%": "42.3", "Redhead": "1,044", "New South Wales": "2,290,887"}, "De facto marriage": {"Australia": "1,751,731", "Redhead_%": "6.8", "Australia_%": "10.4", "New South Wales_%": "9.4", "Redhead": "174", "New South Wales": "506,133"}, "Registered marriage": {"Australia": "8,001,141", "Redhead_%": "52.6", "Australia_%": "47.7", "New South Wales_%": "48.3", "Redhead": "1,351", "New South Wales": "2,612,630"}}, "Household composition": {"Family households": {"Australia": "5,907,625", "Redhead_%": "66.5", "Australia_%": "71.3", "New South Wales_%": "72.0", "Redhead": "895", "New South Wales": "1,874,524"}, "Group households": {"Australia": "354,917", "Redhead_%": "2.3", "Australia_%": "4.3", "New South Wales_%": "4.2", "Redhead": "31", "New South Wales": "109,004"}, "Single (or lone) person households": {"Australia": "2,023,542", "Redhead_%": "31.2", "Australia_%": "24.4", "New South Wales_%": "23.8", "Redhead": "419", "New South Wales": "620,778"}}, "People": {"Male": {"Australia": "11,546,638", "Redhead_%": "48.5", "Australia_%": "49.3", "New South Wales_%": "49.3", "Redhead": "1,703", "New South Wales": "3,686,014"}, "Aboriginal and/or Torres Strait Islander people": {"Australia": "649,171", "Redhead_%": "2.6", "Australia_%": "2.8", "New South Wales_%": "2.9", "Redhead": "93", "New South Wales": "216,176"}, "Female": {"Australia": "11,855,248", "Redhead_%": "51.5", "Australia_%": "50.7", "New South Wales_%": "50.7", "Redhead": "1,809", "New South Wales": "3,794,217"}}, "Language, top responses (other than English)": {"Portuguese": {"Australia": "48,853", "Redhead_%": "0.3", "Australia_%": "0.2", "New South Wales_%": "0.3", "Redhead": "9", "New South Wales": "23,003"}, "German": {"Australia": "79,353", "Redhead_%": "0.6", "Australia_%": "0.3", "New South Wales_%": "0.3", "Redhead": "22", "New South Wales": "23,033"}, "null": {"Australia": "None", "Redhead_%": null, "Australia_%": "None", "New South Wales_%": "None", "Redhead": null, "New South Wales": "None"}, "English only spoken at home": {"Australia": "17,020,417", "Redhead_%": "90.5", "Australia_%": "72.7", "New South Wales_%": "68.5", "Redhead": "3,186", "New South Wales": "5,126,633"}, "Macedonian": {"Australia": "66,019", "Redhead_%": "0.6", "Australia_%": "0.3", "New South Wales_%": "0.4", "Redhead": "20", "New South Wales": "28,144"}, "Spanish": {"Australia": "140,817", "Redhead_%": "0.3", "Australia_%": "0.6", "New South Wales_%": "0.8", "Redhead": "11", "New South Wales": "63,527"}, "Households where a non English language is spoken": {"Australia": "1,971,011", "Redhead_%": "5.3", "Australia_%": "22.2", "New South Wales_%": "26.5", "Redhead": "73", "New South Wales": "735,563"}, "Italian": {"Australia": "271,597", "Redhead_%": "0.6", "Australia_%": "1.2", "New South Wales_%": "1.0", "Redhead": "20", "New South Wales": "75,694"}}, "summaryTable_qsDwelling": {"Median monthly mortgage repayments": "$2,037", "All private dwellings": "1,461", "Average people per household": "2.4", "Median weekly household income": "$1,281", "Median weekly rent": "$370", "Average motor vehicles per dwelling": "1.8"}, "Household income": {"Less than $650 gross weekly income": {"Australia": "--", "Redhead_%": "27.2", "Australia_%": "20.0", "New South Wales_%": "19.7", "Redhead": "--", "New South Wales": "--"}, "More than $3000 gross weekly income": {"Australia": "--", "Redhead_%": "19.5", "Australia_%": "16.4", "New South Wales_%": "18.7", "Redhead": "--", "New South Wales": "--"}}, "Country of birth": {"Other top responses": {"Redhead": "None", "Redhead_%": "None"}, "Australia": {"Australia": "15,614,835", "Redhead_%": "84.1", "Australia_%": "66.7", "New South Wales_%": "65.5", "Redhead": "2,947", "New South Wales": "4,899,090"}, "England": {"Australia": "907,570", "Redhead_%": "2.8", "Australia_%": "3.9", "New South Wales_%": "3.0", "Redhead": "99", "New South Wales": "226,564"}, "Scotland": {"Australia": "119,417", "Redhead_%": "0.4", "Australia_%": "0.5", "New South Wales_%": "0.4", "Redhead": "15", "New South Wales": "28,579"}, "United States of America": {"Australia": "86,125", "Redhead_%": "0.7", "Australia_%": "0.4", "New South Wales_%": "0.4", "Redhead": "23", "New South Wales": "30,081"}, "Germany": {"Australia": "102,595", "Redhead_%": "0.5", "Australia_%": "0.4", "New South Wales_%": "0.4", "Redhead": "19", "New South Wales": "29,541"}, "New Zealand": {"Australia": "518,466", "Redhead_%": "1.4", "Australia_%": "2.2", "New South Wales_%": "1.6", "Redhead": "48", "New South Wales": "117,136"}}, "Religious affiliation, top responses": {"No Religion, so described": {"Australia": "6,933,708", "Redhead_%": "28.3", "Australia_%": "29.6", "New South Wales_%": "25.1", "Redhead": "991", "New South Wales": "1,879,562"}, "Catholic": {"Australia": "5,291,834", "Redhead_%": "23.1", "Australia_%": "22.6", "New South Wales_%": "24.7", "Redhead": "807", "New South Wales": "1,846,443"}, "Not stated": {"Australia": "2,238,735", "Redhead_%": "9.1", "Australia_%": "9.6", "New South Wales_%": "9.2", "Redhead": "319", "New South Wales": "684,969"}, "Uniting Church": {"Australia": "870,183", "Redhead_%": "5.5", "Australia_%": "3.7", "New South Wales_%": "2.9", "Redhead": "192", "New South Wales": "217,258"}, "Anglican": {"Australia": "3,101,185", "Redhead_%": "20.6", "Australia_%": "13.3", "New South Wales_%": "15.5", "Redhead": "722", "New South Wales": "1,161,810"}}, "Ancestry, top responses": {"German": {"Australia": "982,226", "Redhead_%": "3.4", "Australia_%": "3.1", "New South Wales_%": "2.4", "Redhead": "164", "New South Wales": "236,146"}, "Australian": {"Australia": "7,298,243", "Redhead_%": "31.3", "Australia_%": "23.3", "New South Wales_%": "22.9", "Redhead": "1,524", "New South Wales": "2,261,062"}, "Scottish": {"Australia": "2,023,470", "Redhead_%": "8.8", "Australia_%": "6.4", "New South Wales_%": "5.9", "Redhead": "426", "New South Wales": "587,052"}, "Irish": {"Australia": "2,388,058", "Redhead_%": "7.7", "Australia_%": "7.6", "New South Wales_%": "7.5", "Redhead": "373", "New South Wales": "741,671"}, "English": {"Australia": "7,852,224", "Redhead_%": "32.8", "Australia_%": "25.0", "New South Wales_%": "23.3", "Redhead": "1,595", "New South Wales": "2,302,481"}}, "Age": {"35-39 years": {"Australia": "1,561,679", "Redhead_%": "5.0", "Australia_%": "6.7", "New South Wales_%": "6.7", "Redhead": "176", "New South Wales": "499,724"}, "60-64 years": {"Australia": "1,299,397", "Redhead_%": "7.1", "Australia_%": "5.6", "New South Wales_%": "5.6", "Redhead": "251", "New South Wales": "420,044"}, "30-34 years": {"Australia": "1,703,847", "Redhead_%": "3.5", "Australia_%": "7.3", "New South Wales_%": "7.2", "Redhead": "122", "New South Wales": "540,360"}, "0-4 years": {"Australia": "1,464,779", "Redhead_%": "5.5", "Australia_%": "6.3", "New South Wales_%": "6.2", "Redhead": "194", "New South Wales": "465,135"}, "25-29 years": {"Australia": "1,664,602", "Redhead_%": "3.2", "Australia_%": "7.1", "New South Wales_%": "7.0", "Redhead": "113", "New South Wales": "527,161"}, "10-14 years": {"Australia": "1,397,183", "Redhead_%": "6.3", "Australia_%": "6.0", "New South Wales_%": "5.9", "Redhead": "220", "New South Wales": "443,009"}, "5-9 years": {"Australia": "1,502,646", "Redhead_%": "6.9", "Australia_%": "6.4", "New South Wales_%": "6.4", "Redhead": "244", "New South Wales": "478,184"}, "Median age": {"Australia": "38", "Redhead_%": "--", "Australia_%": "--", "New South Wales_%": "--", "Redhead": "46", "New South Wales": "38"}, "50-54 years": {"Australia": "1,523,551", "Redhead_%": "6.2", "Australia_%": "6.5", "New South Wales_%": "6.5", "Redhead": "219", "New South Wales": "485,546"}, "80-84 years": {"Australia": "460,549", "Redhead_%": "3.5", "Australia_%": "2.0", "New South Wales_%": "2.1", "Redhead": "122", "New South Wales": "155,806"}, "40-44 years": {"Australia": "1,583,257", "Redhead_%": "6.9", "Australia_%": "6.8", "New South Wales_%": "6.7", "Redhead": "244", "New South Wales": "503,169"}, "70-74 years": {"Australia": "887,716", "Redhead_%": "5.7", "Australia_%": "3.8", "New South Wales_%": "3.9", "Redhead": "202", "New South Wales": "292,556"}, "15-19 years": {"Australia": "1,421,595", "Redhead_%": "6.2", "Australia_%": "6.1", "New South Wales_%": "6.0", "Redhead": "218", "New South Wales": "448,425"}, "65-69 years": {"Australia": "1,188,999", "Redhead_%": "5.6", "Australia_%": "5.1", "New South Wales_%": "5.1", "Redhead": "198", "New South Wales": "384,470"}, "20-24 years": {"Australia": "1,566,793", "Redhead_%": "4.6", "Australia_%": "6.7", "New South Wales_%": "6.5", "Redhead": "163", "New South Wales": "489,673"}, "55-59 years": {"Australia": "1,454,332", "Redhead_%": "7.9", "Australia_%": "6.2", "New South Wales_%": "6.3", "Redhead": "277", "New South Wales": "469,726"}, "75-79 years": {"Australia": "652,657", "Redhead_%": "3.9", "Australia_%": "2.8", "New South Wales_%": "2.9", "Redhead": "138", "New South Wales": "217,308"}, "45-49 years": {"Australia": "1,581,455", "Redhead_%": "7.6", "Australia_%": "6.8", "New South Wales_%": "6.6", "Redhead": "267", "New South Wales": "492,440"}, "85 years and over": {"Australia": "486,842", "Redhead_%": "4.3", "Australia_%": "2.1", "New South Wales_%": "2.2", "Redhead": "151", "New South Wales": "167,506"}}, "Single (or lone) parents": {"Male": {"Australia": "--", "Redhead_%": "19.7", "Australia_%": "18.2", "New South Wales_%": "17.8", "Redhead": "--", "New South Wales": "--"}, "Female": {"Australia": "--", "Redhead_%": "80.3", "Australia_%": "81.8", "New South Wales_%": "82.2", "Redhead": "--", "New South Wales": "--"}}, "Mortgage monthly repayments": {"Median mortgage repayments": {"Australia": "1,755", "Redhead_%": "--", "Australia_%": "--", "New South Wales_%": "--", "Redhead": "2,037", "New South Wales": "1,986"}, "Households where mortgage repayments are less than 30% of household income": {"Australia": "--", "Redhead_%": "96.4", "Australia_%": "92.8", "New South Wales_%": "92.6", "Redhead": "--", "New South Wales": "--"}, "Households with mortgage repayments greater than or equal to 30% of household income": {"Australia": "--", "Redhead_%": "3.6", "Australia_%": "7.2", "New South Wales_%": "7.4", "Redhead": "--", "New South Wales": "--"}}, "Mortgage and rent": {"Median monthly mortgage repayments": {"Australia": "1,660", "Redhead_%": "--", "Australia_%": "--", "New South Wales_%": "--", "Redhead": "1,099", "New South Wales": "1,733"}, "Median weekly rent": {"Australia": "250", "Redhead_%": "--", "Australia_%": "--", "New South Wales_%": "--", "Redhead": "380", "New South Wales": "270"}}, "Tenure": {"Rented": {"Australia": "2,561,302", "Redhead_%": "15.2", "Australia_%": "30.9", "New South Wales_%": "31.8", "Redhead": "205", "New South Wales": "826,922"}, "Owned outright": {"Australia": "2,565,695", "Redhead_%": "51.9", "Australia_%": "31.0", "New South Wales_%": "32.2", "Redhead": "698", "New South Wales": "839,665"}, "Owned with a mortgage": {"Australia": "2,855,222", "Redhead_%": "28.7", "Australia_%": "34.5", "New South Wales_%": "32.3", "Redhead": "386", "New South Wales": "840,004"}, "Tenure type not stated": {"Australia": "224,869", "Redhead_%": "2.4", "Australia_%": "2.7", "New South Wales_%": "2.8", "Redhead": "32", "New South Wales": "73,763"}, "Other tenure type": {"Australia": "78,994", "Redhead_%": "1.8", "Australia_%": "1.0", "New South Wales_%": "0.9", "Redhead": "24", "New South Wales": "23,968"}}, "Country of birth of father, stated responses": {"Germany": {"Australia": "170,571", "Redhead_%": "1.2", "Australia_%": "0.7", "New South Wales_%": "0.6", "Redhead": "41", "New South Wales": "47,543"}, "Scotland": {"Australia": "276,038", "Redhead_%": "1.2", "Australia_%": "1.2", "New South Wales_%": "1.0", "Redhead": "42", "New South Wales": "72,321"}, "New Zealand": {"Australia": "617,331", "Redhead_%": "1.8", "Australia_%": "2.6", "New South Wales_%": "1.9", "Redhead": "63", "New South Wales": "143,450"}, "Australia": {"Australia": "12,231,150", "Redhead_%": "75.6", "Australia_%": "52.3", "New South Wales_%": "50.1", "Redhead": "2,638", "New South Wales": "3,745,787"}, "England": {"Australia": "1,403,096", "Redhead_%": "5.2", "Australia_%": "6.0", "New South Wales_%": "4.8", "Redhead": "181", "New South Wales": "359,370"}}, "Country of birth of father and/or mother, stated responses": {"Father only born overseas": {"Australia": "1,488,092", "Redhead_%": "6.8", "Australia_%": "6.4", "New South Wales_%": "6.1", "Redhead": "239", "New South Wales": "458,394"}, "Mother only born overseas": {"Australia": "1,094,591", "Redhead_%": "4.5", "Australia_%": "4.7", "New South Wales_%": "4.3", "Redhead": "159", "New South Wales": "325,182"}, "Both parents born overseas": {"Australia": "8,051,196", "Redhead_%": "12.7", "Australia_%": "34.4", "New South Wales_%": "37.0", "Redhead": "448", "New South Wales": "2,764,170"}, "Both parents born in Australia": {"Australia": "11,070,538", "Redhead_%": "70.2", "Australia_%": "47.3", "New South Wales_%": "45.4", "Redhead": "2,466", "New South Wales": "3,399,725"}}, "Rent weekly payments": {"Households where rent payments are less than 30% of household income": {"Australia": "--", "Redhead_%": "94.2", "Australia_%": "88.5", "New South Wales_%": "87.1", "Redhead": "--", "New South Wales": "--"}, "Households with rent payments greater than or equal to 30% of household income": {"Australia": "--", "Redhead_%": "5.8", "Australia_%": "11.5", "New South Wales_%": "12.9", "Redhead": "--", "New South Wales": "--"}, "Median rent": {"Australia": "335", "Redhead_%": "--", "Australia_%": "--", "New South Wales_%": "--", "Redhead": "370", "New South Wales": "380"}}, "Registered marital status": {"Separated": {"Australia": "608,059", "Redhead_%": "3.0", "Australia_%": "3.2", "New South Wales_%": "3.1", "Redhead": "85", "New South Wales": "190,198"}, "Widowed": {"Australia": "985,204", "Redhead_%": "9.4", "Australia_%": "5.2", "New South Wales_%": "5.4", "Redhead": "268", "New South Wales": "331,653"}, "Married": {"Australia": "9,148,218", "Redhead_%": "52.9", "Australia_%": "48.1", "New South Wales_%": "48.7", "Redhead": "1,509", "New South Wales": "2,965,280"}, "Divorced": {"Australia": "1,626,890", "Redhead_%": "9.7", "Australia_%": "8.5", "New South Wales_%": "8.4", "Redhead": "276", "New South Wales": "512,298"}, "Never married": {"Australia": "6,668,910", "Redhead_%": "25.0", "Australia_%": "35.0", "New South Wales_%": "34.4", "Redhead": "714", "New South Wales": "2,094,460"}}, "summaryTable_qsPeople": {"Male": "48.5%", "Median age": "46", "Female": "51.5%", "People": "3,516"}, "Dwelling characteristics": {"Average number of people per household": {"Australia": "3.2", "Redhead_%": "--", "Australia_%": "--", "New South Wales_%": "--", "Redhead": "3.5", "New South Wales": "3.1"}, "Average number of persons per bedroom": {"Australia": "1", "Redhead_%": "--", "Australia_%": "--", "New South Wales_%": "--", "Redhead": "0.9", "New South Wales": "1"}, "Median weekly household income": {"Australia": "1,203", "Redhead_%": "--", "Australia_%": "--", "New South Wales_%": "--", "Redhead": "1,791", "New South Wales": "1,214"}}, "Unpaid work": {"Did unpaid domestic work (last week)": {"Australia": "13,143,914", "Redhead_%": "71.8", "Australia_%": "69.0", "New South Wales_%": "67.7", "Redhead": "2,058", "New South Wales": "4,127,723"}, "Provided unpaid assistance to a person with a disability (last two weeks)": {"Australia": "2,145,203", "Redhead_%": "14.7", "Australia_%": "11.3", "New South Wales_%": "11.6", "Redhead": "420", "New South Wales": "709,415"}, "Did voluntary work through an organisation or group (last 12 months)": {"Australia": "3,620,726", "Redhead_%": "21.6", "Australia_%": "19.0", "New South Wales_%": "18.1", "Redhead": "619", "New South Wales": "1,103,790"}, "Cared for child/children (last two weeks)": {"Australia": "5,259,400", "Redhead_%": "31.0", "Australia_%": "27.6", "New South Wales_%": "27.2", "Redhead": "889", "New South Wales": "1,659,250"}}, "Unpaid domestic work, number of hours": {"5 to 14 hours per week": {"Australia": "4,944,578", "Redhead_%": "27.3", "Australia_%": "26.0", "New South Wales_%": "25.1", "Redhead": "781", "New South Wales": "1,531,206"}, "30 hours or more per week": {"Australia": "1,710,970", "Redhead_%": "10.9", "Australia_%": "9.0", "New South Wales_%": "9.0", "Redhead": "312", "New South Wales": "545,925"}, "Less than 5 hours per week": {"Australia": "4,298,593", "Redhead_%": "19.9", "Australia_%": "22.6", "New South Wales_%": "22.3", "Redhead": "569", "New South Wales": "1,359,656"}, "15 to 29 hours per week": {"Australia": "2,189,776", "Redhead_%": "13.7", "Australia_%": "11.5", "New South Wales_%": "11.3", "Redhead": "391", "New South Wales": "690,934"}}, "Industry of employment, top responses": {"Cafes and Restaurants": {"Australia": "253,385", "Redhead_%": "2.5", "Australia_%": "2.4", "New South Wales_%": "2.4", "Redhead": "36", "New South Wales": "80,552"}, "Primary Education": {"Australia": "231,198", "Redhead_%": "2.6", "Australia_%": "2.2", "New South Wales_%": "1.9", "Redhead": "38", "New South Wales": "65,204"}, "Hospitals (except Psychiatric Hospitals)": {"Australia": "411,808", "Redhead_%": "5.2", "Australia_%": "3.9", "New South Wales_%": "3.5", "Redhead": "75", "New South Wales": "119,350"}, "Aged Care Residential Services": {"Australia": "211,621", "Redhead_%": "2.3", "Australia_%": "2.0", "New South Wales_%": "2.0", "Redhead": "33", "New South Wales": "67,209"}, "Secondary Education": {"Australia": "177,487", "Redhead_%": "2.9", "Australia_%": "1.7", "New South Wales_%": "1.7", "Redhead": "41", "New South Wales": "58,072"}}, "GeoInfo": {"city": "Redhead"}, "Education": {"University or tertiary institution": {"Australia": "1,160,626", "Redhead_%": "12.3", "Australia_%": "16.1", "New South Wales_%": "16.2", "Redhead": "127", "New South Wales": "376,133"}, "Secondary - Catholic": {"Australia": "338,384", "Redhead_%": "4.9", "Australia_%": "4.7", "New South Wales_%": "5.1", "Redhead": "51", "New South Wales": "117,689"}, "Secondary - other non Government": {"Australia": "280,618", "Redhead_%": "2.9", "Australia_%": "3.9", "New South Wales_%": "3.4", "Redhead": "30", "New South Wales": "79,915"}, "Primary - Catholic": {"Australia": "380,604", "Redhead_%": "3.9", "Australia_%": "5.3", "New South Wales_%": "5.3", "Redhead": "40", "New South Wales": "122,099"}, "Primary - Government": {"Australia": "1,314,787", "Redhead_%": "24.4", "Australia_%": "18.2", "New South Wales_%": "18.0", "Redhead": "252", "New South Wales": "417,465"}, "Other": {"Australia": "198,383", "Redhead_%": "1.4", "Australia_%": "2.8", "New South Wales_%": "2.7", "Redhead": "14", "New South Wales": "63,673"}, "Technical or further education institution": {"Australia": "424,869", "Redhead_%": "5.3", "Australia_%": "5.9", "New South Wales_%": "6.2", "Redhead": "55", "New South Wales": "144,103"}, "Secondary - Government": {"Australia": "827,505", "Redhead_%": "14.9", "Australia_%": "11.5", "New South Wales_%": "11.6", "Redhead": "154", "New South Wales": "269,249"}, "Primary - other non Government": {"Australia": "231,490", "Redhead_%": "1.9", "Australia_%": "3.2", "New South Wales_%": "2.9", "Redhead": "20", "New South Wales": "67,611"}, "Not stated": {"Australia": "1,707,023", "Redhead_%": "21.6", "Australia_%": "23.7", "New South Wales_%": "23.0", "Redhead": "223", "New South Wales": "535,266"}, "Preschool": {"Australia": "347,621", "Redhead_%": "6.6", "Australia_%": "4.8", "New South Wales_%": "5.7", "Redhead": "68", "New South Wales": "132,047"}}, "Employment": {"Unemployed": {"Australia": "787,452", "Redhead_%": "5.4", "Australia_%": "6.9", "New South Wales_%": "6.3", "Redhead": "87", "New South Wales": "225,546"}, "Worked part-time": {"Australia": "3,491,503", "Redhead_%": "37.0", "Australia_%": "30.4", "New South Wales_%": "29.7", "Redhead": "591", "New South Wales": "1,071,151"}, "Away from work": {"Australia": "569,276", "Redhead_%": "4.4", "Australia_%": "5.0", "New South Wales_%": "4.8", "Redhead": "71", "New South Wales": "174,654"}, "Worked full-time": {"Australia": "6,623,065", "Redhead_%": "53.1", "Australia_%": "57.7", "New South Wales_%": "59.2", "Redhead": "848", "New South Wales": "2,134,521"}}, "Travel to work, top responses": {"Bicycle": {"Australia": "107,756", "Redhead_%": "1.3", "Australia_%": "1.0", "New South Wales_%": "0.7", "Redhead": "19", "New South Wales": "23,332"}, "Walked only": {"Australia": "370,427", "Redhead_%": "1.5", "Australia_%": "3.5", "New South Wales_%": "3.9", "Redhead": "22", "New South Wales": "130,957"}, "Worked at home": {"Australia": "503,582", "Redhead_%": "5.4", "Australia_%": "4.7", "New South Wales_%": "4.8", "Redhead": "82", "New South Wales": "163,026"}, "People who travelled to work by car as driver or passenger": {"Australia": "7,305,271", "Redhead_%": "76.4", "Australia_%": "68.4", "New South Wales_%": "64.6", "Redhead": "1,151", "New South Wales": "2,182,854"}, "null": {"Australia": "None", "Redhead_%": null, "Australia_%": "None", "New South Wales_%": "None", "Redhead": null, "New South Wales": "None"}, "People who travelled to work by public transport": {"Australia": "1,225,668", "Redhead_%": "1.7", "Australia_%": "11.5", "New South Wales_%": "16.0", "Redhead": "26", "New South Wales": "540,215"}, "Car, as driver": {"Australia": "6,574,571", "Redhead_%": "72.0", "Australia_%": "61.5", "New South Wales_%": "57.8", "Redhead": "1,084", "New South Wales": "1,953,399"}, "Car, as passenger": {"Australia": "489,922", "Redhead_%": "3.7", "Australia_%": "4.6", "New South Wales_%": "4.3", "Redhead": "55", "New South Wales": "144,820"}}, "Occupation": {"Professionals": {"Australia": "2,370,966", "Redhead_%": "26.2", "Australia_%": "22.2", "New South Wales_%": "23.6", "Redhead": "394", "New South Wales": "798,126"}, "Managers": {"Australia": "1,390,047", "Redhead_%": "12.6", "Australia_%": "13.0", "New South Wales_%": "13.5", "Redhead": "189", "New South Wales": "456,084"}, "Community and Personal Service Workers": {"Australia": "1,157,003", "Redhead_%": "10.8", "Australia_%": "10.8", "New South Wales_%": "10.4", "Redhead": "162", "New South Wales": "350,261"}, "Clerical and Administrative Workers": {"Australia": "1,449,681", "Redhead_%": "13.7", "Australia_%": "13.6", "New South Wales_%": "13.8", "Redhead": "206", "New South Wales": "467,977"}, "Machinery Operators and Drivers": {"Australia": "670,106", "Redhead_%": "4.3", "Australia_%": "6.3", "New South Wales_%": "6.1", "Redhead": "65", "New South Wales": "206,839"}, "Labourers": {"Australia": "1,011,520", "Redhead_%": "7.3", "Australia_%": "9.5", "New South Wales_%": "8.8", "Redhead": "110", "New South Wales": "297,887"}, "Sales Workers": {"Australia": "1,000,955", "Redhead_%": "8.8", "Australia_%": "9.4", "New South Wales_%": "9.2", "Redhead": "132", "New South Wales": "311,414"}, "Technicians and Trades Workers": {"Australia": "1,447,414", "Redhead_%": "15.0", "Australia_%": "13.5", "New South Wales_%": "12.7", "Redhead": "225", "New South Wales": "429,239"}}}