{"Employment - hours worked": {"40 hours or more per week": {"Sandringham (NSW)_%": "48.8", "Australia": "4,591,801", "Australia_%": "43.0", "New South Wales_%": "44.1", "Sandringham (NSW)": "284", "New South Wales": "1,489,099"}, "25-34 hours per week": {"Sandringham (NSW)_%": "9.6", "Australia": "1,193,445", "Australia_%": "11.2", "New South Wales_%": "10.5", "Sandringham (NSW)": "56", "New South Wales": "353,702"}, "16-24 hours per week": {"Sandringham (NSW)_%": "11.7", "Australia": "1,079,236", "Australia_%": "10.1", "New South Wales_%": "10.4", "Sandringham (NSW)": "68", "New South Wales": "352,817"}, "35-39 hours per week": {"Sandringham (NSW)_%": "15.6", "Australia": "2,031,263", "Australia_%": "19.0", "New South Wales_%": "19.1", "Sandringham (NSW)": "91", "New South Wales": "645,428"}, "1-15 hours per week": {"Sandringham (NSW)_%": "9.6", "Australia": "1,218,823", "Australia_%": "11.4", "New South Wales_%": "10.8", "Sandringham (NSW)": "56", "New South Wales": "364,637"}}, "Number of registered motor vehicles": {"2 motor vehicles": {"Sandringham (NSW)_%": "42.2", "Australia": "2,999,184", "Australia_%": "36.2", "New South Wales_%": "34.1", "Sandringham (NSW)": "196", "New South Wales": "887,849"}, "None": {"Sandringham (NSW)_%": "5.4", "Australia": "623,829", "Australia_%": "7.5", "New South Wales_%": "9.2", "Sandringham (NSW)": "25", "New South Wales": "239,625"}, "Number of motor vehicles not stated": {"Sandringham (NSW)_%": "2.6", "Australia": "285,197", "Australia_%": "3.4", "New South Wales_%": "3.7", "Sandringham (NSW)": "12", "New South Wales": "95,623"}, "1 motor vehicle": {"Sandringham (NSW)_%": "33.6", "Australia": "2,881,485", "Australia_%": "34.8", "New South Wales_%": "36.3", "Sandringham (NSW)": "156", "New South Wales": "946,159"}, "3 or more vehicles": {"Sandringham (NSW)_%": "16.2", "Australia": "1,496,382", "Australia_%": "18.1", "New South Wales_%": "16.7", "Sandringham (NSW)": "75", "New South Wales": "435,053"}}, "Employment status of parents in couple families": {"Labour force status not stated (by one or both parents in a couple family)": {"Sandringham (NSW)_%": "3.3", "Australia": "311,381", "Australia_%": "6.2", "New South Wales_%": "5.7", "Sandringham (NSW)": "10", "New South Wales": "90,630"}, "One employed full-time, one part-time": {"Sandringham (NSW)_%": "18.2", "Australia": "1,086,460", "Australia_%": "21.7", "New South Wales_%": "20.6", "Sandringham (NSW)": "55", "New South Wales": "329,567"}, "One employed part-time, other not working": {"Sandringham (NSW)_%": "8.3", "Australia": "302,037", "Australia_%": "6.0", "New South Wales_%": "6.1", "Sandringham (NSW)": "25", "New South Wales": "96,933"}, "Other (includes away from work)": {"Sandringham (NSW)_%": "7.3", "Australia": "264,145", "Australia_%": "5.3", "New South Wales_%": "5.1", "Sandringham (NSW)": "22", "New South Wales": "80,905"}, "Both employed, worked full-time": {"Sandringham (NSW)_%": "23.8", "Australia": "1,084,006", "Australia_%": "21.6", "New South Wales_%": "22.6", "Sandringham (NSW)": "72", "New South Wales": "360,916"}, "One employed full-time, other not working": {"Sandringham (NSW)_%": "10.9", "Australia": "749,886", "Australia_%": "15.0", "New South Wales_%": "15.0", "Sandringham (NSW)": "33", "New South Wales": "240,084"}, "Both employed, worked part-time": {"Sandringham (NSW)_%": "2.6", "Australia": "203,596", "Australia_%": "4.1", "New South Wales_%": "4.0", "Sandringham (NSW)": "8", "New South Wales": "63,106"}, "Both not working": {"Sandringham (NSW)_%": "25.5", "Australia": "1,006,697", "Australia_%": "20.1", "New South Wales_%": "21.0", "Sandringham (NSW)": "77", "New South Wales": "334,742"}}, "Country of birth of mother, stated responses": {"Egypt": {"Sandringham (NSW)_%": "2.9", "Australia": "62,608", "Australia_%": "0.3", "New South Wales_%": "0.4", "Sandringham (NSW)": "36", "New South Wales": "31,226"}, "Lebanon": {"Sandringham (NSW)_%": "3.1", "Australia": "176,241", "Australia_%": "0.8", "New South Wales_%": "1.7", "Sandringham (NSW)": "38", "New South Wales": "129,707"}, "Australia": {"Sandringham (NSW)_%": "46.3", "Australia": "12,643,365", "Australia_%": "54.0", "New South Wales_%": "51.9", "Sandringham (NSW)": "566", "New South Wales": "3,884,762"}, "England": {"Sandringham (NSW)_%": "3.5", "Australia": "1,302,147", "Australia_%": "5.6", "New South Wales_%": "4.3", "Sandringham (NSW)": "43", "New South Wales": "322,472"}, "Greece": {"Sandringham (NSW)_%": "12.4", "Australia": "206,674", "Australia_%": "0.9", "New South Wales_%": "0.9", "Sandringham (NSW)": "151", "New South Wales": "66,182"}}, "Dwelling structure": {"Other dwelling": {"Sandringham (NSW)_%": "0.0", "Australia": "64,425", "Australia_%": "0.8", "New South Wales_%": "0.9", "Sandringham (NSW)": "0", "New South Wales": "23,580"}, "Semi-detached, row or terrace house, townhouse etc": {"Sandringham (NSW)_%": "8.6", "Australia": "1,055,016", "Australia_%": "12.7", "New South Wales_%": "12.2", "Sandringham (NSW)": "40", "New South Wales": "317,453"}, "Separate house": {"Sandringham (NSW)_%": "62.2", "Australia": "6,041,788", "Australia_%": "72.9", "New South Wales_%": "66.4", "Sandringham (NSW)": "288", "New South Wales": "1,729,820"}, "Flat or apartment": {"Sandringham (NSW)_%": "29.2", "Australia": "1,087,434", "Australia_%": "13.1", "New South Wales_%": "19.9", "Sandringham (NSW)": "135", "New South Wales": "519,390"}}, "Number of bedrooms": {"1 bedroom": {"Sandringham (NSW)_%": "1.1", "Australia": "411,252", "Australia_%": "5.0", "New South Wales_%": "6.0", "Sandringham (NSW)": "5", "New South Wales": "157,194"}, "3 bedrooms": {"Sandringham (NSW)_%": "37.3", "Australia": "3,403,190", "Australia_%": "41.1", "New South Wales_%": "37.2", "Sandringham (NSW)": "177", "New South Wales": "970,001"}, "Average number of people per household": {"Sandringham (NSW)_%": "--", "Australia": "2.6", "Australia_%": "--", "New South Wales_%": "--", "Sandringham (NSW)": "2.5", "New South Wales": "2.6"}, "2 bedrooms": {"Sandringham (NSW)_%": "31.2", "Australia": "1,562,759", "Australia_%": "18.9", "New South Wales_%": "22.2", "Sandringham (NSW)": "148", "New South Wales": "577,675"}, "4 or more bedrooms": {"Sandringham (NSW)_%": "29.1", "Australia": "2,670,758", "Australia_%": "32.2", "New South Wales_%": "31.3", "Sandringham (NSW)": "138", "New South Wales": "816,405"}, "None (includes bedsitters)": {"Sandringham (NSW)_%": "0.0", "Australia": "39,769", "Australia_%": "0.5", "New South Wales_%": "0.7", "Sandringham (NSW)": "0", "New South Wales": "17,157"}, "Number of bedrooms not stated": {"Sandringham (NSW)_%": "1.3", "Australia": "198,351", "Australia_%": "2.4", "New South Wales_%": "2.5", "Sandringham (NSW)": "6", "New South Wales": "65,888"}, "Average number of bedrooms per dwelling": {"Sandringham (NSW)_%": "--", "Australia": "3.1", "Australia_%": "--", "New South Wales_%": "--", "Sandringham (NSW)": "3.1", "New South Wales": "3"}}, "summaryTable_qsFamilies": {"for all families": "0.7", "for families with children": "1.9", "Families": "343", "Average children per family": "None"}, "People characteristics": {"Male": {"Sandringham (NSW)_%": "100.0", "Australia": "322,171", "Australia_%": "49.6", "New South Wales_%": "49.7", "Sandringham (NSW)": "3", "New South Wales": "107,368"}, "Median age": {"Sandringham (NSW)_%": "--", "Australia": "23", "Australia_%": "--", "New South Wales_%": "--", "Sandringham (NSW)": "38", "New South Wales": "22"}, "Female": {"Sandringham (NSW)_%": "0.0", "Australia": "326,996", "Australia_%": "50.4", "New South Wales_%": "50.3", "Sandringham (NSW)": "0", "New South Wales": "108,809"}}, "Dwelling count": {"Unoccupied private dwellings": {"Sandringham (NSW)_%": "10.3", "Australia": "1,039,874", "Australia_%": "11.2", "New South Wales_%": "9.9", "Sandringham (NSW)": "53", "New South Wales": "284,741"}, "Occupied private dwellings": {"Sandringham (NSW)_%": "89.7", "Australia": "8,286,073", "Australia_%": "88.8", "New South Wales_%": "90.1", "Sandringham (NSW)": "463", "New South Wales": "2,604,320"}}, "Level of highest educational attainment": {"Certificate level III": {"Sandringham (NSW)_%": "11.0", "Australia": "2,442,203", "Australia_%": "12.8", "New South Wales_%": "12.0", "Sandringham (NSW)": "113", "New South Wales": "730,498"}, "Certificate level II": {"Sandringham (NSW)_%": "0.0", "Australia": "13,454", "Australia_%": "0.1", "New South Wales_%": "0.1", "Sandringham (NSW)": "0", "New South Wales": "4,849"}, "No educational attainment": {"Sandringham (NSW)_%": "0.9", "Australia": "145,844", "Australia_%": "0.8", "New South Wales_%": "0.9", "Sandringham (NSW)": "9", "New South Wales": "54,870"}, "Bachelor Degree level and above": {"Sandringham (NSW)_%": "22.7", "Australia": "4,181,406", "Australia_%": "22.0", "New South Wales_%": "23.4", "Sandringham (NSW)": "234", "New South Wales": "1,424,716"}, "Certificate level I": {"Sandringham (NSW)_%": "0.0", "Australia": "2,176", "Australia_%": "0.0", "New South Wales_%": "0.0", "Sandringham (NSW)": "0", "New South Wales": "625"}, "Year 11": {"Sandringham (NSW)_%": "3.9", "Australia": "941,531", "Australia_%": "4.9", "New South Wales_%": "3.3", "Sandringham (NSW)": "40", "New South Wales": "203,574"}, "Not stated": {"Sandringham (NSW)_%": "6.6", "Australia": "1,974,794", "Australia_%": "10.4", "New South Wales_%": "10.3", "Sandringham (NSW)": "68", "New South Wales": "627,465"}, "Year 9 or below": {"Sandringham (NSW)_%": "8.8", "Australia": "1,529,897", "Australia_%": "8.0", "New South Wales_%": "8.4", "Sandringham (NSW)": "91", "New South Wales": "513,209"}, "Certificate level IV": {"Sandringham (NSW)_%": "2.1", "Australia": "551,767", "Australia_%": "2.9", "New South Wales_%": "2.8", "Sandringham (NSW)": "22", "New South Wales": "167,947"}, "Year 10": {"Sandringham (NSW)_%": "9.5", "Australia": "2,054,331", "Australia_%": "10.8", "New South Wales_%": "11.5", "Sandringham (NSW)": "98", "New South Wales": "702,178"}, "Year 12": {"Sandringham (NSW)_%": "17.8", "Australia": "2,994,097", "Australia_%": "15.7", "New South Wales_%": "15.3", "Sandringham (NSW)": "183", "New South Wales": "930,654"}, "Advanced Diploma and Diploma level": {"Sandringham (NSW)_%": "11.9", "Australia": "1,687,893", "Australia_%": "8.9", "New South Wales_%": "8.9", "Sandringham (NSW)": "122", "New South Wales": "543,142"}}, "Median weekly incomes": {"Personal": {"Sandringham (NSW)_%": "--", "Australia": "662", "Australia_%": "--", "New South Wales_%": "--", "Sandringham (NSW)": "764", "New South Wales": "664"}, "Household": {"Sandringham (NSW)_%": "--", "Australia": "1,438", "Australia_%": "--", "New South Wales_%": "--", "Sandringham (NSW)": "1,715", "New South Wales": "1,486"}, "Family": {"Sandringham (NSW)_%": "--", "Australia": "1,734", "Australia_%": "--", "New South Wales_%": "--", "Sandringham (NSW)": "2,097", "New South Wales": "1,780"}}, "Family composition": {"Other family": {"Sandringham (NSW)_%": "1.2", "Australia": "102,559", "Australia_%": "1.7", "New South Wales_%": "1.7", "Sandringham (NSW)": "4", "New South Wales": "32,438"}, "Couple family with children": {"Sandringham (NSW)_%": "46.0", "Australia": "2,716,224", "Australia_%": "44.7", "New South Wales_%": "45.7", "Sandringham (NSW)": "157", "New South Wales": "887,358"}, "Couple family without children": {"Sandringham (NSW)_%": "40.5", "Australia": "2,291,987", "Australia_%": "37.8", "New South Wales_%": "36.6", "Sandringham (NSW)": "138", "New South Wales": "709,524"}, "One parent family": {"Sandringham (NSW)_%": "12.3", "Australia": "959,543", "Australia_%": "15.8", "New South Wales_%": "16.0", "Sandringham (NSW)": "42", "New South Wales": "310,906"}}, "Dwelling internet connection": {"Not stated": {"Sandringham (NSW)_%": "1.7", "Australia": "221,494", "Australia_%": "2.7", "New South Wales_%": "2.8", "Sandringham (NSW)": "8", "New South Wales": "73,565"}, "Internet not accessed from dwelling": {"Sandringham (NSW)_%": "13.3", "Australia": "1,172,415", "Australia_%": "14.1", "New South Wales_%": "14.7", "Sandringham (NSW)": "62", "New South Wales": "381,709"}, "Internet accessed from dwelling": {"Sandringham (NSW)_%": "85.0", "Australia": "6,892,165", "Australia_%": "83.2", "New South Wales_%": "82.5", "Sandringham (NSW)": "396", "New South Wales": "2,149,040"}}, "Social marital status": {"Not married": {"Sandringham (NSW)_%": "39.2", "Australia": "7,024,973", "Australia_%": "41.9", "New South Wales_%": "42.3", "Sandringham (NSW)": "381", "New South Wales": "2,290,887"}, "De facto marriage": {"Sandringham (NSW)_%": "7.6", "Australia": "1,751,731", "Australia_%": "10.4", "New South Wales_%": "9.4", "Sandringham (NSW)": "74", "New South Wales": "506,133"}, "Registered marriage": {"Sandringham (NSW)_%": "53.1", "Australia": "8,001,141", "Australia_%": "47.7", "New South Wales_%": "48.3", "Sandringham (NSW)": "516", "New South Wales": "2,612,630"}}, "Household composition": {"Family households": {"Sandringham (NSW)_%": "72.2", "Australia": "5,907,625", "Australia_%": "71.3", "New South Wales_%": "72.0", "Sandringham (NSW)": "337", "New South Wales": "1,874,524"}, "Group households": {"Sandringham (NSW)_%": "2.4", "Australia": "354,917", "Australia_%": "4.3", "New South Wales_%": "4.2", "Sandringham (NSW)": "11", "New South Wales": "109,004"}, "Single (or lone) person households": {"Sandringham (NSW)_%": "25.5", "Australia": "2,023,542", "Australia_%": "24.4", "New South Wales_%": "23.8", "Sandringham (NSW)": "119", "New South Wales": "620,778"}}, "People": {"Male": {"Sandringham (NSW)_%": "47.9", "Australia": "11,546,638", "Australia_%": "49.3", "New South Wales_%": "49.3", "Sandringham (NSW)": "594", "New South Wales": "3,686,014"}, "Aboriginal and/or Torres Strait Islander people": {"Sandringham (NSW)_%": "0.5", "Australia": "649,171", "Australia_%": "2.8", "New South Wales_%": "2.9", "Sandringham (NSW)": "6", "New South Wales": "216,176"}, "Female": {"Sandringham (NSW)_%": "52.1", "Australia": "11,855,248", "Australia_%": "50.7", "New South Wales_%": "50.7", "Sandringham (NSW)": "645", "New South Wales": "3,794,217"}}, "Language, top responses (other than English)": {"Macedonian": {"Sandringham (NSW)_%": "2.7", "Australia": "66,019", "Australia_%": "0.3", "New South Wales_%": "0.4", "Sandringham (NSW)": "33", "New South Wales": "28,144"}, "null": {"Sandringham (NSW)_%": null, "Australia": "None", "Australia_%": "None", "New South Wales_%": "None", "Sandringham (NSW)": null, "New South Wales": "None"}, "Spanish": {"Sandringham (NSW)_%": "1.1", "Australia": "140,817", "Australia_%": "0.6", "New South Wales_%": "0.8", "Sandringham (NSW)": "13", "New South Wales": "63,527"}, "English only spoken at home": {"Sandringham (NSW)_%": "62.4", "Australia": "17,020,417", "Australia_%": "72.7", "New South Wales_%": "68.5", "Sandringham (NSW)": "763", "New South Wales": "5,126,633"}, "Greek": {"Sandringham (NSW)_%": "16.4", "Australia": "237,588", "Australia_%": "1.0", "New South Wales_%": "1.1", "Sandringham (NSW)": "200", "New South Wales": "81,683"}, "Cantonese": {"Sandringham (NSW)_%": "1.9", "Australia": "280,943", "Australia_%": "1.2", "New South Wales_%": "1.9", "Sandringham (NSW)": "23", "New South Wales": "143,333"}, "Households where a non English language is spoken": {"Sandringham (NSW)_%": "39.4", "Australia": "1,971,011", "Australia_%": "22.2", "New South Wales_%": "26.5", "Sandringham (NSW)": "193", "New South Wales": "735,563"}, "Arabic": {"Sandringham (NSW)_%": "5.1", "Australia": "321,728", "Australia_%": "1.4", "New South Wales_%": "2.7", "Sandringham (NSW)": "62", "New South Wales": "200,825"}}, "summaryTable_qsDwelling": {"Median monthly mortgage repayments": "$2,383", "All private dwellings": "541", "Average people per household": "2.5", "Median weekly household income": "$1,715", "Median weekly rent": "$470", "Average motor vehicles per dwelling": "1.8"}, "Household income": {"Less than $650 gross weekly income": {"Sandringham (NSW)_%": "15.9", "Australia": "--", "Australia_%": "20.0", "New South Wales_%": "19.7", "Sandringham (NSW)": "--", "New South Wales": "--"}, "More than $3000 gross weekly income": {"Sandringham (NSW)_%": "25.7", "Australia": "--", "Australia_%": "16.4", "New South Wales_%": "18.7", "Sandringham (NSW)": "--", "New South Wales": "--"}}, "Country of birth": {"Other top responses": {"Sandringham (NSW)_%": "None", "Sandringham (NSW)": "None"}, "The former Yugoslav Republic of Macedonia": {"Sandringham (NSW)_%": "1.6", "Australia": "38,985", "Australia_%": "0.2", "New South Wales_%": "0.2", "Sandringham (NSW)": "20", "New South Wales": "16,501"}, "Australia": {"Sandringham (NSW)_%": "68.5", "Australia": "15,614,835", "Australia_%": "66.7", "New South Wales_%": "65.5", "Sandringham (NSW)": "837", "New South Wales": "4,899,090"}, "England": {"Sandringham (NSW)_%": "1.7", "Australia": "907,570", "Australia_%": "3.9", "New South Wales_%": "3.0", "Sandringham (NSW)": "21", "New South Wales": "226,564"}, "Egypt": {"Sandringham (NSW)_%": "1.7", "Australia": "39,779", "Australia_%": "0.2", "New South Wales_%": "0.3", "Sandringham (NSW)": "21", "New South Wales": "19,724"}, "China (excludes SARs and Taiwan)": {"Sandringham (NSW)_%": "1.9", "Australia": "509,555", "Australia_%": "2.2", "New South Wales_%": "3.1", "Sandringham (NSW)": "23", "New South Wales": "234,508"}, "Greece": {"Sandringham (NSW)_%": "6.2", "Australia": "93,743", "Australia_%": "0.4", "New South Wales_%": "0.4", "Sandringham (NSW)": "76", "New South Wales": "29,481"}}, "Religious affiliation, top responses": {"No Religion, so described": {"Sandringham (NSW)_%": "13.2", "Australia": "6,933,708", "Australia_%": "29.6", "New South Wales_%": "25.1", "Sandringham (NSW)": "163", "New South Wales": "1,879,562"}, "Catholic": {"Sandringham (NSW)_%": "27.0", "Australia": "5,291,834", "Australia_%": "22.6", "New South Wales_%": "24.7", "Sandringham (NSW)": "334", "New South Wales": "1,846,443"}, "Not stated": {"Sandringham (NSW)_%": "6.1", "Australia": "2,238,735", "Australia_%": "9.6", "New South Wales_%": "9.2", "Sandringham (NSW)": "75", "New South Wales": "684,969"}, "Anglican": {"Sandringham (NSW)_%": "12.4", "Australia": "3,101,185", "Australia_%": "13.3", "New South Wales_%": "15.5", "Sandringham (NSW)": "154", "New South Wales": "1,161,810"}, "Eastern Orthodox": {"Sandringham (NSW)_%": "25.4", "Australia": "502,801", "Australia_%": "2.1", "New South Wales_%": "2.5", "Sandringham (NSW)": "314", "New South Wales": "188,442"}}, "Ancestry, top responses": {"Greek": {"Sandringham (NSW)_%": "15.4", "Australia": "397,431", "Australia_%": "1.3", "New South Wales_%": "1.3", "Sandringham (NSW)": "246", "New South Wales": "132,829"}, "Australian": {"Sandringham (NSW)_%": "14.7", "Australia": "7,298,243", "Australia_%": "23.3", "New South Wales_%": "22.9", "Sandringham (NSW)": "235", "New South Wales": "2,261,062"}, "Scottish": {"Sandringham (NSW)_%": "4.1", "Australia": "2,023,470", "Australia_%": "6.4", "New South Wales_%": "5.9", "Sandringham (NSW)": "66", "New South Wales": "587,052"}, "Irish": {"Sandringham (NSW)_%": "8.6", "Australia": "2,388,058", "Australia_%": "7.6", "New South Wales_%": "7.5", "Sandringham (NSW)": "137", "New South Wales": "741,671"}, "English": {"Sandringham (NSW)_%": "21.0", "Australia": "7,852,224", "Australia_%": "25.0", "New South Wales_%": "23.3", "Sandringham (NSW)": "336", "New South Wales": "2,302,481"}}, "Age": {"35-39 years": {"Sandringham (NSW)_%": "5.4", "Australia": "1,561,679", "Australia_%": "6.7", "New South Wales_%": "6.7", "Sandringham (NSW)": "67", "New South Wales": "499,724"}, "60-64 years": {"Sandringham (NSW)_%": "5.8", "Australia": "1,299,397", "Australia_%": "5.6", "New South Wales_%": "5.6", "Sandringham (NSW)": "72", "New South Wales": "420,044"}, "30-34 years": {"Sandringham (NSW)_%": "4.7", "Australia": "1,703,847", "Australia_%": "7.3", "New South Wales_%": "7.2", "Sandringham (NSW)": "58", "New South Wales": "540,360"}, "0-4 years": {"Sandringham (NSW)_%": "5.5", "Australia": "1,464,779", "Australia_%": "6.3", "New South Wales_%": "6.2", "Sandringham (NSW)": "68", "New South Wales": "465,135"}, "25-29 years": {"Sandringham (NSW)_%": "4.0", "Australia": "1,664,602", "Australia_%": "7.1", "New South Wales_%": "7.0", "Sandringham (NSW)": "49", "New South Wales": "527,161"}, "10-14 years": {"Sandringham (NSW)_%": "5.3", "Australia": "1,397,183", "Australia_%": "6.0", "New South Wales_%": "5.9", "Sandringham (NSW)": "65", "New South Wales": "443,009"}, "5-9 years": {"Sandringham (NSW)_%": "5.4", "Australia": "1,502,646", "Australia_%": "6.4", "New South Wales_%": "6.4", "Sandringham (NSW)": "67", "New South Wales": "478,184"}, "Median age": {"Sandringham (NSW)_%": "--", "Australia": "38", "Australia_%": "--", "New South Wales_%": "--", "Sandringham (NSW)": "46", "New South Wales": "38"}, "50-54 years": {"Sandringham (NSW)_%": "7.3", "Australia": "1,523,551", "Australia_%": "6.5", "New South Wales_%": "6.5", "Sandringham (NSW)": "90", "New South Wales": "485,546"}, "80-84 years": {"Sandringham (NSW)_%": "4.0", "Australia": "460,549", "Australia_%": "2.0", "New South Wales_%": "2.1", "Sandringham (NSW)": "49", "New South Wales": "155,806"}, "40-44 years": {"Sandringham (NSW)_%": "7.2", "Australia": "1,583,257", "Australia_%": "6.8", "New South Wales_%": "6.7", "Sandringham (NSW)": "89", "New South Wales": "503,169"}, "70-74 years": {"Sandringham (NSW)_%": "5.2", "Australia": "887,716", "Australia_%": "3.8", "New South Wales_%": "3.9", "Sandringham (NSW)": "64", "New South Wales": "292,556"}, "15-19 years": {"Sandringham (NSW)_%": "6.1", "Australia": "1,421,595", "Australia_%": "6.1", "New South Wales_%": "6.0", "Sandringham (NSW)": "76", "New South Wales": "448,425"}, "65-69 years": {"Sandringham (NSW)_%": "6.4", "Australia": "1,188,999", "Australia_%": "5.1", "New South Wales_%": "5.1", "Sandringham (NSW)": "79", "New South Wales": "384,470"}, "20-24 years": {"Sandringham (NSW)_%": "4.3", "Australia": "1,566,793", "Australia_%": "6.7", "New South Wales_%": "6.5", "Sandringham (NSW)": "53", "New South Wales": "489,673"}, "55-59 years": {"Sandringham (NSW)_%": "8.2", "Australia": "1,454,332", "Australia_%": "6.2", "New South Wales_%": "6.3", "Sandringham (NSW)": "101", "New South Wales": "469,726"}, "75-79 years": {"Sandringham (NSW)_%": "4.8", "Australia": "652,657", "Australia_%": "2.8", "New South Wales_%": "2.9", "Sandringham (NSW)": "59", "New South Wales": "217,308"}, "45-49 years": {"Sandringham (NSW)_%": "8.4", "Australia": "1,581,455", "Australia_%": "6.8", "New South Wales_%": "6.6", "Sandringham (NSW)": "104", "New South Wales": "492,440"}, "85 years and over": {"Sandringham (NSW)_%": "2.2", "Australia": "486,842", "Australia_%": "2.1", "New South Wales_%": "2.2", "Sandringham (NSW)": "27", "New South Wales": "167,506"}}, "Single (or lone) parents": {"Male": {"Sandringham (NSW)_%": "14.3", "Australia": "--", "Australia_%": "18.2", "New South Wales_%": "17.8", "Sandringham (NSW)": "--", "New South Wales": "--"}, "Female": {"Sandringham (NSW)_%": "85.7", "Australia": "--", "Australia_%": "81.8", "New South Wales_%": "82.2", "Sandringham (NSW)": "--", "New South Wales": "--"}}, "Mortgage monthly repayments": {"Median mortgage repayments": {"Sandringham (NSW)_%": "--", "Australia": "1,755", "Australia_%": "--", "New South Wales_%": "--", "Sandringham (NSW)": "2,383", "New South Wales": "1,986"}, "Households where mortgage repayments are less than 30% of household income": {"Sandringham (NSW)_%": "91.3", "Australia": "--", "Australia_%": "92.8", "New South Wales_%": "92.6", "Sandringham (NSW)": "--", "New South Wales": "--"}, "Households with mortgage repayments greater than or equal to 30% of household income": {"Sandringham (NSW)_%": "8.7", "Australia": "--", "Australia_%": "7.2", "New South Wales_%": "7.4", "Sandringham (NSW)": "--", "New South Wales": "--"}}, "Mortgage and rent": {"Median monthly mortgage repayments": {"Sandringham (NSW)_%": "--", "Australia": "1,660", "Australia_%": "--", "New South Wales_%": "--", "Sandringham (NSW)": "0", "New South Wales": "1,733"}, "Median weekly rent": {"Sandringham (NSW)_%": "--", "Australia": "250", "Australia_%": "--", "New South Wales_%": "--", "Sandringham (NSW)": "0", "New South Wales": "270"}}, "Tenure": {"Rented": {"Sandringham (NSW)_%": "24.8", "Australia": "2,561,302", "Australia_%": "30.9", "New South Wales_%": "31.8", "Sandringham (NSW)": "116", "New South Wales": "826,922"}, "Owned outright": {"Sandringham (NSW)_%": "44.8", "Australia": "2,565,695", "Australia_%": "31.0", "New South Wales_%": "32.2", "Sandringham (NSW)": "209", "New South Wales": "839,665"}, "Owned with a mortgage": {"Sandringham (NSW)_%": "27.2", "Australia": "2,855,222", "Australia_%": "34.5", "New South Wales_%": "32.3", "Sandringham (NSW)": "127", "New South Wales": "840,004"}, "Tenure type not stated": {"Sandringham (NSW)_%": "3.2", "Australia": "224,869", "Australia_%": "2.7", "New South Wales_%": "2.8", "Sandringham (NSW)": "15", "New South Wales": "73,763"}, "Other tenure type": {"Sandringham (NSW)_%": "0.0", "Australia": "78,994", "Australia_%": "1.0", "New South Wales_%": "0.9", "Sandringham (NSW)": "0", "New South Wales": "23,968"}}, "Country of birth of father, stated responses": {"Egypt": {"Sandringham (NSW)_%": "3.7", "Australia": "68,408", "Australia_%": "0.3", "New South Wales_%": "0.5", "Sandringham (NSW)": "46", "New South Wales": "34,095"}, "Australia": {"Sandringham (NSW)_%": "44.6", "Australia": "12,231,150", "Australia_%": "52.3", "New South Wales_%": "50.1", "Sandringham (NSW)": "548", "New South Wales": "3,745,787"}, "England": {"Sandringham (NSW)_%": "3.2", "Australia": "1,403,096", "Australia_%": "6.0", "New South Wales_%": "4.8", "Sandringham (NSW)": "39", "New South Wales": "359,370"}, "China (excludes SARs and Taiwan)": {"Sandringham (NSW)_%": "3.3", "Australia": "704,658", "Australia_%": "3.0", "New South Wales_%": "4.4", "Sandringham (NSW)": "41", "New South Wales": "332,465"}, "Greece": {"Sandringham (NSW)_%": "13.0", "Australia": "226,920", "Australia_%": "1.0", "New South Wales_%": "1.0", "Sandringham (NSW)": "160", "New South Wales": "72,635"}}, "Country of birth of father and/or mother, stated responses": {"Father only born overseas": {"Sandringham (NSW)_%": "6.5", "Australia": "1,488,092", "Australia_%": "6.4", "New South Wales_%": "6.1", "Sandringham (NSW)": "80", "New South Wales": "458,394"}, "Mother only born overseas": {"Sandringham (NSW)_%": "4.4", "Australia": "1,094,591", "Australia_%": "4.7", "New South Wales_%": "4.3", "Sandringham (NSW)": "55", "New South Wales": "325,182"}, "Both parents born overseas": {"Sandringham (NSW)_%": "45.4", "Australia": "8,051,196", "Australia_%": "34.4", "New South Wales_%": "37.0", "Sandringham (NSW)": "561", "New South Wales": "2,764,170"}, "Both parents born in Australia": {"Sandringham (NSW)_%": "39.2", "Australia": "11,070,538", "Australia_%": "47.3", "New South Wales_%": "45.4", "Sandringham (NSW)": "484", "New South Wales": "3,399,725"}}, "Rent weekly payments": {"Households where rent payments are less than 30% of household income": {"Sandringham (NSW)_%": "88.2", "Australia": "--", "Australia_%": "88.5", "New South Wales_%": "87.1", "Sandringham (NSW)": "--", "New South Wales": "--"}, "Households with rent payments greater than or equal to 30% of household income": {"Sandringham (NSW)_%": "11.8", "Australia": "--", "Australia_%": "11.5", "New South Wales_%": "12.9", "Sandringham (NSW)": "--", "New South Wales": "--"}, "Median rent": {"Sandringham (NSW)_%": "--", "Australia": "335", "Australia_%": "--", "New South Wales_%": "--", "Sandringham (NSW)": "470", "New South Wales": "380"}}, "Registered marital status": {"Separated": {"Sandringham (NSW)_%": "2.5", "Australia": "608,059", "Australia_%": "3.2", "New South Wales_%": "3.1", "Sandringham (NSW)": "26", "New South Wales": "190,198"}, "Widowed": {"Sandringham (NSW)_%": "6.1", "Australia": "985,204", "Australia_%": "5.2", "New South Wales_%": "5.4", "Sandringham (NSW)": "62", "New South Wales": "331,653"}, "Married": {"Sandringham (NSW)_%": "54.0", "Australia": "9,148,218", "Australia_%": "48.1", "New South Wales_%": "48.7", "Sandringham (NSW)": "552", "New South Wales": "2,965,280"}, "Divorced": {"Sandringham (NSW)_%": "9.2", "Australia": "1,626,890", "Australia_%": "8.5", "New South Wales_%": "8.4", "Sandringham (NSW)": "94", "New South Wales": "512,298"}, "Never married": {"Sandringham (NSW)_%": "28.3", "Australia": "6,668,910", "Australia_%": "35.0", "New South Wales_%": "34.4", "Sandringham (NSW)": "289", "New South Wales": "2,094,460"}}, "summaryTable_qsPeople": {"Male": "47.9%", "Median age": "46", "Female": "52.1%", "People": "1,238"}, "Dwelling characteristics": {"Average number of people per household": {"Sandringham (NSW)_%": "--", "Australia": "3.2", "Australia_%": "--", "New South Wales_%": "--", "Sandringham (NSW)": "2.5", "New South Wales": "3.1"}, "Average number of persons per bedroom": {"Sandringham (NSW)_%": "--", "Australia": "1", "Australia_%": "--", "New South Wales_%": "--", "Sandringham (NSW)": "1", "New South Wales": "1"}, "Median weekly household income": {"Sandringham (NSW)_%": "--", "Australia": "1,203", "Australia_%": "--", "New South Wales_%": "--", "Sandringham (NSW)": "2,166", "New South Wales": "1,214"}}, "Unpaid work": {"Did unpaid domestic work (last week)": {"Sandringham (NSW)_%": "69.0", "Australia": "13,143,914", "Australia_%": "69.0", "New South Wales_%": "67.7", "Sandringham (NSW)": "712", "New South Wales": "4,127,723"}, "Provided unpaid assistance to a person with a disability (last two weeks)": {"Sandringham (NSW)_%": "15.0", "Australia": "2,145,203", "Australia_%": "11.3", "New South Wales_%": "11.6", "Sandringham (NSW)": "154", "New South Wales": "709,415"}, "Did voluntary work through an organisation or group (last 12 months)": {"Sandringham (NSW)_%": "14.8", "Australia": "3,620,726", "Australia_%": "19.0", "New South Wales_%": "18.1", "Sandringham (NSW)": "152", "New South Wales": "1,103,790"}, "Cared for child/children (last two weeks)": {"Sandringham (NSW)_%": "27.8", "Australia": "5,259,400", "Australia_%": "27.6", "New South Wales_%": "27.2", "Sandringham (NSW)": "288", "New South Wales": "1,659,250"}}, "Unpaid domestic work, number of hours": {"5 to 14 hours per week": {"Sandringham (NSW)_%": "26.6", "Australia": "4,944,578", "Australia_%": "26.0", "New South Wales_%": "25.1", "Sandringham (NSW)": "275", "New South Wales": "1,531,206"}, "30 hours or more per week": {"Sandringham (NSW)_%": "7.4", "Australia": "1,710,970", "Australia_%": "9.0", "New South Wales_%": "9.0", "Sandringham (NSW)": "76", "New South Wales": "545,925"}, "Less than 5 hours per week": {"Sandringham (NSW)_%": "23.6", "Australia": "4,298,593", "Australia_%": "22.6", "New South Wales_%": "22.3", "Sandringham (NSW)": "244", "New South Wales": "1,359,656"}, "15 to 29 hours per week": {"Sandringham (NSW)_%": "11.3", "Australia": "2,189,776", "Australia_%": "11.5", "New South Wales_%": "11.3", "Sandringham (NSW)": "117", "New South Wales": "690,934"}}, "Industry of employment, top responses": {"Legal Services": {"Sandringham (NSW)_%": "3.4", "Australia": "104,051", "Australia_%": "1.0", "New South Wales_%": "1.2", "Sandringham (NSW)": "18", "New South Wales": "39,267"}, "Supermarket and Grocery Stores": {"Sandringham (NSW)_%": "2.4", "Australia": "254,275", "Australia_%": "2.4", "New South Wales_%": "2.2", "Sandringham (NSW)": "13", "New South Wales": "74,487"}, "Hospitals (except Psychiatric Hospitals)": {"Sandringham (NSW)_%": "3.8", "Australia": "411,808", "Australia_%": "3.9", "New South Wales_%": "3.5", "Sandringham (NSW)": "20", "New South Wales": "119,350"}, "Air and Space Transport": {"Sandringham (NSW)_%": "5.1", "Australia": "46,173", "Australia_%": "0.4", "New South Wales_%": "0.5", "Sandringham (NSW)": "27", "New South Wales": "17,045"}, "Accounting Services": {"Sandringham (NSW)_%": "3.4", "Australia": "127,263", "Australia_%": "1.2", "New South Wales_%": "1.3", "Sandringham (NSW)": "18", "New South Wales": "44,014"}}, "GeoInfo": {"city": "Sandringham (NSW)"}, "Education": {"University or tertiary institution": {"Sandringham (NSW)_%": "13.9", "Australia": "1,160,626", "Australia_%": "16.1", "New South Wales_%": "16.2", "Sandringham (NSW)": "45", "New South Wales": "376,133"}, "Secondary - Catholic": {"Sandringham (NSW)_%": "9.6", "Australia": "338,384", "Australia_%": "4.7", "New South Wales_%": "5.1", "Sandringham (NSW)": "31", "New South Wales": "117,689"}, "Secondary - other non Government": {"Sandringham (NSW)_%": "6.5", "Australia": "280,618", "Australia_%": "3.9", "New South Wales_%": "3.4", "Sandringham (NSW)": "21", "New South Wales": "79,915"}, "Primary - Catholic": {"Sandringham (NSW)_%": "7.7", "Australia": "380,604", "Australia_%": "5.3", "New South Wales_%": "5.3", "Sandringham (NSW)": "25", "New South Wales": "122,099"}, "Primary - Government": {"Sandringham (NSW)_%": "17.3", "Australia": "1,314,787", "Australia_%": "18.2", "New South Wales_%": "18.0", "Sandringham (NSW)": "56", "New South Wales": "417,465"}, "Other": {"Sandringham (NSW)_%": "2.8", "Australia": "198,383", "Australia_%": "2.8", "New South Wales_%": "2.7", "Sandringham (NSW)": "9", "New South Wales": "63,673"}, "Technical or further education institution": {"Sandringham (NSW)_%": "3.4", "Australia": "424,869", "Australia_%": "5.9", "New South Wales_%": "6.2", "Sandringham (NSW)": "11", "New South Wales": "144,103"}, "Secondary - Government": {"Sandringham (NSW)_%": "7.4", "Australia": "827,505", "Australia_%": "11.5", "New South Wales_%": "11.6", "Sandringham (NSW)": "24", "New South Wales": "269,249"}, "Primary - other non Government": {"Sandringham (NSW)_%": "4.0", "Australia": "231,490", "Australia_%": "3.2", "New South Wales_%": "2.9", "Sandringham (NSW)": "13", "New South Wales": "67,611"}, "Not stated": {"Sandringham (NSW)_%": "18.3", "Australia": "1,707,023", "Australia_%": "23.7", "New South Wales_%": "23.0", "Sandringham (NSW)": "59", "New South Wales": "535,266"}, "Preschool": {"Sandringham (NSW)_%": "9.0", "Australia": "347,621", "Australia_%": "4.8", "New South Wales_%": "5.7", "Sandringham (NSW)": "29", "New South Wales": "132,047"}}, "Employment": {"Unemployed": {"Sandringham (NSW)_%": "5.8", "Australia": "787,452", "Australia_%": "6.9", "New South Wales_%": "6.3", "Sandringham (NSW)": "37", "New South Wales": "225,546"}, "Worked part-time": {"Sandringham (NSW)_%": "28.8", "Australia": "3,491,503", "Australia_%": "30.4", "New South Wales_%": "29.7", "Sandringham (NSW)": "183", "New South Wales": "1,071,151"}, "Away from work": {"Sandringham (NSW)_%": "5.0", "Australia": "569,276", "Australia_%": "5.0", "New South Wales_%": "4.8", "Sandringham (NSW)": "32", "New South Wales": "174,654"}, "Worked full-time": {"Sandringham (NSW)_%": "60.3", "Australia": "6,623,065", "Australia_%": "57.7", "New South Wales_%": "59.2", "Sandringham (NSW)": "383", "New South Wales": "2,134,521"}}, "Travel to work, top responses": {"Worked at home": {"Sandringham (NSW)_%": "4.5", "Australia": "503,582", "Australia_%": "4.7", "New South Wales_%": "4.8", "Sandringham (NSW)": "26", "New South Wales": "163,026"}, "People who travelled to work by car as driver or passenger": {"Sandringham (NSW)_%": "69.6", "Australia": "7,305,271", "Australia_%": "68.4", "New South Wales_%": "64.6", "Sandringham (NSW)": "413", "New South Wales": "2,182,854"}, "null": {"Sandringham (NSW)_%": null, "Australia": "None", "Australia_%": "None", "New South Wales_%": "None", "Sandringham (NSW)": null, "New South Wales": "None"}, "People who travelled to work by public transport": {"Sandringham (NSW)_%": "15.4", "Australia": "1,225,668", "Australia_%": "11.5", "New South Wales_%": "16.0", "Sandringham (NSW)": "91", "New South Wales": "540,215"}, "Car, as driver": {"Sandringham (NSW)_%": "64.0", "Australia": "6,574,571", "Australia_%": "61.5", "New South Wales_%": "57.8", "Sandringham (NSW)": "373", "New South Wales": "1,953,399"}, "Train": {"Sandringham (NSW)_%": "5.0", "Australia": "488,012", "Australia_%": "4.6", "New South Wales_%": "7.5", "Sandringham (NSW)": "29", "New South Wales": "252,786"}, "Train, bus": {"Sandringham (NSW)_%": "4.6", "Australia": "104,122", "Australia_%": "1.0", "New South Wales_%": "1.8", "Sandringham (NSW)": "27", "New South Wales": "60,155"}, "Car, as passenger": {"Sandringham (NSW)_%": "3.1", "Australia": "489,922", "Australia_%": "4.6", "New South Wales_%": "4.3", "Sandringham (NSW)": "18", "New South Wales": "144,820"}}, "Occupation": {"Professionals": {"Sandringham (NSW)_%": "24.1", "Australia": "2,370,966", "Australia_%": "22.2", "New South Wales_%": "23.6", "Sandringham (NSW)": "143", "New South Wales": "798,126"}, "Technicians and Trades Workers": {"Sandringham (NSW)_%": "9.1", "Australia": "1,447,414", "Australia_%": "13.5", "New South Wales_%": "12.7", "Sandringham (NSW)": "54", "New South Wales": "429,239"}, "Community and Personal Service Workers": {"Sandringham (NSW)_%": "10.6", "Australia": "1,157,003", "Australia_%": "10.8", "New South Wales_%": "10.4", "Sandringham (NSW)": "63", "New South Wales": "350,261"}, "Clerical and Administrative Workers": {"Sandringham (NSW)_%": "13.3", "Australia": "1,449,681", "Australia_%": "13.6", "New South Wales_%": "13.8", "Sandringham (NSW)": "79", "New South Wales": "467,977"}, "Machinery Operators and Drivers": {"Sandringham (NSW)_%": "3.0", "Australia": "670,106", "Australia_%": "6.3", "New South Wales_%": "6.1", "Sandringham (NSW)": "18", "New South Wales": "206,839"}, "Labourers": {"Sandringham (NSW)_%": "5.2", "Australia": "1,011,520", "Australia_%": "9.5", "New South Wales_%": "8.8", "Sandringham (NSW)": "31", "New South Wales": "297,887"}, "Sales Workers": {"Sandringham (NSW)_%": "10.6", "Australia": "1,000,955", "Australia_%": "9.4", "New South Wales_%": "9.2", "Sandringham (NSW)": "63", "New South Wales": "311,414"}, "Managers": {"Sandringham (NSW)_%": "21.2", "Australia": "1,390,047", "Australia_%": "13.0", "New South Wales_%": "13.5", "Sandringham (NSW)": "126", "New South Wales": "456,084"}}}