{"Employment - hours worked": {"40 hours or more per week": {"Stuarts Point_%": "24.4", "Australia": "4,591,801", "Australia_%": "43.0", "Stuarts Point": "50", "New South Wales_%": "44.1", "New South Wales": "1,489,099"}, "25-34 hours per week": {"Stuarts Point_%": "16.1", "Australia": "1,193,445", "Australia_%": "11.2", "Stuarts Point": "33", "New South Wales_%": "10.5", "New South Wales": "353,702"}, "16-24 hours per week": {"Stuarts Point_%": "16.1", "Australia": "1,079,236", "Australia_%": "10.1", "Stuarts Point": "33", "New South Wales_%": "10.4", "New South Wales": "352,817"}, "35-39 hours per week": {"Stuarts Point_%": "19.0", "Australia": "2,031,263", "Australia_%": "19.0", "Stuarts Point": "39", "New South Wales_%": "19.1", "New South Wales": "645,428"}, "1-15 hours per week": {"Stuarts Point_%": "17.6", "Australia": "1,218,823", "Australia_%": "11.4", "Stuarts Point": "36", "New South Wales_%": "10.8", "New South Wales": "364,637"}}, "Number of registered motor vehicles": {"2 motor vehicles": {"Stuarts Point_%": "33.9", "Australia": "2,999,184", "Australia_%": "36.2", "Stuarts Point": "115", "New South Wales_%": "34.1", "New South Wales": "887,849"}, "None": {"Stuarts Point_%": "7.1", "Australia": "623,829", "Australia_%": "7.5", "Stuarts Point": "24", "New South Wales_%": "9.2", "New South Wales": "239,625"}, "Number of motor vehicles not stated": {"Stuarts Point_%": "2.9", "Australia": "285,197", "Australia_%": "3.4", "Stuarts Point": "10", "New South Wales_%": "3.7", "New South Wales": "95,623"}, "1 motor vehicle": {"Stuarts Point_%": "45.1", "Australia": "2,881,485", "Australia_%": "34.8", "Stuarts Point": "153", "New South Wales_%": "36.3", "New South Wales": "946,159"}, "3 or more vehicles": {"Stuarts Point_%": "10.9", "Australia": "1,496,382", "Australia_%": "18.1", "Stuarts Point": "37", "New South Wales_%": "16.7", "New South Wales": "435,053"}}, "Employment status of parents in couple families": {"Labour force status not stated (by one or both parents in a couple family)": {"Stuarts Point_%": "6.3", "Australia": "311,381", "Australia_%": "6.2", "Stuarts Point": "9", "New South Wales_%": "5.7", "New South Wales": "90,630"}, "One employed full-time, one part-time": {"Stuarts Point_%": "12.0", "Australia": "1,086,460", "Australia_%": "21.7", "Stuarts Point": "17", "New South Wales_%": "20.6", "New South Wales": "329,567"}, "One employed part-time, other not working": {"Stuarts Point_%": "9.9", "Australia": "302,037", "Australia_%": "6.0", "Stuarts Point": "14", "New South Wales_%": "6.1", "New South Wales": "96,933"}, "Other (includes away from work)": {"Stuarts Point_%": "7.0", "Australia": "264,145", "Australia_%": "5.3", "Stuarts Point": "10", "New South Wales_%": "5.1", "New South Wales": "80,905"}, "Both employed, worked full-time": {"Stuarts Point_%": "4.9", "Australia": "1,084,006", "Australia_%": "21.6", "Stuarts Point": "7", "New South Wales_%": "22.6", "New South Wales": "360,916"}, "One employed full-time, other not working": {"Stuarts Point_%": "6.3", "Australia": "749,886", "Australia_%": "15.0", "Stuarts Point": "9", "New South Wales_%": "15.0", "New South Wales": "240,084"}, "Both employed, worked part-time": {"Stuarts Point_%": "4.9", "Australia": "203,596", "Australia_%": "4.1", "Stuarts Point": "7", "New South Wales_%": "4.0", "New South Wales": "63,106"}, "Both not working": {"Stuarts Point_%": "48.6", "Australia": "1,006,697", "Australia_%": "20.1", "Stuarts Point": "69", "New South Wales_%": "21.0", "New South Wales": "334,742"}}, "Country of birth of mother, stated responses": {"Germany": {"Stuarts Point_%": "1.2", "Australia": "169,618", "Australia_%": "0.7", "Stuarts Point": "9", "New South Wales_%": "0.6", "New South Wales": "47,489"}, "New Zealand": {"Stuarts Point_%": "2.3", "Australia": "608,329", "Australia_%": "2.6", "Stuarts Point": "17", "New South Wales_%": "1.9", "New South Wales": "139,899"}, "Australia": {"Stuarts Point_%": "78.2", "Australia": "12,643,365", "Australia_%": "54.0", "Stuarts Point": "589", "New South Wales_%": "51.9", "New South Wales": "3,884,762"}, "England": {"Stuarts Point_%": "5.3", "Australia": "1,302,147", "Australia_%": "5.6", "Stuarts Point": "40", "New South Wales_%": "4.3", "New South Wales": "322,472"}, "Philippines": {"Stuarts Point_%": "0.8", "Australia": "325,049", "Australia_%": "1.4", "Stuarts Point": "6", "New South Wales_%": "1.7", "New South Wales": "124,029"}}, "Dwelling structure": {"Other dwelling": {"Stuarts Point_%": "2.4", "Australia": "64,425", "Australia_%": "0.8", "Stuarts Point": "8", "New South Wales_%": "0.9", "New South Wales": "23,580"}, "Semi-detached, row or terrace house, townhouse etc": {"Stuarts Point_%": "0.0", "Australia": "1,055,016", "Australia_%": "12.7", "Stuarts Point": "0", "New South Wales_%": "12.2", "New South Wales": "317,453"}, "Separate house": {"Stuarts Point_%": "97.6", "Australia": "6,041,788", "Australia_%": "72.9", "Stuarts Point": "325", "New South Wales_%": "66.4", "New South Wales": "1,729,820"}, "Flat or apartment": {"Stuarts Point_%": "0.0", "Australia": "1,087,434", "Australia_%": "13.1", "Stuarts Point": "0", "New South Wales_%": "19.9", "New South Wales": "519,390"}}, "Number of bedrooms": {"1 bedroom": {"Stuarts Point_%": "6.5", "Australia": "411,252", "Australia_%": "5.0", "Stuarts Point": "22", "New South Wales_%": "6.0", "New South Wales": "157,194"}, "3 bedrooms": {"Stuarts Point_%": "45.9", "Australia": "3,403,190", "Australia_%": "41.1", "Stuarts Point": "155", "New South Wales_%": "37.2", "New South Wales": "970,001"}, "Average number of people per household": {"Stuarts Point_%": "--", "Australia": "2.6", "Australia_%": "--", "Stuarts Point": "2.1", "New South Wales_%": "--", "New South Wales": "2.6"}, "2 bedrooms": {"Stuarts Point_%": "30.5", "Australia": "1,562,759", "Australia_%": "18.9", "Stuarts Point": "103", "New South Wales_%": "22.2", "New South Wales": "577,675"}, "4 or more bedrooms": {"Stuarts Point_%": "16.3", "Australia": "2,670,758", "Australia_%": "32.2", "Stuarts Point": "55", "New South Wales_%": "31.3", "New South Wales": "816,405"}, "None (includes bedsitters)": {"Stuarts Point_%": "0.0", "Australia": "39,769", "Australia_%": "0.5", "Stuarts Point": "0", "New South Wales_%": "0.7", "New South Wales": "17,157"}, "Number of bedrooms not stated": {"Stuarts Point_%": "0.9", "Australia": "198,351", "Australia_%": "2.4", "Stuarts Point": "3", "New South Wales_%": "2.5", "New South Wales": "65,888"}, "Average number of bedrooms per dwelling": {"Stuarts Point_%": "--", "Australia": "3.1", "Australia_%": "--", "Stuarts Point": "2.7", "New South Wales_%": "--", "New South Wales": "3"}}, "summaryTable_qsFamilies": {"for all families": "0.4", "for families with children": "1.5", "Families": "198", "Average children per family": "None"}, "People characteristics": {"Male": {"Stuarts Point_%": "48.1", "Australia": "322,171", "Australia_%": "49.6", "Stuarts Point": "38", "New South Wales_%": "49.7", "New South Wales": "107,368"}, "Median age": {"Stuarts Point_%": "--", "Australia": "23", "Australia_%": "--", "Stuarts Point": "21", "New South Wales_%": "--", "New South Wales": "22"}, "Female": {"Stuarts Point_%": "51.9", "Australia": "326,996", "Australia_%": "50.4", "Stuarts Point": "41", "New South Wales_%": "50.3", "New South Wales": "108,809"}}, "Dwelling count": {"Unoccupied private dwellings": {"Stuarts Point_%": "16.3", "Australia": "1,039,874", "Australia_%": "11.2", "Stuarts Point": "65", "New South Wales_%": "9.9", "New South Wales": "284,741"}, "Occupied private dwellings": {"Stuarts Point_%": "83.7", "Australia": "8,286,073", "Australia_%": "88.8", "Stuarts Point": "333", "New South Wales_%": "90.1", "New South Wales": "2,604,320"}}, "Level of highest educational attainment": {"Certificate level III": {"Stuarts Point_%": "18.9", "Australia": "2,442,203", "Australia_%": "12.8", "Stuarts Point": "124", "New South Wales_%": "12.0", "New South Wales": "730,498"}, "Certificate level II": {"Stuarts Point_%": "0.5", "Australia": "13,454", "Australia_%": "0.1", "Stuarts Point": "3", "New South Wales_%": "0.1", "New South Wales": "4,849"}, "No educational attainment": {"Stuarts Point_%": "0.6", "Australia": "145,844", "Australia_%": "0.8", "Stuarts Point": "4", "New South Wales_%": "0.9", "New South Wales": "54,870"}, "Bachelor Degree level and above": {"Stuarts Point_%": "8.2", "Australia": "4,181,406", "Australia_%": "22.0", "Stuarts Point": "54", "New South Wales_%": "23.4", "New South Wales": "1,424,716"}, "Certificate level I": {"Stuarts Point_%": "0.0", "Australia": "2,176", "Australia_%": "0.0", "Stuarts Point": "0", "New South Wales_%": "0.0", "New South Wales": "625"}, "Year 11": {"Stuarts Point_%": "4.4", "Australia": "941,531", "Australia_%": "4.9", "Stuarts Point": "29", "New South Wales_%": "3.3", "New South Wales": "203,574"}, "Not stated": {"Stuarts Point_%": "14.5", "Australia": "1,974,794", "Australia_%": "10.4", "Stuarts Point": "95", "New South Wales_%": "10.3", "New South Wales": "627,465"}, "Year 9 or below": {"Stuarts Point_%": "15.5", "Australia": "1,529,897", "Australia_%": "8.0", "Stuarts Point": "102", "New South Wales_%": "8.4", "New South Wales": "513,209"}, "Certificate level IV": {"Stuarts Point_%": "3.5", "Australia": "551,767", "Australia_%": "2.9", "Stuarts Point": "23", "New South Wales_%": "2.8", "New South Wales": "167,947"}, "Year 10": {"Stuarts Point_%": "18.0", "Australia": "2,054,331", "Australia_%": "10.8", "Stuarts Point": "118", "New South Wales_%": "11.5", "New South Wales": "702,178"}, "Year 12": {"Stuarts Point_%": "10.2", "Australia": "2,994,097", "Australia_%": "15.7", "Stuarts Point": "67", "New South Wales_%": "15.3", "New South Wales": "930,654"}, "Advanced Diploma and Diploma level": {"Stuarts Point_%": "5.8", "Australia": "1,687,893", "Australia_%": "8.9", "Stuarts Point": "38", "New South Wales_%": "8.9", "New South Wales": "543,142"}}, "Median weekly incomes": {"Personal": {"Stuarts Point_%": "--", "Australia": "662", "Australia_%": "--", "Stuarts Point": "428", "New South Wales_%": "--", "New South Wales": "664"}, "Household": {"Stuarts Point_%": "--", "Australia": "1,438", "Australia_%": "--", "Stuarts Point": "715", "New South Wales_%": "--", "New South Wales": "1,486"}, "Family": {"Stuarts Point_%": "--", "Australia": "1,734", "Australia_%": "--", "Stuarts Point": "904", "New South Wales_%": "--", "New South Wales": "1,780"}}, "Family composition": {"Other family": {"Stuarts Point_%": "4.4", "Australia": "102,559", "Australia_%": "1.7", "Stuarts Point": "9", "New South Wales_%": "1.7", "New South Wales": "32,438"}, "Couple family with children": {"Stuarts Point_%": "24.0", "Australia": "2,716,224", "Australia_%": "44.7", "Stuarts Point": "49", "New South Wales_%": "45.7", "New South Wales": "887,358"}, "Couple family without children": {"Stuarts Point_%": "47.1", "Australia": "2,291,987", "Australia_%": "37.8", "Stuarts Point": "96", "New South Wales_%": "36.6", "New South Wales": "709,524"}, "One parent family": {"Stuarts Point_%": "24.5", "Australia": "959,543", "Australia_%": "15.8", "Stuarts Point": "50", "New South Wales_%": "16.0", "New South Wales": "310,906"}}, "Dwelling internet connection": {"Not stated": {"Stuarts Point_%": "1.5", "Australia": "221,494", "Australia_%": "2.7", "Stuarts Point": "5", "New South Wales_%": "2.8", "New South Wales": "73,565"}, "Internet not accessed from dwelling": {"Stuarts Point_%": "29.6", "Australia": "1,172,415", "Australia_%": "14.1", "Stuarts Point": "101", "New South Wales_%": "14.7", "New South Wales": "381,709"}, "Internet accessed from dwelling": {"Stuarts Point_%": "68.9", "Australia": "6,892,165", "Australia_%": "83.2", "Stuarts Point": "235", "New South Wales_%": "82.5", "New South Wales": "2,149,040"}}, "Social marital status": {"Not married": {"Stuarts Point_%": "51.0", "Australia": "7,024,973", "Australia_%": "41.9", "Stuarts Point": "298", "New South Wales_%": "42.3", "New South Wales": "2,290,887"}, "De facto marriage": {"Stuarts Point_%": "12.8", "Australia": "1,751,731", "Australia_%": "10.4", "Stuarts Point": "75", "New South Wales_%": "9.4", "New South Wales": "506,133"}, "Registered marriage": {"Stuarts Point_%": "36.1", "Australia": "8,001,141", "Australia_%": "47.7", "Stuarts Point": "211", "New South Wales_%": "48.3", "New South Wales": "2,612,630"}}, "Household composition": {"Family households": {"Stuarts Point_%": "56.6", "Australia": "5,907,625", "Australia_%": "71.3", "Stuarts Point": "189", "New South Wales_%": "72.0", "New South Wales": "1,874,524"}, "Group households": {"Stuarts Point_%": "2.7", "Australia": "354,917", "Australia_%": "4.3", "Stuarts Point": "9", "New South Wales_%": "4.2", "New South Wales": "109,004"}, "Single (or lone) person households": {"Stuarts Point_%": "40.7", "Australia": "2,023,542", "Australia_%": "24.4", "Stuarts Point": "136", "New South Wales_%": "23.8", "New South Wales": "620,778"}}, "People": {"Male": {"Stuarts Point_%": "50.8", "Australia": "11,546,638", "Australia_%": "49.3", "Stuarts Point": "389", "New South Wales_%": "49.3", "New South Wales": "3,686,014"}, "Aboriginal and/or Torres Strait Islander people": {"Stuarts Point_%": "10.2", "Australia": "649,171", "Australia_%": "2.8", "Stuarts Point": "78", "New South Wales_%": "2.9", "New South Wales": "216,176"}, "Female": {"Stuarts Point_%": "49.2", "Australia": "11,855,248", "Australia_%": "50.7", "Stuarts Point": "377", "New South Wales_%": "50.7", "New South Wales": "3,794,217"}}, "Language, top responses (other than English)": {"Estonian": {"Stuarts Point_%": "0.5", "Australia": "1,844", "Australia_%": "0.0", "Stuarts Point": "4", "New South Wales_%": "0.0", "New South Wales": "608"}, "German": {"Stuarts Point_%": "0.8", "Australia": "79,353", "Australia_%": "0.3", "Stuarts Point": "6", "New South Wales_%": "0.3", "New South Wales": "23,033"}, "null": {"Stuarts Point_%": null, "Australia": "None", "Australia_%": "None", "Stuarts Point": null, "New South Wales_%": "None", "New South Wales": "None"}, "English only spoken at home": {"Stuarts Point_%": "90.8", "Australia": "17,020,417", "Australia_%": "72.7", "Stuarts Point": "693", "New South Wales_%": "68.5", "New South Wales": "5,126,633"}, "Czech": {"Stuarts Point_%": "0.4", "Australia": "7,938", "Australia_%": "0.0", "Stuarts Point": "3", "New South Wales_%": "0.0", "New South Wales": "3,392"}, "Households where a non English language is spoken": {"Stuarts Point_%": "2.0", "Australia": "1,971,011", "Australia_%": "22.2", "Stuarts Point": "8", "New South Wales_%": "26.5", "New South Wales": "735,563"}, "Mandarin": {"Stuarts Point_%": "0.4", "Australia": "596,711", "Australia_%": "2.5", "Stuarts Point": "3", "New South Wales_%": "3.2", "New South Wales": "239,945"}}, "summaryTable_qsDwelling": {"Median monthly mortgage repayments": "$1,160", "All private dwellings": "450", "Average people per household": "2.1", "Median weekly household income": "$715", "Median weekly rent": "$220", "Average motor vehicles per dwelling": "1.5"}, "Household income": {"Less than $650 gross weekly income": {"Stuarts Point_%": "44.3", "Australia": "--", "Australia_%": "20.0", "Stuarts Point": "--", "New South Wales_%": "19.7", "New South Wales": "--"}, "More than $3000 gross weekly income": {"Stuarts Point_%": "1.6", "Australia": "--", "Australia_%": "16.4", "Stuarts Point": "--", "New South Wales_%": "18.7", "New South Wales": "--"}}, "Country of birth": {"Other top responses": {"Stuarts Point_%": "None", "Stuarts Point": "None"}, "Australia": {"Stuarts Point_%": "83.5", "Australia": "15,614,835", "Australia_%": "66.7", "Stuarts Point": "641", "New South Wales_%": "65.5", "New South Wales": "4,899,090"}, "England": {"Stuarts Point_%": "2.7", "Australia": "907,570", "Australia_%": "3.9", "Stuarts Point": "21", "New South Wales_%": "3.0", "New South Wales": "226,564"}, "Philippines": {"Stuarts Point_%": "1.2", "Australia": "232,386", "Australia_%": "1.0", "Stuarts Point": "9", "New South Wales_%": "1.2", "New South Wales": "86,749"}, "Germany": {"Stuarts Point_%": "0.4", "Australia": "102,595", "Australia_%": "0.4", "Stuarts Point": "3", "New South Wales_%": "0.4", "New South Wales": "29,541"}, "New Zealand": {"Stuarts Point_%": "2.2", "Australia": "518,466", "Australia_%": "2.2", "Stuarts Point": "17", "New South Wales_%": "1.6", "New South Wales": "117,136"}, "Fiji": {"Stuarts Point_%": "0.4", "Australia": "61,469", "Australia_%": "0.3", "Stuarts Point": "3", "New South Wales_%": "0.5", "New South Wales": "33,879"}}, "Religious affiliation, top responses": {"No Religion, so described": {"Stuarts Point_%": "33.3", "Australia": "6,933,708", "Australia_%": "29.6", "Stuarts Point": "255", "New South Wales_%": "25.1", "New South Wales": "1,879,562"}, "Anglican": {"Stuarts Point_%": "21.0", "Australia": "3,101,185", "Australia_%": "13.3", "Stuarts Point": "161", "New South Wales_%": "15.5", "New South Wales": "1,161,810"}, "Not stated": {"Stuarts Point_%": "10.4", "Australia": "2,238,735", "Australia_%": "9.6", "Stuarts Point": "80", "New South Wales_%": "9.2", "New South Wales": "684,969"}, "Uniting Church": {"Stuarts Point_%": "5.5", "Australia": "870,183", "Australia_%": "3.7", "Stuarts Point": "42", "New South Wales_%": "2.9", "New South Wales": "217,258"}, "Catholic": {"Stuarts Point_%": "18.0", "Australia": "5,291,834", "Australia_%": "22.6", "Stuarts Point": "138", "New South Wales_%": "24.7", "New South Wales": "1,846,443"}}, "Ancestry, top responses": {"German": {"Stuarts Point_%": "3.8", "Australia": "982,226", "Australia_%": "3.1", "Stuarts Point": "39", "New South Wales_%": "2.4", "New South Wales": "236,146"}, "Australian": {"Stuarts Point_%": "32.2", "Australia": "7,298,243", "Australia_%": "23.3", "Stuarts Point": "332", "New South Wales_%": "22.9", "New South Wales": "2,261,062"}, "Scottish": {"Stuarts Point_%": "6.5", "Australia": "2,023,470", "Australia_%": "6.4", "Stuarts Point": "67", "New South Wales_%": "5.9", "New South Wales": "587,052"}, "Irish": {"Stuarts Point_%": "9.5", "Australia": "2,388,058", "Australia_%": "7.6", "Stuarts Point": "98", "New South Wales_%": "7.5", "New South Wales": "741,671"}, "English": {"Stuarts Point_%": "31.5", "Australia": "7,852,224", "Australia_%": "25.0", "Stuarts Point": "325", "New South Wales_%": "23.3", "New South Wales": "2,302,481"}}, "Age": {"35-39 years": {"Stuarts Point_%": "3.4", "Australia": "1,561,679", "Australia_%": "6.7", "Stuarts Point": "26", "New South Wales_%": "6.7", "New South Wales": "499,724"}, "60-64 years": {"Stuarts Point_%": "11.1", "Australia": "1,299,397", "Australia_%": "5.6", "Stuarts Point": "85", "New South Wales_%": "5.6", "New South Wales": "420,044"}, "30-34 years": {"Stuarts Point_%": "5.4", "Australia": "1,703,847", "Australia_%": "7.3", "Stuarts Point": "41", "New South Wales_%": "7.2", "New South Wales": "540,360"}, "0-4 years": {"Stuarts Point_%": "5.2", "Australia": "1,464,779", "Australia_%": "6.3", "Stuarts Point": "40", "New South Wales_%": "6.2", "New South Wales": "465,135"}, "25-29 years": {"Stuarts Point_%": "5.4", "Australia": "1,664,602", "Australia_%": "7.1", "Stuarts Point": "41", "New South Wales_%": "7.0", "New South Wales": "527,161"}, "10-14 years": {"Stuarts Point_%": "2.9", "Australia": "1,397,183", "Australia_%": "6.0", "Stuarts Point": "22", "New South Wales_%": "5.9", "New South Wales": "443,009"}, "5-9 years": {"Stuarts Point_%": "5.5", "Australia": "1,502,646", "Australia_%": "6.4", "Stuarts Point": "42", "New South Wales_%": "6.4", "New South Wales": "478,184"}, "Median age": {"Stuarts Point_%": "--", "Australia": "38", "Australia_%": "--", "Stuarts Point": "53", "New South Wales_%": "--", "New South Wales": "38"}, "50-54 years": {"Stuarts Point_%": "8.0", "Australia": "1,523,551", "Australia_%": "6.5", "Stuarts Point": "61", "New South Wales_%": "6.5", "New South Wales": "485,546"}, "80-84 years": {"Stuarts Point_%": "2.4", "Australia": "460,549", "Australia_%": "2.0", "Stuarts Point": "18", "New South Wales_%": "2.1", "New South Wales": "155,806"}, "40-44 years": {"Stuarts Point_%": "5.5", "Australia": "1,583,257", "Australia_%": "6.8", "Stuarts Point": "42", "New South Wales_%": "6.7", "New South Wales": "503,169"}, "70-74 years": {"Stuarts Point_%": "5.2", "Australia": "887,716", "Australia_%": "3.8", "Stuarts Point": "40", "New South Wales_%": "3.9", "New South Wales": "292,556"}, "15-19 years": {"Stuarts Point_%": "4.1", "Australia": "1,421,595", "Australia_%": "6.1", "Stuarts Point": "31", "New South Wales_%": "6.0", "New South Wales": "448,425"}, "65-69 years": {"Stuarts Point_%": "10.5", "Australia": "1,188,999", "Australia_%": "5.1", "Stuarts Point": "80", "New South Wales_%": "5.1", "New South Wales": "384,470"}, "20-24 years": {"Stuarts Point_%": "3.9", "Australia": "1,566,793", "Australia_%": "6.7", "Stuarts Point": "30", "New South Wales_%": "6.5", "New South Wales": "489,673"}, "55-59 years": {"Stuarts Point_%": "11.0", "Australia": "1,454,332", "Australia_%": "6.2", "Stuarts Point": "84", "New South Wales_%": "6.3", "New South Wales": "469,726"}, "75-79 years": {"Stuarts Point_%": "3.5", "Australia": "652,657", "Australia_%": "2.8", "Stuarts Point": "27", "New South Wales_%": "2.9", "New South Wales": "217,308"}, "45-49 years": {"Stuarts Point_%": "4.1", "Australia": "1,581,455", "Australia_%": "6.8", "Stuarts Point": "31", "New South Wales_%": "6.6", "New South Wales": "492,440"}, "85 years and over": {"Stuarts Point_%": "3.1", "Australia": "486,842", "Australia_%": "2.1", "Stuarts Point": "24", "New South Wales_%": "2.2", "New South Wales": "167,506"}}, "Single (or lone) parents": {"Male": {"Stuarts Point_%": "17.0", "Australia": "--", "Australia_%": "18.2", "Stuarts Point": "--", "New South Wales_%": "17.8", "New South Wales": "--"}, "Female": {"Stuarts Point_%": "83.0", "Australia": "--", "Australia_%": "81.8", "Stuarts Point": "--", "New South Wales_%": "82.2", "New South Wales": "--"}}, "Mortgage monthly repayments": {"Median mortgage repayments": {"Stuarts Point_%": "--", "Australia": "1,755", "Australia_%": "--", "Stuarts Point": "1,160", "New South Wales_%": "--", "New South Wales": "1,986"}, "Households where mortgage repayments are less than 30% of household income": {"Stuarts Point_%": "93.8", "Australia": "--", "Australia_%": "92.8", "Stuarts Point": "--", "New South Wales_%": "92.6", "New South Wales": "--"}, "Households with mortgage repayments greater than or equal to 30% of household income": {"Stuarts Point_%": "6.2", "Australia": "--", "Australia_%": "7.2", "Stuarts Point": "--", "New South Wales_%": "7.4", "New South Wales": "--"}}, "Mortgage and rent": {"Median monthly mortgage repayments": {"Stuarts Point_%": "--", "Australia": "1,660", "Australia_%": "--", "Stuarts Point": "1,500", "New South Wales_%": "--", "New South Wales": "1,733"}, "Median weekly rent": {"Stuarts Point_%": "--", "Australia": "250", "Australia_%": "--", "Stuarts Point": "220", "New South Wales_%": "--", "New South Wales": "270"}}, "Tenure": {"Rented": {"Stuarts Point_%": "35.1", "Australia": "2,561,302", "Australia_%": "30.9", "Stuarts Point": "115", "New South Wales_%": "31.8", "New South Wales": "826,922"}, "Owned outright": {"Stuarts Point_%": "45.7", "Australia": "2,565,695", "Australia_%": "31.0", "Stuarts Point": "150", "New South Wales_%": "32.2", "New South Wales": "839,665"}, "Owned with a mortgage": {"Stuarts Point_%": "18.3", "Australia": "2,855,222", "Australia_%": "34.5", "Stuarts Point": "60", "New South Wales_%": "32.3", "New South Wales": "840,004"}, "Tenure type not stated": {"Stuarts Point_%": "0.9", "Australia": "224,869", "Australia_%": "2.7", "Stuarts Point": "3", "New South Wales_%": "2.8", "New South Wales": "73,763"}, "Other tenure type": {"Stuarts Point_%": "0.0", "Australia": "78,994", "Australia_%": "1.0", "Stuarts Point": "0", "New South Wales_%": "0.9", "New South Wales": "23,968"}}, "Country of birth of father, stated responses": {"Scotland": {"Stuarts Point_%": "1.6", "Australia": "276,038", "Australia_%": "1.2", "Stuarts Point": "12", "New South Wales_%": "1.0", "New South Wales": "72,321"}, "New Zealand": {"Stuarts Point_%": "2.1", "Australia": "617,331", "Australia_%": "2.6", "Stuarts Point": "16", "New South Wales_%": "1.9", "New South Wales": "143,450"}, "Australia": {"Stuarts Point_%": "77.5", "Australia": "12,231,150", "Australia_%": "52.3", "Stuarts Point": "584", "New South Wales_%": "50.1", "New South Wales": "3,745,787"}, "England": {"Stuarts Point_%": "5.4", "Australia": "1,403,096", "Australia_%": "6.0", "Stuarts Point": "41", "New South Wales_%": "4.8", "New South Wales": "359,370"}, "Netherlands": {"Stuarts Point_%": "1.2", "Australia": "175,354", "Australia_%": "0.7", "Stuarts Point": "9", "New South Wales_%": "0.5", "New South Wales": "40,444"}}, "Country of birth of father and/or mother, stated responses": {"Father only born overseas": {"Stuarts Point_%": "4.8", "Australia": "1,488,092", "Australia_%": "6.4", "Stuarts Point": "37", "New South Wales_%": "6.1", "New South Wales": "458,394"}, "Mother only born overseas": {"Stuarts Point_%": "4.3", "Australia": "1,094,591", "Australia_%": "4.7", "Stuarts Point": "33", "New South Wales_%": "4.3", "New South Wales": "325,182"}, "Both parents born overseas": {"Stuarts Point_%": "11.9", "Australia": "8,051,196", "Australia_%": "34.4", "Stuarts Point": "91", "New South Wales_%": "37.0", "New South Wales": "2,764,170"}, "Both parents born in Australia": {"Stuarts Point_%": "71.4", "Australia": "11,070,538", "Australia_%": "47.3", "Stuarts Point": "546", "New South Wales_%": "45.4", "New South Wales": "3,399,725"}}, "Rent weekly payments": {"Households where rent payments are less than 30% of household income": {"Stuarts Point_%": "84.9", "Australia": "--", "Australia_%": "88.5", "Stuarts Point": "--", "New South Wales_%": "87.1", "New South Wales": "--"}, "Households with rent payments greater than or equal to 30% of household income": {"Stuarts Point_%": "15.1", "Australia": "--", "Australia_%": "11.5", "Stuarts Point": "--", "New South Wales_%": "12.9", "New South Wales": "--"}, "Median rent": {"Stuarts Point_%": "--", "Australia": "335", "Australia_%": "--", "Stuarts Point": "220", "New South Wales_%": "--", "New South Wales": "380"}}, "Registered marital status": {"Separated": {"Stuarts Point_%": "6.6", "Australia": "608,059", "Australia_%": "3.2", "Stuarts Point": "44", "New South Wales_%": "3.1", "New South Wales": "190,198"}, "Widowed": {"Stuarts Point_%": "9.6", "Australia": "985,204", "Australia_%": "5.2", "Stuarts Point": "64", "New South Wales_%": "5.4", "New South Wales": "331,653"}, "Married": {"Stuarts Point_%": "36.8", "Australia": "9,148,218", "Australia_%": "48.1", "Stuarts Point": "245", "New South Wales_%": "48.7", "New South Wales": "2,965,280"}, "Divorced": {"Stuarts Point_%": "15.2", "Australia": "1,626,890", "Australia_%": "8.5", "Stuarts Point": "101", "New South Wales_%": "8.4", "New South Wales": "512,298"}, "Never married": {"Stuarts Point_%": "31.8", "Australia": "6,668,910", "Australia_%": "35.0", "Stuarts Point": "212", "New South Wales_%": "34.4", "New South Wales": "2,094,460"}}, "summaryTable_qsPeople": {"Male": "50.8%", "Median age": "53", "Female": "49.2%", "People": "766"}, "Dwelling characteristics": {"Average number of people per household": {"Stuarts Point_%": "--", "Australia": "3.2", "Australia_%": "--", "Stuarts Point": "2.9", "New South Wales_%": "--", "New South Wales": "3.1"}, "Average number of persons per bedroom": {"Stuarts Point_%": "--", "Australia": "1", "Australia_%": "--", "Stuarts Point": "1", "New South Wales_%": "--", "New South Wales": "1"}, "Median weekly household income": {"Stuarts Point_%": "--", "Australia": "1,203", "Australia_%": "--", "Stuarts Point": "933", "New South Wales_%": "--", "New South Wales": "1,214"}}, "Unpaid work": {"Did unpaid domestic work (last week)": {"Stuarts Point_%": "66.0", "Australia": "13,143,914", "Australia_%": "69.0", "Stuarts Point": "441", "New South Wales_%": "67.7", "New South Wales": "4,127,723"}, "Provided unpaid assistance to a person with a disability (last two weeks)": {"Stuarts Point_%": "17.2", "Australia": "2,145,203", "Australia_%": "11.3", "Stuarts Point": "114", "New South Wales_%": "11.6", "New South Wales": "709,415"}, "Did voluntary work through an organisation or group (last 12 months)": {"Stuarts Point_%": "18.2", "Australia": "3,620,726", "Australia_%": "19.0", "Stuarts Point": "122", "New South Wales_%": "18.1", "New South Wales": "1,103,790"}, "Cared for child/children (last two weeks)": {"Stuarts Point_%": "18.1", "Australia": "5,259,400", "Australia_%": "27.6", "Stuarts Point": "119", "New South Wales_%": "27.2", "New South Wales": "1,659,250"}}, "Unpaid domestic work, number of hours": {"5 to 14 hours per week": {"Stuarts Point_%": "23.2", "Australia": "4,944,578", "Australia_%": "26.0", "Stuarts Point": "155", "New South Wales_%": "25.1", "New South Wales": "1,531,206"}, "30 hours or more per week": {"Stuarts Point_%": "13.3", "Australia": "1,710,970", "Australia_%": "9.0", "Stuarts Point": "89", "New South Wales_%": "9.0", "New South Wales": "545,925"}, "Less than 5 hours per week": {"Stuarts Point_%": "16.3", "Australia": "4,298,593", "Australia_%": "22.6", "Stuarts Point": "109", "New South Wales_%": "22.3", "New South Wales": "1,359,656"}, "15 to 29 hours per week": {"Stuarts Point_%": "13.0", "Australia": "2,189,776", "Australia_%": "11.5", "Stuarts Point": "87", "New South Wales_%": "11.3", "New South Wales": "690,934"}}, "Industry of employment, top responses": {"Primary Education": {"Stuarts Point_%": "6.6", "Australia": "231,198", "Australia_%": "2.2", "Stuarts Point": "12", "New South Wales_%": "1.9", "New South Wales": "65,204"}, "Newspaper and Book Retailing": {"Stuarts Point_%": "5.5", "Australia": "19,175", "Australia_%": "0.2", "Stuarts Point": "10", "New South Wales_%": "0.2", "New South Wales": "6,396"}, "Other Fruit and Tree Nut Growing": {"Stuarts Point_%": "12.1", "Australia": "6,413", "Australia_%": "0.1", "Stuarts Point": "22", "New South Wales_%": "0.0", "New South Wales": "1,375"}, "Road and Bridge Construction": {"Stuarts Point_%": "4.9", "Australia": "31,049", "Australia_%": "0.3", "Stuarts Point": "9", "New South Wales_%": "0.3", "New South Wales": "10,242"}, "Clubs (Hospitality)": {"Stuarts Point_%": "6.0", "Australia": "46,915", "Australia_%": "0.4", "Stuarts Point": "11", "New South Wales_%": "0.8", "New South Wales": "25,773"}}, "GeoInfo": {"city": "Stuarts Point"}, "Education": {"University or tertiary institution": {"Stuarts Point_%": "4.0", "Australia": "1,160,626", "Australia_%": "16.1", "Stuarts Point": "7", "New South Wales_%": "16.2", "New South Wales": "376,133"}, "Secondary - Catholic": {"Stuarts Point_%": "0.0", "Australia": "338,384", "Australia_%": "4.7", "Stuarts Point": "0", "New South Wales_%": "5.1", "New South Wales": "117,689"}, "Secondary - other non Government": {"Stuarts Point_%": "0.0", "Australia": "280,618", "Australia_%": "3.9", "Stuarts Point": "0", "New South Wales_%": "3.4", "New South Wales": "79,915"}, "Primary - Catholic": {"Stuarts Point_%": "1.7", "Australia": "380,604", "Australia_%": "5.3", "Stuarts Point": "3", "New South Wales_%": "5.3", "New South Wales": "122,099"}, "Primary - Government": {"Stuarts Point_%": "24.9", "Australia": "1,314,787", "Australia_%": "18.2", "Stuarts Point": "44", "New South Wales_%": "18.0", "New South Wales": "417,465"}, "Other": {"Stuarts Point_%": "1.7", "Australia": "198,383", "Australia_%": "2.8", "Stuarts Point": "3", "New South Wales_%": "2.7", "New South Wales": "63,673"}, "Technical or further education institution": {"Stuarts Point_%": "6.2", "Australia": "424,869", "Australia_%": "5.9", "Stuarts Point": "11", "New South Wales_%": "6.2", "New South Wales": "144,103"}, "Secondary - Government": {"Stuarts Point_%": "12.4", "Australia": "827,505", "Australia_%": "11.5", "Stuarts Point": "22", "New South Wales_%": "11.6", "New South Wales": "269,249"}, "Primary - other non Government": {"Stuarts Point_%": "0.0", "Australia": "231,490", "Australia_%": "3.2", "Stuarts Point": "0", "New South Wales_%": "2.9", "New South Wales": "67,611"}, "Not stated": {"Stuarts Point_%": "39.5", "Australia": "1,707,023", "Australia_%": "23.7", "Stuarts Point": "70", "New South Wales_%": "23.0", "New South Wales": "535,266"}, "Preschool": {"Stuarts Point_%": "9.6", "Australia": "347,621", "Australia_%": "4.8", "Stuarts Point": "17", "New South Wales_%": "5.7", "New South Wales": "132,047"}}, "Employment": {"Unemployed": {"Stuarts Point_%": "14.3", "Australia": "787,452", "Australia_%": "6.9", "Stuarts Point": "36", "New South Wales_%": "6.3", "New South Wales": "225,546"}, "Worked part-time": {"Stuarts Point_%": "41.4", "Australia": "3,491,503", "Australia_%": "30.4", "Stuarts Point": "104", "New South Wales_%": "29.7", "New South Wales": "1,071,151"}, "Away from work": {"Stuarts Point_%": "8.0", "Australia": "569,276", "Australia_%": "5.0", "Stuarts Point": "20", "New South Wales_%": "4.8", "New South Wales": "174,654"}, "Worked full-time": {"Stuarts Point_%": "36.3", "Australia": "6,623,065", "Australia_%": "57.7", "Stuarts Point": "91", "New South Wales_%": "59.2", "New South Wales": "2,134,521"}}, "Travel to work, top responses": {"Walked only": {"Stuarts Point_%": "11.3", "Australia": "370,427", "Australia_%": "3.5", "Stuarts Point": "25", "New South Wales_%": "3.9", "New South Wales": "130,957"}, "Worked at home": {"Stuarts Point_%": "7.2", "Australia": "503,582", "Australia_%": "4.7", "Stuarts Point": "16", "New South Wales_%": "4.8", "New South Wales": "163,026"}, "People who travelled to work by car as driver or passenger": {"Stuarts Point_%": "56.6", "Australia": "7,305,271", "Australia_%": "68.4", "Stuarts Point": "125", "New South Wales_%": "64.6", "New South Wales": "2,182,854"}, "null": {"Stuarts Point_%": null, "Australia": "None", "Australia_%": "None", "Stuarts Point": null, "New South Wales_%": "None", "New South Wales": "None"}, "People who travelled to work by public transport": {"Stuarts Point_%": "1.4", "Australia": "1,225,668", "Australia_%": "11.5", "Stuarts Point": "3", "New South Wales_%": "16.0", "New South Wales": "540,215"}, "Car, as driver": {"Stuarts Point_%": "51.6", "Australia": "6,574,571", "Australia_%": "61.5", "Stuarts Point": "114", "New South Wales_%": "57.8", "New South Wales": "1,953,399"}, "Truck": {"Stuarts Point_%": "3.2", "Australia": "85,892", "Australia_%": "0.8", "Stuarts Point": "7", "New South Wales_%": "1.0", "New South Wales": "32,908"}, "Car, as passenger": {"Stuarts Point_%": "5.0", "Australia": "489,922", "Australia_%": "4.6", "Stuarts Point": "11", "New South Wales_%": "4.3", "New South Wales": "144,820"}}, "Occupation": {"Professionals": {"Stuarts Point_%": "14.1", "Australia": "2,370,966", "Australia_%": "22.2", "Stuarts Point": "30", "New South Wales_%": "23.6", "New South Wales": "798,126"}, "Technicians and Trades Workers": {"Stuarts Point_%": "8.0", "Australia": "1,447,414", "Australia_%": "13.5", "Stuarts Point": "17", "New South Wales_%": "12.7", "New South Wales": "429,239"}, "Community and Personal Service Workers": {"Stuarts Point_%": "16.4", "Australia": "1,157,003", "Australia_%": "10.8", "Stuarts Point": "35", "New South Wales_%": "10.4", "New South Wales": "350,261"}, "Clerical and Administrative Workers": {"Stuarts Point_%": "8.0", "Australia": "1,449,681", "Australia_%": "13.6", "Stuarts Point": "17", "New South Wales_%": "13.8", "New South Wales": "467,977"}, "Machinery Operators and Drivers": {"Stuarts Point_%": "7.5", "Australia": "670,106", "Australia_%": "6.3", "Stuarts Point": "16", "New South Wales_%": "6.1", "New South Wales": "206,839"}, "Labourers": {"Stuarts Point_%": "24.4", "Australia": "1,011,520", "Australia_%": "9.5", "Stuarts Point": "52", "New South Wales_%": "8.8", "New South Wales": "297,887"}, "Sales Workers": {"Stuarts Point_%": "8.9", "Australia": "1,000,955", "Australia_%": "9.4", "Stuarts Point": "19", "New South Wales_%": "9.2", "New South Wales": "311,414"}, "Managers": {"Stuarts Point_%": "12.7", "Australia": "1,390,047", "Australia_%": "13.0", "Stuarts Point": "27", "New South Wales_%": "13.5", "New South Wales": "456,084"}}}