{"Employment - hours worked": {"40 hours or more per week": {"Australia": "4,591,801", "Wattamondara_%": "41.7", "Australia_%": "43.0", "New South Wales_%": "44.1", "Wattamondara": "40", "New South Wales": "1,489,099"}, "25-34 hours per week": {"Australia": "1,193,445", "Wattamondara_%": "11.5", "Australia_%": "11.2", "New South Wales_%": "10.5", "Wattamondara": "11", "New South Wales": "353,702"}, "16-24 hours per week": {"Australia": "1,079,236", "Wattamondara_%": "12.5", "Australia_%": "10.1", "New South Wales_%": "10.4", "Wattamondara": "12", "New South Wales": "352,817"}, "35-39 hours per week": {"Australia": "2,031,263", "Wattamondara_%": "17.7", "Australia_%": "19.0", "New South Wales_%": "19.1", "Wattamondara": "17", "New South Wales": "645,428"}, "1-15 hours per week": {"Australia": "1,218,823", "Wattamondara_%": "8.3", "Australia_%": "11.4", "New South Wales_%": "10.8", "Wattamondara": "8", "New South Wales": "364,637"}}, "Number of registered motor vehicles": {"2 motor vehicles": {"Australia": "2,999,184", "Wattamondara_%": "40.0", "Australia_%": "36.2", "New South Wales_%": "34.1", "Wattamondara": "32", "New South Wales": "887,849"}, "None": {"Australia": "623,829", "Wattamondara_%": "0.0", "Australia_%": "7.5", "New South Wales_%": "9.2", "Wattamondara": "0", "New South Wales": "239,625"}, "Number of motor vehicles not stated": {"Australia": "285,197", "Wattamondara_%": "5.0", "Australia_%": "3.4", "New South Wales_%": "3.7", "Wattamondara": "4", "New South Wales": "95,623"}, "1 motor vehicle": {"Australia": "2,881,485", "Wattamondara_%": "28.8", "Australia_%": "34.8", "New South Wales_%": "36.3", "Wattamondara": "23", "New South Wales": "946,159"}, "3 or more vehicles": {"Australia": "1,496,382", "Wattamondara_%": "26.2", "Australia_%": "18.1", "New South Wales_%": "16.7", "Wattamondara": "21", "New South Wales": "435,053"}}, "Employment status of parents in couple families": {"Labour force status not stated (by one or both parents in a couple family)": {"Australia": "311,381", "Wattamondara_%": "0.0", "Australia_%": "6.2", "New South Wales_%": "5.7", "Wattamondara": "0", "New South Wales": "90,630"}, "One employed full-time, one part-time": {"Australia": "1,086,460", "Wattamondara_%": "25.0", "Australia_%": "21.7", "New South Wales_%": "20.6", "Wattamondara": "13", "New South Wales": "329,567"}, "One employed part-time, other not working": {"Australia": "302,037", "Wattamondara_%": "11.5", "Australia_%": "6.0", "New South Wales_%": "6.1", "Wattamondara": "6", "New South Wales": "96,933"}, "Other (includes away from work)": {"Australia": "264,145", "Wattamondara_%": "5.8", "Australia_%": "5.3", "New South Wales_%": "5.1", "Wattamondara": "3", "New South Wales": "80,905"}, "Both employed, worked full-time": {"Australia": "1,084,006", "Wattamondara_%": "26.9", "Australia_%": "21.6", "New South Wales_%": "22.6", "Wattamondara": "14", "New South Wales": "360,916"}, "One employed full-time, other not working": {"Australia": "749,886", "Wattamondara_%": "9.6", "Australia_%": "15.0", "New South Wales_%": "15.0", "Wattamondara": "5", "New South Wales": "240,084"}, "Both employed, worked part-time": {"Australia": "203,596", "Wattamondara_%": "0.0", "Australia_%": "4.1", "New South Wales_%": "4.0", "Wattamondara": "0", "New South Wales": "63,106"}, "Both not working": {"Australia": "1,006,697", "Wattamondara_%": "21.2", "Australia_%": "20.1", "New South Wales_%": "21.0", "Wattamondara": "11", "New South Wales": "334,742"}}, "Country of birth of mother, stated responses": {"Australia": {"Australia": "12,643,365", "Wattamondara_%": "93.6", "Australia_%": "54.0", "New South Wales_%": "51.9", "Wattamondara": "190", "New South Wales": "3,884,762"}, "England": {"Australia": "1,302,147", "Wattamondara_%": "2.0", "Australia_%": "5.6", "New South Wales_%": "4.3", "Wattamondara": "4", "New South Wales": "322,472"}}, "Dwelling structure": {"Other dwelling": {"Australia": "64,425", "Wattamondara_%": "0.0", "Australia_%": "0.8", "New South Wales_%": "0.9", "Wattamondara": "0", "New South Wales": "23,580"}, "Semi-detached, row or terrace house, townhouse etc": {"Australia": "1,055,016", "Wattamondara_%": "3.7", "Australia_%": "12.7", "New South Wales_%": "12.2", "Wattamondara": "3", "New South Wales": "317,453"}, "Separate house": {"Australia": "6,041,788", "Wattamondara_%": "96.3", "Australia_%": "72.9", "New South Wales_%": "66.4", "Wattamondara": "78", "New South Wales": "1,729,820"}, "Flat or apartment": {"Australia": "1,087,434", "Wattamondara_%": "0.0", "Australia_%": "13.1", "New South Wales_%": "19.9", "Wattamondara": "0", "New South Wales": "519,390"}}, "Number of bedrooms": {"1 bedroom": {"Australia": "411,252", "Wattamondara_%": "3.6", "Australia_%": "5.0", "New South Wales_%": "6.0", "Wattamondara": "3", "New South Wales": "157,194"}, "3 bedrooms": {"Australia": "3,403,190", "Wattamondara_%": "46.4", "Australia_%": "41.1", "New South Wales_%": "37.2", "Wattamondara": "39", "New South Wales": "970,001"}, "Average number of people per household": {"Australia": "2.6", "Wattamondara_%": "--", "Australia_%": "--", "New South Wales_%": "--", "Wattamondara": "2.2", "New South Wales": "2.6"}, "2 bedrooms": {"Australia": "1,562,759", "Wattamondara_%": "17.9", "Australia_%": "18.9", "New South Wales_%": "22.2", "Wattamondara": "15", "New South Wales": "577,675"}, "4 or more bedrooms": {"Australia": "2,670,758", "Wattamondara_%": "26.2", "Australia_%": "32.2", "New South Wales_%": "31.3", "Wattamondara": "22", "New South Wales": "816,405"}, "None (includes bedsitters)": {"Australia": "39,769", "Wattamondara_%": "0.0", "Australia_%": "0.5", "New South Wales_%": "0.7", "Wattamondara": "0", "New South Wales": "17,157"}, "Number of bedrooms not stated": {"Australia": "198,351", "Wattamondara_%": "6.0", "Australia_%": "2.4", "New South Wales_%": "2.5", "Wattamondara": "5", "New South Wales": "65,888"}, "Average number of bedrooms per dwelling": {"Australia": "3.1", "Wattamondara_%": "--", "Australia_%": "--", "New South Wales_%": "--", "Wattamondara": "3", "New South Wales": "3"}}, "summaryTable_qsFamilies": {"for all families": "0.6", "for families with children": "1.6", "Families": "58", "Average children per family": "None"}, "People characteristics": {"Male": {"Australia": "322,171", "Wattamondara_%": "100.0", "Australia_%": "49.6", "New South Wales_%": "49.7", "Wattamondara": "6", "New South Wales": "107,368"}, "Median age": {"Australia": "23", "Wattamondara_%": "--", "Australia_%": "--", "New South Wales_%": "--", "Wattamondara": "53", "New South Wales": "22"}, "Female": {"Australia": "326,996", "Wattamondara_%": "0.0", "Australia_%": "50.4", "New South Wales_%": "50.3", "Wattamondara": "0", "New South Wales": "108,809"}}, "Dwelling count": {"Unoccupied private dwellings": {"Australia": "1,039,874", "Wattamondara_%": "11.0", "Australia_%": "11.2", "New South Wales_%": "9.9", "Wattamondara": "10", "New South Wales": "284,741"}, "Occupied private dwellings": {"Australia": "8,286,073", "Wattamondara_%": "89.0", "Australia_%": "88.8", "New South Wales_%": "90.1", "Wattamondara": "81", "New South Wales": "2,604,320"}}, "Level of highest educational attainment": {"Certificate level III": {"Australia": "2,442,203", "Wattamondara_%": "25.3", "Australia_%": "12.8", "New South Wales_%": "12.0", "Wattamondara": "40", "New South Wales": "730,498"}, "Certificate level II": {"Australia": "13,454", "Wattamondara_%": "0.0", "Australia_%": "0.1", "New South Wales_%": "0.1", "Wattamondara": "0", "New South Wales": "4,849"}, "No educational attainment": {"Australia": "145,844", "Wattamondara_%": "0.0", "Australia_%": "0.8", "New South Wales_%": "0.9", "Wattamondara": "0", "New South Wales": "54,870"}, "Bachelor Degree level and above": {"Australia": "4,181,406", "Wattamondara_%": "8.9", "Australia_%": "22.0", "New South Wales_%": "23.4", "Wattamondara": "14", "New South Wales": "1,424,716"}, "Certificate level I": {"Australia": "2,176", "Wattamondara_%": "0.0", "Australia_%": "0.0", "New South Wales_%": "0.0", "Wattamondara": "0", "New South Wales": "625"}, "Year 11": {"Australia": "941,531", "Wattamondara_%": "1.9", "Australia_%": "4.9", "New South Wales_%": "3.3", "Wattamondara": "3", "New South Wales": "203,574"}, "Not stated": {"Australia": "1,974,794", "Wattamondara_%": "8.9", "Australia_%": "10.4", "New South Wales_%": "10.3", "Wattamondara": "14", "New South Wales": "627,465"}, "Year 9 or below": {"Australia": "1,529,897", "Wattamondara_%": "9.5", "Australia_%": "8.0", "New South Wales_%": "8.4", "Wattamondara": "15", "New South Wales": "513,209"}, "Certificate level IV": {"Australia": "551,767", "Wattamondara_%": "2.5", "Australia_%": "2.9", "New South Wales_%": "2.8", "Wattamondara": "4", "New South Wales": "167,947"}, "Year 10": {"Australia": "2,054,331", "Wattamondara_%": "23.4", "Australia_%": "10.8", "New South Wales_%": "11.5", "Wattamondara": "37", "New South Wales": "702,178"}, "Year 12": {"Australia": "2,994,097", "Wattamondara_%": "10.1", "Australia_%": "15.7", "New South Wales_%": "15.3", "Wattamondara": "16", "New South Wales": "930,654"}, "Advanced Diploma and Diploma level": {"Australia": "1,687,893", "Wattamondara_%": "8.9", "Australia_%": "8.9", "New South Wales_%": "8.9", "Wattamondara": "14", "New South Wales": "543,142"}}, "Median weekly incomes": {"Personal": {"Australia": "662", "Wattamondara_%": "--", "Australia_%": "--", "New South Wales_%": "--", "Wattamondara": "564", "New South Wales": "664"}, "Household": {"Australia": "1,438", "Wattamondara_%": "--", "Australia_%": "--", "New South Wales_%": "--", "Wattamondara": "1,062", "New South Wales": "1,486"}, "Family": {"Australia": "1,734", "Wattamondara_%": "--", "Australia_%": "--", "New South Wales_%": "--", "Wattamondara": "1,468", "New South Wales": "1,780"}}, "Family composition": {"Other family": {"Australia": "102,559", "Wattamondara_%": "0.0", "Australia_%": "1.7", "New South Wales_%": "1.7", "Wattamondara": "0", "New South Wales": "32,438"}, "Couple family with children": {"Australia": "2,716,224", "Wattamondara_%": "38.3", "Australia_%": "44.7", "New South Wales_%": "45.7", "Wattamondara": "23", "New South Wales": "887,358"}, "Couple family without children": {"Australia": "2,291,987", "Wattamondara_%": "43.3", "Australia_%": "37.8", "New South Wales_%": "36.6", "Wattamondara": "26", "New South Wales": "709,524"}, "One parent family": {"Australia": "959,543", "Wattamondara_%": "18.3", "Australia_%": "15.8", "New South Wales_%": "16.0", "Wattamondara": "11", "New South Wales": "310,906"}}, "Dwelling internet connection": {"Not stated": {"Australia": "221,494", "Wattamondara_%": "0.0", "Australia_%": "2.7", "New South Wales_%": "2.8", "Wattamondara": "0", "New South Wales": "73,565"}, "Internet not accessed from dwelling": {"Australia": "1,172,415", "Wattamondara_%": "28.9", "Australia_%": "14.1", "New South Wales_%": "14.7", "Wattamondara": "24", "New South Wales": "381,709"}, "Internet accessed from dwelling": {"Australia": "6,892,165", "Wattamondara_%": "71.1", "Australia_%": "83.2", "New South Wales_%": "82.5", "Wattamondara": "59", "New South Wales": "2,149,040"}}, "Social marital status": {"Not married": {"Australia": "7,024,973", "Wattamondara_%": "41.0", "Australia_%": "41.9", "New South Wales_%": "42.3", "Wattamondara": "66", "New South Wales": "2,290,887"}, "De facto marriage": {"Australia": "1,751,731", "Wattamondara_%": "13.0", "Australia_%": "10.4", "New South Wales_%": "9.4", "Wattamondara": "21", "New South Wales": "506,133"}, "Registered marriage": {"Australia": "8,001,141", "Wattamondara_%": "46.0", "Australia_%": "47.7", "New South Wales_%": "48.3", "Wattamondara": "74", "New South Wales": "2,612,630"}}, "Household composition": {"Family households": {"Australia": "5,907,625", "Wattamondara_%": "70.7", "Australia_%": "71.3", "New South Wales_%": "72.0", "Wattamondara": "58", "New South Wales": "1,874,524"}, "Group households": {"Australia": "354,917", "Wattamondara_%": "0.0", "Australia_%": "4.3", "New South Wales_%": "4.2", "Wattamondara": "0", "New South Wales": "109,004"}, "Single (or lone) person households": {"Australia": "2,023,542", "Wattamondara_%": "29.3", "Australia_%": "24.4", "New South Wales_%": "23.8", "Wattamondara": "24", "New South Wales": "620,778"}}, "People": {"Male": {"Australia": "11,546,638", "Wattamondara_%": "51.0", "Australia_%": "49.3", "New South Wales_%": "49.3", "Wattamondara": "105", "New South Wales": "3,686,014"}, "Aboriginal and/or Torres Strait Islander people": {"Australia": "649,171", "Wattamondara_%": "4.2", "Australia_%": "2.8", "New South Wales_%": "2.9", "Wattamondara": "9", "New South Wales": "216,176"}, "Female": {"Australia": "11,855,248", "Wattamondara_%": "49.0", "Australia_%": "50.7", "New South Wales_%": "50.7", "Wattamondara": "101", "New South Wales": "3,794,217"}}, "Language, top responses (other than English)": {"null": {"Australia": "None", "Wattamondara_%": null, "Australia_%": "None", "New South Wales_%": "None", "Wattamondara": null, "New South Wales": "None"}, "English only spoken at home": {"Australia": "17,020,417", "Wattamondara_%": "96.7", "Australia_%": "72.7", "New South Wales_%": "68.5", "Wattamondara": "205", "New South Wales": "5,126,633"}}, "summaryTable_qsDwelling": {"Median monthly mortgage repayments": "$910", "All private dwellings": "97", "Average people per household": "2.2", "Median weekly household income": "$1,062", "Median weekly rent": "$125", "Average motor vehicles per dwelling": "2"}, "Household income": {"Less than $650 gross weekly income": {"Australia": "--", "Wattamondara_%": "22.2", "Australia_%": "20.0", "New South Wales_%": "19.7", "Wattamondara": "--", "New South Wales": "--"}, "More than $3000 gross weekly income": {"Australia": "--", "Wattamondara_%": "5.6", "Australia_%": "16.4", "New South Wales_%": "18.7", "Wattamondara": "--", "New South Wales": "--"}}, "Country of birth": {"Other top responses": {"Wattamondara": "None", "Wattamondara_%": "None"}, "Australia": {"Australia": "15,614,835", "Wattamondara_%": "96.1", "Australia_%": "66.7", "New South Wales_%": "65.5", "Wattamondara": "196", "New South Wales": "4,899,090"}}, "Religious affiliation, top responses": {"No Religion, so described": {"Australia": "6,933,708", "Wattamondara_%": "21.4", "Australia_%": "29.6", "New South Wales_%": "25.1", "Wattamondara": "43", "New South Wales": "1,879,562"}, "Anglican": {"Australia": "3,101,185", "Wattamondara_%": "34.3", "Australia_%": "13.3", "New South Wales_%": "15.5", "Wattamondara": "69", "New South Wales": "1,161,810"}, "Not stated": {"Australia": "2,238,735", "Wattamondara_%": "7.0", "Australia_%": "9.6", "New South Wales_%": "9.2", "Wattamondara": "14", "New South Wales": "684,969"}, "Presbyterian and Reformed": {"Australia": "526,689", "Wattamondara_%": "5.0", "Australia_%": "2.3", "New South Wales_%": "2.5", "Wattamondara": "10", "New South Wales": "188,330"}, "Catholic": {"Australia": "5,291,834", "Wattamondara_%": "22.9", "Australia_%": "22.6", "New South Wales_%": "24.7", "Wattamondara": "46", "New South Wales": "1,846,443"}}, "Ancestry, top responses": {"Austrian": {"Australia": "44,411", "Wattamondara_%": "1.5", "Australia_%": "0.1", "New South Wales_%": "0.1", "Wattamondara": "4", "New South Wales": "14,802"}, "Australian": {"Australia": "7,298,243", "Wattamondara_%": "38.5", "Australia_%": "23.3", "New South Wales_%": "22.9", "Wattamondara": "104", "New South Wales": "2,261,062"}, "Scottish": {"Australia": "2,023,470", "Wattamondara_%": "7.0", "Australia_%": "6.4", "New South Wales_%": "5.9", "Wattamondara": "19", "New South Wales": "587,052"}, "Irish": {"Australia": "2,388,058", "Wattamondara_%": "8.5", "Australia_%": "7.6", "New South Wales_%": "7.5", "Wattamondara": "23", "New South Wales": "741,671"}, "English": {"Australia": "7,852,224", "Wattamondara_%": "40.0", "Australia_%": "25.0", "New South Wales_%": "23.3", "Wattamondara": "108", "New South Wales": "2,302,481"}}, "Age": {"35-39 years": {"Australia": "1,561,679", "Wattamondara_%": "6.1", "Australia_%": "6.7", "New South Wales_%": "6.7", "Wattamondara": "12", "New South Wales": "499,724"}, "60-64 years": {"Australia": "1,299,397", "Wattamondara_%": "6.6", "Australia_%": "5.6", "New South Wales_%": "5.6", "Wattamondara": "13", "New South Wales": "420,044"}, "30-34 years": {"Australia": "1,703,847", "Wattamondara_%": "2.5", "Australia_%": "7.3", "New South Wales_%": "7.2", "Wattamondara": "5", "New South Wales": "540,360"}, "0-4 years": {"Australia": "1,464,779", "Wattamondara_%": "2.5", "Australia_%": "6.3", "New South Wales_%": "6.2", "Wattamondara": "5", "New South Wales": "465,135"}, "25-29 years": {"Australia": "1,664,602", "Wattamondara_%": "2.0", "Australia_%": "7.1", "New South Wales_%": "7.0", "Wattamondara": "4", "New South Wales": "527,161"}, "10-14 years": {"Australia": "1,397,183", "Wattamondara_%": "10.2", "Australia_%": "6.0", "New South Wales_%": "5.9", "Wattamondara": "20", "New South Wales": "443,009"}, "5-9 years": {"Australia": "1,502,646", "Wattamondara_%": "7.6", "Australia_%": "6.4", "New South Wales_%": "6.4", "Wattamondara": "15", "New South Wales": "478,184"}, "Median age": {"Australia": "38", "Wattamondara_%": "--", "Australia_%": "--", "New South Wales_%": "--", "Wattamondara": "45", "New South Wales": "38"}, "50-54 years": {"Australia": "1,523,551", "Wattamondara_%": "9.6", "Australia_%": "6.5", "New South Wales_%": "6.5", "Wattamondara": "19", "New South Wales": "485,546"}, "80-84 years": {"Australia": "460,549", "Wattamondara_%": "3.6", "Australia_%": "2.0", "New South Wales_%": "2.1", "Wattamondara": "7", "New South Wales": "155,806"}, "40-44 years": {"Australia": "1,583,257", "Wattamondara_%": "6.1", "Australia_%": "6.8", "New South Wales_%": "6.7", "Wattamondara": "12", "New South Wales": "503,169"}, "70-74 years": {"Australia": "887,716", "Wattamondara_%": "3.6", "Australia_%": "3.8", "New South Wales_%": "3.9", "Wattamondara": "7", "New South Wales": "292,556"}, "15-19 years": {"Australia": "1,421,595", "Wattamondara_%": "7.1", "Australia_%": "6.1", "New South Wales_%": "6.0", "Wattamondara": "14", "New South Wales": "448,425"}, "65-69 years": {"Australia": "1,188,999", "Wattamondara_%": "5.6", "Australia_%": "5.1", "New South Wales_%": "5.1", "Wattamondara": "11", "New South Wales": "384,470"}, "20-24 years": {"Australia": "1,566,793", "Wattamondara_%": "5.6", "Australia_%": "6.7", "New South Wales_%": "6.5", "Wattamondara": "11", "New South Wales": "489,673"}, "55-59 years": {"Australia": "1,454,332", "Wattamondara_%": "6.6", "Australia_%": "6.2", "New South Wales_%": "6.3", "Wattamondara": "13", "New South Wales": "469,726"}, "75-79 years": {"Australia": "652,657", "Wattamondara_%": "5.6", "Australia_%": "2.8", "New South Wales_%": "2.9", "Wattamondara": "11", "New South Wales": "217,308"}, "45-49 years": {"Australia": "1,581,455", "Wattamondara_%": "9.1", "Australia_%": "6.8", "New South Wales_%": "6.6", "Wattamondara": "18", "New South Wales": "492,440"}, "85 years and over": {"Australia": "486,842", "Wattamondara_%": "0.0", "Australia_%": "2.1", "New South Wales_%": "2.2", "Wattamondara": "0", "New South Wales": "167,506"}}, "Single (or lone) parents": {"Male": {"Australia": "--", "Wattamondara_%": "40.0", "Australia_%": "18.2", "New South Wales_%": "17.8", "Wattamondara": "--", "New South Wales": "--"}, "Female": {"Australia": "--", "Wattamondara_%": "60.0", "Australia_%": "81.8", "New South Wales_%": "82.2", "Wattamondara": "--", "New South Wales": "--"}}, "Mortgage monthly repayments": {"Median mortgage repayments": {"Australia": "1,755", "Wattamondara_%": "--", "Australia_%": "--", "New South Wales_%": "--", "Wattamondara": "910", "New South Wales": "1,986"}, "Households where mortgage repayments are less than 30% of household income": {"Australia": "--", "Wattamondara_%": "96.3", "Australia_%": "92.8", "New South Wales_%": "92.6", "Wattamondara": "--", "New South Wales": "--"}, "Households with mortgage repayments greater than or equal to 30% of household income": {"Australia": "--", "Wattamondara_%": "3.7", "Australia_%": "7.2", "New South Wales_%": "7.4", "Wattamondara": "--", "New South Wales": "--"}}, "Mortgage and rent": {"Median monthly mortgage repayments": {"Australia": "1,660", "Wattamondara_%": "--", "Australia_%": "--", "New South Wales_%": "--", "Wattamondara": "0", "New South Wales": "1,733"}, "Median weekly rent": {"Australia": "250", "Wattamondara_%": "--", "Australia_%": "--", "New South Wales_%": "--", "Wattamondara": "0", "New South Wales": "270"}}, "Tenure": {"Rented": {"Australia": "2,561,302", "Wattamondara_%": "13.8", "Australia_%": "30.9", "New South Wales_%": "31.8", "Wattamondara": "12", "New South Wales": "826,922"}, "Owned outright": {"Australia": "2,565,695", "Wattamondara_%": "33.3", "Australia_%": "31.0", "New South Wales_%": "32.2", "Wattamondara": "29", "New South Wales": "839,665"}, "Owned with a mortgage": {"Australia": "2,855,222", "Wattamondara_%": "43.7", "Australia_%": "34.5", "New South Wales_%": "32.3", "Wattamondara": "38", "New South Wales": "840,004"}, "Tenure type not stated": {"Australia": "224,869", "Wattamondara_%": "5.7", "Australia_%": "2.7", "New South Wales_%": "2.8", "Wattamondara": "5", "New South Wales": "73,763"}, "Other tenure type": {"Australia": "78,994", "Wattamondara_%": "3.4", "Australia_%": "1.0", "New South Wales_%": "0.9", "Wattamondara": "3", "New South Wales": "23,968"}}, "Country of birth of father, stated responses": {"Australia": {"Australia": "12,231,150", "Wattamondara_%": "95.9", "Australia_%": "52.3", "New South Wales_%": "50.1", "Wattamondara": "189", "New South Wales": "3,745,787"}, "England": {"Australia": "1,403,096", "Wattamondara_%": "2.0", "Australia_%": "6.0", "New South Wales_%": "4.8", "Wattamondara": "4", "New South Wales": "359,370"}}, "Country of birth of father and/or mother, stated responses": {"Father only born overseas": {"Australia": "1,488,092", "Wattamondara_%": "3.8", "Australia_%": "6.4", "New South Wales_%": "6.1", "Wattamondara": "8", "New South Wales": "458,394"}, "Mother only born overseas": {"Australia": "1,094,591", "Wattamondara_%": "1.9", "Australia_%": "4.7", "New South Wales_%": "4.3", "Wattamondara": "4", "New South Wales": "325,182"}, "Both parents born overseas": {"Australia": "8,051,196", "Wattamondara_%": "5.7", "Australia_%": "34.4", "New South Wales_%": "37.0", "Wattamondara": "12", "New South Wales": "2,764,170"}, "Both parents born in Australia": {"Australia": "11,070,538", "Wattamondara_%": "85.4", "Australia_%": "47.3", "New South Wales_%": "45.4", "Wattamondara": "181", "New South Wales": "3,399,725"}}, "Rent weekly payments": {"Households where rent payments are less than 30% of household income": {"Australia": "--", "Wattamondara_%": "100.0", "Australia_%": "88.5", "New South Wales_%": "87.1", "Wattamondara": "--", "New South Wales": "--"}, "Households with rent payments greater than or equal to 30% of household income": {"Australia": "--", "Wattamondara_%": "0.0", "Australia_%": "11.5", "New South Wales_%": "12.9", "Wattamondara": "--", "New South Wales": "--"}, "Median rent": {"Australia": "335", "Wattamondara_%": "--", "Australia_%": "--", "New South Wales_%": "--", "Wattamondara": "125", "New South Wales": "380"}}, "Registered marital status": {"Separated": {"Australia": "608,059", "Wattamondara_%": "3.4", "Australia_%": "3.2", "New South Wales_%": "3.1", "Wattamondara": "6", "New South Wales": "190,198"}, "Widowed": {"Australia": "985,204", "Wattamondara_%": "4.6", "Australia_%": "5.2", "New South Wales_%": "5.4", "Wattamondara": "8", "New South Wales": "331,653"}, "Married": {"Australia": "9,148,218", "Wattamondara_%": "47.4", "Australia_%": "48.1", "New South Wales_%": "48.7", "Wattamondara": "83", "New South Wales": "2,965,280"}, "Divorced": {"Australia": "1,626,890", "Wattamondara_%": "12.6", "Australia_%": "8.5", "New South Wales_%": "8.4", "Wattamondara": "22", "New South Wales": "512,298"}, "Never married": {"Australia": "6,668,910", "Wattamondara_%": "32.0", "Australia_%": "35.0", "New South Wales_%": "34.4", "Wattamondara": "56", "New South Wales": "2,094,460"}}, "summaryTable_qsPeople": {"Male": "51%", "Median age": "45", "Female": "49%", "People": "213"}, "Dwelling characteristics": {"Average number of people per household": {"Australia": "3.2", "Wattamondara_%": "--", "Australia_%": "--", "New South Wales_%": "--", "Wattamondara": "1", "New South Wales": "3.1"}, "Average number of persons per bedroom": {"Australia": "1", "Wattamondara_%": "--", "Australia_%": "--", "New South Wales_%": "--", "Wattamondara": "0.3", "New South Wales": "1"}, "Median weekly household income": {"Australia": "1,203", "Wattamondara_%": "--", "Australia_%": "--", "New South Wales_%": "--", "Wattamondara": "574", "New South Wales": "1,214"}}, "Unpaid work": {"Did unpaid domestic work (last week)": {"Australia": "13,143,914", "Wattamondara_%": "80.1", "Australia_%": "69.0", "New South Wales_%": "67.7", "Wattamondara": "133", "New South Wales": "4,127,723"}, "Provided unpaid assistance to a person with a disability (last two weeks)": {"Australia": "2,145,203", "Wattamondara_%": "20.2", "Australia_%": "11.3", "New South Wales_%": "11.6", "Wattamondara": "34", "New South Wales": "709,415"}, "Did voluntary work through an organisation or group (last 12 months)": {"Australia": "3,620,726", "Wattamondara_%": "29.9", "Australia_%": "19.0", "New South Wales_%": "18.1", "Wattamondara": "50", "New South Wales": "1,103,790"}, "Cared for child/children (last two weeks)": {"Australia": "5,259,400", "Wattamondara_%": "25.0", "Australia_%": "27.6", "New South Wales_%": "27.2", "Wattamondara": "42", "New South Wales": "1,659,250"}}, "Unpaid domestic work, number of hours": {"5 to 14 hours per week": {"Australia": "4,944,578", "Wattamondara_%": "26.7", "Australia_%": "26.0", "New South Wales_%": "25.1", "Wattamondara": "44", "New South Wales": "1,531,206"}, "30 hours or more per week": {"Australia": "1,710,970", "Wattamondara_%": "15.2", "Australia_%": "9.0", "New South Wales_%": "9.0", "Wattamondara": "25", "New South Wales": "545,925"}, "Less than 5 hours per week": {"Australia": "4,298,593", "Wattamondara_%": "20.0", "Australia_%": "22.6", "New South Wales_%": "22.3", "Wattamondara": "33", "New South Wales": "1,359,656"}, "15 to 29 hours per week": {"Australia": "2,189,776", "Wattamondara_%": "18.2", "Australia_%": "11.5", "New South Wales_%": "11.3", "Wattamondara": "30", "New South Wales": "690,934"}}, "Industry of employment, top responses": {"Primary Education": {"Australia": "231,198", "Wattamondara_%": "6.5", "Australia_%": "2.2", "New South Wales_%": "1.9", "Wattamondara": "5", "New South Wales": "65,204"}, "Sheep Farming (Specialised)": {"Australia": "18,197", "Wattamondara_%": "9.1", "Australia_%": "0.2", "New South Wales_%": "0.2", "Wattamondara": "7", "New South Wales": "6,728"}, "Agricultural Machinery and Equipment Manufacturing": {"Australia": "2,163", "Wattamondara_%": "6.5", "Australia_%": "0.0", "New South Wales_%": "0.0", "Wattamondara": "5", "New South Wales": "517"}, "Dairy Cattle Farming": {"Australia": "20,326", "Wattamondara_%": "9.1", "Australia_%": "0.2", "New South Wales_%": "0.1", "Wattamondara": "7", "New South Wales": "3,271"}, "Supermarket and Grocery Stores": {"Australia": "254,275", "Wattamondara_%": "9.1", "Australia_%": "2.4", "New South Wales_%": "2.2", "Wattamondara": "7", "New South Wales": "74,487"}}, "GeoInfo": {"city": "Wattamondara"}, "Education": {"University or tertiary institution": {"Australia": "1,160,626", "Wattamondara_%": "4.5", "Australia_%": "16.1", "New South Wales_%": "16.2", "Wattamondara": "3", "New South Wales": "376,133"}, "Secondary - Catholic": {"Australia": "338,384", "Wattamondara_%": "7.5", "Australia_%": "4.7", "New South Wales_%": "5.1", "Wattamondara": "5", "New South Wales": "117,689"}, "Secondary - other non Government": {"Australia": "280,618", "Wattamondara_%": "0.0", "Australia_%": "3.9", "New South Wales_%": "3.4", "Wattamondara": "0", "New South Wales": "79,915"}, "Primary - Catholic": {"Australia": "380,604", "Wattamondara_%": "16.4", "Australia_%": "5.3", "New South Wales_%": "5.3", "Wattamondara": "11", "New South Wales": "122,099"}, "Primary - Government": {"Australia": "1,314,787", "Wattamondara_%": "22.4", "Australia_%": "18.2", "New South Wales_%": "18.0", "Wattamondara": "15", "New South Wales": "417,465"}, "Other": {"Australia": "198,383", "Wattamondara_%": "0.0", "Australia_%": "2.8", "New South Wales_%": "2.7", "Wattamondara": "0", "New South Wales": "63,673"}, "Technical or further education institution": {"Australia": "424,869", "Wattamondara_%": "9.0", "Australia_%": "5.9", "New South Wales_%": "6.2", "Wattamondara": "6", "New South Wales": "144,103"}, "Secondary - Government": {"Australia": "827,505", "Wattamondara_%": "16.4", "Australia_%": "11.5", "New South Wales_%": "11.6", "Wattamondara": "11", "New South Wales": "269,249"}, "Primary - other non Government": {"Australia": "231,490", "Wattamondara_%": "7.5", "Australia_%": "3.2", "New South Wales_%": "2.9", "Wattamondara": "5", "New South Wales": "67,611"}, "Not stated": {"Australia": "1,707,023", "Wattamondara_%": "10.4", "Australia_%": "23.7", "New South Wales_%": "23.0", "Wattamondara": "7", "New South Wales": "535,266"}, "Preschool": {"Australia": "347,621", "Wattamondara_%": "6.0", "Australia_%": "4.8", "New South Wales_%": "5.7", "Wattamondara": "4", "New South Wales": "132,047"}}, "Employment": {"Unemployed": {"Australia": "787,452", "Wattamondara_%": "5.1", "Australia_%": "6.9", "New South Wales_%": "6.3", "Wattamondara": "5", "New South Wales": "225,546"}, "Worked part-time": {"Australia": "3,491,503", "Wattamondara_%": "27.6", "Australia_%": "30.4", "New South Wales_%": "29.7", "Wattamondara": "27", "New South Wales": "1,071,151"}, "Away from work": {"Australia": "569,276", "Wattamondara_%": "8.2", "Australia_%": "5.0", "New South Wales_%": "4.8", "Wattamondara": "8", "New South Wales": "174,654"}, "Worked full-time": {"Australia": "6,623,065", "Wattamondara_%": "59.2", "Australia_%": "57.7", "New South Wales_%": "59.2", "Wattamondara": "58", "New South Wales": "2,134,521"}}, "Travel to work, top responses": {"Worked at home": {"Australia": "503,582", "Wattamondara_%": "10.1", "Australia_%": "4.7", "New South Wales_%": "4.8", "Wattamondara": "9", "New South Wales": "163,026"}, "People who travelled to work by car as driver or passenger": {"Australia": "7,305,271", "Wattamondara_%": "80.9", "Australia_%": "68.4", "New South Wales_%": "64.6", "Wattamondara": "72", "New South Wales": "2,182,854"}, "null": {"Australia": "None", "Wattamondara_%": null, "Australia_%": "None", "New South Wales_%": "None", "Wattamondara": null, "New South Wales": "None"}, "Car, as driver": {"Australia": "6,574,571", "Wattamondara_%": "73.0", "Australia_%": "61.5", "New South Wales_%": "57.8", "Wattamondara": "65", "New South Wales": "1,953,399"}, "Motorbike/scooter": {"Australia": "64,580", "Wattamondara_%": "3.4", "Australia_%": "0.6", "New South Wales_%": "0.6", "Wattamondara": "3", "New South Wales": "21,159"}, "Car, as passenger": {"Australia": "489,922", "Wattamondara_%": "5.6", "Australia_%": "4.6", "New South Wales_%": "4.3", "Wattamondara": "5", "New South Wales": "144,820"}}, "Occupation": {"Professionals": {"Australia": "2,370,966", "Wattamondara_%": "10.1", "Australia_%": "22.2", "New South Wales_%": "23.6", "Wattamondara": "9", "New South Wales": "798,126"}, "Managers": {"Australia": "1,390,047", "Wattamondara_%": "14.6", "Australia_%": "13.0", "New South Wales_%": "13.5", "Wattamondara": "13", "New South Wales": "456,084"}, "Labourers": {"Australia": "1,011,520", "Wattamondara_%": "23.6", "Australia_%": "9.5", "New South Wales_%": "8.8", "Wattamondara": "21", "New South Wales": "297,887"}, "Clerical and Administrative Workers": {"Australia": "1,449,681", "Wattamondara_%": "11.2", "Australia_%": "13.6", "New South Wales_%": "13.8", "Wattamondara": "10", "New South Wales": "467,977"}, "Machinery Operators and Drivers": {"Australia": "670,106", "Wattamondara_%": "5.6", "Australia_%": "6.3", "New South Wales_%": "6.1", "Wattamondara": "5", "New South Wales": "206,839"}, "Community and Personal Service Workers": {"Australia": "1,157,003", "Wattamondara_%": "7.9", "Australia_%": "10.8", "New South Wales_%": "10.4", "Wattamondara": "7", "New South Wales": "350,261"}, "Sales Workers": {"Australia": "1,000,955", "Wattamondara_%": "10.1", "Australia_%": "9.4", "New South Wales_%": "9.2", "Wattamondara": "9", "New South Wales": "311,414"}, "Technicians and Trades Workers": {"Australia": "1,447,414", "Wattamondara_%": "16.9", "Australia_%": "13.5", "New South Wales_%": "12.7", "Wattamondara": "15", "New South Wales": "429,239"}}}