{"Employment - hours worked": {"40 hours or more per week": {"Wolli Creek": "1,707", "Australia": "4,591,801", "Australia_%": "43.0", "New South Wales_%": "44.1", "Wolli Creek_%": "44.3", "New South Wales": "1,489,099"}, "25-34 hours per week": {"Wolli Creek": "264", "Australia": "1,193,445", "Australia_%": "11.2", "New South Wales_%": "10.5", "Wolli Creek_%": "6.8", "New South Wales": "353,702"}, "16-24 hours per week": {"Wolli Creek": "608", "Australia": "1,079,236", "Australia_%": "10.1", "New South Wales_%": "10.4", "Wolli Creek_%": "15.8", "New South Wales": "352,817"}, "35-39 hours per week": {"Wolli Creek": "860", "Australia": "2,031,263", "Australia_%": "19.0", "New South Wales_%": "19.1", "Wolli Creek_%": "22.3", "New South Wales": "645,428"}, "1-15 hours per week": {"Wolli Creek": "238", "Australia": "1,218,823", "Australia_%": "11.4", "New South Wales_%": "10.8", "Wolli Creek_%": "6.2", "New South Wales": "364,637"}}, "Number of registered motor vehicles": {"2 motor vehicles": {"Wolli Creek": "343", "Australia": "2,999,184", "Australia_%": "36.2", "New South Wales_%": "34.1", "Wolli Creek_%": "13.9", "New South Wales": "887,849"}, "None": {"Wolli Creek": "644", "Australia": "623,829", "Australia_%": "7.5", "New South Wales_%": "9.2", "Wolli Creek_%": "26.1", "New South Wales": "239,625"}, "Number of motor vehicles not stated": {"Wolli Creek": "109", "Australia": "285,197", "Australia_%": "3.4", "New South Wales_%": "3.7", "Wolli Creek_%": "4.4", "New South Wales": "95,623"}, "1 motor vehicle": {"Wolli Creek": "1,321", "Australia": "2,881,485", "Australia_%": "34.8", "New South Wales_%": "36.3", "Wolli Creek_%": "53.5", "New South Wales": "946,159"}, "3 or more vehicles": {"Wolli Creek": "54", "Australia": "1,496,382", "Australia_%": "18.1", "New South Wales_%": "16.7", "Wolli Creek_%": "2.2", "New South Wales": "435,053"}}, "Employment status of parents in couple families": {"Labour force status not stated (by one or both parents in a couple family)": {"Wolli Creek": "76", "Australia": "311,381", "Australia_%": "6.2", "New South Wales_%": "5.7", "Wolli Creek_%": "5.6", "New South Wales": "90,630"}, "One employed full-time, one part-time": {"Wolli Creek": "202", "Australia": "1,086,460", "Australia_%": "21.7", "New South Wales_%": "20.6", "Wolli Creek_%": "14.8", "New South Wales": "329,567"}, "One employed part-time, other not working": {"Wolli Creek": "83", "Australia": "302,037", "Australia_%": "6.0", "New South Wales_%": "6.1", "Wolli Creek_%": "6.1", "New South Wales": "96,933"}, "Other (includes away from work)": {"Wolli Creek": "84", "Australia": "264,145", "Australia_%": "5.3", "New South Wales_%": "5.1", "Wolli Creek_%": "6.2", "New South Wales": "80,905"}, "Both employed, worked full-time": {"Wolli Creek": "497", "Australia": "1,084,006", "Australia_%": "21.6", "New South Wales_%": "22.6", "Wolli Creek_%": "36.4", "New South Wales": "360,916"}, "One employed full-time, other not working": {"Wolli Creek": "178", "Australia": "749,886", "Australia_%": "15.0", "New South Wales_%": "15.0", "Wolli Creek_%": "13.0", "New South Wales": "240,084"}, "Both employed, worked part-time": {"Wolli Creek": "96", "Australia": "203,596", "Australia_%": "4.1", "New South Wales_%": "4.0", "Wolli Creek_%": "7.0", "New South Wales": "63,106"}, "Both not working": {"Wolli Creek": "149", "Australia": "1,006,697", "Australia_%": "20.1", "New South Wales_%": "21.0", "Wolli Creek_%": "10.9", "New South Wales": "334,742"}}, "Country of birth of mother, stated responses": {"Brazil": {"Wolli Creek": "275", "Australia": "32,805", "Australia_%": "0.1", "New South Wales_%": "0.2", "Wolli Creek_%": "4.3", "New South Wales": "14,587"}, "Australia": {"Wolli Creek": "710", "Australia": "12,643,365", "Australia_%": "54.0", "New South Wales_%": "51.9", "Wolli Creek_%": "11.1", "New South Wales": "3,884,762"}, "China (excludes SARs and Taiwan)": {"Wolli Creek": "1,731", "Australia": "699,074", "Australia_%": "3.0", "New South Wales_%": "4.4", "Wolli Creek_%": "27.2", "New South Wales": "329,967"}, "Indonesia": {"Wolli Creek": "243", "Australia": "103,023", "Australia_%": "0.4", "New South Wales_%": "0.6", "Wolli Creek_%": "3.8", "New South Wales": "44,383"}, "Mongolia": {"Wolli Creek": "322", "Australia": "2,559", "Australia_%": "0.0", "New South Wales_%": "0.0", "Wolli Creek_%": "5.1", "New South Wales": "1,697"}}, "Dwelling structure": {"Other dwelling": {"Wolli Creek": "0", "Australia": "64,425", "Australia_%": "0.8", "New South Wales_%": "0.9", "Wolli Creek_%": "0.0", "New South Wales": "23,580"}, "Semi-detached, row or terrace house, townhouse etc": {"Wolli Creek": "11", "Australia": "1,055,016", "Australia_%": "12.7", "New South Wales_%": "12.2", "Wolli Creek_%": "0.4", "New South Wales": "317,453"}, "Separate house": {"Wolli Creek": "32", "Australia": "6,041,788", "Australia_%": "72.9", "New South Wales_%": "66.4", "Wolli Creek_%": "1.3", "New South Wales": "1,729,820"}, "Flat or apartment": {"Wolli Creek": "2,415", "Australia": "1,087,434", "Australia_%": "13.1", "New South Wales_%": "19.9", "Wolli Creek_%": "97.3", "New South Wales": "519,390"}}, "Number of bedrooms": {"1 bedroom": {"Wolli Creek": "663", "Australia": "411,252", "Australia_%": "5.0", "New South Wales_%": "6.0", "Wolli Creek_%": "26.8", "New South Wales": "157,194"}, "3 bedrooms": {"Wolli Creek": "257", "Australia": "3,403,190", "Australia_%": "41.1", "New South Wales_%": "37.2", "Wolli Creek_%": "10.4", "New South Wales": "970,001"}, "Average number of people per household": {"Wolli Creek": "2.4", "Australia": "2.6", "Australia_%": "--", "New South Wales_%": "--", "Wolli Creek_%": "--", "New South Wales": "2.6"}, "2 bedrooms": {"Wolli Creek": "1,449", "Australia": "1,562,759", "Australia_%": "18.9", "New South Wales_%": "22.2", "Wolli Creek_%": "58.6", "New South Wales": "577,675"}, "4 or more bedrooms": {"Wolli Creek": "14", "Australia": "2,670,758", "Australia_%": "32.2", "New South Wales_%": "31.3", "Wolli Creek_%": "0.6", "New South Wales": "816,405"}, "None (includes bedsitters)": {"Wolli Creek": "3", "Australia": "39,769", "Australia_%": "0.5", "New South Wales_%": "0.7", "Wolli Creek_%": "0.1", "New South Wales": "17,157"}, "Number of bedrooms not stated": {"Wolli Creek": "87", "Australia": "198,351", "Australia_%": "2.4", "New South Wales_%": "2.5", "Wolli Creek_%": "3.5", "New South Wales": "65,888"}, "Average number of bedrooms per dwelling": {"Wolli Creek": "1.8", "Australia": "3.1", "Australia_%": "--", "New South Wales_%": "--", "Wolli Creek_%": "--", "New South Wales": "3"}}, "summaryTable_qsFamilies": {"for all families": "0.2", "for families with children": "1.3", "Families": "1,553", "Average children per family": "None"}, "People characteristics": {"Male": {"Wolli Creek": "17", "Australia": "322,171", "Australia_%": "49.6", "New South Wales_%": "49.7", "Wolli Creek_%": "73.9", "New South Wales": "107,368"}, "Median age": {"Wolli Creek": "33", "Australia": "23", "Australia_%": "--", "New South Wales_%": "--", "Wolli Creek_%": "--", "New South Wales": "22"}, "Female": {"Wolli Creek": "6", "Australia": "326,996", "Australia_%": "50.4", "New South Wales_%": "50.3", "Wolli Creek_%": "26.1", "New South Wales": "108,809"}}, "Dwelling count": {"Unoccupied private dwellings": {"Wolli Creek": "216", "Australia": "1,039,874", "Australia_%": "11.2", "New South Wales_%": "9.9", "Wolli Creek_%": "8.0", "New South Wales": "284,741"}, "Occupied private dwellings": {"Wolli Creek": "2,481", "Australia": "8,286,073", "Australia_%": "88.8", "New South Wales_%": "90.1", "Wolli Creek_%": "92.0", "New South Wales": "2,604,320"}}, "Level of highest educational attainment": {"Certificate level III": {"Wolli Creek": "239", "Australia": "2,442,203", "Australia_%": "12.8", "New South Wales_%": "12.0", "Wolli Creek_%": "4.1", "New South Wales": "730,498"}, "Certificate level II": {"Wolli Creek": "0", "Australia": "13,454", "Australia_%": "0.1", "New South Wales_%": "0.1", "Wolli Creek_%": "0.0", "New South Wales": "4,849"}, "No educational attainment": {"Wolli Creek": "33", "Australia": "145,844", "Australia_%": "0.8", "New South Wales_%": "0.9", "Wolli Creek_%": "0.6", "New South Wales": "54,870"}, "Bachelor Degree level and above": {"Wolli Creek": "2,877", "Australia": "4,181,406", "Australia_%": "22.0", "New South Wales_%": "23.4", "Wolli Creek_%": "48.8", "New South Wales": "1,424,716"}, "Certificate level I": {"Wolli Creek": "0", "Australia": "2,176", "Australia_%": "0.0", "New South Wales_%": "0.0", "Wolli Creek_%": "0.0", "New South Wales": "625"}, "Year 11": {"Wolli Creek": "114", "Australia": "941,531", "Australia_%": "4.9", "New South Wales_%": "3.3", "Wolli Creek_%": "1.9", "New South Wales": "203,574"}, "Not stated": {"Wolli Creek": "572", "Australia": "1,974,794", "Australia_%": "10.4", "New South Wales_%": "10.3", "Wolli Creek_%": "9.7", "New South Wales": "627,465"}, "Year 9 or below": {"Wolli Creek": "94", "Australia": "1,529,897", "Australia_%": "8.0", "New South Wales_%": "8.4", "Wolli Creek_%": "1.6", "New South Wales": "513,209"}, "Certificate level IV": {"Wolli Creek": "90", "Australia": "551,767", "Australia_%": "2.9", "New South Wales_%": "2.8", "Wolli Creek_%": "1.5", "New South Wales": "167,947"}, "Year 10": {"Wolli Creek": "142", "Australia": "2,054,331", "Australia_%": "10.8", "New South Wales_%": "11.5", "Wolli Creek_%": "2.4", "New South Wales": "702,178"}, "Year 12": {"Wolli Creek": "1,090", "Australia": "2,994,097", "Australia_%": "15.7", "New South Wales_%": "15.3", "Wolli Creek_%": "18.5", "New South Wales": "930,654"}, "Advanced Diploma and Diploma level": {"Wolli Creek": "527", "Australia": "1,687,893", "Australia_%": "8.9", "New South Wales_%": "8.9", "Wolli Creek_%": "8.9", "New South Wales": "543,142"}}, "Median weekly incomes": {"Personal": {"Wolli Creek": "816", "Australia": "662", "Australia_%": "--", "New South Wales_%": "--", "Wolli Creek_%": "--", "New South Wales": "664"}, "Household": {"Wolli Creek": "1,868", "Australia": "1,438", "Australia_%": "--", "New South Wales_%": "--", "Wolli Creek_%": "--", "New South Wales": "1,486"}, "Family": {"Wolli Creek": "1,968", "Australia": "1,734", "Australia_%": "--", "New South Wales_%": "--", "Wolli Creek_%": "--", "New South Wales": "1,780"}}, "Family composition": {"Other family": {"Wolli Creek": "61", "Australia": "102,559", "Australia_%": "1.7", "New South Wales_%": "1.7", "Wolli Creek_%": "3.9", "New South Wales": "32,438"}, "Couple family with children": {"Wolli Creek": "383", "Australia": "2,716,224", "Australia_%": "44.7", "New South Wales_%": "45.7", "Wolli Creek_%": "24.6", "New South Wales": "887,358"}, "Couple family without children": {"Wolli Creek": "984", "Australia": "2,291,987", "Australia_%": "37.8", "New South Wales_%": "36.6", "Wolli Creek_%": "63.3", "New South Wales": "709,524"}, "One parent family": {"Wolli Creek": "126", "Australia": "959,543", "Australia_%": "15.8", "New South Wales_%": "16.0", "Wolli Creek_%": "8.1", "New South Wales": "310,906"}}, "Dwelling internet connection": {"Not stated": {"Wolli Creek": "100", "Australia": "221,494", "Australia_%": "2.7", "New South Wales_%": "2.8", "Wolli Creek_%": "4.0", "New South Wales": "73,565"}, "Internet not accessed from dwelling": {"Wolli Creek": "124", "Australia": "1,172,415", "Australia_%": "14.1", "New South Wales_%": "14.7", "Wolli Creek_%": "5.0", "New South Wales": "381,709"}, "Internet accessed from dwelling": {"Wolli Creek": "2,252", "Australia": "6,892,165", "Australia_%": "83.2", "New South Wales_%": "82.5", "Wolli Creek_%": "91.0", "New South Wales": "2,149,040"}}, "Social marital status": {"Not married": {"Wolli Creek": "2,639", "Australia": "7,024,973", "Australia_%": "41.9", "New South Wales_%": "42.3", "Wolli Creek_%": "49.8", "New South Wales": "2,290,887"}, "De facto marriage": {"Wolli Creek": "1,012", "Australia": "1,751,731", "Australia_%": "10.4", "New South Wales_%": "9.4", "Wolli Creek_%": "19.1", "New South Wales": "506,133"}, "Registered marriage": {"Wolli Creek": "1,653", "Australia": "8,001,141", "Australia_%": "47.7", "New South Wales_%": "48.3", "Wolli Creek_%": "31.2", "New South Wales": "2,612,630"}}, "Household composition": {"Family households": {"Wolli Creek": "1,512", "Australia": "5,907,625", "Australia_%": "71.3", "New South Wales_%": "72.0", "Wolli Creek_%": "61.0", "New South Wales": "1,874,524"}, "Group households": {"Wolli Creek": "432", "Australia": "354,917", "Australia_%": "4.3", "New South Wales_%": "4.2", "Wolli Creek_%": "17.4", "New South Wales": "109,004"}, "Single (or lone) person households": {"Wolli Creek": "533", "Australia": "2,023,542", "Australia_%": "24.4", "New South Wales_%": "23.8", "Wolli Creek_%": "21.5", "New South Wales": "620,778"}}, "People": {"Male": {"Wolli Creek": "3,239", "Australia": "11,546,638", "Australia_%": "49.3", "New South Wales_%": "49.3", "Wolli Creek_%": "50.7", "New South Wales": "3,686,014"}, "Aboriginal and/or Torres Strait Islander people": {"Wolli Creek": "18", "Australia": "649,171", "Australia_%": "2.8", "New South Wales_%": "2.9", "Wolli Creek_%": "0.3", "New South Wales": "216,176"}, "Female": {"Wolli Creek": "3,152", "Australia": "11,855,248", "Australia_%": "50.7", "New South Wales_%": "50.7", "Wolli Creek_%": "49.3", "New South Wales": "3,794,217"}}, "Language, top responses (other than English)": {"Portuguese": {"Wolli Creek": "263", "Australia": "48,853", "Australia_%": "0.2", "New South Wales_%": "0.3", "Wolli Creek_%": "4.1", "New South Wales": "23,003"}, "Indonesian": {"Wolli Creek": "196", "Australia": "67,891", "Australia_%": "0.3", "New South Wales_%": "0.4", "Wolli Creek_%": "3.1", "New South Wales": "30,032"}, "null": {"Wolli Creek": null, "Australia": "None", "Australia_%": "None", "New South Wales_%": "None", "Wolli Creek_%": null, "New South Wales": "None"}, "English only spoken at home": {"Wolli Creek": "1,575", "Australia": "17,020,417", "Australia_%": "72.7", "New South Wales_%": "68.5", "Wolli Creek_%": "24.7", "New South Wales": "5,126,633"}, "Households where a non English language is spoken": {"Wolli Creek": "1,827", "Australia": "1,971,011", "Australia_%": "22.2", "New South Wales_%": "26.5", "Wolli Creek_%": "68.0", "New South Wales": "735,563"}, "Mongolian": {"Wolli Creek": "291", "Australia": "2,144", "Australia_%": "0.0", "New South Wales_%": "0.0", "Wolli Creek_%": "4.6", "New South Wales": "1,507"}, "Cantonese": {"Wolli Creek": "379", "Australia": "280,943", "Australia_%": "1.2", "New South Wales_%": "1.9", "Wolli Creek_%": "5.9", "New South Wales": "143,333"}, "Mandarin": {"Wolli Creek": "1,545", "Australia": "596,711", "Australia_%": "2.5", "New South Wales_%": "3.2", "Wolli Creek_%": "24.2", "New South Wales": "239,945"}}, "summaryTable_qsDwelling": {"Median monthly mortgage repayments": "$2,167", "All private dwellings": "2,903", "Average people per household": "2.4", "Median weekly household income": "$1,868", "Median weekly rent": "$580", "Average motor vehicles per dwelling": "1"}, "Household income": {"Less than $650 gross weekly income": {"Wolli Creek": "--", "Australia": "--", "Australia_%": "20.0", "New South Wales_%": "19.7", "Wolli Creek_%": "13.9", "New South Wales": "--"}, "More than $3000 gross weekly income": {"Wolli Creek": "--", "Australia": "--", "Australia_%": "16.4", "New South Wales_%": "18.7", "Wolli Creek_%": "20.6", "New South Wales": "--"}}, "Country of birth": {"Other top responses": {"Wolli Creek": "None", "Wolli Creek_%": "None"}, "Brazil": {"Wolli Creek": "271", "Australia": "27,630", "Australia_%": "0.1", "New South Wales_%": "0.2", "Wolli Creek_%": "4.3", "New South Wales": "12,314"}, "Australia": {"Wolli Creek": "1,385", "Australia": "15,614,835", "Australia_%": "66.7", "New South Wales_%": "65.5", "Wolli Creek_%": "21.7", "New South Wales": "4,899,090"}, "Indonesia": {"Wolli Creek": "214", "Australia": "73,213", "Australia_%": "0.3", "New South Wales_%": "0.4", "Wolli Creek_%": "3.4", "New South Wales": "31,774"}, "India": {"Wolli Creek": "187", "Australia": "455,389", "Australia_%": "1.9", "New South Wales_%": "1.9", "Wolli Creek_%": "2.9", "New South Wales": "143,459"}, "Mongolia": {"Wolli Creek": "311", "Australia": "2,271", "Australia_%": "0.0", "New South Wales_%": "0.0", "Wolli Creek_%": "4.9", "New South Wales": "1,561"}, "China (excludes SARs and Taiwan)": {"Wolli Creek": "1,577", "Australia": "509,555", "Australia_%": "2.2", "New South Wales_%": "3.1", "Wolli Creek_%": "24.7", "New South Wales": "234,508"}}, "Religious affiliation, top responses": {"No Religion, so described": {"Wolli Creek": "2,686", "Australia": "6,933,708", "Australia_%": "29.6", "New South Wales_%": "25.1", "Wolli Creek_%": "41.9", "New South Wales": "1,879,562"}, "Catholic": {"Wolli Creek": "990", "Australia": "5,291,834", "Australia_%": "22.6", "New South Wales_%": "24.7", "Wolli Creek_%": "15.5", "New South Wales": "1,846,443"}, "Not stated": {"Wolli Creek": "754", "Australia": "2,238,735", "Australia_%": "9.6", "New South Wales_%": "9.2", "Wolli Creek_%": "11.8", "New South Wales": "684,969"}, "Buddhism": {"Wolli Creek": "720", "Australia": "563,674", "Australia_%": "2.4", "New South Wales_%": "2.8", "Wolli Creek_%": "11.2", "New South Wales": "207,956"}, "Hinduism": {"Wolli Creek": "252", "Australia": "440,300", "Australia_%": "1.9", "New South Wales_%": "2.4", "Wolli Creek_%": "3.9", "New South Wales": "181,402"}}, "Ancestry, top responses": {"Australian": {"Wolli Creek": "466", "Australia": "7,298,243", "Australia_%": "23.3", "New South Wales_%": "22.9", "Wolli Creek_%": "6.3", "New South Wales": "2,261,062"}, "Indian": {"Wolli Creek": "231", "Australia": "619,164", "Australia_%": "2.0", "New South Wales_%": "2.1", "Wolli Creek_%": "3.1", "New South Wales": "211,927"}, "Mongolian": {"Wolli Creek": "309", "Australia": "3,700", "Australia_%": "0.0", "New South Wales_%": "0.0", "Wolli Creek_%": "4.2", "New South Wales": "2,058"}, "Chinese": {"Wolli Creek": "2,296", "Australia": "1,213,903", "Australia_%": "3.9", "New South Wales_%": "5.2", "Wolli Creek_%": "31.1", "New South Wales": "514,594"}, "English": {"Wolli Creek": "623", "Australia": "7,852,224", "Australia_%": "25.0", "New South Wales_%": "23.3", "Wolli Creek_%": "8.4", "New South Wales": "2,302,481"}}, "Age": {"35-39 years": {"Wolli Creek": "611", "Australia": "1,561,679", "Australia_%": "6.7", "New South Wales_%": "6.7", "Wolli Creek_%": "9.6", "New South Wales": "499,724"}, "60-64 years": {"Wolli Creek": "130", "Australia": "1,299,397", "Australia_%": "5.6", "New South Wales_%": "5.6", "Wolli Creek_%": "2.0", "New South Wales": "420,044"}, "30-34 years": {"Wolli Creek": "1,326", "Australia": "1,703,847", "Australia_%": "7.3", "New South Wales_%": "7.2", "Wolli Creek_%": "20.8", "New South Wales": "540,360"}, "0-4 years": {"Wolli Creek": "319", "Australia": "1,464,779", "Australia_%": "6.3", "New South Wales_%": "6.2", "Wolli Creek_%": "5.0", "New South Wales": "465,135"}, "25-29 years": {"Wolli Creek": "1,770", "Australia": "1,664,602", "Australia_%": "7.1", "New South Wales_%": "7.0", "Wolli Creek_%": "27.7", "New South Wales": "527,161"}, "10-14 years": {"Wolli Creek": "64", "Australia": "1,397,183", "Australia_%": "6.0", "New South Wales_%": "5.9", "Wolli Creek_%": "1.0", "New South Wales": "443,009"}, "5-9 years": {"Wolli Creek": "108", "Australia": "1,502,646", "Australia_%": "6.4", "New South Wales_%": "6.4", "Wolli Creek_%": "1.7", "New South Wales": "478,184"}, "Median age": {"Wolli Creek": "29", "Australia": "38", "Australia_%": "--", "New South Wales_%": "--", "Wolli Creek_%": "--", "New South Wales": "38"}, "50-54 years": {"Wolli Creek": "134", "Australia": "1,523,551", "Australia_%": "6.5", "New South Wales_%": "6.5", "Wolli Creek_%": "2.1", "New South Wales": "485,546"}, "80-84 years": {"Wolli Creek": "10", "Australia": "460,549", "Australia_%": "2.0", "New South Wales_%": "2.1", "Wolli Creek_%": "0.2", "New South Wales": "155,806"}, "40-44 years": {"Wolli Creek": "302", "Australia": "1,583,257", "Australia_%": "6.8", "New South Wales_%": "6.7", "Wolli Creek_%": "4.7", "New South Wales": "503,169"}, "70-74 years": {"Wolli Creek": "39", "Australia": "887,716", "Australia_%": "3.8", "New South Wales_%": "3.9", "Wolli Creek_%": "0.6", "New South Wales": "292,556"}, "15-19 years": {"Wolli Creek": "198", "Australia": "1,421,595", "Australia_%": "6.1", "New South Wales_%": "6.0", "Wolli Creek_%": "3.1", "New South Wales": "448,425"}, "65-69 years": {"Wolli Creek": "73", "Australia": "1,188,999", "Australia_%": "5.1", "New South Wales_%": "5.1", "Wolli Creek_%": "1.1", "New South Wales": "384,470"}, "20-24 years": {"Wolli Creek": "953", "Australia": "1,566,793", "Australia_%": "6.7", "New South Wales_%": "6.5", "Wolli Creek_%": "14.9", "New South Wales": "489,673"}, "55-59 years": {"Wolli Creek": "139", "Australia": "1,454,332", "Australia_%": "6.2", "New South Wales_%": "6.3", "Wolli Creek_%": "2.2", "New South Wales": "469,726"}, "75-79 years": {"Wolli Creek": "16", "Australia": "652,657", "Australia_%": "2.8", "New South Wales_%": "2.9", "Wolli Creek_%": "0.3", "New South Wales": "217,308"}, "45-49 years": {"Wolli Creek": "190", "Australia": "1,581,455", "Australia_%": "6.8", "New South Wales_%": "6.6", "Wolli Creek_%": "3.0", "New South Wales": "492,440"}, "85 years and over": {"Wolli Creek": "3", "Australia": "486,842", "Australia_%": "2.1", "New South Wales_%": "2.2", "Wolli Creek_%": "0.0", "New South Wales": "167,506"}}, "Single (or lone) parents": {"Male": {"Wolli Creek": "--", "Australia": "--", "Australia_%": "18.2", "New South Wales_%": "17.8", "Wolli Creek_%": "22.4", "New South Wales": "--"}, "Female": {"Wolli Creek": "--", "Australia": "--", "Australia_%": "81.8", "New South Wales_%": "82.2", "Wolli Creek_%": "77.6", "New South Wales": "--"}}, "Mortgage monthly repayments": {"Median mortgage repayments": {"Wolli Creek": "2,167", "Australia": "1,755", "Australia_%": "--", "New South Wales_%": "--", "Wolli Creek_%": "--", "New South Wales": "1,986"}, "Households where mortgage repayments are less than 30% of household income": {"Wolli Creek": "--", "Australia": "--", "Australia_%": "92.8", "New South Wales_%": "92.6", "Wolli Creek_%": "90.0", "New South Wales": "--"}, "Households with mortgage repayments greater than or equal to 30% of household income": {"Wolli Creek": "--", "Australia": "--", "Australia_%": "7.2", "New South Wales_%": "7.4", "Wolli Creek_%": "10.0", "New South Wales": "--"}}, "Mortgage and rent": {"Median monthly mortgage repayments": {"Wolli Creek": "0", "Australia": "1,660", "Australia_%": "--", "New South Wales_%": "--", "Wolli Creek_%": "--", "New South Wales": "1,733"}, "Median weekly rent": {"Wolli Creek": "585", "Australia": "250", "Australia_%": "--", "New South Wales_%": "--", "Wolli Creek_%": "--", "New South Wales": "270"}}, "Tenure": {"Rented": {"Wolli Creek": "1,509", "Australia": "2,561,302", "Australia_%": "30.9", "New South Wales_%": "31.8", "Wolli Creek_%": "60.9", "New South Wales": "826,922"}, "Owned outright": {"Wolli Creek": "169", "Australia": "2,565,695", "Australia_%": "31.0", "New South Wales_%": "32.2", "Wolli Creek_%": "6.8", "New South Wales": "839,665"}, "Owned with a mortgage": {"Wolli Creek": "703", "Australia": "2,855,222", "Australia_%": "34.5", "New South Wales_%": "32.3", "Wolli Creek_%": "28.4", "New South Wales": "840,004"}, "Tenure type not stated": {"Wolli Creek": "81", "Australia": "224,869", "Australia_%": "2.7", "New South Wales_%": "2.8", "Wolli Creek_%": "3.3", "New South Wales": "73,763"}, "Other tenure type": {"Wolli Creek": "15", "Australia": "78,994", "Australia_%": "1.0", "New South Wales_%": "0.9", "Wolli Creek_%": "0.6", "New South Wales": "23,968"}}, "Country of birth of father, stated responses": {"Brazil": {"Wolli Creek": "265", "Australia": "30,614", "Australia_%": "0.1", "New South Wales_%": "0.2", "Wolli Creek_%": "4.1", "New South Wales": "13,638"}, "Australia": {"Wolli Creek": "693", "Australia": "12,231,150", "Australia_%": "52.3", "New South Wales_%": "50.1", "Wolli Creek_%": "10.8", "New South Wales": "3,745,787"}, "China (excludes SARs and Taiwan)": {"Wolli Creek": "1,725", "Australia": "704,658", "Australia_%": "3.0", "New South Wales_%": "4.4", "Wolli Creek_%": "27.0", "New South Wales": "332,465"}, "Indonesia": {"Wolli Creek": "236", "Australia": "92,027", "Australia_%": "0.4", "New South Wales_%": "0.5", "Wolli Creek_%": "3.7", "New South Wales": "40,605"}, "Mongolia": {"Wolli Creek": "322", "Australia": "2,416", "Australia_%": "0.0", "New South Wales_%": "0.0", "Wolli Creek_%": "5.0", "New South Wales": "1,649"}}, "Country of birth of father and/or mother, stated responses": {"Father only born overseas": {"Wolli Creek": "146", "Australia": "1,488,092", "Australia_%": "6.4", "New South Wales_%": "6.1", "Wolli Creek_%": "2.3", "New South Wales": "458,394"}, "Mother only born overseas": {"Wolli Creek": "132", "Australia": "1,094,591", "Australia_%": "4.7", "New South Wales_%": "4.3", "Wolli Creek_%": "2.1", "New South Wales": "325,182"}, "Both parents born overseas": {"Wolli Creek": "4,988", "Australia": "8,051,196", "Australia_%": "34.4", "New South Wales_%": "37.0", "Wolli Creek_%": "78.1", "New South Wales": "2,764,170"}, "Both parents born in Australia": {"Wolli Creek": "553", "Australia": "11,070,538", "Australia_%": "47.3", "New South Wales_%": "45.4", "Wolli Creek_%": "8.7", "New South Wales": "3,399,725"}}, "Rent weekly payments": {"Households where rent payments are less than 30% of household income": {"Wolli Creek": "--", "Australia": "--", "Australia_%": "88.5", "New South Wales_%": "87.1", "Wolli Creek_%": "70.9", "New South Wales": "--"}, "Households with rent payments greater than or equal to 30% of household income": {"Wolli Creek": "--", "Australia": "--", "Australia_%": "11.5", "New South Wales_%": "12.9", "Wolli Creek_%": "29.1", "New South Wales": "--"}, "Median rent": {"Wolli Creek": "580", "Australia": "335", "Australia_%": "--", "New South Wales_%": "--", "Wolli Creek_%": "--", "New South Wales": "380"}}, "Registered marital status": {"Separated": {"Wolli Creek": "87", "Australia": "608,059", "Australia_%": "3.2", "New South Wales_%": "3.1", "Wolli Creek_%": "1.5", "New South Wales": "190,198"}, "Widowed": {"Wolli Creek": "36", "Australia": "985,204", "Australia_%": "5.2", "New South Wales_%": "5.4", "Wolli Creek_%": "0.6", "New South Wales": "331,653"}, "Married": {"Wolli Creek": "2,179", "Australia": "9,148,218", "Australia_%": "48.1", "New South Wales_%": "48.7", "Wolli Creek_%": "37.0", "New South Wales": "2,965,280"}, "Divorced": {"Wolli Creek": "264", "Australia": "1,626,890", "Australia_%": "8.5", "New South Wales_%": "8.4", "Wolli Creek_%": "4.5", "New South Wales": "512,298"}, "Never married": {"Wolli Creek": "3,326", "Australia": "6,668,910", "Australia_%": "35.0", "New South Wales_%": "34.4", "Wolli Creek_%": "56.4", "New South Wales": "2,094,460"}}, "summaryTable_qsPeople": {"Male": "50.7%", "Median age": "29", "Female": "49.3%", "People": "6,394"}, "Dwelling characteristics": {"Average number of people per household": {"Wolli Creek": "2", "Australia": "3.2", "Australia_%": "--", "New South Wales_%": "--", "Wolli Creek_%": "--", "New South Wales": "3.1"}, "Average number of persons per bedroom": {"Wolli Creek": "1.4", "Australia": "1", "Australia_%": "--", "New South Wales_%": "--", "Wolli Creek_%": "--", "New South Wales": "1"}, "Median weekly household income": {"Wolli Creek": "2,200", "Australia": "1,203", "Australia_%": "--", "New South Wales_%": "--", "Wolli Creek_%": "--", "New South Wales": "1,214"}}, "Unpaid work": {"Did unpaid domestic work (last week)": {"Wolli Creek": "3,313", "Australia": "13,143,914", "Australia_%": "69.0", "New South Wales_%": "67.7", "Wolli Creek_%": "56.1", "New South Wales": "4,127,723"}, "Provided unpaid assistance to a person with a disability (last two weeks)": {"Wolli Creek": "282", "Australia": "2,145,203", "Australia_%": "11.3", "New South Wales_%": "11.6", "Wolli Creek_%": "4.8", "New South Wales": "709,415"}, "Did voluntary work through an organisation or group (last 12 months)": {"Wolli Creek": "624", "Australia": "3,620,726", "Australia_%": "19.0", "New South Wales_%": "18.1", "Wolli Creek_%": "10.6", "New South Wales": "1,103,790"}, "Cared for child/children (last two weeks)": {"Wolli Creek": "771", "Australia": "5,259,400", "Australia_%": "27.6", "New South Wales_%": "27.2", "Wolli Creek_%": "13.1", "New South Wales": "1,659,250"}}, "Unpaid domestic work, number of hours": {"5 to 14 hours per week": {"Wolli Creek": "1,232", "Australia": "4,944,578", "Australia_%": "26.0", "New South Wales_%": "25.1", "Wolli Creek_%": "20.9", "New South Wales": "1,531,206"}, "30 hours or more per week": {"Wolli Creek": "173", "Australia": "1,710,970", "Australia_%": "9.0", "New South Wales_%": "9.0", "Wolli Creek_%": "2.9", "New South Wales": "545,925"}, "Less than 5 hours per week": {"Wolli Creek": "1,618", "Australia": "4,298,593", "Australia_%": "22.6", "New South Wales_%": "22.3", "Wolli Creek_%": "27.4", "New South Wales": "1,359,656"}, "15 to 29 hours per week": {"Wolli Creek": "283", "Australia": "2,189,776", "Australia_%": "11.5", "New South Wales_%": "11.3", "Wolli Creek_%": "4.8", "New South Wales": "690,934"}}, "Industry of employment, top responses": {"Cafes and Restaurants": {"Wolli Creek": "243", "Australia": "253,385", "Australia_%": "2.4", "New South Wales_%": "2.4", "Wolli Creek_%": "6.5", "New South Wales": "80,552"}, "Banking": {"Wolli Creek": "186", "Australia": "144,232", "Australia_%": "1.3", "New South Wales_%": "1.9", "Wolli Creek_%": "4.9", "New South Wales": "63,678"}, "Accommodation": {"Wolli Creek": "100", "Australia": "113,377", "Australia_%": "1.1", "New South Wales_%": "1.0", "Wolli Creek_%": "2.7", "New South Wales": "34,450"}, "Building and Other Industrial Cleaning Services": {"Wolli Creek": "92", "Australia": "131,908", "Australia_%": "1.2", "New South Wales_%": "1.2", "Wolli Creek_%": "2.4", "New South Wales": "41,390"}, "Computer System Design and Related Services": {"Wolli Creek": "142", "Australia": "162,884", "Australia_%": "1.5", "New South Wales_%": "1.9", "Wolli Creek_%": "3.8", "New South Wales": "63,717"}}, "GeoInfo": {"city": "Wolli Creek"}, "Education": {"University or tertiary institution": {"Wolli Creek": "974", "Australia": "1,160,626", "Australia_%": "16.1", "New South Wales_%": "16.2", "Wolli Creek_%": "40.9", "New South Wales": "376,133"}, "Secondary - Catholic": {"Wolli Creek": "15", "Australia": "338,384", "Australia_%": "4.7", "New South Wales_%": "5.1", "Wolli Creek_%": "0.6", "New South Wales": "117,689"}, "Secondary - other non Government": {"Wolli Creek": "17", "Australia": "280,618", "Australia_%": "3.9", "New South Wales_%": "3.4", "Wolli Creek_%": "0.7", "New South Wales": "79,915"}, "Primary - Catholic": {"Wolli Creek": "21", "Australia": "380,604", "Australia_%": "5.3", "New South Wales_%": "5.3", "Wolli Creek_%": "0.9", "New South Wales": "122,099"}, "Primary - Government": {"Wolli Creek": "73", "Australia": "1,314,787", "Australia_%": "18.2", "New South Wales_%": "18.0", "Wolli Creek_%": "3.1", "New South Wales": "417,465"}, "Other": {"Wolli Creek": "326", "Australia": "198,383", "Australia_%": "2.8", "New South Wales_%": "2.7", "Wolli Creek_%": "13.7", "New South Wales": "63,673"}, "Technical or further education institution": {"Wolli Creek": "307", "Australia": "424,869", "Australia_%": "5.9", "New South Wales_%": "6.2", "Wolli Creek_%": "12.9", "New South Wales": "144,103"}, "Secondary - Government": {"Wolli Creek": "55", "Australia": "827,505", "Australia_%": "11.5", "New South Wales_%": "11.6", "Wolli Creek_%": "2.3", "New South Wales": "269,249"}, "Primary - other non Government": {"Wolli Creek": "5", "Australia": "231,490", "Australia_%": "3.2", "New South Wales_%": "2.9", "Wolli Creek_%": "0.2", "New South Wales": "67,611"}, "Not stated": {"Wolli Creek": "544", "Australia": "1,707,023", "Australia_%": "23.7", "New South Wales_%": "23.0", "Wolli Creek_%": "22.9", "New South Wales": "535,266"}, "Preschool": {"Wolli Creek": "42", "Australia": "347,621", "Australia_%": "4.8", "New South Wales_%": "5.7", "Wolli Creek_%": "1.8", "New South Wales": "132,047"}}, "Employment": {"Unemployed": {"Wolli Creek": "283", "Australia": "787,452", "Australia_%": "6.9", "New South Wales_%": "6.3", "Wolli Creek_%": "6.8", "New South Wales": "225,546"}, "Worked part-time": {"Wolli Creek": "1,113", "Australia": "3,491,503", "Australia_%": "30.4", "New South Wales_%": "29.7", "Wolli Creek_%": "26.9", "New South Wales": "1,071,151"}, "Away from work": {"Wolli Creek": "178", "Australia": "569,276", "Australia_%": "5.0", "New South Wales_%": "4.8", "Wolli Creek_%": "4.3", "New South Wales": "174,654"}, "Worked full-time": {"Wolli Creek": "2,565", "Australia": "6,623,065", "Australia_%": "57.7", "New South Wales_%": "59.2", "Wolli Creek_%": "62.0", "New South Wales": "2,134,521"}}, "Travel to work, top responses": {"Walked only": {"Wolli Creek": "114", "Australia": "370,427", "Australia_%": "3.5", "New South Wales_%": "3.9", "Wolli Creek_%": "3.0", "New South Wales": "130,957"}, "Worked at home": {"Wolli Creek": "92", "Australia": "503,582", "Australia_%": "4.7", "New South Wales_%": "4.8", "Wolli Creek_%": "2.4", "New South Wales": "163,026"}, "People who travelled to work by car as driver or passenger": {"Wolli Creek": "1,047", "Australia": "7,305,271", "Australia_%": "68.4", "New South Wales_%": "64.6", "Wolli Creek_%": "27.1", "New South Wales": "2,182,854"}, "null": {"Wolli Creek": null, "Australia": "None", "Australia_%": "None", "New South Wales_%": "None", "Wolli Creek_%": null, "New South Wales": "None"}, "People who travelled to work by public transport": {"Wolli Creek": "2,363", "Australia": "1,225,668", "Australia_%": "11.5", "New South Wales_%": "16.0", "Wolli Creek_%": "61.2", "New South Wales": "540,215"}, "Car, as driver": {"Wolli Creek": "902", "Australia": "6,574,571", "Australia_%": "61.5", "New South Wales_%": "57.8", "Wolli Creek_%": "23.5", "New South Wales": "1,953,399"}, "Train": {"Wolli Creek": "1,987", "Australia": "488,012", "Australia_%": "4.6", "New South Wales_%": "7.5", "Wolli Creek_%": "51.7", "New South Wales": "252,786"}, "Train, bus": {"Wolli Creek": "195", "Australia": "104,122", "Australia_%": "1.0", "New South Wales_%": "1.8", "Wolli Creek_%": "5.1", "New South Wales": "60,155"}}, "Occupation": {"Professionals": {"Wolli Creek": "1,171", "Australia": "2,370,966", "Australia_%": "22.2", "New South Wales_%": "23.6", "Wolli Creek_%": "30.3", "New South Wales": "798,126"}, "Technicians and Trades Workers": {"Wolli Creek": "358", "Australia": "1,447,414", "Australia_%": "13.5", "New South Wales_%": "12.7", "Wolli Creek_%": "9.3", "New South Wales": "429,239"}, "Labourers": {"Wolli Creek": "384", "Australia": "1,011,520", "Australia_%": "9.5", "New South Wales_%": "8.8", "Wolli Creek_%": "9.9", "New South Wales": "297,887"}, "Clerical and Administrative Workers": {"Wolli Creek": "533", "Australia": "1,449,681", "Australia_%": "13.6", "New South Wales_%": "13.8", "Wolli Creek_%": "13.8", "New South Wales": "467,977"}, "Machinery Operators and Drivers": {"Wolli Creek": "124", "Australia": "670,106", "Australia_%": "6.3", "New South Wales_%": "6.1", "Wolli Creek_%": "3.2", "New South Wales": "206,839"}, "Community and Personal Service Workers": {"Wolli Creek": "355", "Australia": "1,157,003", "Australia_%": "10.8", "New South Wales_%": "10.4", "Wolli Creek_%": "9.2", "New South Wales": "350,261"}, "Sales Workers": {"Wolli Creek": "376", "Australia": "1,000,955", "Australia_%": "9.4", "New South Wales_%": "9.2", "Wolli Creek_%": "9.7", "New South Wales": "311,414"}, "Managers": {"Wolli Creek": "472", "Australia": "1,390,047", "Australia_%": "13.0", "New South Wales_%": "13.5", "Wolli Creek_%": "12.2", "New South Wales": "456,084"}}}