{"Employment - hours worked": {"40 hours or more per week": {"Australia": "4,591,801", "Wongarbon_%": "49.3", "Australia_%": "43.0", "New South Wales_%": "44.1", "Wongarbon": "176", "New South Wales": "1,489,099"}, "25-34 hours per week": {"Australia": "1,193,445", "Wongarbon_%": "7.3", "Australia_%": "11.2", "New South Wales_%": "10.5", "Wongarbon": "26", "New South Wales": "353,702"}, "16-24 hours per week": {"Australia": "1,079,236", "Wongarbon_%": "10.9", "Australia_%": "10.1", "New South Wales_%": "10.4", "Wongarbon": "39", "New South Wales": "352,817"}, "35-39 hours per week": {"Australia": "2,031,263", "Wongarbon_%": "16.5", "Australia_%": "19.0", "New South Wales_%": "19.1", "Wongarbon": "59", "New South Wales": "645,428"}, "1-15 hours per week": {"Australia": "1,218,823", "Wongarbon_%": "8.1", "Australia_%": "11.4", "New South Wales_%": "10.8", "Wongarbon": "29", "New South Wales": "364,637"}}, "Number of registered motor vehicles": {"2 motor vehicles": {"Australia": "2,999,184", "Wongarbon_%": "47.7", "Australia_%": "36.2", "New South Wales_%": "34.1", "Wongarbon": "113", "New South Wales": "887,849"}, "None": {"Australia": "623,829", "Wongarbon_%": "0.0", "Australia_%": "7.5", "New South Wales_%": "9.2", "Wongarbon": "0", "New South Wales": "239,625"}, "Number of motor vehicles not stated": {"Australia": "285,197", "Wongarbon_%": "2.5", "Australia_%": "3.4", "New South Wales_%": "3.7", "Wongarbon": "6", "New South Wales": "95,623"}, "1 motor vehicle": {"Australia": "2,881,485", "Wongarbon_%": "17.3", "Australia_%": "34.8", "New South Wales_%": "36.3", "Wongarbon": "41", "New South Wales": "946,159"}, "3 or more vehicles": {"Australia": "1,496,382", "Wongarbon_%": "32.5", "Australia_%": "18.1", "New South Wales_%": "16.7", "Wongarbon": "77", "New South Wales": "435,053"}}, "Employment status of parents in couple families": {"Labour force status not stated (by one or both parents in a couple family)": {"Australia": "311,381", "Wongarbon_%": "11.3", "Australia_%": "6.2", "New South Wales_%": "5.7", "Wongarbon": "20", "New South Wales": "90,630"}, "One employed full-time, one part-time": {"Australia": "1,086,460", "Wongarbon_%": "15.8", "Australia_%": "21.7", "New South Wales_%": "20.6", "Wongarbon": "28", "New South Wales": "329,567"}, "One employed part-time, other not working": {"Australia": "302,037", "Wongarbon_%": "5.6", "Australia_%": "6.0", "New South Wales_%": "6.1", "Wongarbon": "10", "New South Wales": "96,933"}, "Other (includes away from work)": {"Australia": "264,145", "Wongarbon_%": "8.5", "Australia_%": "5.3", "New South Wales_%": "5.1", "Wongarbon": "15", "New South Wales": "80,905"}, "Both employed, worked full-time": {"Australia": "1,084,006", "Wongarbon_%": "28.2", "Australia_%": "21.6", "New South Wales_%": "22.6", "Wongarbon": "50", "New South Wales": "360,916"}, "One employed full-time, other not working": {"Australia": "749,886", "Wongarbon_%": "11.3", "Australia_%": "15.0", "New South Wales_%": "15.0", "Wongarbon": "20", "New South Wales": "240,084"}, "Both employed, worked part-time": {"Australia": "203,596", "Wongarbon_%": "3.4", "Australia_%": "4.1", "New South Wales_%": "4.0", "Wongarbon": "6", "New South Wales": "63,106"}, "Both not working": {"Australia": "1,006,697", "Wongarbon_%": "15.8", "Australia_%": "20.1", "New South Wales_%": "21.0", "Wongarbon": "28", "New South Wales": "334,742"}}, "Country of birth of mother, stated responses": {"New Zealand": {"Australia": "608,329", "Wongarbon_%": "0.8", "Australia_%": "2.6", "New South Wales_%": "1.9", "Wongarbon": "6", "New South Wales": "139,899"}, "Australia": {"Australia": "12,643,365", "Wongarbon_%": "84.4", "Australia_%": "54.0", "New South Wales_%": "51.9", "Wongarbon": "637", "New South Wales": "3,884,762"}, "England": {"Australia": "1,302,147", "Wongarbon_%": "3.0", "Australia_%": "5.6", "New South Wales_%": "4.3", "Wongarbon": "23", "New South Wales": "322,472"}, "Ireland": {"Australia": "147,423", "Wongarbon_%": "0.5", "Australia_%": "0.6", "New South Wales_%": "0.6", "Wongarbon": "4", "New South Wales": "45,638"}, "Netherlands": {"Australia": "152,088", "Wongarbon_%": "0.8", "Australia_%": "0.6", "New South Wales_%": "0.5", "Wongarbon": "6", "New South Wales": "34,775"}}, "Dwelling structure": {"Other dwelling": {"Australia": "64,425", "Wongarbon_%": "0.0", "Australia_%": "0.8", "New South Wales_%": "0.9", "Wongarbon": "0", "New South Wales": "23,580"}, "Semi-detached, row or terrace house, townhouse etc": {"Australia": "1,055,016", "Wongarbon_%": "0.0", "Australia_%": "12.7", "New South Wales_%": "12.2", "Wongarbon": "0", "New South Wales": "317,453"}, "Separate house": {"Australia": "6,041,788", "Wongarbon_%": "98.8", "Australia_%": "72.9", "New South Wales_%": "66.4", "Wongarbon": "239", "New South Wales": "1,729,820"}, "Flat or apartment": {"Australia": "1,087,434", "Wongarbon_%": "0.0", "Australia_%": "13.1", "New South Wales_%": "19.9", "Wongarbon": "0", "New South Wales": "519,390"}}, "Number of bedrooms": {"1 bedroom": {"Australia": "411,252", "Wongarbon_%": "2.9", "Australia_%": "5.0", "New South Wales_%": "6.0", "Wongarbon": "7", "New South Wales": "157,194"}, "3 bedrooms": {"Australia": "3,403,190", "Wongarbon_%": "45.9", "Australia_%": "41.1", "New South Wales_%": "37.2", "Wongarbon": "112", "New South Wales": "970,001"}, "Average number of people per household": {"Australia": "2.6", "Wongarbon_%": "--", "Australia_%": "--", "New South Wales_%": "--", "Wongarbon": "2.9", "New South Wales": "2.6"}, "2 bedrooms": {"Australia": "1,562,759", "Wongarbon_%": "4.5", "Australia_%": "18.9", "New South Wales_%": "22.2", "Wongarbon": "11", "New South Wales": "577,675"}, "4 or more bedrooms": {"Australia": "2,670,758", "Wongarbon_%": "43.0", "Australia_%": "32.2", "New South Wales_%": "31.3", "Wongarbon": "105", "New South Wales": "816,405"}, "None (includes bedsitters)": {"Australia": "39,769", "Wongarbon_%": "0.0", "Australia_%": "0.5", "New South Wales_%": "0.7", "Wongarbon": "0", "New South Wales": "17,157"}, "Number of bedrooms not stated": {"Australia": "198,351", "Wongarbon_%": "3.7", "Australia_%": "2.4", "New South Wales_%": "2.5", "Wongarbon": "9", "New South Wales": "65,888"}, "Average number of bedrooms per dwelling": {"Australia": "3.1", "Wongarbon_%": "--", "Australia_%": "--", "New South Wales_%": "--", "Wongarbon": "3.5", "New South Wales": "3"}}, "summaryTable_qsFamilies": {"for all families": "0.9", "for families with children": "1.9", "Families": "203", "Average children per family": "None"}, "People characteristics": {"Male": {"Australia": "322,171", "Wongarbon_%": "54.5", "Australia_%": "49.6", "New South Wales_%": "49.7", "Wongarbon": "30", "New South Wales": "107,368"}, "Median age": {"Australia": "23", "Wongarbon_%": "--", "Australia_%": "--", "New South Wales_%": "--", "Wongarbon": "20", "New South Wales": "22"}, "Female": {"Australia": "326,996", "Wongarbon_%": "45.5", "Australia_%": "50.4", "New South Wales_%": "50.3", "Wongarbon": "25", "New South Wales": "108,809"}}, "Dwelling count": {"Unoccupied private dwellings": {"Australia": "1,039,874", "Wongarbon_%": "8.7", "Australia_%": "11.2", "New South Wales_%": "9.9", "Wongarbon": "23", "New South Wales": "284,741"}, "Occupied private dwellings": {"Australia": "8,286,073", "Wongarbon_%": "91.3", "Australia_%": "88.8", "New South Wales_%": "90.1", "Wongarbon": "242", "New South Wales": "2,604,320"}}, "Level of highest educational attainment": {"Certificate level III": {"Australia": "2,442,203", "Wongarbon_%": "20.1", "Australia_%": "12.8", "New South Wales_%": "12.0", "Wongarbon": "114", "New South Wales": "730,498"}, "Certificate level II": {"Australia": "13,454", "Wongarbon_%": "0.0", "Australia_%": "0.1", "New South Wales_%": "0.1", "Wongarbon": "0", "New South Wales": "4,849"}, "No educational attainment": {"Australia": "145,844", "Wongarbon_%": "0.5", "Australia_%": "0.8", "New South Wales_%": "0.9", "Wongarbon": "3", "New South Wales": "54,870"}, "Bachelor Degree level and above": {"Australia": "4,181,406", "Wongarbon_%": "14.4", "Australia_%": "22.0", "New South Wales_%": "23.4", "Wongarbon": "82", "New South Wales": "1,424,716"}, "Certificate level I": {"Australia": "2,176", "Wongarbon_%": "0.0", "Australia_%": "0.0", "New South Wales_%": "0.0", "Wongarbon": "0", "New South Wales": "625"}, "Year 11": {"Australia": "941,531", "Wongarbon_%": "3.2", "Australia_%": "4.9", "New South Wales_%": "3.3", "Wongarbon": "18", "New South Wales": "203,574"}, "Not stated": {"Australia": "1,974,794", "Wongarbon_%": "12.0", "Australia_%": "10.4", "New South Wales_%": "10.3", "Wongarbon": "68", "New South Wales": "627,465"}, "Year 9 or below": {"Australia": "1,529,897", "Wongarbon_%": "9.5", "Australia_%": "8.0", "New South Wales_%": "8.4", "Wongarbon": "54", "New South Wales": "513,209"}, "Certificate level IV": {"Australia": "551,767", "Wongarbon_%": "7.0", "Australia_%": "2.9", "New South Wales_%": "2.8", "Wongarbon": "40", "New South Wales": "167,947"}, "Year 10": {"Australia": "2,054,331", "Wongarbon_%": "12.3", "Australia_%": "10.8", "New South Wales_%": "11.5", "Wongarbon": "70", "New South Wales": "702,178"}, "Year 12": {"Australia": "2,994,097", "Wongarbon_%": "10.9", "Australia_%": "15.7", "New South Wales_%": "15.3", "Wongarbon": "62", "New South Wales": "930,654"}, "Advanced Diploma and Diploma level": {"Australia": "1,687,893", "Wongarbon_%": "7.6", "Australia_%": "8.9", "New South Wales_%": "8.9", "Wongarbon": "43", "New South Wales": "543,142"}}, "Median weekly incomes": {"Personal": {"Australia": "662", "Wongarbon_%": "--", "Australia_%": "--", "New South Wales_%": "--", "Wongarbon": "718", "New South Wales": "664"}, "Household": {"Australia": "1,438", "Wongarbon_%": "--", "Australia_%": "--", "New South Wales_%": "--", "Wongarbon": "1,554", "New South Wales": "1,486"}, "Family": {"Australia": "1,734", "Wongarbon_%": "--", "Australia_%": "--", "New South Wales_%": "--", "Wongarbon": "1,712", "New South Wales": "1,780"}}, "Family composition": {"Other family": {"Australia": "102,559", "Wongarbon_%": "0.0", "Australia_%": "1.7", "New South Wales_%": "1.7", "Wongarbon": "0", "New South Wales": "32,438"}, "Couple family with children": {"Australia": "2,716,224", "Wongarbon_%": "49.8", "Australia_%": "44.7", "New South Wales_%": "45.7", "Wongarbon": "104", "New South Wales": "887,358"}, "Couple family without children": {"Australia": "2,291,987", "Wongarbon_%": "35.4", "Australia_%": "37.8", "New South Wales_%": "36.6", "Wongarbon": "74", "New South Wales": "709,524"}, "One parent family": {"Australia": "959,543", "Wongarbon_%": "14.8", "Australia_%": "15.8", "New South Wales_%": "16.0", "Wongarbon": "31", "New South Wales": "310,906"}}, "Dwelling internet connection": {"Not stated": {"Australia": "221,494", "Wongarbon_%": "5.3", "Australia_%": "2.7", "New South Wales_%": "2.8", "Wongarbon": "13", "New South Wales": "73,565"}, "Internet not accessed from dwelling": {"Australia": "1,172,415", "Wongarbon_%": "15.1", "Australia_%": "14.1", "New South Wales_%": "14.7", "Wongarbon": "37", "New South Wales": "381,709"}, "Internet accessed from dwelling": {"Australia": "6,892,165", "Wongarbon_%": "79.6", "Australia_%": "83.2", "New South Wales_%": "82.5", "Wongarbon": "195", "New South Wales": "2,149,040"}}, "Social marital status": {"Not married": {"Australia": "7,024,973", "Wongarbon_%": "31.3", "Australia_%": "41.9", "New South Wales_%": "42.3", "Wongarbon": "152", "New South Wales": "2,290,887"}, "De facto marriage": {"Australia": "1,751,731", "Wongarbon_%": "13.2", "Australia_%": "10.4", "New South Wales_%": "9.4", "Wongarbon": "64", "New South Wales": "506,133"}, "Registered marriage": {"Australia": "8,001,141", "Wongarbon_%": "55.6", "Australia_%": "47.7", "New South Wales_%": "48.3", "Wongarbon": "270", "New South Wales": "2,612,630"}}, "Household composition": {"Family households": {"Australia": "5,907,625", "Wongarbon_%": "83.5", "Australia_%": "71.3", "New South Wales_%": "72.0", "Wongarbon": "197", "New South Wales": "1,874,524"}, "Group households": {"Australia": "354,917", "Wongarbon_%": "2.5", "Australia_%": "4.3", "New South Wales_%": "4.2", "Wongarbon": "6", "New South Wales": "109,004"}, "Single (or lone) person households": {"Australia": "2,023,542", "Wongarbon_%": "14.0", "Australia_%": "24.4", "New South Wales_%": "23.8", "Wongarbon": "33", "New South Wales": "620,778"}}, "People": {"Male": {"Australia": "11,546,638", "Wongarbon_%": "50.1", "Australia_%": "49.3", "New South Wales_%": "49.3", "Wongarbon": "385", "New South Wales": "3,686,014"}, "Aboriginal and/or Torres Strait Islander people": {"Australia": "649,171", "Wongarbon_%": "7.6", "Australia_%": "2.8", "New South Wales_%": "2.9", "Wongarbon": "58", "New South Wales": "216,176"}, "Female": {"Australia": "11,855,248", "Wongarbon_%": "49.9", "Australia_%": "50.7", "New South Wales_%": "50.7", "Wongarbon": "384", "New South Wales": "3,794,217"}}, "Language, top responses (other than English)": {"Households where a non English language is spoken": {"Australia": "1,971,011", "Wongarbon_%": "1.9", "Australia_%": "22.2", "New South Wales_%": "26.5", "Wongarbon": "5", "New South Wales": "735,563"}, "null": {"Australia": "None", "Wongarbon_%": null, "Australia_%": "None", "New South Wales_%": "None", "Wongarbon": null, "New South Wales": "None"}, "Afrikaans": {"Australia": "43,741", "Wongarbon_%": "0.4", "Australia_%": "0.2", "New South Wales_%": "0.1", "Wongarbon": "3", "New South Wales": "7,735"}, "English only spoken at home": {"Australia": "17,020,417", "Wongarbon_%": "91.5", "Australia_%": "72.7", "New South Wales_%": "68.5", "Wongarbon": "698", "New South Wales": "5,126,633"}}, "summaryTable_qsDwelling": {"Median monthly mortgage repayments": "$1,387", "All private dwellings": "282", "Average people per household": "2.9", "Median weekly household income": "$1,554", "Median weekly rent": "$260", "Average motor vehicles per dwelling": "2.3"}, "Household income": {"Less than $650 gross weekly income": {"Australia": "--", "Wongarbon_%": "11.5", "Australia_%": "20.0", "New South Wales_%": "19.7", "Wongarbon": "--", "New South Wales": "--"}, "More than $3000 gross weekly income": {"Australia": "--", "Wongarbon_%": "12.0", "Australia_%": "16.4", "New South Wales_%": "18.7", "Wongarbon": "--", "New South Wales": "--"}}, "Country of birth": {"Other top responses": {"Wongarbon": "None", "Wongarbon_%": "None"}, "Australia": {"Australia": "15,614,835", "Wongarbon_%": "87.9", "Australia_%": "66.7", "New South Wales_%": "65.5", "Wongarbon": "664", "New South Wales": "4,899,090"}, "England": {"Australia": "907,570", "Wongarbon_%": "1.1", "Australia_%": "3.9", "New South Wales_%": "3.0", "Wongarbon": "8", "New South Wales": "226,564"}, "South Africa": {"Australia": "162,449", "Wongarbon_%": "0.4", "Australia_%": "0.7", "New South Wales_%": "0.6", "Wongarbon": "3", "New South Wales": "43,058"}, "Philippines": {"Australia": "232,386", "Wongarbon_%": "0.4", "Australia_%": "1.0", "New South Wales_%": "1.2", "Wongarbon": "3", "New South Wales": "86,749"}, "United States of America": {"Australia": "86,125", "Wongarbon_%": "0.4", "Australia_%": "0.4", "New South Wales_%": "0.4", "Wongarbon": "3", "New South Wales": "30,081"}, "New Zealand": {"Australia": "518,466", "Wongarbon_%": "1.2", "Australia_%": "2.2", "New South Wales_%": "1.6", "Wongarbon": "9", "New South Wales": "117,136"}}, "Religious affiliation, top responses": {"No Religion, so described": {"Australia": "6,933,708", "Wongarbon_%": "20.2", "Australia_%": "29.6", "New South Wales_%": "25.1", "Wongarbon": "152", "New South Wales": "1,879,562"}, "Catholic": {"Australia": "5,291,834", "Wongarbon_%": "27.0", "Australia_%": "22.6", "New South Wales_%": "24.7", "Wongarbon": "203", "New South Wales": "1,846,443"}, "Not stated": {"Australia": "2,238,735", "Wongarbon_%": "9.1", "Australia_%": "9.6", "New South Wales_%": "9.2", "Wongarbon": "68", "New South Wales": "684,969"}, "Presbyterian and Reformed": {"Australia": "526,689", "Wongarbon_%": "6.9", "Australia_%": "2.3", "New South Wales_%": "2.5", "Wongarbon": "52", "New South Wales": "188,330"}, "Anglican": {"Australia": "3,101,185", "Wongarbon_%": "22.0", "Australia_%": "13.3", "New South Wales_%": "15.5", "Wongarbon": "165", "New South Wales": "1,161,810"}}, "Ancestry, top responses": {"German": {"Australia": "982,226", "Wongarbon_%": "2.8", "Australia_%": "3.1", "New South Wales_%": "2.4", "Wongarbon": "29", "New South Wales": "236,146"}, "Australian": {"Australia": "7,298,243", "Wongarbon_%": "35.6", "Australia_%": "23.3", "New South Wales_%": "22.9", "Wongarbon": "370", "New South Wales": "2,261,062"}, "Scottish": {"Australia": "2,023,470", "Wongarbon_%": "8.8", "Australia_%": "6.4", "New South Wales_%": "5.9", "Wongarbon": "91", "New South Wales": "587,052"}, "Irish": {"Australia": "2,388,058", "Wongarbon_%": "8.9", "Australia_%": "7.6", "New South Wales_%": "7.5", "Wongarbon": "92", "New South Wales": "741,671"}, "English": {"Australia": "7,852,224", "Wongarbon_%": "29.8", "Australia_%": "25.0", "New South Wales_%": "23.3", "Wongarbon": "309", "New South Wales": "2,302,481"}}, "Age": {"35-39 years": {"Australia": "1,561,679", "Wongarbon_%": "7.0", "Australia_%": "6.7", "New South Wales_%": "6.7", "Wongarbon": "54", "New South Wales": "499,724"}, "60-64 years": {"Australia": "1,299,397", "Wongarbon_%": "5.3", "Australia_%": "5.6", "New South Wales_%": "5.6", "Wongarbon": "41", "New South Wales": "420,044"}, "30-34 years": {"Australia": "1,703,847", "Wongarbon_%": "6.0", "Australia_%": "7.3", "New South Wales_%": "7.2", "Wongarbon": "46", "New South Wales": "540,360"}, "0-4 years": {"Australia": "1,464,779", "Wongarbon_%": "8.8", "Australia_%": "6.3", "New South Wales_%": "6.2", "Wongarbon": "68", "New South Wales": "465,135"}, "25-29 years": {"Australia": "1,664,602", "Wongarbon_%": "5.1", "Australia_%": "7.1", "New South Wales_%": "7.0", "Wongarbon": "39", "New South Wales": "527,161"}, "10-14 years": {"Australia": "1,397,183", "Wongarbon_%": "8.5", "Australia_%": "6.0", "New South Wales_%": "5.9", "Wongarbon": "66", "New South Wales": "443,009"}, "5-9 years": {"Australia": "1,502,646", "Wongarbon_%": "8.9", "Australia_%": "6.4", "New South Wales_%": "6.4", "Wongarbon": "69", "New South Wales": "478,184"}, "Median age": {"Australia": "38", "Wongarbon_%": "--", "Australia_%": "--", "New South Wales_%": "--", "Wongarbon": "35", "New South Wales": "38"}, "50-54 years": {"Australia": "1,523,551", "Wongarbon_%": "8.2", "Australia_%": "6.5", "New South Wales_%": "6.5", "Wongarbon": "63", "New South Wales": "485,546"}, "80-84 years": {"Australia": "460,549", "Wongarbon_%": "1.0", "Australia_%": "2.0", "New South Wales_%": "2.1", "Wongarbon": "8", "New South Wales": "155,806"}, "40-44 years": {"Australia": "1,583,257", "Wongarbon_%": "6.7", "Australia_%": "6.8", "New South Wales_%": "6.7", "Wongarbon": "52", "New South Wales": "503,169"}, "70-74 years": {"Australia": "887,716", "Wongarbon_%": "4.0", "Australia_%": "3.8", "New South Wales_%": "3.9", "Wongarbon": "31", "New South Wales": "292,556"}, "15-19 years": {"Australia": "1,421,595", "Wongarbon_%": "6.0", "Australia_%": "6.1", "New South Wales_%": "6.0", "Wongarbon": "46", "New South Wales": "448,425"}, "65-69 years": {"Australia": "1,188,999", "Wongarbon_%": "5.8", "Australia_%": "5.1", "New South Wales_%": "5.1", "Wongarbon": "45", "New South Wales": "384,470"}, "20-24 years": {"Australia": "1,566,793", "Wongarbon_%": "4.4", "Australia_%": "6.7", "New South Wales_%": "6.5", "Wongarbon": "34", "New South Wales": "489,673"}, "55-59 years": {"Australia": "1,454,332", "Wongarbon_%": "6.0", "Australia_%": "6.2", "New South Wales_%": "6.3", "Wongarbon": "46", "New South Wales": "469,726"}, "75-79 years": {"Australia": "652,657", "Wongarbon_%": "1.3", "Australia_%": "2.8", "New South Wales_%": "2.9", "Wongarbon": "10", "New South Wales": "217,308"}, "45-49 years": {"Australia": "1,581,455", "Wongarbon_%": "7.0", "Australia_%": "6.8", "New South Wales_%": "6.6", "Wongarbon": "54", "New South Wales": "492,440"}, "85 years and over": {"Australia": "486,842", "Wongarbon_%": "0.0", "Australia_%": "2.1", "New South Wales_%": "2.2", "Wongarbon": "0", "New South Wales": "167,506"}}, "Single (or lone) parents": {"Male": {"Australia": "--", "Wongarbon_%": "23.1", "Australia_%": "18.2", "New South Wales_%": "17.8", "Wongarbon": "--", "New South Wales": "--"}, "Female": {"Australia": "--", "Wongarbon_%": "76.9", "Australia_%": "81.8", "New South Wales_%": "82.2", "Wongarbon": "--", "New South Wales": "--"}}, "Mortgage monthly repayments": {"Median mortgage repayments": {"Australia": "1,755", "Wongarbon_%": "--", "Australia_%": "--", "New South Wales_%": "--", "Wongarbon": "1,387", "New South Wales": "1,986"}, "Households where mortgage repayments are less than 30% of household income": {"Australia": "--", "Wongarbon_%": "92.4", "Australia_%": "92.8", "New South Wales_%": "92.6", "Wongarbon": "--", "New South Wales": "--"}, "Households with mortgage repayments greater than or equal to 30% of household income": {"Australia": "--", "Wongarbon_%": "7.6", "Australia_%": "7.2", "New South Wales_%": "7.4", "Wongarbon": "--", "New South Wales": "--"}}, "Mortgage and rent": {"Median monthly mortgage repayments": {"Australia": "1,660", "Wongarbon_%": "--", "Australia_%": "--", "New South Wales_%": "--", "Wongarbon": "2,167", "New South Wales": "1,733"}, "Median weekly rent": {"Australia": "250", "Wongarbon_%": "--", "Australia_%": "--", "New South Wales_%": "--", "Wongarbon": "230", "New South Wales": "270"}}, "Tenure": {"Rented": {"Australia": "2,561,302", "Wongarbon_%": "9.8", "Australia_%": "30.9", "New South Wales_%": "31.8", "Wongarbon": "23", "New South Wales": "826,922"}, "Owned outright": {"Australia": "2,565,695", "Wongarbon_%": "31.1", "Australia_%": "31.0", "New South Wales_%": "32.2", "Wongarbon": "73", "New South Wales": "839,665"}, "Owned with a mortgage": {"Australia": "2,855,222", "Wongarbon_%": "56.2", "Australia_%": "34.5", "New South Wales_%": "32.3", "Wongarbon": "132", "New South Wales": "840,004"}, "Tenure type not stated": {"Australia": "224,869", "Wongarbon_%": "3.0", "Australia_%": "2.7", "New South Wales_%": "2.8", "Wongarbon": "7", "New South Wales": "73,763"}, "Other tenure type": {"Australia": "78,994", "Wongarbon_%": "0.0", "Australia_%": "1.0", "New South Wales_%": "0.9", "Wongarbon": "0", "New South Wales": "23,968"}}, "Country of birth of father, stated responses": {"United States of America": {"Australia": "104,101", "Wongarbon_%": "0.8", "Australia_%": "0.4", "New South Wales_%": "0.5", "Wongarbon": "6", "New South Wales": "34,363"}, "New Zealand": {"Australia": "617,331", "Wongarbon_%": "1.6", "Australia_%": "2.6", "New South Wales_%": "1.9", "Wongarbon": "12", "New South Wales": "143,450"}, "Australia": {"Australia": "12,231,150", "Wongarbon_%": "82.9", "Australia_%": "52.3", "New South Wales_%": "50.1", "Wongarbon": "627", "New South Wales": "3,745,787"}, "England": {"Australia": "1,403,096", "Wongarbon_%": "2.8", "Australia_%": "6.0", "New South Wales_%": "4.8", "Wongarbon": "21", "New South Wales": "359,370"}, "Scotland": {"Australia": "276,038", "Wongarbon_%": "0.7", "Australia_%": "1.2", "New South Wales_%": "1.0", "Wongarbon": "5", "New South Wales": "72,321"}}, "Country of birth of father and/or mother, stated responses": {"Father only born overseas": {"Australia": "1,488,092", "Wongarbon_%": "4.0", "Australia_%": "6.4", "New South Wales_%": "6.1", "Wongarbon": "31", "New South Wales": "458,394"}, "Mother only born overseas": {"Australia": "1,094,591", "Wongarbon_%": "3.4", "Australia_%": "4.7", "New South Wales_%": "4.3", "Wongarbon": "26", "New South Wales": "325,182"}, "Both parents born overseas": {"Australia": "8,051,196", "Wongarbon_%": "5.5", "Australia_%": "34.4", "New South Wales_%": "37.0", "Wongarbon": "42", "New South Wales": "2,764,170"}, "Both parents born in Australia": {"Australia": "11,070,538", "Wongarbon_%": "77.9", "Australia_%": "47.3", "New South Wales_%": "45.4", "Wongarbon": "600", "New South Wales": "3,399,725"}}, "Rent weekly payments": {"Households where rent payments are less than 30% of household income": {"Australia": "--", "Wongarbon_%": "95.2", "Australia_%": "88.5", "New South Wales_%": "87.1", "Wongarbon": "--", "New South Wales": "--"}, "Households with rent payments greater than or equal to 30% of household income": {"Australia": "--", "Wongarbon_%": "4.8", "Australia_%": "11.5", "New South Wales_%": "12.9", "Wongarbon": "--", "New South Wales": "--"}, "Median rent": {"Australia": "335", "Wongarbon_%": "--", "Australia_%": "--", "New South Wales_%": "--", "Wongarbon": "260", "New South Wales": "380"}}, "Registered marital status": {"Separated": {"Australia": "608,059", "Wongarbon_%": "3.2", "Australia_%": "3.2", "New South Wales_%": "3.1", "Wongarbon": "18", "New South Wales": "190,198"}, "Widowed": {"Australia": "985,204", "Wongarbon_%": "3.7", "Australia_%": "5.2", "New South Wales_%": "5.4", "Wongarbon": "21", "New South Wales": "331,653"}, "Married": {"Australia": "9,148,218", "Wongarbon_%": "55.6", "Australia_%": "48.1", "New South Wales_%": "48.7", "Wongarbon": "312", "New South Wales": "2,965,280"}, "Divorced": {"Australia": "1,626,890", "Wongarbon_%": "7.3", "Australia_%": "8.5", "New South Wales_%": "8.4", "Wongarbon": "41", "New South Wales": "512,298"}, "Never married": {"Australia": "6,668,910", "Wongarbon_%": "30.1", "Australia_%": "35.0", "New South Wales_%": "34.4", "Wongarbon": "169", "New South Wales": "2,094,460"}}, "summaryTable_qsPeople": {"Male": "50.1%", "Median age": "35", "Female": "49.9%", "People": "766"}, "Dwelling characteristics": {"Average number of people per household": {"Australia": "3.2", "Wongarbon_%": "--", "Australia_%": "--", "New South Wales_%": "--", "Wongarbon": "2.3", "New South Wales": "3.1"}, "Average number of persons per bedroom": {"Australia": "1", "Wongarbon_%": "--", "Australia_%": "--", "New South Wales_%": "--", "Wongarbon": "1", "New South Wales": "1"}, "Median weekly household income": {"Australia": "1,203", "Wongarbon_%": "--", "Australia_%": "--", "New South Wales_%": "--", "Wongarbon": "1,416", "New South Wales": "1,214"}}, "Unpaid work": {"Did unpaid domestic work (last week)": {"Australia": "13,143,914", "Wongarbon_%": "76.9", "Australia_%": "69.0", "New South Wales_%": "67.7", "Wongarbon": "433", "New South Wales": "4,127,723"}, "Provided unpaid assistance to a person with a disability (last two weeks)": {"Australia": "2,145,203", "Wongarbon_%": "14.9", "Australia_%": "11.3", "New South Wales_%": "11.6", "Wongarbon": "84", "New South Wales": "709,415"}, "Did voluntary work through an organisation or group (last 12 months)": {"Australia": "3,620,726", "Wongarbon_%": "25.0", "Australia_%": "19.0", "New South Wales_%": "18.1", "Wongarbon": "139", "New South Wales": "1,103,790"}, "Cared for child/children (last two weeks)": {"Australia": "5,259,400", "Wongarbon_%": "38.3", "Australia_%": "27.6", "New South Wales_%": "27.2", "Wongarbon": "215", "New South Wales": "1,659,250"}}, "Unpaid domestic work, number of hours": {"5 to 14 hours per week": {"Australia": "4,944,578", "Wongarbon_%": "31.7", "Australia_%": "26.0", "New South Wales_%": "25.1", "Wongarbon": "179", "New South Wales": "1,531,206"}, "30 hours or more per week": {"Australia": "1,710,970", "Wongarbon_%": "14.2", "Australia_%": "9.0", "New South Wales_%": "9.0", "Wongarbon": "80", "New South Wales": "545,925"}, "Less than 5 hours per week": {"Australia": "4,298,593", "Wongarbon_%": "16.5", "Australia_%": "22.6", "New South Wales_%": "22.3", "Wongarbon": "93", "New South Wales": "1,359,656"}, "15 to 29 hours per week": {"Australia": "2,189,776", "Wongarbon_%": "14.7", "Australia_%": "11.5", "New South Wales_%": "11.3", "Wongarbon": "83", "New South Wales": "690,934"}}, "Industry of employment, top responses": {"Primary Education": {"Australia": "231,198", "Wongarbon_%": "3.8", "Australia_%": "2.2", "New South Wales_%": "1.9", "Wongarbon": "11", "New South Wales": "65,204"}, "Road Freight Transport": {"Australia": "129,528", "Wongarbon_%": "3.4", "Australia_%": "1.2", "New South Wales_%": "1.1", "Wongarbon": "10", "New South Wales": "37,995"}, "Hospitals (except Psychiatric Hospitals)": {"Australia": "411,808", "Wongarbon_%": "7.2", "Australia_%": "3.9", "New South Wales_%": "3.5", "Wongarbon": "21", "New South Wales": "119,350"}, "Takeaway Food Services": {"Australia": "189,447", "Wongarbon_%": "3.4", "Australia_%": "1.8", "New South Wales_%": "1.7", "Wongarbon": "10", "New South Wales": "56,957"}, "Meat Processing": {"Australia": "28,852", "Wongarbon_%": "3.4", "Australia_%": "0.3", "New South Wales_%": "0.2", "Wongarbon": "10", "New South Wales": "7,100"}}, "GeoInfo": {"city": "Wongarbon"}, "Education": {"University or tertiary institution": {"Australia": "1,160,626", "Wongarbon_%": "1.9", "Australia_%": "16.1", "New South Wales_%": "16.2", "Wongarbon": "5", "New South Wales": "376,133"}, "Secondary - Catholic": {"Australia": "338,384", "Wongarbon_%": "3.5", "Australia_%": "4.7", "New South Wales_%": "5.1", "Wongarbon": "9", "New South Wales": "117,689"}, "Secondary - other non Government": {"Australia": "280,618", "Wongarbon_%": "2.7", "Australia_%": "3.9", "New South Wales_%": "3.4", "Wongarbon": "7", "New South Wales": "79,915"}, "Primary - Catholic": {"Australia": "380,604", "Wongarbon_%": "12.0", "Australia_%": "5.3", "New South Wales_%": "5.3", "Wongarbon": "31", "New South Wales": "122,099"}, "Primary - Government": {"Australia": "1,314,787", "Wongarbon_%": "20.5", "Australia_%": "18.2", "New South Wales_%": "18.0", "Wongarbon": "53", "New South Wales": "417,465"}, "Other": {"Australia": "198,383", "Wongarbon_%": "2.7", "Australia_%": "2.8", "New South Wales_%": "2.7", "Wongarbon": "7", "New South Wales": "63,673"}, "Technical or further education institution": {"Australia": "424,869", "Wongarbon_%": "11.6", "Australia_%": "5.9", "New South Wales_%": "6.2", "Wongarbon": "30", "New South Wales": "144,103"}, "Secondary - Government": {"Australia": "827,505", "Wongarbon_%": "11.2", "Australia_%": "11.5", "New South Wales_%": "11.6", "Wongarbon": "29", "New South Wales": "269,249"}, "Primary - other non Government": {"Australia": "231,490", "Wongarbon_%": "1.2", "Australia_%": "3.2", "New South Wales_%": "2.9", "Wongarbon": "3", "New South Wales": "67,611"}, "Not stated": {"Australia": "1,707,023", "Wongarbon_%": "27.0", "Australia_%": "23.7", "New South Wales_%": "23.0", "Wongarbon": "70", "New South Wales": "535,266"}, "Preschool": {"Australia": "347,621", "Wongarbon_%": "5.8", "Australia_%": "4.8", "New South Wales_%": "5.7", "Wongarbon": "15", "New South Wales": "132,047"}}, "Employment": {"Unemployed": {"Australia": "787,452", "Wongarbon_%": "4.2", "Australia_%": "6.9", "New South Wales_%": "6.3", "Wongarbon": "16", "New South Wales": "225,546"}, "Worked part-time": {"Australia": "3,491,503", "Wongarbon_%": "27.0", "Australia_%": "30.4", "New South Wales_%": "29.7", "Wongarbon": "103", "New South Wales": "1,071,151"}, "Away from work": {"Australia": "569,276", "Wongarbon_%": "7.1", "Australia_%": "5.0", "New South Wales_%": "4.8", "Wongarbon": "27", "New South Wales": "174,654"}, "Worked full-time": {"Australia": "6,623,065", "Wongarbon_%": "61.8", "Australia_%": "57.7", "New South Wales_%": "59.2", "Wongarbon": "236", "New South Wales": "2,134,521"}}, "Travel to work, top responses": {"Walked only": {"Australia": "370,427", "Wongarbon_%": "2.7", "Australia_%": "3.5", "New South Wales_%": "3.9", "Wongarbon": "10", "New South Wales": "130,957"}, "Worked at home": {"Australia": "503,582", "Wongarbon_%": "3.8", "Australia_%": "4.7", "New South Wales_%": "4.8", "Wongarbon": "14", "New South Wales": "163,026"}, "People who travelled to work by car as driver or passenger": {"Australia": "7,305,271", "Wongarbon_%": "79.6", "Australia_%": "68.4", "New South Wales_%": "64.6", "Wongarbon": "288", "New South Wales": "2,182,854"}, "Bus": {"Australia": "323,201", "Wongarbon_%": "0.8", "Australia_%": "3.0", "New South Wales_%": "4.0", "Wongarbon": "3", "New South Wales": "133,903"}, "null": {"Australia": "None", "Wongarbon_%": null, "Australia_%": "None", "New South Wales_%": "None", "Wongarbon": null, "New South Wales": "None"}, "People who travelled to work by public transport": {"Australia": "1,225,668", "Wongarbon_%": "0.8", "Australia_%": "11.5", "New South Wales_%": "16.0", "Wongarbon": "3", "New South Wales": "540,215"}, "Car, as driver": {"Australia": "6,574,571", "Wongarbon_%": "75.0", "Australia_%": "61.5", "New South Wales_%": "57.8", "Wongarbon": "273", "New South Wales": "1,953,399"}, "Car, as passenger": {"Australia": "489,922", "Wongarbon_%": "5.5", "Australia_%": "4.6", "New South Wales_%": "4.3", "Wongarbon": "20", "New South Wales": "144,820"}}, "Occupation": {"Professionals": {"Australia": "2,370,966", "Wongarbon_%": "17.9", "Australia_%": "22.2", "New South Wales_%": "23.6", "Wongarbon": "65", "New South Wales": "798,126"}, "Managers": {"Australia": "1,390,047", "Wongarbon_%": "12.4", "Australia_%": "13.0", "New South Wales_%": "13.5", "Wongarbon": "45", "New South Wales": "456,084"}, "Community and Personal Service Workers": {"Australia": "1,157,003", "Wongarbon_%": "10.4", "Australia_%": "10.8", "New South Wales_%": "10.4", "Wongarbon": "38", "New South Wales": "350,261"}, "Clerical and Administrative Workers": {"Australia": "1,449,681", "Wongarbon_%": "14.0", "Australia_%": "13.6", "New South Wales_%": "13.8", "Wongarbon": "51", "New South Wales": "467,977"}, "Machinery Operators and Drivers": {"Australia": "670,106", "Wongarbon_%": "6.0", "Australia_%": "6.3", "New South Wales_%": "6.1", "Wongarbon": "22", "New South Wales": "206,839"}, "Labourers": {"Australia": "1,011,520", "Wongarbon_%": "8.5", "Australia_%": "9.5", "New South Wales_%": "8.8", "Wongarbon": "31", "New South Wales": "297,887"}, "Sales Workers": {"Australia": "1,000,955", "Wongarbon_%": "9.3", "Australia_%": "9.4", "New South Wales_%": "9.2", "Wongarbon": "34", "New South Wales": "311,414"}, "Technicians and Trades Workers": {"Australia": "1,447,414", "Wongarbon_%": "20.1", "Australia_%": "13.5", "New South Wales_%": "12.7", "Wongarbon": "73", "New South Wales": "429,239"}}}